# Blender 3.3.1
# www.blender.org
mtllib Level3.mtl
g Instakill_Mesh
v -0.500014 7.000003 -5.999998
v 2.499986 7.000003 -6.000000
v -2.500013 7.000003 -4.999998
v 1.499986 7.000003 -6.000000
v 0.499987 7.000003 -5.000000
v 0.499986 7.000003 -6.000000
v -0.500013 7.000003 -4.999998
v -1.500013 7.000003 -4.999998
v 1.499987 7.000003 -5.000000
v 2.499987 7.000003 -5.000000
v -1.500014 7.000003 -5.999998
v -2.500014 7.000003 -5.999998
v -1.500014 8.000004 -5.999998
v -2.500014 8.000004 -5.999996
v 0.499988 6.000003 -3.000000
v 0.499988 5.000003 -3.000000
v 0.499988 5.000003 -4.000000
v 0.499988 6.000003 -4.000000
v -1.500012 4.000003 -2.999998
v -1.500012 4.000003 -3.999998
v -2.500010 3.000003 -0.999998
v -2.500010 4.000002 -0.999998
v -1.500010 4.000002 -0.999998
v -1.500010 3.000003 -0.999998
v -2.500012 2.000003 -2.999998
v -2.500012 3.000003 -2.999998
v -2.500012 4.000003 -2.999998
v -2.500012 5.000003 -2.999998
v -2.500012 6.000003 -2.999998
v -2.500012 7.000003 -2.999998
v -1.500012 7.000003 -2.999998
v -1.500012 6.000003 -2.999998
v -1.500012 5.000003 -2.999998
v -1.500012 3.000003 -2.999998
v -1.500012 2.000003 -2.999998
v -1.500012 2.000003 -3.999998
v -1.500012 3.000003 -3.999998
v -1.500012 5.000003 -3.999998
v -1.500012 6.000003 -3.999998
v -1.500012 7.000003 -3.999998
v -2.500012 7.000003 -3.999998
v -2.500012 6.000003 -3.999998
v -2.500012 5.000003 -3.999998
v -2.500012 4.000003 -3.999998
v -2.500012 3.000003 -3.999998
v -1.500012 1.000003 -2.999998
v -2.500012 1.000003 -2.999998
v -1.500012 1.000003 -3.999998
v 1.499987 1.000003 -5.000000
v -1.500013 1.000003 -4.999998
v -0.500013 1.000003 -5.000000
v -2.500013 1.000003 -4.999998
v 0.499987 1.000003 -5.000000
v 1.499986 1.000003 -6.000000
v -1.500014 1.000003 -5.999998
v -0.500014 1.000003 -6.000000
v 0.499986 1.000003 -6.000000
v -1.500012 8.000003 -2.999998
v -1.500012 8.000003 -3.999998
v -2.500012 8.000003 -2.999996
v -2.500012 8.000003 -3.999996
v -2.500012 2.000003 -3.999998
v 0.499994 6.000001 6.000001
v 0.499993 6.000001 5.000001
v 0.499993 6.000002 4.000001
v 1.499994 6.000001 6.000000
v 1.499993 6.000001 5.000000
v 1.499993 6.000002 4.000000
v 0.499994 8.000002 6.000001
v 0.499993 8.000002 5.000001
v 0.499993 8.000002 4.000001
v 1.499994 8.000002 6.000000
v 1.499993 8.000002 5.000000
v 1.499993 8.000002 4.000000
v 1.499995 5.000001 7.000000
v 1.499992 5.000002 3.000001
v -2.500010 1.000003 0.000002
v -2.499997 0.999999 20.000002
v -2.499997 0.999999 19.000002
v -2.499999 1.000000 17.000004
v -2.500009 1.000002 1.000003
v 2.500001 1.000000 16.999998
v 2.500002 1.000000 17.999998
v -1.500009 1.000002 1.000002
v 1.499992 1.000002 1.999999
v 0.499992 1.000002 3.000001
v 1.499992 1.000002 3.000000
v 0.499995 1.000001 8.000000
v 1.499995 1.000001 7.999999
v -1.500004 1.000001 9.000001
v 0.499999 1.000000 13.000000
v 1.499999 1.000000 12.999999
v 1.500000 1.000000 14.999999
v 0.500001 1.000000 16.000000
v 1.500001 1.000000 15.999999
v -1.499998 1.000000 18.000002
v -0.499998 1.000000 18.000000
v 0.500002 1.000000 18.000000
v 1.500002 1.000000 18.000000
v -0.499997 0.999999 20.000000
v 0.500003 0.999999 20.000000
v 1.500003 0.999999 20.000000
v 1.500005 0.999999 22.000000
v 0.500006 0.999999 24.000000
v -1.499993 0.999998 25.000000
v -0.499993 0.999998 25.000000
v 0.500006 0.999998 25.000000
v -0.499992 0.999998 27.000000
v -0.499992 0.999998 28.000000
v 0.500008 0.999998 28.000000
v -0.499992 2.999998 28.000000
v 0.500008 2.999998 28.000000
v -2.499994 3.999998 25.000002
v -2.499994 3.999999 24.000002
v -1.499993 3.999998 25.000002
v -0.499993 3.999998 25.000000
v 0.500006 3.999998 25.000000
v 2.500003 6.999999 20.000000
v 1.500003 6.999999 20.000000
v -0.499997 6.999999 20.000002
v 0.500003 6.999999 20.000000
v 2.500004 5.999999 21.000000
v 2.500005 5.999999 22.000000
v 1.500005 5.999999 22.000000
v -2.499997 3.999999 20.000002
v -1.499997 3.999999 20.000002
v 0.500001 8.000000 16.000000
v 1.500001 8.000000 16.000000
v -2.499998 7.000000 18.000004
v 2.500002 7.000000 17.999998
v 1.500002 7.000000 18.000000
v -1.499998 7.000000 18.000002
v -0.499998 7.000000 18.000002
v 0.500002 7.000000 18.000000
v 0.499999 9.000000 13.000001
v 1.499999 9.000000 13.000000
v 0.499995 9.000001 7.000001
v 0.499995 9.000001 8.000001
v 1.499995 9.000001 8.000000
v -2.500004 9.000001 9.000003
v -1.500005 9.000001 8.000002
v -1.500004 9.000001 9.000002
v 1.499995 2.000001 8.000000
v 1.499995 3.000001 8.000000
v 1.499995 4.000001 8.000000
v 1.499995 5.000001 8.000000
v 1.499995 6.000001 8.000000
v 1.499995 7.000001 8.000000
v 1.499995 8.000001 8.000000
v 0.499995 8.000001 8.000001
v 0.499995 7.000001 8.000001
v 0.499995 6.000001 8.000000
v 0.499995 5.000001 8.000000
v 0.499995 4.000001 8.000000
v 0.499995 3.000001 8.000000
v 0.499995 2.000001 8.000000
v 0.499995 3.000001 7.000000
v 0.499995 4.000001 7.000000
v 0.499995 7.000001 7.000001
v 1.499995 7.000001 7.000000
v 1.499995 3.000001 6.999999
v 1.499995 2.000001 6.999999
v 0.499992 5.000002 3.000002
v 0.499992 6.000002 3.000002
v 1.499992 6.000002 3.000001
v 0.499992 8.000002 2.000002
v 1.499992 8.000002 2.000000
v 0.499992 8.000002 3.000002
v 1.499992 8.000002 3.000001
v -2.500009 3.000002 1.000003
v -1.500010 3.000002 0.000002
v -1.500009 3.000002 1.000003
v -1.500003 1.000001 10.000001
v -0.500003 1.000001 10.000000
v -1.500003 1.000001 11.000001
v -0.500003 1.000001 11.000000
v -1.500003 8.000001 10.000002
v -0.500003 8.000001 10.000002
v -1.500003 8.000001 11.000002
v -0.500003 8.000001 11.000002
v -2.500004 1.000001 9.000002
v -2.499994 0.999999 24.000002
v 0.499992 1.000002 2.000001
v 0.499995 1.000001 7.000000
v 1.499995 1.000001 6.999999
v 0.499998 1.000000 12.000000
v 1.499998 1.000000 11.999999
v 0.500000 1.000000 15.000000
v -1.499999 1.000000 17.000002
v -0.499999 1.000000 17.000000
v 0.500001 1.000000 17.000000
v 1.500001 1.000000 17.000000
v -1.499997 0.999999 19.000000
v -0.499997 0.999999 19.000000
v 0.500003 0.999999 19.000000
v 1.500003 0.999999 19.000000
v 1.500004 0.999999 21.000000
v -1.499994 0.999999 24.000000
v -0.499994 0.999999 24.000000
v 0.500008 0.999998 27.000000
v -0.499992 2.999998 27.000000
v 0.500008 2.999998 27.000000
v -1.499994 3.999999 24.000002
v -0.499994 3.999999 24.000000
v 0.500006 3.999999 24.000000
v 2.500003 7.000000 19.000000
v 1.500003 7.000000 19.000000
v -0.499997 7.000000 19.000002
v 0.500003 7.000000 19.000000
v 1.500004 5.999999 21.000000
v -2.499997 3.999999 19.000002
v -1.499997 3.999999 19.000002
v 0.500000 8.000000 15.000001
v 1.500000 8.000000 15.000000
v -2.499999 7.000000 17.000004
v 2.500001 7.000000 16.999998
v 1.500001 7.000000 17.000000
v -1.499999 7.000000 17.000002
v -0.499999 7.000000 17.000002
v 0.500001 7.000000 17.000000
v 0.499998 9.000001 12.000001
v 1.499998 9.000001 12.000000
v 1.499995 9.000001 7.000000
v 0.499995 2.000001 7.000000
v 0.499995 5.000001 7.000000
v 0.499995 6.000001 7.000000
v 0.499995 8.000001 7.000001
v 1.499995 8.000001 7.000000
v 1.499995 6.000001 7.000000
v 1.499995 4.000001 7.000000
v -2.500010 3.000002 0.000002
v -2.500005 1.000001 8.000002
v -1.500005 1.000001 8.000001
v -2.500005 9.000001 8.000003
v -2.500014 6.000003 -5.999998
v -2.500014 5.000003 -5.999998
v -2.500014 4.000003 -5.999998
v -2.500014 3.000003 -5.999998
v -2.500014 2.000003 -5.999998
v 2.499986 6.000003 -6.000000
v 2.499986 5.000003 -6.000000
v 2.499986 4.000003 -6.000002
v 2.499986 3.000003 -6.000002
v 2.499986 2.000003 -6.000002
v -1.500013 2.000003 -4.999998
v -1.500013 3.000003 -4.999998
v -1.500013 4.000003 -4.999998
v -1.500013 5.000003 -4.999998
v -1.500013 6.000003 -4.999998
v 2.499987 2.000003 -5.000002
v 2.499987 3.000003 -5.000002
v 2.499987 4.000003 -5.000002
v 2.499987 5.000003 -5.000000
v 2.499987 6.000003 -5.000000
v 1.499986 6.000003 -6.000000
v 1.499986 5.000003 -6.000000
v 1.499986 4.000003 -6.000000
v 1.499986 3.000003 -6.000000
v 1.499986 2.000003 -6.000000
v 1.499987 2.000003 -5.000000
v 1.499987 3.000003 -5.000000
v 1.499987 4.000003 -5.000000
v 1.499987 5.000003 -5.000000
v 1.499987 6.000003 -5.000000
v -2.500013 2.000003 -4.999998
v -2.500013 3.000003 -4.999998
v -2.500013 4.000003 -4.999998
v -2.500013 5.000003 -4.999998
v -2.500013 6.000003 -4.999998
v -1.500014 6.000003 -5.999998
v -1.500014 5.000003 -5.999998
v -1.500014 4.000003 -5.999998
v -1.500014 3.000003 -5.999998
v -1.500014 2.000003 -5.999998
v 0.499986 6.000003 -6.000000
v 0.499986 5.000003 -6.000000
v 0.499986 4.000003 -6.000000
v 0.499986 3.000003 -6.000000
v 0.499986 2.000003 -6.000000
v -0.500014 2.000003 -6.000000
v -0.500014 3.000003 -6.000000
v -0.500014 4.000003 -5.999998
v -0.500014 5.000003 -5.999998
v -0.500014 6.000003 -5.999998
v -0.500013 6.000003 -4.999998
v -0.500013 5.000003 -4.999998
v -0.500013 4.000003 -4.999998
v -0.500013 3.000003 -5.000000
v -0.500013 2.000003 -5.000000
v 0.499987 2.000003 -5.000000
v 0.499987 3.000003 -5.000000
v 0.499987 4.000003 -5.000000
v 0.499987 5.000003 -5.000000
v 0.499987 6.000003 -5.000000
v 2.499991 5.000002 0.999999
v 2.499991 6.000002 0.999999
v 1.499991 5.000002 1.000000
v 1.499991 6.000002 1.000000
v -2.499990 -0.000002 30.000002
v -2.499990 0.999998 30.000002
v -2.500010 0.000002 0.000002
v 2.500010 -0.000002 29.999998
v 2.500010 0.999998 29.999998
v 2.499990 0.000002 -0.000002
v 2.499990 1.000003 -0.000002
v -2.500009 0.000002 1.000002
v -2.500009 0.000002 2.000002
v -2.500008 0.000002 3.000002
v -2.500007 0.000002 4.000002
v -2.500006 0.000002 5.000002
v -2.500006 0.000001 6.000002
v -2.500005 0.000001 7.000001
v -2.500005 0.000001 8.000002
v -2.500004 0.000001 9.000002
v -2.500003 0.000001 10.000002
v -2.500003 0.000001 11.000002
v -2.500002 0.000000 12.000001
v -2.500001 0.000000 13.000001
v -2.500001 0.000000 14.000001
v -2.500000 0.000000 15.000001
v -2.499999 -0.000000 16.000000
v -2.499999 -0.000000 17.000000
v -2.499998 -0.000000 18.000000
v -2.499997 -0.000001 19.000002
v -2.499997 -0.000001 20.000002
v -2.499996 -0.000001 21.000002
v -2.499995 -0.000001 22.000002
v -2.499995 -0.000001 23.000002
v -2.499994 -0.000001 24.000000
v -2.499994 -0.000002 25.000000
v -2.499993 -0.000002 26.000000
v -2.499992 -0.000002 27.000000
v -2.499991 -0.000002 28.000000
v -2.499991 -0.000002 29.000000
v -2.499991 0.999998 29.000002
v -2.499991 0.999998 28.000002
v -2.499992 0.999998 27.000002
v -2.499993 0.999998 26.000002
v -2.499994 0.999998 25.000002
v -2.499995 0.999999 23.000002
v -2.499995 0.999999 22.000002
v -2.499996 0.999999 21.000002
v -2.499998 1.000000 18.000004
v -2.499999 1.000000 16.000002
v -2.500000 1.000000 15.000003
v -2.500001 1.000000 14.000003
v -2.500001 1.000000 13.000003
v -2.500002 1.000000 12.000003
v -2.500003 1.000001 11.000002
v -2.500003 1.000001 10.000002
v -2.500005 1.000001 7.000002
v -2.500006 1.000001 6.000003
v -2.500006 1.000002 5.000003
v -2.500007 1.000002 4.000003
v -2.500008 1.000002 3.000003
v -2.500009 1.000002 2.000003
v 2.500009 -0.000002 28.999998
v 2.500009 -0.000002 27.999998
v 2.500008 -0.000002 26.999998
v 2.500007 -0.000002 25.999998
v 2.500006 -0.000002 24.999998
v 2.500006 -0.000001 23.999998
v 2.500005 -0.000001 22.999998
v 2.500005 -0.000001 21.999998
v 2.500004 -0.000001 20.999998
v 2.500003 -0.000001 19.999998
v 2.500003 -0.000001 18.999998
v 2.500002 -0.000000 18.000000
v 2.500001 -0.000000 17.000000
v 2.500001 -0.000000 15.999999
v 2.500000 -0.000000 14.999999
v 2.499999 0.000000 13.999999
v 2.499999 0.000000 12.999999
v 2.499998 0.000000 11.999999
v 2.499997 0.000001 10.999998
v 2.499997 0.000001 9.999998
v 2.499996 0.000001 8.999998
v 2.499995 0.000001 7.999999
v 2.499995 0.000001 6.999998
v 2.499994 0.000001 5.999999
v 2.499994 0.000002 4.999999
v 2.499993 0.000002 3.999999
v 2.499992 0.000002 2.999999
v 2.499991 0.000002 1.999999
v 2.499991 0.000002 0.999999
v 2.499991 1.000002 0.999998
v 2.499991 1.000002 1.999998
v 2.499992 1.000002 2.999998
v 2.499993 1.000002 3.999998
v 2.499994 1.000002 4.999998
v 2.499994 1.000001 5.999998
v 2.499995 1.000001 6.999998
v 2.499995 1.000001 7.999999
v 2.499996 1.000001 8.999998
v 2.499997 1.000001 9.999998
v 2.499997 1.000001 10.999998
v 2.499998 1.000000 11.999998
v 2.499999 1.000000 12.999998
v 2.499999 1.000000 13.999998
v 2.500000 1.000000 14.999997
v 2.500001 1.000000 15.999997
v 2.500003 0.999999 18.999998
v 2.500003 0.999999 19.999998
v 2.500004 0.999999 20.999998
v 2.500005 0.999999 21.999998
v 2.500005 0.999999 22.999998
v 2.500006 0.999999 23.999996
v 2.500006 0.999998 24.999996
v 2.500007 0.999998 25.999996
v 2.500008 0.999998 26.999996
v 2.500009 0.999998 27.999996
v 2.500009 0.999998 28.999996
v 1.499990 0.000002 -0.000001
v 0.499990 0.000002 0.000000
v -0.500010 0.000002 0.000000
v -1.500010 0.000002 0.000001
v -1.500010 1.000003 0.000001
v -0.500010 1.000003 0.000001
v 0.499990 1.000003 0.000000
v 1.499990 1.000003 -0.000001
v -1.499990 -0.000002 30.000000
v -0.499990 -0.000002 30.000000
v 0.500010 -0.000002 30.000000
v 1.500010 -0.000002 30.000000
v 1.500010 0.999998 30.000000
v 0.500010 0.999998 30.000000
v -0.499990 0.999998 30.000000
v -1.499990 0.999998 30.000000
v -1.499997 0.999999 20.000000
v -1.499997 7.000000 19.000002
v -1.499997 6.999999 20.000002
v 2.499990 0.000003 -1.000002
v 2.499990 1.000003 -1.000002
v -2.500010 0.000003 -0.999998
v -2.500010 1.000003 -0.999998
v 2.499989 0.000003 -2.000002
v 2.499989 1.000003 -2.000002
v -2.500011 0.000003 -1.999998
v -2.500011 1.000003 -1.999998
v 2.499988 0.000003 -3.000002
v 2.499988 1.000003 -3.000002
v -2.500012 0.000003 -2.999998
v 2.499988 0.000003 -4.000002
v 2.499988 1.000003 -4.000002
v -2.500012 0.000003 -3.999998
v -2.500012 1.000003 -3.999998
v 2.499987 0.000003 -5.000002
v 2.499987 1.000003 -5.000002
v -2.500013 0.000003 -4.999998
v 2.499986 0.000003 -6.000002
v 2.499986 1.000003 -6.000002
v -2.500014 0.000003 -5.999998
v -2.500014 1.000003 -5.999998
v 2.499986 0.000004 -7.000002
v 2.499986 1.000004 -7.000002
v -2.500014 0.000004 -6.999998
v -2.500014 1.000004 -6.999998
v 2.499985 0.000004 -8.000002
v 2.499985 1.000004 -8.000002
v 1.499985 1.000004 -8.000000
v -1.500015 1.000004 -7.999998
v -0.500015 1.000004 -8.000000
v -2.500015 0.000004 -7.999998
v -2.500015 1.000004 -7.999998
v 0.499985 1.000004 -8.000000
v 2.499984 0.000004 -9.000002
v 2.499984 1.000004 -9.000002
v 1.499984 1.000004 -9.000000
v -1.500016 1.000004 -8.999998
v -0.500016 1.000004 -9.000000
v -2.500016 0.000004 -8.999998
v -2.500016 1.000004 -8.999998
v 0.499984 1.000004 -9.000000
v 2.499984 0.000004 -10.000002
v 2.499984 1.000004 -10.000002
v -2.500016 0.000004 -9.999998
v -2.500016 1.000004 -9.999998
v 2.499983 0.000004 -11.000002
v 2.499983 1.000004 -11.000002
v 1.499983 1.000004 -11.000000
v -1.500017 1.000004 -10.999998
v -0.500017 1.000004 -11.000000
v -2.500017 0.000004 -10.999998
v -2.500017 1.000004 -10.999998
v 0.499983 1.000004 -11.000000
v 2.499982 0.000004 -12.000002
v 2.499982 1.000004 -12.000002
v 1.499982 1.000004 -12.000000
v -1.500018 1.000004 -11.999998
v -0.500018 1.000004 -12.000000
v -2.500018 0.000004 -11.999998
v -2.500018 1.000004 -11.999998
v 0.499982 1.000004 -12.000000
v 2.499982 0.000005 -13.000002
v 2.499982 1.000005 -13.000002
v -2.500018 0.000005 -12.999998
v -2.500018 1.000005 -12.999998
v 2.499981 0.000005 -14.000002
v 2.499981 1.000005 -14.000002
v -2.500019 0.000005 -13.999998
v -2.500019 1.000005 -13.999998
v 2.499980 0.000005 -15.000002
v 2.499980 1.000005 -15.000002
v 1.499980 1.000005 -15.000000
v -1.500020 1.000005 -14.999998
v -0.500020 1.000005 -15.000000
v -2.500020 0.000005 -14.999998
v -2.500020 1.000005 -14.999998
v 0.499980 1.000005 -15.000000
v 2.499980 0.000005 -16.000002
v 2.499980 1.000005 -16.000002
v 1.499980 1.000005 -16.000000
v -1.500020 1.000005 -15.999998
v -0.500020 1.000005 -16.000000
v -2.500020 0.000005 -15.999998
v -2.500020 1.000005 -15.999998
v 0.499980 1.000005 -16.000000
v 2.499979 0.000005 -17.000000
v 2.499979 1.000005 -17.000000
v -2.500021 0.000005 -16.999998
v -2.500021 1.000005 -16.999998
v 2.499979 0.000005 -18.000000
v 2.499979 1.000005 -18.000000
v -2.500021 0.000005 -18.000000
v -2.500021 1.000005 -18.000000
v 2.499978 0.000006 -19.000000
v 2.499978 1.000005 -19.000000
v -2.500022 0.000006 -19.000000
v -2.500022 1.000005 -19.000000
v 2.499977 0.000006 -20.000000
v 2.499977 1.000006 -20.000000
v -2.500023 0.000006 -20.000000
v -2.500023 1.000006 -20.000000
v 2.499977 0.000006 -21.000000
v 2.499977 1.000006 -21.000000
v -2.500023 0.000006 -21.000000
v -2.500023 1.000006 -21.000000
v 2.499976 0.000006 -22.000000
v 2.499976 1.000006 -22.000000
v -2.500024 0.000006 -22.000000
v -2.500024 1.000006 -22.000000
v 2.499975 0.000006 -23.000000
v 2.499975 1.000006 -23.000000
v -2.500025 0.000006 -23.000000
v -2.500025 1.000006 -23.000000
v 2.499974 0.000006 -24.000000
v 2.499974 1.000006 -24.000000
v -2.500026 0.000006 -24.000000
v -2.500026 1.000006 -24.000000
v 2.499974 0.000007 -25.000000
v -2.500026 0.000007 -25.000000
v -2.500026 1.000007 -25.000000
v 2.499973 0.000007 -26.000000
v -2.500027 0.000007 -26.000000
v -2.500027 1.000007 -26.000000
v 2.499973 0.000007 -27.000000
v 2.499973 1.000007 -27.000000
v -2.500027 0.000007 -27.000000
v -2.500027 1.000007 -27.000000
v 2.499972 0.000007 -28.000000
v 2.499972 1.000007 -28.000000
v -2.500028 0.000007 -28.000000
v -2.500028 1.000007 -28.000000
v 2.499971 0.000007 -29.000000
v 2.499971 1.000007 -29.000000
v -2.500029 0.000007 -29.000000
v -2.500029 1.000007 -29.000000
v 2.499971 0.000007 -30.000000
v 2.499971 1.000007 -30.000000
v 1.499971 0.000007 -30.000000
v 1.499971 1.000007 -30.000000
v -0.500029 1.000007 -30.000000
v 0.499971 0.000007 -30.000000
v -2.500029 0.000007 -30.000000
v -2.500029 1.000007 -30.000000
v -0.500029 0.000007 -30.000000
v -1.500029 0.000007 -30.000000
v 2.499985 6.000004 -8.000000
v 1.499985 6.000004 -8.000000
v -1.500015 6.000004 -7.999998
v -0.500015 10.000004 -7.999998
v -2.500015 6.000004 -7.999998
v 0.499985 10.000004 -7.999998
v 2.499984 6.000004 -9.000000
v 1.499984 6.000004 -9.000000
v -1.500016 6.000004 -8.999998
v -0.500016 10.000004 -8.999998
v -2.500016 6.000004 -8.999998
v 0.499984 10.000004 -8.999998
v 2.499983 7.000004 -11.000000
v 1.499983 7.000004 -11.000000
v -1.500017 7.000004 -10.999998
v -0.500017 4.786530 -10.999998
v -0.500018 4.786530 -11.999998
v 0.499983 4.786530 -11.000000
v 0.499982 4.786530 -12.000000
v -2.500017 7.000004 -10.999998
v 2.499982 7.000004 -12.000000
v 1.499982 7.000004 -12.000000
v -1.500018 7.000004 -11.999998
v -2.500018 7.000004 -11.999998
v 2.499983 9.000004 -11.000000
v 1.499983 9.000004 -11.000000
v 2.499982 9.000005 -12.000000
v 1.499982 9.000005 -12.000000
v -2.500017 9.000004 -10.999996
v -1.500017 9.000004 -10.999998
v -2.500018 9.000005 -11.999996
v -1.500018 9.000005 -11.999998
v -1.500017 11.000004 -10.999998
v -1.500018 11.000005 -11.999998
v -2.500017 11.000004 -10.999996
v -2.500018 11.000005 -11.999996
v -2.500017 12.000004 -10.999996
v -1.500017 12.000004 -10.999996
v -2.500018 12.000005 -11.999996
v -1.500018 12.000005 -11.999996
v -0.500020 6.000005 -14.999998
v -0.500020 6.000005 -15.999998
v 0.499980 6.000005 -15.000000
v 0.499980 6.000005 -16.000000
v -0.500020 2.000005 -16.000000
v -0.500020 3.000005 -16.000000
v -0.500020 4.000005 -15.999998
v -0.500020 5.000005 -15.999998
v 0.499980 5.000005 -16.000000
v 0.499980 4.000005 -16.000000
v 0.499980 3.000005 -16.000000
v 0.499980 2.000005 -16.000000
v 0.499980 2.000005 -15.000000
v 0.499980 3.000005 -15.000000
v 0.499980 4.000005 -15.000000
v 0.499980 5.000005 -15.000000
v -0.500020 5.000005 -14.999998
v -0.500020 4.000005 -14.999998
v -0.500020 3.000005 -15.000000
v -0.500020 2.000005 -15.000000
v 2.499980 4.000005 -16.000002
v 2.499980 3.000005 -16.000002
v 2.499980 3.000005 -15.000002
v 2.499980 4.000005 -15.000002
v -2.500020 4.000005 -15.999998
v -2.500020 5.000005 -15.999998
v -2.500020 5.000005 -14.999998
v -2.500020 4.000005 -14.999998
v 2.499980 2.000005 -15.000002
v 1.499980 2.000005 -15.000000
v 2.499980 2.000005 -16.000002
v 1.499980 2.000005 -16.000000
v -2.500020 3.000005 -14.999998
v -1.500020 3.000005 -14.999998
v -1.500020 3.000005 -15.999998
v -2.500020 3.000005 -15.999998
v -0.500020 15.000005 -14.999998
v 0.499980 15.000005 -14.999998
v 0.499980 7.000005 -15.000000
v 0.499980 8.000005 -14.999998
v 0.499980 9.000005 -14.999998
v 0.499980 10.000005 -14.999998
v 0.499980 11.000005 -14.999998
v 0.499980 12.000005 -14.999998
v 0.499980 13.000005 -14.999998
v 0.499980 14.000005 -14.999998
v -0.500020 14.000005 -14.999998
v -0.500020 13.000005 -14.999998
v -0.500020 12.000005 -14.999998
v -0.500020 11.000005 -14.999998
v -0.500020 10.000005 -14.999998
v -0.500020 9.000005 -14.999998
v -0.500020 8.000005 -14.999998
v -0.500020 7.000005 -14.999998
v -0.500020 7.000005 -15.999998
v -0.500020 8.000005 -15.999998
v -0.500020 9.000005 -15.999998
v -0.500020 10.000005 -15.999998
v -0.500020 11.000005 -15.999998
v -0.500020 12.000005 -15.999998
v -0.500020 13.000005 -15.999998
v -0.500020 14.000005 -15.999998
v 0.499980 14.000005 -15.999998
v 0.499980 13.000005 -15.999998
v 0.499980 12.000005 -15.999998
v 0.499980 11.000005 -15.999998
v 0.499980 10.000005 -15.999998
v 0.499980 9.000005 -15.999998
v 0.499980 8.000005 -15.999998
v 0.499980 7.000005 -16.000000
v -2.500020 15.000005 -14.999996
v -2.500020 15.000005 -15.999996
v -2.500020 14.000005 -15.999996
v -2.500020 14.000005 -14.999996
v 2.499980 15.000005 -15.000000
v 2.499980 15.000005 -16.000000
v 2.499980 14.000005 -15.000000
v 2.499980 14.000005 -16.000000
v -0.500028 14.000007 -27.999996
v 0.499972 14.000007 -27.999996
v -2.500028 14.000007 -27.999996
v -2.500028 15.000007 -27.999996
v 2.499972 15.000007 -28.000000
v 2.499972 14.000007 -28.000000
v -2.500027 15.000007 -26.999996
v -2.500027 15.000007 -25.999996
v -2.500026 15.000007 -24.999996
v -2.500026 15.000007 -23.999996
v -2.500025 15.000006 -22.999996
v -2.500024 15.000006 -21.999996
v -2.500023 15.000006 -20.999996
v -2.500023 15.000006 -19.999996
v -2.500022 15.000006 -18.999996
v -2.500021 15.000006 -17.999996
v -2.500021 15.000005 -16.999996
v 2.499979 15.000005 -17.000000
v 2.499979 15.000006 -18.000000
v 2.499978 15.000006 -19.000000
v 2.499977 15.000006 -20.000000
v 2.499977 15.000006 -21.000000
v 2.499976 15.000006 -22.000000
v 2.499975 15.000006 -23.000000
v 2.499974 15.000007 -24.000000
v 2.499974 15.000007 -25.000000
v 2.499973 15.000007 -26.000000
v 2.499973 15.000007 -27.000000
v -2.500027 14.000007 -26.999996
v -2.500027 14.000007 -25.999996
v -2.500026 14.000007 -24.999996
v -2.500026 14.000007 -23.999996
v -2.500025 14.000006 -22.999996
v -2.500024 14.000006 -21.999996
v -2.500023 14.000006 -20.999996
v -2.500023 14.000006 -19.999996
v -2.500022 14.000006 -18.999996
v -2.500021 14.000006 -17.999996
v -2.500021 14.000005 -16.999996
v 2.499979 14.000005 -17.000000
v 2.499979 14.000006 -18.000000
v 2.499978 14.000006 -19.000000
v 2.499977 14.000006 -20.000000
v 2.499977 14.000006 -21.000000
v 2.499976 14.000006 -22.000000
v 2.499975 14.000006 -23.000000
v 2.499974 14.000007 -24.000000
v 2.499974 14.000007 -25.000000
v 2.499973 14.000007 -26.000000
v 2.499973 14.000007 -27.000000
v 0.499976 14.000006 -21.999996
v 0.499975 14.000006 -22.999996
v 0.499975 14.000007 -23.999996
v 0.499974 14.000007 -24.999996
v 0.499973 14.000007 -26.999996
v -0.500027 14.000007 -26.999996
v -0.500026 14.000007 -24.999996
v -0.500025 14.000007 -23.999996
v -0.500025 14.000006 -22.999996
v -0.500024 14.000006 -21.999996
v 1.499980 14.000005 -14.999998
v 1.499980 15.000005 -14.999998
v 1.499972 14.000007 -28.000000
v 1.499976 14.000006 -22.000000
v 1.499975 14.000006 -23.000000
v 1.499975 14.000007 -24.000000
v 1.499974 14.000007 -25.000000
v 1.499973 14.000007 -27.000000
v -1.500020 15.000005 -14.999996
v -1.500020 14.000005 -14.999996
v -1.500028 14.000007 -27.999996
v -1.500024 14.000006 -21.999996
v -1.500025 14.000006 -22.999996
v -1.500025 14.000007 -23.999996
v -1.500026 14.000007 -24.999996
v -1.500027 14.000007 -26.999996
v -0.500029 15.000008 -29.999996
v 0.499971 15.000008 -29.999996
v -0.500029 14.000008 -29.999996
v 0.499971 14.000008 -29.999996
v -2.500029 14.000008 -29.999996
v -2.500029 15.000008 -29.999996
v -1.500029 14.000008 -29.999996
v -1.500029 15.000008 -29.999996
v 2.499971 15.000008 -30.000000
v 2.499971 14.000008 -30.000000
v 1.499971 15.000008 -30.000000
v 1.499971 14.000008 -30.000000
v 2.499971 14.000008 -29.000000
v 2.499971 15.000008 -29.000000
v -2.500029 15.000008 -28.999996
v -2.500029 14.000008 -28.999996
v -2.500026 12.000007 -24.999996
v 2.499974 12.000007 -25.000000
v 0.499975 12.000007 -24.000000
v -0.500026 12.000007 -24.999996
v -0.500025 12.000007 -23.999996
v 1.499974 12.000007 -25.000000
v -0.500028 10.000007 -27.999996
v -1.500028 10.000007 -27.999996
v 2.499972 10.000007 -28.000000
v 2.499973 10.000007 -27.000000
v -2.500027 10.000007 -26.999996
v -0.500027 10.000007 -26.999996
v 0.499976 13.000006 -22.000000
v -0.500025 13.000006 -22.999996
v -1.500024 13.000006 -21.999996
v -1.500025 13.000006 -22.999996
v 1.499976 13.000006 -22.000000
v 0.499982 12.000005 -12.999998
v 0.499982 13.000005 -12.999998
v -0.500018 13.000005 -12.999998
v -0.500018 12.000005 -12.999998
v -1.500003 2.000001 11.000001
v -1.500003 3.000001 11.000002
v -1.500003 4.000000 11.000002
v -1.500003 5.000000 11.000002
v -1.500003 6.000000 11.000002
v -1.500003 7.000000 11.000002
v -1.500003 7.000001 10.000002
v -1.500003 6.000001 10.000002
v -1.500003 5.000001 10.000002
v -1.500003 4.000001 10.000002
v -1.500003 3.000001 10.000002
v -1.500003 2.000001 10.000002
v -0.500003 2.000001 11.000001
v -0.500003 3.000001 11.000001
v -0.500003 4.000000 11.000001
v -0.500003 5.000000 11.000001
v -0.500003 6.000000 11.000001
v -0.500003 7.000000 11.000002
v -0.500003 2.000001 10.000000
v -0.500003 3.000001 10.000001
v -0.500003 4.000001 10.000001
v -0.500003 5.000001 10.000001
v -0.500003 6.000001 10.000002
v -0.500003 7.000001 10.000002
v -1.500002 7.000000 12.000002
v -1.500002 8.000001 12.000002
v -0.500002 8.000001 12.000002
v -0.500002 7.000000 12.000002
v -1.500001 7.000000 13.000002
v -1.500001 8.000000 13.000002
v -0.500001 8.000000 13.000002
v -0.500001 7.000000 13.000002
v -2.500026 12.000007 -23.999996
v 2.499974 12.000007 -24.000000
v 0.499972 10.000007 -28.000000
v -1.500027 10.000007 -26.999996
v -0.500024 13.000006 -21.999996
v 0.499976 12.000006 -22.000000
v 0.499975 12.000006 -23.000000
v -0.500025 12.000006 -22.999996
v -0.500024 12.000006 -21.999996
v -1.500024 12.000006 -21.999996
v -1.500025 12.000006 -22.999996
v 1.499976 12.000006 -22.000000
v 1.499975 12.000006 -23.000000
v 0.499976 11.000006 -22.000000
v 0.499975 11.000006 -23.000000
v -0.500025 11.000006 -22.999996
v -0.500024 11.000006 -21.999996
v -1.500024 11.000006 -21.999996
v -1.500025 11.000006 -22.999996
v 1.499976 11.000006 -22.000000
v 1.499975 11.000006 -23.000000
v 0.499976 10.000006 -22.000000
v 0.499975 10.000006 -23.000000
v -0.500025 10.000006 -22.999996
v -0.500024 10.000006 -21.999996
v -1.500024 10.000006 -21.999996
v -1.500025 10.000006 -22.999996
v 1.499976 10.000006 -22.000000
v 1.499975 10.000006 -23.000000
v 0.499976 9.000006 -22.000000
v 0.499975 9.000006 -23.000000
v -0.500025 9.000006 -23.000000
v -0.500024 9.000006 -22.000000
v -1.500024 9.000006 -21.999996
v -1.500025 9.000006 -22.999996
v 1.499976 9.000006 -22.000000
v 1.499975 9.000006 -23.000000
v 0.499976 8.000006 -22.000000
v 0.499975 8.000006 -23.000000
v -0.500025 8.000006 -23.000000
v -0.500024 8.000006 -22.000000
v -1.500024 8.000006 -21.999996
v -1.500025 8.000006 -22.999996
v 1.499976 8.000006 -22.000000
v 1.499975 8.000006 -23.000000
v 0.499976 7.000006 -22.000000
v 0.499975 7.000006 -23.000000
v -0.500025 7.000006 -23.000000
v -0.500024 7.000006 -22.000000
v -1.500024 7.000006 -21.999996
v -1.500025 7.000006 -22.999996
v 1.499976 7.000006 -22.000000
v 1.499975 7.000006 -23.000000
v 0.499976 6.000006 -22.000000
v 0.499975 6.000006 -23.000000
v -0.500025 6.000006 -23.000000
v -0.500024 6.000006 -22.000000
v -1.500024 6.000006 -21.999996
v -1.500025 6.000006 -22.999996
v 1.499976 6.000006 -22.000000
v 1.499975 6.000006 -23.000000
v 0.499976 5.000006 -22.000000
v 0.499975 5.000006 -23.000000
v -0.500025 5.000006 -23.000000
v -0.500024 5.000006 -22.000000
v -1.500024 5.000006 -22.000000
v -1.500025 5.000006 -23.000000
v 1.499976 5.000006 -22.000000
v 1.499975 5.000006 -23.000000
v 0.499976 4.000006 -22.000000
v 0.499975 4.000006 -23.000000
v -0.500025 4.000006 -23.000000
v -0.500024 4.000006 -22.000000
v -1.500024 4.000006 -22.000000
v -1.500025 4.000006 -23.000000
v 1.499976 4.000006 -22.000000
v 0.499976 3.000006 -22.000000
v 0.499975 3.000006 -23.000000
v -0.500025 3.000006 -23.000000
v -0.500024 3.000006 -22.000000
v -1.500024 3.000006 -22.000000
v -1.500025 3.000006 -23.000000
v 1.499976 3.000006 -22.000000
v 1.499975 3.000006 -23.000000
v 0.499976 2.000006 -22.000000
v 0.499975 2.000006 -23.000000
v -0.500025 2.000006 -23.000000
v -0.500024 2.000006 -22.000000
v -1.500024 2.000006 -22.000000
v -1.500025 2.000006 -23.000000
v 1.499976 2.000006 -22.000000
v 1.499975 2.000006 -23.000000
v 0.499976 1.000006 -22.000000
v 0.499975 1.000006 -23.000000
v -0.500025 1.000006 -23.000000
v -0.500024 1.000006 -22.000000
v -1.500024 1.000006 -22.000000
v -1.500025 1.000006 -23.000000
v 1.499976 1.000006 -22.000000
v 1.499975 1.000006 -23.000000
v -2.500026 11.000007 -24.999996
v -2.500026 11.000007 -23.999996
v 2.499974 11.000007 -24.000000
v 2.499974 11.000007 -25.000000
v 0.499975 11.000007 -24.000000
v 0.499974 11.000007 -25.000000
v -0.500026 11.000007 -24.999996
v -0.500025 11.000007 -23.999996
v 1.499975 11.000007 -24.000000
v 1.499974 11.000007 -25.000000
v -1.500025 11.000007 -23.999996
v -1.500026 11.000007 -24.999996
v -2.500026 10.000007 -24.999996
v -2.500026 10.000007 -23.999996
v 2.499974 10.000007 -24.000000
v 2.499974 10.000007 -25.000000
v 0.499975 10.000007 -24.000000
v 0.499974 10.000007 -25.000000
v -0.500026 10.000007 -24.999996
v -0.500025 10.000007 -23.999996
v 1.499975 10.000007 -24.000000
v 1.499974 10.000007 -25.000000
v -1.500025 10.000007 -23.999996
v -1.500026 10.000007 -24.999996
v -2.500026 9.000007 -24.999996
v -2.500026 9.000007 -23.999996
v 2.499974 9.000007 -24.000000
v 2.499974 9.000007 -25.000000
v 0.499975 9.000007 -24.000000
v 0.499974 9.000007 -25.000000
v -0.500026 9.000007 -25.000000
v -0.500025 9.000007 -24.000000
v 1.499975 9.000007 -24.000000
v 1.499974 9.000007 -25.000000
v -1.500025 9.000007 -23.999996
v -1.500026 9.000007 -24.999996
v -2.500026 8.000007 -24.999996
v -2.500026 8.000007 -23.999996
v 2.499974 8.000007 -24.000000
v 2.499974 8.000007 -25.000000
v -1.500025 8.000007 -23.999996
v -1.500026 8.000007 -24.999996
v 0.499975 8.000007 -24.000000
v 0.499974 8.000007 -25.000000
v -0.500026 8.000007 -25.000000
v -0.500025 8.000007 -24.000000
v 1.499975 8.000007 -24.000000
v 1.499974 8.000007 -25.000000
v -2.500026 7.000007 -24.999996
v -2.500026 7.000006 -23.999996
v 2.499974 7.000006 -24.000000
v 2.499974 7.000007 -25.000000
v 0.499975 7.000006 -24.000000
v 0.499974 7.000007 -25.000000
v -0.500026 7.000007 -25.000000
v -0.500025 7.000006 -24.000000
v 1.499975 7.000006 -24.000000
v 1.499974 7.000007 -25.000000
v -1.500025 7.000006 -23.999996
v -1.500026 7.000007 -24.999996
v -2.500026 6.000007 -24.999996
v -2.500026 6.000006 -23.999996
v 2.499974 6.000006 -24.000000
v 2.499974 6.000007 -25.000000
v 0.499975 6.000006 -24.000000
v 0.499974 6.000007 -25.000000
v -0.500026 6.000007 -25.000000
v -0.500025 6.000006 -24.000000
v 1.499975 6.000006 -24.000000
v 1.499974 6.000007 -25.000000
v -1.500025 6.000006 -23.999996
v -1.500026 6.000007 -24.999996
v -2.500026 5.000007 -24.999996
v -2.500026 5.000006 -23.999996
v 2.499974 5.000006 -24.000000
v 2.499974 5.000007 -25.000000
v 0.499975 5.000006 -24.000000
v 0.499974 5.000007 -25.000000
v -0.500026 5.000007 -25.000000
v -0.500025 5.000006 -24.000000
v 1.499975 5.000006 -24.000000
v 1.499974 5.000007 -25.000000
v -1.500025 5.000006 -24.000000
v -1.500026 5.000007 -25.000000
v -2.500026 4.000007 -24.999996
v -2.500026 4.000006 -23.999996
v 2.499974 4.000006 -24.000000
v 2.499974 4.000007 -25.000000
v 0.499975 4.000006 -24.000000
v 0.499974 4.000007 -25.000000
v -0.500026 4.000007 -25.000000
v -0.500025 4.000006 -24.000000
v 1.499975 4.000006 -24.000000
v 1.499974 4.000007 -25.000000
v -1.500025 4.000006 -24.000000
v -1.500026 4.000007 -25.000000
v 2.499974 3.000006 -24.000000
v 2.499974 3.000006 -25.000000
v 0.499975 3.000006 -24.000000
v 0.499974 3.000006 -25.000000
v 1.499975 3.000006 -24.000000
v 1.499974 3.000006 -25.000000
v -1.500025 3.000006 -24.000000
v -0.500027 4.000007 -26.000000
v 0.499973 4.000007 -26.000000
v 1.499973 4.000007 -26.000000
v 2.499973 4.000007 -26.000000
v -2.500027 4.000007 -25.999996
v -1.500027 4.000007 -26.000000
v -0.500027 3.000007 -26.000000
v 0.499973 3.000007 -26.000000
v 1.499973 3.000007 -26.000000
v 2.499973 3.000007 -26.000000
v -2.500027 3.000007 -25.999996
v -1.500027 3.000007 -26.000000
v -0.500026 2.000006 -25.000000
v 0.499974 2.000006 -25.000000
v 1.499974 2.000006 -25.000000
v 2.499974 2.000006 -25.000000
v -2.500026 2.000006 -24.999996
v -1.500026 2.000006 -25.000000
v -0.500027 2.000007 -26.000000
v 0.499973 2.000007 -26.000000
v 1.499973 2.000007 -26.000000
v 2.499973 2.000007 -26.000000
v -2.500027 2.000007 -25.999996
v -1.500027 2.000007 -26.000000
v -0.500026 1.000007 -25.000000
v 0.499974 1.000007 -25.000000
v 1.499974 1.000007 -25.000000
v 2.499974 1.000007 -25.000000
v -1.500026 1.000007 -25.000000
v -0.500027 1.000007 -26.000000
v 0.499973 1.000007 -26.000000
v 1.499973 1.000007 -26.000000
v 2.499973 1.000007 -26.000000
v -1.500027 1.000007 -26.000000
v 0.499973 9.000007 -27.000000
v 0.499972 9.000007 -28.000000
v -0.500028 9.000007 -28.000000
v -0.500027 9.000007 -27.000000
v -1.500027 9.000007 -26.999996
v 1.499972 9.000007 -28.000000
v 1.499973 9.000007 -27.000000
v -1.500028 9.000007 -27.999996
v 0.499973 8.000007 -27.000000
v 0.499972 8.000007 -28.000000
v -0.500028 8.000007 -28.000000
v -0.500027 8.000007 -27.000000
v -1.500027 8.000007 -26.999996
v 1.499972 8.000007 -28.000000
v 1.499973 8.000007 -27.000000
v -1.500028 8.000007 -27.999996
v 0.499973 7.000007 -27.000000
v 0.499972 7.000007 -28.000000
v -0.500028 7.000007 -28.000000
v -0.500027 7.000007 -27.000000
v -1.500027 7.000007 -26.999996
v 1.499972 7.000007 -28.000000
v 1.499973 7.000007 -27.000000
v -1.500028 7.000007 -27.999996
v 0.499973 6.000007 -27.000000
v -0.500028 6.000007 -28.000000
v -0.500027 6.000007 -27.000000
v -1.500027 6.000007 -26.999996
v 1.499972 6.000007 -28.000000
v 1.499973 6.000007 -27.000000
v -1.500028 6.000007 -27.999996
v 0.499973 5.000007 -27.000000
v -0.500028 5.000007 -28.000000
v -0.500027 5.000007 -27.000000
v -1.500027 5.000007 -27.000000
v 1.499972 5.000007 -28.000000
v 1.499973 5.000007 -27.000000
v 0.499971 6.000007 -29.000000
v 1.499971 6.000007 -29.000000
v -0.500029 6.000007 -29.000000
v -1.500029 6.000007 -28.999996
v 0.499971 5.000007 -29.000000
v 1.499971 5.000007 -29.000000
v 0.499971 6.000007 -30.000000
v 1.499971 6.000007 -30.000000
v -0.500029 6.000007 -30.000000
v -1.500029 6.000007 -29.999996
v 0.499971 5.000007 -30.000000
v 1.499971 5.000007 -30.000000
v -0.500029 5.000007 -30.000000
v -1.500029 5.000007 -30.000000
v 0.499971 4.000007 -29.000000
v 1.499971 4.000007 -29.000000
v -0.500029 4.000007 -29.000000
v -1.500029 4.000007 -29.000000
v 0.499971 4.000007 -30.000000
v 1.499971 4.000007 -30.000000
v -0.500029 4.000007 -30.000000
v -1.500029 4.000007 -30.000000
v 0.499971 3.000007 -29.000000
v 1.499971 3.000007 -29.000000
v -0.500029 3.000007 -29.000000
v -1.500029 3.000007 -29.000000
v 0.499971 3.000007 -30.000000
v 1.499971 3.000007 -30.000000
v -0.500029 3.000007 -30.000000
v -1.500029 3.000007 -30.000000
v 0.499971 2.000007 -29.000000
v 1.499971 2.000007 -29.000000
v 1.499971 2.000007 -30.000000
v -0.500029 2.000007 -30.000000
v -1.500029 2.000007 -30.000000
v -0.500029 2.000007 -29.000000
v -1.500029 2.000007 -29.000000
v 0.499971 2.000007 -30.000000
v 0.499971 1.000007 -29.000000
v 1.499971 1.000007 -29.000000
v -0.500029 1.000007 -29.000000
v -1.500029 1.000007 -29.000000
v 0.499971 1.000007 -30.000000
v -1.500029 1.000007 -30.000000
v 0.499974 12.000007 -25.000000
v -1.500025 12.000007 -23.999996
v -1.500026 12.000007 -24.999996
v 1.499975 12.000007 -24.000000
v -2.500028 10.000007 -27.999996
v 1.499972 10.000007 -28.000000
v 0.499973 10.000007 -27.000000
v 1.499973 10.000007 -27.000000
v 0.499975 13.000006 -23.000000
v 1.499975 13.000006 -23.000000
v -0.500026 3.000006 -25.000000
v -0.500025 3.000006 -24.000000
v -2.500026 3.000006 -24.999996
v -2.500026 3.000006 -23.999996
v -1.500026 3.000006 -25.000000
v 0.499972 5.000007 -28.000000
v -1.500028 5.000007 -28.000000
v -0.500029 5.000007 -29.000000
v -1.500029 5.000007 -29.000000
v 0.499977 5.000006 -21.000000
v 1.499977 5.000006 -21.000000
v 0.499977 4.000006 -21.000000
v 1.499977 4.000006 -21.000000
v 0.499977 5.000006 -20.000000
v 1.499977 5.000006 -20.000000
v 0.499977 4.000006 -20.000000
v 1.499977 4.000006 -20.000000
v 0.499978 5.000006 -19.000000
v 1.499978 5.000006 -19.000000
v 0.499978 4.000006 -19.000000
v 1.499978 4.000006 -19.000000
v 0.499978 5.000005 -18.000000
v 1.499979 5.000005 -18.000000
v 0.499978 4.000005 -18.000000
v 1.499979 4.000005 -18.000000
v 2.499975 5.000006 -23.000000
v 1.499975 4.000006 -23.000000
v 2.499975 4.000006 -23.000000
v 2.499976 5.000006 -22.000000
v 2.499976 4.000006 -22.000000
v 2.499973 6.000007 -27.000000
v 2.499972 6.000007 -28.000000
v 2.499973 5.000007 -27.000000
v 2.499972 5.000007 -28.000000
v 0.499972 6.000007 -28.000000
v -2.500027 6.000007 -26.999996
v -2.500028 6.000007 -27.999996
v -2.500027 5.000007 -26.999996
v -2.500028 5.000007 -27.999996
vn 1.0000 -0.0000 -0.0000
vn -0.0000 -0.0000 -1.0000
vn -0.0000 -0.0000 1.0000
vn -1.0000 -0.0000 -0.0000
vn -0.0000 -1.0000 -0.0000
vn -0.0000 1.0000 -0.0000
vt 0.625000 0.350000
vt 0.625000 0.500000
vt 0.625000 0.250000
vt 0.625000 0.450000
vt 0.625000 0.400000
vt 0.625000 0.400000
vt 0.625000 0.350000
vt 0.625000 0.300000
vt 0.625000 0.450000
vt 0.625000 0.500000
vt 0.625000 0.300000
vt 0.625000 0.250000
vt 0.625000 0.300000
vt 0.625000 0.250000
vt 0.625000 0.300000
vt 0.625000 0.300000
vt 0.625000 0.300000
vt 0.625000 0.300000
vt 0.625000 0.300000
vt 0.625000 0.300000
vt 0.625000 0.250000
vt 0.625000 0.250000
vt 0.625000 0.300000
vt 0.625000 0.300000
vt 0.625000 0.250000
vt 0.625000 0.250000
vt 0.625000 0.250000
vt 0.625000 0.250000
vt 0.625000 0.250000
vt 0.625000 0.250000
vt 0.625000 0.300000
vt 0.625000 0.300000
vt 0.625000 0.300000
vt 0.625000 0.300000
vt 0.625000 0.300000
vt 0.625000 0.300000
vt 0.625000 0.300000
vt 0.625000 0.300000
vt 0.625000 0.300000
vt 0.625000 0.300000
vt 0.625000 0.250000
vt 0.625000 0.250000
vt 0.625000 0.250000
vt 0.625000 0.250000
vt 0.625000 0.250000
vt 0.625000 0.300000
vt 0.625000 0.250000
vt 0.625000 0.300000
vt 0.625000 0.450000
vt 0.625000 0.300000
vt 0.625000 0.350000
vt 0.625000 0.250000
vt 0.625000 0.400000
vt 0.625000 0.450000
vt 0.625000 0.300000
vt 0.625000 0.350000
vt 0.625000 0.400000
vt 0.625000 0.300000
vt 0.625000 0.300000
vt 0.625000 0.250000
vt 0.625000 0.250000
vt 0.625000 0.250000
vt 0.725000 0.558333
vt 0.000000 0.000000
vt 0.000000 0.000000
vt 0.000000 0.000000
vt 0.725000 0.558333
vt 0.000000 0.000000
vt 0.675000 0.558333
vt 0.000000 0.000000
vt 0.675000 0.558333
vt 0.000000 0.000000
vt 0.000000 0.000000
vt 0.725000 0.558333
vt 0.000000 0.000000
vt 0.725000 0.558333
vt 0.000000 0.000000
vt 0.000000 0.000000
vt 0.675000 0.558333
vt 0.000000 0.000000
vt 0.675000 0.558333
vt 0.000000 0.000000
vt 0.675000 0.558333
vt 0.675000 0.558333
vt 0.625000 0.250000
vt 0.875000 0.666667
vt 0.625000 0.083333
vt 0.625000 0.091667
vt 0.875000 0.658333
vt 0.875000 0.641667
vt 0.625000 0.108333
vt 0.875000 0.508333
vt 0.625000 0.241667
vt 0.625000 0.641667
vt 0.625000 0.650000
vt 0.825000 0.508333
vt 0.675000 0.516667
vt 0.725000 0.525000
vt 0.675000 0.525000
vt 0.725000 0.566667
vt 0.675000 0.566667
vt 0.825000 0.575000
vt 0.725000 0.608333
vt 0.675000 0.608333
vt 0.675000 0.625000
vt 0.725000 0.633333
vt 0.675000 0.633333
vt 0.825000 0.650000
vt 0.775000 0.650000
vt 0.725000 0.650000
vt 0.675000 0.650000
vt 0.775000 0.666667
vt 0.725000 0.666667
vt 0.675000 0.666667
vt 0.675000 0.683333
vt 0.725000 0.700000
vt 0.825000 0.708333
vt 0.775000 0.708333
vt 0.725000 0.708333
vt 0.775000 0.725000
vt 0.775000 0.733333
vt 0.725000 0.733333
vt 0.775000 0.733333
vt 0.725000 0.733333
vt 0.625000 0.041667
vt 0.875000 0.708333
vt 0.875000 0.700000
vt 0.625000 0.050000
vt 0.825000 0.708333
vt 0.775000 0.708333
vt 0.725000 0.708333
vt 0.625000 0.666667
vt 0.675000 0.666667
vt 0.775000 0.666667
vt 0.725000 0.666667
vt 0.625000 0.675000
vt 0.625000 0.683333
vt 0.675000 0.683333
vt 0.625000 0.083333
vt 0.875000 0.666667
vt 0.825000 0.666667
vt 0.725000 0.633333
vt 0.675000 0.633333
vt 0.625000 0.100000
vt 0.875000 0.650000
vt 0.625000 0.650000
vt 0.675000 0.650000
vt 0.825000 0.650000
vt 0.775000 0.650000
vt 0.725000 0.650000
vt 0.725000 0.608333
vt 0.675000 0.608333
vt 0.725000 0.558333
vt 0.725000 0.566667
vt 0.675000 0.566667
vt 0.625000 0.175000
vt 0.875000 0.575000
vt 0.825000 0.566667
vt 0.825000 0.575000
vt 0.675000 0.566667
vt 0.675000 0.566667
vt 0.675000 0.566667
vt 0.675000 0.566667
vt 0.675000 0.566667
vt 0.675000 0.566667
vt 0.675000 0.566667
vt 0.725000 0.566667
vt 0.725000 0.566667
vt 0.725000 0.566667
vt 0.725000 0.566667
vt 0.725000 0.566667
vt 0.725000 0.566667
vt 0.725000 0.566667
vt 0.725000 0.558333
vt 0.725000 0.558333
vt 0.725000 0.558333
vt 0.675000 0.558333
vt 0.675000 0.558333
vt 0.675000 0.558333
vt 0.725000 0.558333
vt 0.725000 0.558333
vt 0.675000 0.558333
vt 0.725000 0.516667
vt 0.675000 0.516667
vt 0.725000 0.525000
vt 0.675000 0.525000
vt 0.625000 0.241667
vt 0.875000 0.508333
vt 0.825000 0.500000
vt 0.625000 0.300000
vt 0.825000 0.508333
vt 0.825000 0.583333
vt 0.000000 0.000000
vt 0.000000 0.000000
vt 0.825000 0.591667
vt 0.000000 0.000000
vt 0.775000 0.591667
vt 0.825000 0.583333
vt 0.000000 0.000000
vt 0.000000 0.000000
vt 0.825000 0.591667
vt 0.000000 0.000000
vt 0.875000 0.575000
vt 0.625000 0.175000
vt 0.875000 0.700000
vt 0.625000 0.050000
vt 0.725000 0.516667
vt 0.725000 0.558333
vt 0.675000 0.558333
vt 0.725000 0.600000
vt 0.675000 0.600000
vt 0.725000 0.625000
vt 0.825000 0.641667
vt 0.775000 0.641667
vt 0.725000 0.641667
vt 0.675000 0.641667
vt 0.825000 0.658333
vt 0.775000 0.658333
vt 0.725000 0.658333
vt 0.675000 0.658333
vt 0.675000 0.675000
vt 0.825000 0.700000
vt 0.775000 0.700000
vt 0.725000 0.725000
vt 0.775000 0.725000
vt 0.725000 0.725000
vt 0.825000 0.700000
vt 0.775000 0.700000
vt 0.725000 0.700000
vt 0.625000 0.658333
vt 0.675000 0.658333
vt 0.775000 0.658333
vt 0.725000 0.658333
vt 0.675000 0.675000
vt 0.875000 0.658333
vt 0.625000 0.091667
vt 0.825000 0.658333
vt 0.725000 0.625000
vt 0.675000 0.625000
vt 0.875000 0.641667
vt 0.625000 0.108333
vt 0.625000 0.641667
vt 0.675000 0.641667
vt 0.825000 0.641667
vt 0.775000 0.641667
vt 0.725000 0.641667
vt 0.725000 0.600000
vt 0.675000 0.600000
vt 0.675000 0.558333
vt 0.725000 0.558333
vt 0.725000 0.558333
vt 0.725000 0.558333
vt 0.725000 0.558333
vt 0.675000 0.558333
vt 0.675000 0.558333
vt 0.675000 0.558333
vt 0.625000 0.250000
vt 0.875000 0.566667
vt 0.625000 0.183333
vt 0.825000 0.566667
vt 0.875000 0.566667
vt 0.625000 0.183333
vt 0.625000 0.250000
vt 0.625000 0.250000
vt 0.625000 0.250000
vt 0.625000 0.250000
vt 0.625000 0.250000
vt 0.625000 0.500000
vt 0.625000 0.500000
vt 0.625000 0.500000
vt 0.625000 0.500000
vt 0.625000 0.500000
vt 0.625000 0.300000
vt 0.625000 0.300000
vt 0.625000 0.300000
vt 0.625000 0.300000
vt 0.625000 0.300000
vt 0.625000 0.500000
vt 0.625000 0.500000
vt 0.625000 0.500000
vt 0.625000 0.500000
vt 0.625000 0.500000
vt 0.625000 0.450000
vt 0.625000 0.450000
vt 0.625000 0.450000
vt 0.625000 0.450000
vt 0.625000 0.450000
vt 0.625000 0.450000
vt 0.625000 0.450000
vt 0.625000 0.450000
vt 0.625000 0.450000
vt 0.625000 0.450000
vt 0.625000 0.250000
vt 0.625000 0.250000
vt 0.625000 0.250000
vt 0.625000 0.250000
vt 0.625000 0.250000
vt 0.625000 0.300000
vt 0.625000 0.300000
vt 0.625000 0.300000
vt 0.625000 0.300000
vt 0.625000 0.300000
vt 0.625000 0.400000
vt 0.625000 0.400000
vt 0.625000 0.400000
vt 0.625000 0.400000
vt 0.625000 0.400000
vt 0.625000 0.350000
vt 0.625000 0.350000
vt 0.625000 0.350000
vt 0.625000 0.350000
vt 0.625000 0.350000
vt 0.625000 0.350000
vt 0.625000 0.350000
vt 0.625000 0.350000
vt 0.625000 0.350000
vt 0.625000 0.350000
vt 0.625000 0.400000
vt 0.625000 0.400000
vt 0.625000 0.400000
vt 0.625000 0.400000
vt 0.625000 0.400000
vt 0.625000 0.500000
vt 0.625000 0.500000
vt 0.625000 0.450000
vt 0.625000 0.450000
vt 0.375000 0.000000
vt 0.375000 1.000000
vt 0.625000 1.000000
vt 0.625000 0.000000
vt 0.375000 0.250000
vt 0.375000 0.750000
vt 0.625000 0.750000
vt 0.375000 0.500000
vt 0.625000 0.500000
vt 0.375000 0.241667
vt 0.375000 0.233333
vt 0.375000 0.225000
vt 0.375000 0.216667
vt 0.375000 0.208333
vt 0.375000 0.200000
vt 0.375000 0.191667
vt 0.375000 0.183333
vt 0.375000 0.175000
vt 0.375000 0.166667
vt 0.375000 0.158333
vt 0.375000 0.150000
vt 0.375000 0.141667
vt 0.375000 0.133333
vt 0.375000 0.125000
vt 0.375000 0.116667
vt 0.375000 0.108333
vt 0.375000 0.100000
vt 0.375000 0.091667
vt 0.375000 0.083333
vt 0.375000 0.075000
vt 0.375000 0.066667
vt 0.375000 0.058333
vt 0.375000 0.050000
vt 0.375000 0.041667
vt 0.375000 0.033333
vt 0.375000 0.025000
vt 0.375000 0.016667
vt 0.375000 0.008333
vt 0.625000 0.008333
vt 0.625000 0.016667
vt 0.625000 0.025000
vt 0.625000 0.033333
vt 0.875000 0.708333
vt 0.625000 0.041667
vt 0.625000 0.058333
vt 0.625000 0.066667
vt 0.625000 0.075000
vt 0.875000 0.650000
vt 0.625000 0.100000
vt 0.625000 0.116667
vt 0.625000 0.125000
vt 0.625000 0.133333
vt 0.625000 0.141667
vt 0.625000 0.150000
vt 0.625000 0.158333
vt 0.625000 0.166667
vt 0.625000 0.191667
vt 0.625000 0.200000
vt 0.625000 0.208333
vt 0.625000 0.216667
vt 0.625000 0.225000
vt 0.625000 0.233333
vt 0.375000 0.741667
vt 0.375000 0.733333
vt 0.375000 0.725000
vt 0.375000 0.716667
vt 0.375000 0.708333
vt 0.375000 0.700000
vt 0.375000 0.691666
vt 0.375000 0.683333
vt 0.375000 0.675000
vt 0.375000 0.666667
vt 0.375000 0.658333
vt 0.375000 0.650000
vt 0.375000 0.641667
vt 0.375000 0.633333
vt 0.375000 0.625000
vt 0.375000 0.616667
vt 0.375000 0.608333
vt 0.375000 0.600000
vt 0.375000 0.591667
vt 0.375000 0.583333
vt 0.375000 0.575000
vt 0.375000 0.566667
vt 0.375000 0.558333
vt 0.375000 0.550000
vt 0.375000 0.541667
vt 0.375000 0.533333
vt 0.375000 0.525000
vt 0.375000 0.516667
vt 0.375000 0.508333
vt 0.625000 0.508333
vt 0.625000 0.516667
vt 0.625000 0.525000
vt 0.625000 0.533333
vt 0.625000 0.541667
vt 0.625000 0.550000
vt 0.625000 0.558333
vt 0.625000 0.566667
vt 0.625000 0.575000
vt 0.625000 0.583333
vt 0.625000 0.591667
vt 0.625000 0.600000
vt 0.625000 0.608333
vt 0.625000 0.616667
vt 0.625000 0.625000
vt 0.625000 0.633333
vt 0.625000 0.658333
vt 0.625000 0.666667
vt 0.625000 0.675000
vt 0.625000 0.683333
vt 0.625000 0.691667
vt 0.625000 0.700000
vt 0.625000 0.708333
vt 0.625000 0.716667
vt 0.625000 0.725000
vt 0.625000 0.733333
vt 0.625000 0.741667
vt 0.375000 0.450000
vt 0.375000 0.400000
vt 0.375000 0.350000
vt 0.375000 0.300000
vt 0.825000 0.500000
vt 0.625000 0.300000
vt 0.625000 0.350000
vt 0.625000 0.400000
vt 0.625000 0.450000
vt 0.375000 0.950000
vt 0.375000 0.900000
vt 0.375000 0.850000
vt 0.375000 0.800000
vt 0.625000 0.800000
vt 0.625000 0.850000
vt 0.625000 0.900000
vt 0.625000 0.950000
vt 0.825000 0.666667
vt 0.825000 0.658333
vt 0.825000 0.666667
vt 0.375000 0.500000
vt 0.625000 0.500000
vt 0.375000 0.250000
vt 0.625000 0.250000
vt 0.375000 0.500000
vt 0.625000 0.500000
vt 0.375000 0.250000
vt 0.625000 0.250000
vt 0.375000 0.500000
vt 0.625000 0.500000
vt 0.375000 0.250000
vt 0.375000 0.500000
vt 0.625000 0.500000
vt 0.375000 0.250000
vt 0.625000 0.250000
vt 0.375000 0.500000
vt 0.625000 0.500000
vt 0.375000 0.250000
vt 0.375000 0.500000
vt 0.625000 0.500000
vt 0.375000 0.250000
vt 0.625000 0.250000
vt 0.375000 0.500000
vt 0.625000 0.500000
vt 0.375000 0.250000
vt 0.625000 0.250000
vt 0.375000 0.500000
vt 0.625000 0.500000
vt 0.625000 0.450000
vt 0.625000 0.300000
vt 0.625000 0.350000
vt 0.375000 0.250000
vt 0.625000 0.250000
vt 0.625000 0.400000
vt 0.375000 0.500000
vt 0.625000 0.500000
vt 0.625000 0.450000
vt 0.625000 0.300000
vt 0.625000 0.350000
vt 0.375000 0.250000
vt 0.625000 0.250000
vt 0.625000 0.400000
vt 0.375000 0.500000
vt 0.625000 0.500000
vt 0.375000 0.250000
vt 0.625000 0.250000
vt 0.375000 0.500000
vt 0.625000 0.500000
vt 0.625000 0.450000
vt 0.625000 0.300000
vt 0.625000 0.350000
vt 0.375000 0.250000
vt 0.625000 0.250000
vt 0.625000 0.400000
vt 0.375000 0.500000
vt 0.625000 0.500000
vt 0.625000 0.450000
vt 0.625000 0.300000
vt 0.625000 0.350000
vt 0.375000 0.250000
vt 0.625000 0.250000
vt 0.625000 0.400000
vt 0.375000 0.500000
vt 0.625000 0.500000
vt 0.375000 0.250000
vt 0.625000 0.250000
vt 0.375000 0.500000
vt 0.625000 0.500000
vt 0.375000 0.250000
vt 0.625000 0.250000
vt 0.375000 0.500000
vt 0.625000 0.500000
vt 0.625000 0.450000
vt 0.625000 0.300000
vt 0.625000 0.350000
vt 0.375000 0.250000
vt 0.625000 0.250000
vt 0.625000 0.400000
vt 0.375000 0.500000
vt 0.625000 0.500000
vt 0.625000 0.450000
vt 0.625000 0.300000
vt 0.625000 0.350000
vt 0.375000 0.250000
vt 0.625000 0.250000
vt 0.625000 0.400000
vt 0.375000 0.500000
vt 0.625000 0.500000
vt 0.375000 0.250000
vt 0.625000 0.250000
vt 0.375000 0.500000
vt 0.625000 0.500000
vt 0.375000 0.250000
vt 0.625000 0.250000
vt 0.375000 0.500000
vt 0.625000 0.500000
vt 0.375000 0.250000
vt 0.625000 0.250000
vt 0.375000 0.500000
vt 0.625000 0.500000
vt 0.375000 0.250000
vt 0.625000 0.250000
vt 0.375000 0.500000
vt 0.625000 0.500000
vt 0.375000 0.250000
vt 0.625000 0.250000
vt 0.375000 0.500000
vt 0.625000 0.500000
vt 0.375000 0.250000
vt 0.625000 0.250000
vt 0.375000 0.500000
vt 0.625000 0.500000
vt 0.375000 0.250000
vt 0.625000 0.250000
vt 0.375000 0.500000
vt 0.625000 0.500000
vt 0.375000 0.250000
vt 0.625000 0.250000
vt 0.375000 0.500000
vt 0.375000 0.250000
vt 0.625000 0.250000
vt 0.000000 0.000000
vt 0.375000 0.500000
vt 0.375000 0.250000
vt 0.625000 0.250000
vt 0.000000 0.000000
vt 0.375000 0.500000
vt 0.625000 0.500000
vt 0.375000 0.250000
vt 0.625000 0.250000
vt 0.375000 0.500000
vt 0.625000 0.500000
vt 0.375000 0.250000
vt 0.625000 0.250000
vt 0.375000 0.500000
vt 0.625000 0.500000
vt 0.375000 0.250000
vt 0.625000 0.250000
vt 0.375000 0.500000
vt 0.625000 0.500000
vt 0.375000 0.450000
vt 0.625000 0.450000
vt 0.625000 0.400000
vt 0.000000 0.000000
vt 0.000000 0.000000
vt 0.625000 0.350000
vt 0.375000 0.400000
vt 0.375000 0.250000
vt 0.625000 0.250000
vt 0.375000 0.350000
vt 0.375000 0.300000
vt 0.625000 0.500000
vt 0.625000 0.450000
vt 0.625000 0.300000
vt 0.625000 0.350000
vt 0.625000 0.250000
vt 0.625000 0.400000
vt 0.625000 0.500000
vt 0.625000 0.450000
vt 0.625000 0.300000
vt 0.625000 0.350000
vt 0.625000 0.250000
vt 0.625000 0.400000
vt 0.625000 0.500000
vt 0.625000 0.450000
vt 0.625000 0.300000
vt 0.625000 0.350000
vt 0.625000 0.350000
vt 0.625000 0.400000
vt 0.625000 0.400000
vt 0.625000 0.250000
vt 0.625000 0.500000
vt 0.625000 0.450000
vt 0.625000 0.300000
vt 0.625000 0.250000
vt 0.625000 0.500000
vt 0.625000 0.450000
vt 0.625000 0.500000
vt 0.625000 0.450000
vt 0.625000 0.250000
vt 0.625000 0.300000
vt 0.625000 0.250000
vt 0.625000 0.300000
vt 0.625000 0.300000
vt 0.625000 0.300000
vt 0.625000 0.250000
vt 0.625000 0.250000
vt 0.625000 0.250000
vt 0.625000 0.300000
vt 0.625000 0.250000
vt 0.625000 0.300000
vt 0.625000 0.350000
vt 0.625000 0.350000
vt 0.625000 0.400000
vt 0.625000 0.400000
vt 0.625000 0.350000
vt 0.625000 0.350000
vt 0.625000 0.350000
vt 0.625000 0.350000
vt 0.625000 0.400000
vt 0.625000 0.400000
vt 0.625000 0.400000
vt 0.625000 0.400000
vt 0.625000 0.400000
vt 0.625000 0.400000
vt 0.625000 0.400000
vt 0.625000 0.400000
vt 0.625000 0.350000
vt 0.625000 0.350000
vt 0.625000 0.350000
vt 0.625000 0.350000
vt 0.625000 0.400000
vt 0.625000 0.400000
vt 0.625000 0.400000
vt 0.625000 0.400000
vt 0.625000 0.350000
vt 0.625000 0.350000
vt 0.625000 0.350000
vt 0.625000 0.350000
vt 0.625000 0.500000
vt 0.625000 0.450000
vt 0.625000 0.500000
vt 0.625000 0.450000
vt 0.625000 0.250000
vt 0.625000 0.300000
vt 0.625000 0.300000
vt 0.625000 0.250000
vt 0.625000 0.350000
vt 0.625000 0.400000
vt 0.625000 0.400000
vt 0.625000 0.400000
vt 0.625000 0.400000
vt 0.625000 0.400000
vt 0.625000 0.400000
vt 0.625000 0.400000
vt 0.625000 0.400000
vt 0.625000 0.400000
vt 0.625000 0.350000
vt 0.625000 0.350000
vt 0.625000 0.350000
vt 0.625000 0.350000
vt 0.625000 0.350000
vt 0.625000 0.350000
vt 0.625000 0.350000
vt 0.625000 0.350000
vt 0.625000 0.350000
vt 0.625000 0.350000
vt 0.625000 0.350000
vt 0.625000 0.350000
vt 0.625000 0.350000
vt 0.625000 0.350000
vt 0.625000 0.350000
vt 0.625000 0.350000
vt 0.625000 0.400000
vt 0.625000 0.400000
vt 0.625000 0.400000
vt 0.625000 0.400000
vt 0.625000 0.400000
vt 0.625000 0.400000
vt 0.625000 0.400000
vt 0.625000 0.400000
vt 0.625000 0.350000
vt 0.625000 0.350000
vt 0.625000 0.350000
vt 0.625000 0.350000
vt 0.625000 0.400000
vt 0.625000 0.400000
vt 0.625000 0.400000
vt 0.625000 0.400000
vt 0.625000 0.350000
vt 0.625000 0.400000
vt 0.625000 0.350000
vt 0.625000 0.350000
vt 0.625000 0.400000
vt 0.625000 0.400000
vt 0.625000 0.350000
vt 0.625000 0.350000
vt 0.625000 0.350000
vt 0.625000 0.350000
vt 0.625000 0.350000
vt 0.625000 0.350000
vt 0.625000 0.350000
vt 0.625000 0.350000
vt 0.625000 0.350000
vt 0.625000 0.350000
vt 0.625000 0.350000
vt 0.625000 0.400000
vt 0.625000 0.400000
vt 0.625000 0.400000
vt 0.625000 0.400000
vt 0.625000 0.400000
vt 0.625000 0.400000
vt 0.625000 0.400000
vt 0.625000 0.400000
vt 0.625000 0.400000
vt 0.625000 0.400000
vt 0.625000 0.400000
vt 0.625000 0.350000
vt 0.625000 0.350000
vt 0.625000 0.350000
vt 0.625000 0.350000
vt 0.625000 0.350000
vt 0.625000 0.350000
vt 0.625000 0.350000
vt 0.625000 0.350000
vt 0.625000 0.350000
vt 0.625000 0.350000
vt 0.625000 0.350000
vt 0.625000 0.400000
vt 0.625000 0.400000
vt 0.625000 0.400000
vt 0.625000 0.400000
vt 0.625000 0.400000
vt 0.625000 0.400000
vt 0.625000 0.400000
vt 0.625000 0.400000
vt 0.625000 0.400000
vt 0.625000 0.400000
vt 0.625000 0.400000
vt 0.625000 0.400000
vt 0.625000 0.400000
vt 0.625000 0.400000
vt 0.625000 0.400000
vt 0.625000 0.400000
vt 0.625000 0.350000
vt 0.625000 0.350000
vt 0.625000 0.350000
vt 0.625000 0.350000
vt 0.625000 0.350000
vt 0.625000 0.400000
vt 0.625000 0.400000
vt 0.625000 0.400000
vt 0.625000 0.400000
vt 0.625000 0.400000
vt 0.625000 0.400000
vt 0.625000 0.400000
vt 0.625000 0.400000
vt 0.625000 0.350000
vt 0.625000 0.350000
vt 0.625000 0.350000
vt 0.625000 0.350000
vt 0.625000 0.350000
vt 0.625000 0.350000
vt 0.625000 0.350000
vt 0.625000 0.350000
vt 0.625000 0.350000
vt 0.625000 0.400000
vt 0.625000 0.350000
vt 0.625000 0.400000
vt 0.625000 0.350000
vt 0.625000 0.350000
vt 0.625000 0.350000
vt 0.625000 0.350000
vt 0.625000 0.400000
vt 0.625000 0.400000
vt 0.625000 0.400000
vt 0.625000 0.400000
vt 0.625000 0.400000
vt 0.625000 0.400000
vt 0.625000 0.350000
vt 0.625000 0.350000
vt 0.625000 0.350000
vt 0.000000 0.000000
vt 0.625000 0.400000
vt 0.000000 0.000000
vt 0.000000 0.000000
vt 0.625000 0.400000
vt 0.000000 0.000000
vt 0.625000 0.350000
vt 0.625000 0.350000
vt 0.000000 0.000000
vt 0.000000 0.000000
vt 0.625000 0.400000
vt 0.000000 0.000000
vt 0.625000 0.350000
vt 0.000000 0.000000
vt 0.625000 0.350000
vt 0.625000 0.400000
vt 0.625000 0.400000
vt 0.625000 0.350000
vt 0.000000 0.000000
vt 0.625000 0.350000
vt 0.625000 0.400000
vt 0.625000 0.350000
vt 0.625000 0.350000
vt 0.625000 0.350000
vt 0.625000 0.400000
vt 0.625000 0.400000
vt 0.625000 0.400000
vt 0.625000 0.350000
vt 0.625000 0.350000
vt 0.825000 0.591667
vt 0.825000 0.591667
vt 0.825000 0.591667
vt 0.825000 0.591667
vt 0.825000 0.591667
vt 0.825000 0.591667
vt 0.000000 0.000000
vt 0.825000 0.583333
vt 0.000000 0.000000
vt 0.825000 0.583333
vt 0.000000 0.000000
vt 0.825000 0.583333
vt 0.000000 0.000000
vt 0.825000 0.583333
vt 0.000000 0.000000
vt 0.825000 0.583333
vt 0.000000 0.000000
vt 0.825000 0.583333
vt 0.000000 0.000000
vt 0.775000 0.591667
vt 0.000000 0.000000
vt 0.775000 0.591667
vt 0.000000 0.000000
vt 0.775000 0.591667
vt 0.000000 0.000000
vt 0.775000 0.591667
vt 0.000000 0.000000
vt 0.775000 0.591667
vt 0.000000 0.000000
vt 0.775000 0.591667
vt 0.000000 0.000000
vt 0.000000 0.000000
vt 0.000000 0.000000
vt 0.000000 0.000000
vt 0.000000 0.000000
vt 0.000000 0.000000
vt 0.825000 0.591667
vt 0.825000 0.591667
vt 0.000000 0.000000
vt 0.000000 0.000000
vt 0.775000 0.591667
vt 0.825000 0.591667
vt 0.825000 0.591667
vt 0.000000 0.000000
vt 0.775000 0.591667
vt 0.000000 0.000000
vt 0.775000 0.591667
vt 0.625000 0.350000
vt 0.000000 0.000000
vt 0.625000 0.400000
vt 0.000000 0.000000
vt 0.000000 0.000000
vt 0.625000 0.400000
vt 0.625000 0.350000
vt 0.000000 0.000000
vt 0.625000 0.350000
vt 0.625000 0.400000
vt 0.625000 0.400000
vt 0.625000 0.350000
vt 0.625000 0.350000
vt 0.625000 0.350000
vt 0.625000 0.350000
vt 0.625000 0.400000
vt 0.625000 0.400000
vt 0.625000 0.400000
vt 0.625000 0.400000
vt 0.625000 0.350000
vt 0.625000 0.350000
vt 0.625000 0.350000
vt 0.625000 0.350000
vt 0.625000 0.400000
vt 0.625000 0.400000
vt 0.625000 0.400000
vt 0.625000 0.400000
vt 0.625000 0.350000
vt 0.625000 0.350000
vt 0.625000 0.350000
vt 0.625000 0.350000
vt 0.625000 0.400000
vt 0.625000 0.400000
vt 0.625000 0.400000
vt 0.625000 0.400000
vt 0.625000 0.350000
vt 0.625000 0.350000
vt 0.625000 0.350000
vt 0.625000 0.350000
vt 0.625000 0.400000
vt 0.625000 0.400000
vt 0.625000 0.400000
vt 0.625000 0.400000
vt 0.625000 0.350000
vt 0.625000 0.350000
vt 0.625000 0.350000
vt 0.625000 0.350000
vt 0.625000 0.400000
vt 0.625000 0.400000
vt 0.625000 0.400000
vt 0.625000 0.400000
vt 0.625000 0.350000
vt 0.625000 0.350000
vt 0.625000 0.350000
vt 0.625000 0.350000
vt 0.625000 0.400000
vt 0.625000 0.400000
vt 0.625000 0.400000
vt 0.625000 0.400000
vt 0.625000 0.350000
vt 0.625000 0.350000
vt 0.625000 0.350000
vt 0.625000 0.350000
vt 0.625000 0.400000
vt 0.625000 0.400000
vt 0.625000 0.400000
vt 0.625000 0.400000
vt 0.625000 0.350000
vt 0.625000 0.350000
vt 0.625000 0.350000
vt 0.625000 0.350000
vt 0.625000 0.400000
vt 0.000000 0.000000
vt 0.625000 0.400000
vt 0.625000 0.400000
vt 0.625000 0.400000
vt 0.625000 0.350000
vt 0.625000 0.350000
vt 0.625000 0.350000
vt 0.625000 0.350000
vt 0.625000 0.400000
vt 0.000000 0.000000
vt 0.625000 0.400000
vt 0.625000 0.400000
vt 0.625000 0.350000
vt 0.625000 0.350000
vt 0.625000 0.350000
vt 0.625000 0.350000
vt 0.625000 0.400000
vt 0.625000 0.400000
vt 0.625000 0.400000
vt 0.625000 0.400000
vt 0.625000 0.350000
vt 0.625000 0.350000
vt 0.625000 0.350000
vt 0.625000 0.350000
vt 0.625000 0.400000
vt 0.625000 0.400000
vt 0.625000 0.400000
vt 0.625000 0.400000
vt 0.625000 0.350000
vt 0.625000 0.350000
vt 0.625000 0.350000
vt 0.625000 0.350000
vt 0.625000 0.400000
vt 0.625000 0.400000
vt 0.000000 0.000000
vt 0.000000 0.000000
vt 0.000000 0.000000
vt 0.000000 0.000000
vt 0.000000 0.000000
vt 0.625000 0.400000
vt 0.000000 0.000000
vt 0.625000 0.400000
vt 0.000000 0.000000
vt 0.625000 0.350000
vt 0.625000 0.350000
vt 0.000000 0.000000
vt 0.625000 0.400000
vt 0.000000 0.000000
vt 0.625000 0.400000
vt 0.000000 0.000000
vt 0.000000 0.000000
vt 0.625000 0.350000
vt 0.625000 0.350000
vt 0.000000 0.000000
vt 0.000000 0.000000
vt 0.000000 0.000000
vt 0.000000 0.000000
vt 0.000000 0.000000
vt 0.000000 0.000000
vt 0.625000 0.400000
vt 0.625000 0.400000
vt 0.000000 0.000000
vt 0.000000 0.000000
vt 0.625000 0.350000
vt 0.625000 0.350000
vt 0.000000 0.000000
vt 0.625000 0.400000
vt 0.000000 0.000000
vt 0.625000 0.400000
vt 0.000000 0.000000
vt 0.000000 0.000000
vt 0.625000 0.350000
vt 0.625000 0.350000
vt 0.000000 0.000000
vt 0.000000 0.000000
vt 0.000000 0.000000
vt 0.000000 0.000000
vt 0.000000 0.000000
vt 0.000000 0.000000
vt 0.625000 0.400000
vt 0.625000 0.400000
vt 0.000000 0.000000
vt 0.000000 0.000000
vt 0.625000 0.350000
vt 0.625000 0.350000
vt 0.000000 0.000000
vt 0.625000 0.400000
vt 0.000000 0.000000
vt 0.625000 0.400000
vt 0.000000 0.000000
vt 0.000000 0.000000
vt 0.625000 0.350000
vt 0.625000 0.350000
vt 0.000000 0.000000
vt 0.000000 0.000000
vt 0.000000 0.000000
vt 0.000000 0.000000
vt 0.000000 0.000000
vt 0.000000 0.000000
vt 0.625000 0.350000
vt 0.625000 0.350000
vt 0.000000 0.000000
vt 0.000000 0.000000
vt 0.625000 0.400000
vt 0.625000 0.400000
vt 0.000000 0.000000
vt 0.000000 0.000000
vt 0.625000 0.350000
vt 0.625000 0.350000
vt 0.000000 0.000000
vt 0.625000 0.400000
vt 0.000000 0.000000
vt 0.000000 0.000000
vt 0.625000 0.400000
vt 0.000000 0.000000
vt 0.000000 0.000000
vt 0.000000 0.000000
vt 0.000000 0.000000
vt 0.000000 0.000000
vt 0.625000 0.400000
vt 0.625000 0.400000
vt 0.000000 0.000000
vt 0.625000 0.350000
vt 0.000000 0.000000
vt 0.625000 0.350000
vt 0.000000 0.000000
vt 0.625000 0.400000
vt 0.000000 0.000000
vt 0.000000 0.000000
vt 0.625000 0.400000
vt 0.000000 0.000000
vt 0.625000 0.350000
vt 0.000000 0.000000
vt 0.625000 0.350000
vt 0.000000 0.000000
vt 0.000000 0.000000
vt 0.000000 0.000000
vt 0.000000 0.000000
vt 0.000000 0.000000
vt 0.625000 0.400000
vt 0.625000 0.400000
vt 0.000000 0.000000
vt 0.625000 0.350000
vt 0.000000 0.000000
vt 0.625000 0.350000
vt 0.000000 0.000000
vt 0.000000 0.000000
vt 0.625000 0.400000
vt 0.000000 0.000000
vt 0.625000 0.400000
vt 0.000000 0.000000
vt 0.625000 0.350000
vt 0.000000 0.000000
vt 0.625000 0.350000
vt 0.000000 0.000000
vt 0.000000 0.000000
vt 0.000000 0.000000
vt 0.000000 0.000000
vt 0.000000 0.000000
vt 0.625000 0.400000
vt 0.625000 0.400000
vt 0.000000 0.000000
vt 0.625000 0.350000
vt 0.000000 0.000000
vt 0.625000 0.350000
vt 0.000000 0.000000
vt 0.000000 0.000000
vt 0.625000 0.400000
vt 0.000000 0.000000
vt 0.625000 0.400000
vt 0.000000 0.000000
vt 0.625000 0.350000
vt 0.625000 0.350000
vt 0.000000 0.000000
vt 0.000000 0.000000
vt 0.000000 0.000000
vt 0.000000 0.000000
vt 0.000000 0.000000
vt 0.000000 0.000000
vt 0.625000 0.400000
vt 0.000000 0.000000
vt 0.625000 0.400000
vt 0.000000 0.000000
vt 0.625000 0.350000
vt 0.625000 0.350000
vt 0.000000 0.000000
vt 0.000000 0.000000
vt 0.625000 0.400000
vt 0.000000 0.000000
vt 0.625000 0.400000
vt 0.000000 0.000000
vt 0.625000 0.350000
vt 0.000000 0.000000
vt 0.625000 0.350000
vt 0.000000 0.000000
vt 0.000000 0.000000
vt 0.625000 0.400000
vt 0.000000 0.000000
vt 0.000000 0.000000
vt 0.625000 0.400000
vt 0.000000 0.000000
vt 0.625000 0.400000
vt 0.625000 0.400000
vt 0.000000 0.000000
vt 0.000000 0.000000
vt 0.625000 0.350000
vt 0.000000 0.000000
vt 0.625000 0.350000
vt 0.625000 0.400000
vt 0.000000 0.000000
vt 0.000000 0.000000
vt 0.625000 0.400000
vt 0.000000 0.000000
vt 0.000000 0.000000
vt 0.625000 0.350000
vt 0.000000 0.000000
vt 0.000000 0.000000
vt 0.625000 0.350000
vt 0.625000 0.400000
vt 0.000000 0.000000
vt 0.000000 0.000000
vt 0.625000 0.400000
vt 0.000000 0.000000
vt 0.000000 0.000000
vt 0.625000 0.350000
vt 0.000000 0.000000
vt 0.625000 0.350000
vt 0.000000 0.000000
vt 0.000000 0.000000
vt 0.625000 0.400000
vt 0.625000 0.400000
vt 0.000000 0.000000
vt 0.000000 0.000000
vt 0.000000 0.000000
vt 0.625000 0.350000
vt 0.000000 0.000000
vt 0.000000 0.000000
vt 0.625000 0.350000
vt 0.625000 0.400000
vt 0.000000 0.000000
vt 0.000000 0.000000
vt 0.625000 0.400000
vt 0.000000 0.000000
vt 0.000000 0.000000
vt 0.625000 0.350000
vt 0.000000 0.000000
vt 0.000000 0.000000
vt 0.625000 0.350000
vt 0.000000 0.000000
vt 0.625000 0.400000
vt 0.625000 0.400000
vt 0.000000 0.000000
vt 0.625000 0.500000
vt 0.000000 0.000000
vt 0.000000 0.000000
vt 0.625000 0.350000
vt 0.000000 0.000000
vt 0.625000 0.350000
vt 0.000000 0.000000
vt 0.625000 0.400000
vt 0.625000 0.400000
vt 0.000000 0.000000
vt 0.625000 0.500000
vt 0.000000 0.000000
vt 0.000000 0.000000
vt 0.625000 0.350000
vt 0.625000 0.400000
vt 0.000000 0.000000
vt 0.000000 0.000000
vt 0.625000 0.400000
vt 0.625000 0.350000
vt 0.000000 0.000000
vt 0.000000 0.000000
vt 0.625000 0.350000
vt 0.000000 0.000000
vt 0.625000 0.350000
vt 0.625000 0.400000
vt 0.000000 0.000000
vt 0.000000 0.000000
vt 0.625000 0.400000
vt 0.000000 0.000000
vt 0.625000 0.350000
vt 0.000000 0.000000
vt 0.625000 0.400000
vt 0.000000 0.000000
vt 0.625000 0.400000
vt 0.625000 0.350000
vt 0.000000 0.000000
vt 0.000000 0.000000
vt 0.625000 0.350000
vt 0.625000 0.350000
vt 0.000000 0.000000
vt 0.625000 0.400000
vt 0.000000 0.000000
vt 0.000000 0.000000
vt 0.625000 0.400000
vt 0.000000 0.000000
vt 0.625000 0.350000
vt 0.625000 0.400000
vt 0.000000 0.000000
vt 0.000000 0.000000
vt 0.625000 0.400000
vt 0.625000 0.350000
vt 0.000000 0.000000
vt 0.000000 0.000000
vt 0.625000 0.350000
vt 0.625000 0.350000
vt 0.000000 0.000000
vt 0.625000 0.400000
vt 0.000000 0.000000
vt 0.000000 0.000000
vt 0.625000 0.400000
vt 0.000000 0.000000
vt 0.625000 0.350000
vt 0.625000 0.400000
vt 0.000000 0.000000
vt 0.000000 0.000000
vt 0.625000 0.350000
vt 0.625000 0.350000
vt 0.000000 0.000000
vt 0.625000 0.350000
vt 0.000000 0.000000
vt 0.000000 0.000000
vt 0.625000 0.400000
vt 0.625000 0.400000
vt 0.000000 0.000000
vt 0.000000 0.000000
vt 0.625000 0.350000
vt 0.625000 0.400000
vt 0.000000 0.000000
vt 0.000000 0.000000
vt 0.625000 0.350000
vt 0.625000 0.350000
vt 0.000000 0.000000
vt 0.625000 0.350000
vt 0.000000 0.000000
vt 0.625000 0.400000
vt 0.000000 0.000000
vt 0.625000 0.400000
vt 0.000000 0.000000
vt 0.625000 0.400000
vt 0.625000 0.400000
vt 0.625000 0.350000
vt 0.625000 0.350000
vt 0.625000 0.400000
vt 0.625000 0.400000
vt 0.000000 0.000000
vt 0.625000 0.400000
vt 0.625000 0.400000
vt 0.000000 0.000000
vt 0.000000 0.000000
vt 0.625000 0.350000
vt 0.000000 0.000000
vt 0.625000 0.350000
vt 0.000000 0.000000
vt 0.625000 0.400000
vt 0.625000 0.400000
vt 0.000000 0.000000
vt 0.000000 0.000000
vt 0.625000 0.350000
vt 0.000000 0.000000
vt 0.625000 0.350000
vt 0.625000 0.400000
vt 0.625000 0.400000
vt 0.625000 0.350000
vt 0.625000 0.350000
vt 0.000000 0.000000
vt 0.625000 0.400000
vt 0.625000 0.400000
vt 0.000000 0.000000
vt 0.625000 0.350000
vt 0.000000 0.000000
vt 0.000000 0.000000
vt 0.625000 0.350000
vt 0.625000 0.400000
vt 0.625000 0.400000
vt 0.625000 0.350000
vt 0.625000 0.350000
vt 0.000000 0.000000
vt 0.625000 0.400000
vt 0.625000 0.400000
vt 0.000000 0.000000
vt 0.625000 0.350000
vt 0.000000 0.000000
vt 0.000000 0.000000
vt 0.625000 0.350000
vt 0.625000 0.400000
vt 0.625000 0.400000
vt 0.625000 0.400000
vt 0.000000 0.000000
vt 0.625000 0.350000
vt 0.000000 0.000000
vt 0.000000 0.000000
vt 0.625000 0.350000
vt 0.625000 0.350000
vt 0.625000 0.350000
vt 0.000000 0.000000
vt 0.625000 0.400000
vt 0.625000 0.400000
vt 0.625000 0.400000
vt 0.625000 0.350000
vt 0.625000 0.350000
vt 0.625000 0.400000
vt 0.000000 0.000000
vt 0.625000 0.300000
vt 0.625000 0.350000
vt 0.000000 0.000000
vt 0.000000 0.000000
vt 0.625000 0.400000
vt 0.000000 0.000000
vt 0.625000 0.350000
vt 0.000000 0.000000
vt 0.625000 0.350000
vt 0.625000 0.400000
vt 0.000000 0.000000
vt 0.625000 0.350000
vt 0.000000 0.000000
vt 0.625000 0.400000
vt 0.625000 0.400000
vt 0.000000 0.000000
vt 0.000000 0.000000
vt 0.625000 0.400000
vt 0.625000 0.400000
vt 0.625000 0.400000
vt 0.000000 0.000000
vt 0.625000 0.350000
vt 0.000000 0.000000
vt 0.625000 0.350000
vt 0.000000 0.000000
vt 0.625000 0.350000
vt 0.000000 0.000000
vt 0.625000 0.350000
vt 0.000000 0.000000
vt 0.625000 0.350000
vt 0.000000 0.000000
vt 0.625000 0.400000
vt 0.625000 0.350000
vt 0.000000 0.000000
vt 0.625000 0.350000
vt 0.625000 0.350000
vt 0.625000 0.350000
vt 0.625000 0.400000
vt 0.625000 0.400000
vt 0.625000 0.400000
vt 0.625000 0.400000
vt 0.625000 0.400000
vt 0.625000 0.400000
vt 0.625000 0.400000
vt 0.625000 0.400000
vt 0.625000 0.400000
vt 0.625000 0.400000
vt 0.625000 0.400000
vt 0.625000 0.400000
vt 0.625000 0.400000
vt 0.625000 0.400000
vt 0.625000 0.400000
vt 0.625000 0.400000
vt 0.000000 0.000000
vt 0.000000 0.000000
vt 0.625000 0.400000
vt 0.000000 0.000000
vt 0.000000 0.000000
vt 0.000000 0.000000
vt 0.000000 0.000000
vt 0.625000 0.400000
vt 0.625000 0.400000
vt 0.625000 0.400000
vt 0.000000 0.000000
vt 0.000000 0.000000
vt 0.625000 0.400000
vt 0.000000 0.000000
vt 0.625000 0.400000
vt 0.625000 0.350000
vt 0.625000 0.350000
vt 0.000000 0.000000
vt 0.625000 0.350000
vt 0.625000 0.350000
vt 0.000000 0.000000
vt 0.625000 0.350000
vt 0.000000 0.000000
s 0
g off
g Instakill_INSTAKILL
usemtl INSTAKILL
f 40/40/1 13/13/1 59/59/1
f 275/303/2 4/4/2 255/283/2
f 264/292/3 5/5/3 294/322/3
f 269/297/4 12/12/4 235/263/4
f 284/312/2 6/6/2 275/303/2
f 294/322/3 7/7/3 285/313/3
f 31/31/3 60/60/3 30/30/3
f 30/30/4 61/61/4 41/41/4
f 40/40/1 58/58/1 31/31/1
f 48/48/1 35/35/1 46/46/1
f 36/36/1 34/34/1 35/35/1
f 37/37/1 19/19/1 34/34/1
f 39/39/2 17/17/2 38/38/2
f 39/39/1 31/31/1 32/32/1
f 47/47/4 62/62/4 446/479/4
f 25/25/4 45/45/4 62/62/4
f 26/26/4 44/44/4 45/45/4
f 27/27/4 43/43/4 44/44/4
f 28/28/4 42/42/4 43/43/4
f 29/29/4 41/41/4 42/42/4
f 46/46/3 25/25/3 47/47/3
f 35/35/3 26/26/3 25/25/3
f 34/34/5 21/21/5 26/26/5
f 19/19/3 28/28/3 27/27/3
f 33/33/3 29/29/3 28/28/3
f 32/32/3 30/30/3 29/29/3
f 446/479/2 36/36/2 48/48/2
f 62/62/2 37/37/2 36/36/2
f 45/45/2 20/20/2 37/37/2
f 44/44/2 38/38/2 20/20/2
f 43/43/2 39/39/2 38/38/2
f 42/42/2 40/40/2 39/39/2
f 24/24/3 22/22/3 21/21/3
f 26/26/4 22/22/4 27/27/4
f 19/19/1 24/24/1 34/34/1
f 20/20/1 33/33/1 19/19/1
f 17/17/1 15/15/1 16/16/1
f 33/33/3 15/15/3 32/32/3
f 38/38/5 16/16/5 33/33/5
f 12/12/2 13/13/2 11/11/2
f 61/61/4 12/12/4 41/41/4
f 41/41/5 11/11/5 40/40/5
f 254/282/3 9/9/3 264/292/3
f 249/277/3 3/3/3 269/297/3
f 255/283/2 2/2/2 240/268/2
f 235/263/2 11/11/2 270/298/2
f 240/268/1 10/10/1 254/282/1
f 285/313/3 8/8/3 249/277/3
f 270/298/2 1/1/2 284/312/2
f 67/70/1 72/78/1 66/68/1
f 65/67/2 74/81/2 68/71/2
f 64/65/4 71/77/4 65/66/4
f 68/72/1 73/80/1 67/70/1
f 63/64/4 70/75/4 64/65/4
f 66/69/3 69/74/3 63/63/3
f 76/84/5 225/251/5 163/180/5
f 165/182/2 163/180/2 164/181/2
f 114/128/4 339/370/4 113/125/4
f 166/183/4 86/98/4 168/185/4
f 119/133/3 403/435/3 118/132/3
f 125/140/3 429/462/3 126/141/3
f 213/238/4 94/106/4 127/142/4
f 210/234/4 103/115/4 124/138/4
f 135/151/3 92/104/3 136/152/3
f 136/152/1 187/211/1 222/248/1
f 221/247/4 91/103/4 135/151/4
f 158/175/4 155/172/4 154/171/4
f 133/149/3 98/110/3 134/150/3
f 113/126/3 105/117/3 115/129/3
f 159/176/4 152/169/4 151/168/4
f 117/131/1 104/116/1 205/229/1
f 118/132/1 402/434/1 206/230/1
f 120/134/3 101/113/3 121/135/3
f 121/135/3 102/114/3 119/133/3
f 154/171/3 144/161/3 145/162/3
f 152/169/3 146/163/3 147/164/3
f 123/137/1 404/436/1 122/136/1
f 431/464/3 100/112/3 120/134/3
f 124/138/3 405/437/3 123/137/3
f 127/142/3 95/107/3 128/143/3
f 163/180/4 226/252/4 164/181/4
f 215/241/4 343/375/4 129/144/4
f 137/153/4 150/167/4 138/154/4
f 134/150/3 99/111/3 131/147/3
f 138/154/3 149/166/3 139/155/3
f 129/145/3 96/108/3 132/148/3
f 143/160/1 185/209/1 162/179/1
f 130/146/1 82/94/1 216/242/1
f 150/167/3 148/165/3 149/166/3
f 142/159/1 233/260/1 141/158/1
f 140/157/3 90/102/3 142/159/3
f 225/251/4 154/171/4 153/170/4
f 155/172/3 143/160/3 144/161/3
f 156/173/3 89/101/3 143/160/3
f 139/155/1 228/254/1 223/249/1
f 226/252/4 153/170/4 152/169/4
f 151/168/3 147/164/3 148/165/3
f 149/166/1 160/177/1 228/254/1
f 148/165/1 229/255/1 160/177/1
f 227/253/4 151/168/4 150/167/4
f 115/129/3 106/118/3 116/130/3
f 112/124/1 200/224/1 202/226/1
f 165/182/1 75/83/1 76/84/1
f 168/185/3 87/99/3 169/186/3
f 144/161/1 162/179/1 161/178/1
f 145/162/1 161/178/1 230/256/1
f 146/163/1 230/256/1 75/83/1
f 147/164/1 75/83/1 229/255/1
f 169/186/1 85/97/1 167/184/1
f 157/174/4 156/173/4 155/172/4
f 201/225/4 109/121/4 111/123/4
f 116/130/3 107/119/3 117/131/3
f 224/250/4 88/100/4 156/173/4
f 211/236/4 78/87/4 125/139/4
f 153/170/3 145/162/3 146/163/3
f 132/148/3 97/109/3 133/149/3
f 131/147/3 83/95/3 130/146/3
f 172/191/1 417/449/1 171/189/1
f 231/257/4 81/93/4 170/187/4
f 170/188/3 84/96/3 172/191/3
f 128/143/1 93/105/1 214/239/1
f 814/861/4 834/893/4 179/201/4
f 814/861/4 177/198/4 815/863/4
f 832/891/1 180/202/1 826/884/1
f 815/862/2 178/200/2 832/891/2
f 111/123/3 110/122/3 112/124/3
f 234/262/4 181/204/4 140/156/4
f 218/244/2 80/90/2 215/240/2
f 230/256/2 157/174/2 158/175/2
f 223/249/2 227/253/2 137/153/2
f 161/178/2 224/250/2 157/174/2
f 122/136/2 197/221/2 210/234/2
f 160/177/2 226/252/2 159/176/2
f 162/179/2 184/208/2 224/250/2
f 204/228/2 198/222/2 203/227/2
f 208/232/2 193/217/2 430/463/2
f 228/254/2 159/176/2 227/253/2
f 209/233/2 194/218/2 208/232/2
f 220/246/2 190/214/2 219/245/2
f 171/190/2 77/85/2 231/257/2
f 222/248/2 186/210/2 221/247/2
f 216/242/2 192/216/2 217/243/2
f 206/230/2 196/220/2 207/231/2
f 212/237/2 79/89/2 211/235/2
f 205/229/2 199/223/2 204/228/2
f 219/245/2 189/213/2 218/244/2
f 75/83/2 158/175/2 225/251/2
f 214/239/2 188/212/2 213/238/2
f 203/227/2 182/205/2 114/127/2
f 207/231/2 195/219/2 209/233/2
f 217/243/2 191/215/2 220/246/2
f 202/226/2 108/120/2 201/225/2
f 167/184/2 183/207/2 166/183/2
f 141/158/2 232/258/2 234/261/2
f 55/55/2 280/308/2 56/56/2
f 274/302/2 281/309/2 280/308/2
f 273/301/2 282/310/2 281/309/2
f 272/300/2 283/311/2 282/310/2
f 271/299/2 284/312/2 283/311/2
f 51/51/3 245/273/3 50/50/3
f 289/317/3 246/274/3 245/273/3
f 288/316/3 247/275/3 246/274/3
f 287/315/3 248/276/3 247/275/3
f 286/314/3 249/277/3 248/276/3
f 451/484/1 250/278/1 448/481/1
f 244/272/1 251/279/1 250/278/1
f 243/271/1 252/280/1 251/279/1
f 242/270/1 253/281/1 252/280/1
f 241/269/1 254/282/1 253/281/1
f 453/486/2 274/302/2 55/55/2
f 239/267/2 273/301/2 274/302/2
f 238/266/2 272/300/2 273/301/2
f 237/265/2 271/299/2 272/300/2
f 236/264/2 270/298/2 271/299/2
f 54/54/2 244/272/2 451/484/2
f 259/287/2 243/271/2 244/272/2
f 258/286/2 242/270/2 243/271/2
f 257/285/2 241/269/2 242/270/2
f 256/284/2 240/268/2 241/269/2
f 50/50/3 265/293/3 52/52/3
f 245/273/3 266/294/3 265/293/3
f 246/274/3 267/295/3 266/294/3
f 247/275/3 268/296/3 267/295/3
f 248/276/3 269/297/3 268/296/3
f 448/481/3 260/288/3 49/49/3
f 250/278/3 261/289/3 260/288/3
f 251/279/3 262/290/3 261/289/3
f 252/280/3 263/291/3 262/290/3
f 254/282/1 295/323/1 253/281/1
f 53/53/3 289/317/3 51/51/3
f 290/318/3 288/316/3 289/317/3
f 291/319/3 287/315/3 288/316/3
f 292/320/3 286/314/3 287/315/3
f 293/321/3 285/313/3 286/314/3
f 56/56/2 279/307/2 57/57/2
f 280/308/2 278/306/2 279/307/2
f 281/309/2 277/305/2 278/306/2
f 282/310/2 276/304/2 277/305/2
f 283/311/2 275/303/2 276/304/2
f 52/52/4 239/267/4 453/486/4
f 265/293/4 238/266/4 239/267/4
f 266/294/4 237/265/4 238/266/4
f 267/295/4 236/264/4 237/265/4
f 268/296/4 235/263/4 236/264/4
f 49/49/3 290/318/3 53/53/3
f 260/288/3 291/319/3 290/318/3
f 261/289/3 292/320/3 291/319/3
f 262/290/3 293/321/3 292/320/3
f 263/291/3 294/322/3 293/321/3
f 57/57/2 259/287/2 54/54/2
f 279/307/2 258/286/2 259/287/2
f 278/306/2 257/285/2 258/286/2
f 277/305/2 256/284/2 257/285/2
f 276/304/2 255/283/2 256/284/2
f 295/323/3 298/326/3 297/325/3
f 263/291/4 298/326/4 264/292/4
f 253/281/5 297/325/5 263/291/5
f 423/456/3 425/458/3 426/459/3
f 365/397/1 403/435/1 404/436/1
f 327/357/4 340/371/4 341/372/4
f 324/354/4 78/87/4 79/88/4
f 407/439/1 363/395/1 406/438/1
f 336/366/4 334/364/4 335/365/4
f 389/421/1 383/415/1 388/420/1
f 376/408/1 394/426/1 395/427/1
f 378/410/1 392/424/1 393/425/1
f 325/355/4 342/373/4 78/87/4
f 424/457/3 303/333/3 425/458/3
f 355/387/4 309/339/4 354/386/4
f 343/375/4 324/354/4 79/88/4
f 390/422/1 382/414/1 389/421/1
f 387/419/1 385/417/1 386/418/1
f 412/444/1 358/390/1 411/443/1
f 339/370/4 331/361/4 338/368/4
f 410/442/1 360/392/1 409/441/1
f 83/95/1 369/401/1 82/94/1
f 398/430/1 374/406/1 397/429/1
f 345/377/4 321/351/4 344/376/4
f 400/432/1 372/404/1 399/431/1
f 82/94/1 370/402/1 401/433/1
f 397/429/1 375/407/1 396/428/1
f 388/420/1 384/416/1 387/419/1
f 337/367/4 333/363/4 336/366/4
f 349/381/4 317/347/4 348/380/4
f 411/443/1 359/391/1 410/442/1
f 81/93/4 307/337/4 356/388/4
f 409/441/1 361/393/1 408/440/1
f 399/431/1 373/405/1 398/430/1
f 348/380/4 318/348/4 347/379/4
f 346/378/4 320/350/4 345/377/4
f 401/433/1 371/403/1 400/432/1
f 344/376/4 322/352/4 80/91/4
f 80/91/4 323/353/4 343/375/4
f 182/206/4 330/360/4 339/370/4
f 391/423/1 381/413/1 390/422/1
f 338/368/4 332/362/4 337/367/4
f 334/364/4 300/330/4 335/365/4
f 313/343/4 181/204/4 232/259/4
f 301/331/4 81/93/4 77/85/4
f 340/371/4 329/359/4 182/206/4
f 364/396/1 404/436/1 405/437/1
f 347/379/4 319/349/4 346/378/4
f 312/342/4 232/259/4 351/383/4
f 421/454/3 427/460/3 428/461/3
f 354/386/4 310/340/4 353/385/4
f 314/344/4 350/382/4 181/204/4
f 385/417/1 305/335/1 386/418/1
f 352/384/4 312/342/4 351/383/4
f 419/452/3 413/445/3 420/453/3
f 126/141/1 193/217/1 212/237/1
f 77/85/3 416/448/3 417/450/3
f 420/453/3 304/334/3 305/335/3
f 392/424/1 380/412/1 391/423/1
f 366/398/1 402/434/1 403/435/1
f 430/463/4 429/462/4 431/464/4
f 418/451/3 414/446/3 419/452/3
f 422/455/3 426/459/3 427/460/3
f 402/434/1 368/400/1 83/95/1
f 356/388/4 308/338/4 355/387/4
f 417/450/3 415/447/3 418/451/3
f 315/345/4 349/381/4 350/382/4
f 326/356/4 341/372/4 342/373/4
f 375/407/1 395/427/1 396/428/1
f 302/332/1 412/444/1 303/333/1
f 363/395/1 405/437/1 406/438/1
f 299/328/3 428/461/3 300/329/3
f 377/409/1 393/425/1 394/426/1
f 353/385/4 311/341/4 352/384/4
f 408/440/1 362/394/1 407/439/1
f 432/465/1 437/470/1 433/466/1
f 304/334/1 433/466/1 305/335/1
f 77/85/4 434/467/4 301/331/4
f 439/472/4 442/475/4 438/471/4
f 435/468/4 438/471/4 434/467/4
f 47/47/4 445/478/4 442/475/4
f 436/469/1 441/474/1 437/470/1
f 446/479/4 449/482/4 445/478/4
f 440/473/1 444/477/1 441/474/1
f 52/52/4 452/485/4 449/482/4
f 443/476/1 448/481/1 444/477/1
f 453/486/4 456/489/4 452/485/4
f 447/480/1 451/484/1 448/481/1
f 450/483/1 455/488/1 451/484/1
f 473/506/2 585/623/2 468/501/2
f 459/492/3 579/617/3 460/493/3
f 465/498/3 579/617/3 583/621/3
f 457/490/4 463/496/4 456/489/4
f 454/487/1 459/492/1 455/488/1
f 464/497/4 471/504/4 463/496/4
f 467/500/1 578/616/1 459/492/1
f 458/491/1 467/500/1 459/492/1
f 470/503/2 589/627/2 473/506/2
f 472/505/4 476/509/4 471/504/4
f 466/499/1 475/508/1 467/500/1
f 488/521/2 596/634/2 599/637/2
f 477/510/4 483/516/4 476/509/4
f 474/507/1 479/512/1 475/508/1
f 486/519/1 495/528/1 487/520/1
f 480/513/3 595/633/3 485/518/3
f 487/520/1 590/628/1 479/512/1
f 490/523/2 596/634/2 493/526/2
f 484/517/4 491/524/4 483/516/4
f 485/518/3 593/631/3 482/515/3
f 478/511/1 487/520/1 479/512/1
f 494/527/1 499/532/1 495/528/1
f 492/525/4 496/529/4 491/524/4
f 498/531/1 503/536/1 499/532/1
f 497/530/4 500/533/4 496/529/4
f 625/663/2 621/659/2 626/664/2
f 502/535/1 511/544/1 503/536/1
f 501/534/4 507/540/4 500/533/4
f 510/543/1 519/552/1 511/544/1
f 516/549/4 520/553/4 515/548/4
f 511/544/1 646/684/1 503/536/1
f 508/541/4 653/691/4 516/549/4
f 508/541/4 515/548/4 507/540/4
f 518/551/1 523/556/1 519/552/1
f 521/554/4 524/557/4 520/553/4
f 522/555/1 527/560/1 523/556/1
f 525/558/4 528/561/4 524/557/4
f 529/562/4 532/565/4 528/561/4
f 533/566/4 536/569/4 532/565/4
f 526/559/1 531/564/1 527/560/1
f 534/567/1 539/572/1 535/568/1
f 537/570/4 540/573/4 536/569/4
f 530/563/1 535/568/1 531/564/1
f 541/574/4 544/577/4 540/573/4
f 545/578/4 548/581/4 544/577/4
f 538/571/1 543/576/1 539/572/1
f 549/582/4 551/584/4 548/581/4
f 542/575/1 547/580/1 543/576/1
f 552/585/4 554/588/4 551/584/4
f 546/579/1 1071/1227/1 547/580/1
f 555/589/4 558/593/4 554/588/4
f 550/583/1 1076/1237/1 1071/1227/1
f 553/587/1 557/592/1 1076/1237/1
f 559/594/4 562/597/4 558/593/4
f 556/591/1 561/596/1 557/592/1
f 563/598/4 566/601/4 562/597/4
f 560/595/1 565/600/1 561/596/1
f 570/605/2 1157/1377/2 571/606/2
f 577/615/2 575/613/2 1158/1379/2
f 568/603/2 571/606/2 569/604/2
f 573/611/2 572/610/2 1157/1377/2
f 576/614/2 1158/1379/2 572/610/2
f 567/602/4 574/612/4 566/601/4
f 564/599/1 569/604/1 565/600/1
f 461/494/3 582/620/3 464/497/3
f 468/501/2 584/622/2 467/500/2
f 472/505/2 586/624/2 469/502/2
f 462/495/3 580/618/3 461/494/3
f 464/497/4 588/626/4 472/505/4
f 470/503/2 586/624/2 587/625/2
f 465/498/3 581/619/3 462/495/3
f 598/636/1 602/640/1 590/628/1
f 592/630/3 606/644/3 597/635/3
f 479/512/3 591/629/3 480/513/3
f 481/514/3 597/635/3 484/517/3
f 488/521/2 598/636/2 487/520/2
f 492/525/2 600/638/2 489/522/2
f 484/517/4 601/639/4 492/525/4
f 481/514/3 593/631/3 592/630/3
f 489/522/2 594/632/2 490/523/2
f 590/628/3 603/641/3 591/629/3
f 599/637/2 604/642/2 598/636/2
f 591/629/4 605/643/4 599/637/4
f 607/645/3 612/650/3 606/644/3
f 597/635/4 608/646/4 601/639/4
f 601/639/2 609/647/2 600/638/2
f 600/638/1 607/645/1 592/630/1
f 606/644/4 613/651/4 608/646/4
f 608/646/2 611/649/2 609/647/2
f 609/647/1 610/648/1 607/645/1
f 611/649/1 615/653/1 610/648/1
f 610/648/3 614/652/3 612/650/3
f 612/650/4 616/654/4 613/651/4
f 613/651/2 617/655/2 611/649/2
f 663/701/3 654/692/3 664/702/3
f 633/671/3 618/656/3 634/672/3
f 626/664/1 620/658/1 633/671/1
f 634/672/4 619/657/4 625/663/4
f 506/539/4 622/660/4 514/547/4
f 637/675/4 623/661/4 622/660/4
f 636/674/4 624/662/4 623/661/4
f 634/672/3 645/683/3 635/673/3
f 517/550/1 630/668/1 509/542/1
f 629/667/1 631/669/1 630/668/1
f 627/665/1 633/671/1 632/670/1
f 509/542/3 637/675/3 506/539/3
f 630/668/3 636/674/3 637/675/3
f 631/669/3 635/673/3 636/674/3
f 632/670/3 634/672/3 635/673/3
f 514/547/2 629/667/2 517/550/2
f 622/660/2 628/666/2 629/667/2
f 623/661/2 627/665/2 628/666/2
f 624/662/2 626/664/2 627/665/2
f 639/677/1 641/679/1 640/678/1
f 631/669/3 641/679/3 632/670/3
f 627/665/2 639/677/2 628/666/2
f 645/683/4 643/681/4 642/680/4
f 624/662/2 643/681/2 625/663/2
f 512/545/2 648/686/2 511/544/2
f 503/536/3 647/685/3 504/537/3
f 504/537/4 649/687/4 512/545/4
f 513/546/1 651/689/1 505/538/1
f 516/549/2 652/690/2 513/546/2
f 505/538/3 650/688/3 508/541/3
f 756/794/3 692/730/3 757/795/3
f 621/659/1 656/694/1 620/658/1
f 687/725/1 657/695/1 656/694/1
f 686/724/1 658/696/1 657/695/1
f 685/723/1 659/697/1 658/696/1
f 684/722/1 660/698/1 659/697/1
f 683/721/1 661/699/1 660/698/1
f 682/720/1 662/700/1 661/699/1
f 681/719/1 663/701/1 662/700/1
f 618/656/4 672/710/4 619/657/4
f 671/709/4 673/711/4 672/710/4
f 670/708/4 674/712/4 673/711/4
f 669/707/4 675/713/4 674/712/4
f 668/706/4 676/714/4 675/713/4
f 667/705/4 677/715/4 676/714/4
f 666/704/4 678/716/4 677/715/4
f 665/703/4 679/717/4 678/716/4
f 619/657/2 687/725/2 621/659/2
f 672/710/2 686/724/2 687/725/2
f 673/711/2 685/723/2 686/724/2
f 674/712/2 684/722/2 685/723/2
f 675/713/2 683/721/2 684/722/2
f 676/714/2 682/720/2 683/721/2
f 677/715/2 681/719/2 682/720/2
f 678/716/2 680/718/2 681/719/2
f 620/658/3 671/709/3 618/656/3
f 656/694/3 670/708/3 671/709/3
f 657/695/3 669/707/3 670/708/3
f 658/696/3 668/706/3 669/707/3
f 659/697/3 667/705/3 668/706/3
f 660/698/3 666/704/3 667/705/3
f 666/704/4 807/854/4 665/703/4
f 662/700/3 664/702/3 665/703/3
f 691/729/4 689/727/4 690/728/4
f 764/802/3 691/729/3 765/803/3
f 695/733/1 692/730/1 694/732/1
f 784/822/1 780/818/1 785/823/1
f 702/740/4 698/736/4 724/762/4
f 745/783/1 700/738/1 723/761/1
f 750/788/3 1166/1396/3 763/801/3
f 696/734/2 795/841/2 766/804/2
f 763/801/3 797/843/3 745/783/3
f 755/793/3 800/847/3 746/784/3
f 752/790/2 1161/1387/2 770/808/2
f 761/799/3 842/905/3 742/780/3
f 746/784/3 804/851/3 759/797/3
f 770/808/2 788/826/2 726/764/2
f 695/733/1 713/751/1 693/731/1
f 735/773/1 714/752/1 713/751/1
f 736/774/1 715/753/1 714/752/1
f 737/775/1 716/754/1 715/753/1
f 738/776/1 717/755/1 716/754/1
f 739/777/1 718/756/1 717/755/1
f 740/778/1 719/757/1 718/756/1
f 741/779/1 720/758/1 719/757/1
f 742/780/1 721/759/1 720/758/1
f 743/781/1 722/760/1 721/759/1
f 744/782/1 723/761/1 722/760/1
f 689/727/4 734/772/4 690/728/4
f 712/750/4 733/771/4 734/772/4
f 711/749/4 732/770/4 733/771/4
f 710/748/4 731/769/4 732/770/4
f 709/747/4 730/768/4 731/769/4
f 708/746/4 729/767/4 730/768/4
f 707/745/4 728/766/4 729/767/4
f 706/744/4 727/765/4 728/766/4
f 705/743/4 726/764/4 727/765/4
f 704/742/4 725/763/4 726/764/4
f 703/741/4 724/762/4 725/763/4
f 749/787/2 791/833/2 752/790/2
f 758/796/2 843/908/2 697/735/2
f 663/701/3 757/795/3 655/693/3
f 769/807/3 792/834/3 753/791/3
f 768/806/4 802/849/4 767/805/4
f 697/735/2 794/839/2 696/734/2
f 654/692/3 765/803/3 664/702/3
f 774/812/2 773/811/2 775/813/2
f 778/816/2 777/815/2 779/817/2
f 782/820/2 781/819/2 783/821/2
f 773/811/2 783/821/2 775/813/2
f 774/812/2 779/817/2 772/810/2
f 786/824/4 776/814/4 787/825/4
f 699/737/4 787/825/4 698/736/4
f 701/739/1 785/823/1 700/738/1
f 742/780/1 789/828/1 743/781/1
f 748/786/3 1162/1388/3 761/799/3
f 743/781/2 793/837/2 762/800/2
f 726/764/4 841/903/4 727/765/4
f 762/800/2 1159/1383/2 749/787/2
f 753/791/3 790/831/3 748/786/3
f 727/765/3 1160/1385/3 769/807/3
f 766/804/2 1163/1390/2 698/736/2
f 751/789/3 1165/1393/3 750/788/3
f 724/762/3 844/909/3 771/809/3
f 701/739/2 1164/1392/2 758/796/2
f 698/736/4 798/844/4 724/762/4
f 771/809/3 799/846/3 751/789/3
f 745/783/1 796/842/1 701/739/1
f 767/805/3 845/911/3 755/793/3
f 760/798/2 1167/1397/2 747/785/2
f 759/797/1 1168/1398/1 760/798/1
f 747/785/2 801/848/2 754/792/2
f 754/792/2 803/850/2 768/806/2
f 805/852/3 807/854/3 808/855/3
f 662/700/1 805/852/1 661/699/1
f 173/193/2 827/886/2 174/194/2
f 820/872/2 828/887/2 827/886/2
f 819/870/2 829/888/2 828/887/2
f 818/868/2 830/889/2 829/888/2
f 817/866/2 831/890/2 830/889/2
f 816/864/2 832/891/2 831/890/2
f 174/194/1 821/874/1 176/196/1
f 827/886/1 822/876/1 821/874/1
f 828/887/1 823/878/1 822/876/1
f 829/888/1 824/880/1 823/878/1
f 830/889/1 825/882/1 824/880/1
f 831/890/1 826/884/1 825/882/1
f 175/195/4 820/873/4 173/192/4
f 809/856/4 819/871/4 820/873/4
f 810/857/4 818/869/4 819/871/4
f 811/858/4 817/867/4 818/869/4
f 812/859/4 816/865/4 817/867/4
f 813/860/4 815/863/4 816/865/4
f 176/197/3 809/856/3 175/195/3
f 821/875/3 810/857/3 809/856/3
f 822/877/3 811/858/3 810/857/3
f 823/879/3 812/859/3 811/858/3
f 824/881/3 813/860/3 812/859/3
f 825/883/3 814/861/3 813/860/3
f 835/894/1 840/901/1 836/895/1
f 180/202/1 836/895/1 826/884/1
f 826/885/5 833/892/5 814/861/5
f 840/902/3 838/898/3 837/897/3
f 833/892/4 838/898/4 834/893/4
f 836/896/5 837/897/5 833/892/5
f 1162/1389/3 943/1011/3 842/906/3
f 842/906/1 944/1012/1 789/829/1
f 792/835/3 945/1013/3 790/830/3
f 1164/1391/2 1079/1243/2 843/907/2
f 1166/1396/1 1083/1251/1 1164/1392/1
f 848/914/2 859/925/2 851/917/2
f 853/919/2 855/921/2 847/913/2
f 851/917/4 858/924/4 850/916/4
f 804/851/1 853/919/1 1168/1398/1
f 800/847/3 852/918/3 804/851/3
f 802/849/3 849/915/3 845/911/3
f 845/911/3 846/912/3 800/847/3
f 803/850/4 850/916/4 802/849/4
f 1168/1398/2 847/913/2 1167/1397/2
f 801/848/2 851/917/2 803/850/2
f 1167/1397/2 848/914/2 801/848/2
f 861/927/2 863/929/2 855/921/2
f 859/925/4 866/932/4 858/924/4
f 857/923/3 862/928/3 854/920/3
f 847/913/2 856/922/2 848/914/2
f 852/918/1 861/927/1 853/919/1
f 846/912/3 860/926/3 852/918/3
f 850/916/3 857/923/3 849/915/3
f 849/915/3 854/920/3 846/912/3
f 866/932/3 873/939/3 865/931/3
f 862/928/3 876/942/3 868/934/3
f 868/934/1 877/943/1 869/935/1
f 856/922/2 867/933/2 859/925/2
f 855/921/2 864/930/2 856/922/2
f 860/926/1 869/935/1 861/927/1
f 854/920/3 868/934/3 860/926/3
f 858/924/3 865/931/3 857/923/3
f 870/936/3 884/950/3 876/942/3
f 876/942/1 885/951/1 877/943/1
f 871/937/2 880/946/2 872/938/2
f 865/931/3 870/936/3 862/928/3
f 867/933/4 874/940/4 866/932/4
f 869/935/2 871/937/2 863/929/2
f 864/930/2 875/941/2 867/933/2
f 863/929/2 872/938/2 864/930/2
f 880/946/2 891/957/2 883/949/2
f 885/951/2 887/953/2 879/945/2
f 883/949/4 890/956/4 882/948/4
f 874/940/3 881/947/3 873/939/3
f 873/939/3 878/944/3 870/936/3
f 875/941/4 882/948/4 874/940/4
f 877/943/2 879/945/2 871/937/2
f 872/938/2 883/949/2 875/941/2
f 891/957/4 898/964/4 890/956/4
f 889/955/3 894/960/3 886/952/3
f 890/956/3 897/963/3 889/955/3
f 879/945/2 888/954/2 880/946/2
f 884/950/1 893/959/1 885/951/1
f 878/944/3 892/958/3 884/950/3
f 882/948/3 889/955/3 881/947/3
f 881/947/3 886/952/3 878/944/3
f 898/964/3 905/971/3 897/963/3
f 894/960/3 908/974/3 900/966/3
f 900/966/1 909/976/1 901/967/1
f 893/959/2 895/961/2 887/953/2
f 888/954/2 899/965/2 891/957/2
f 887/953/2 896/962/2 888/954/2
f 892/958/1 901/967/1 893/959/1
f 886/952/3 900/966/3 892/958/3
f 908/974/1 1195/1434/1 909/976/1
f 903/969/2 912/979/2 904/970/2
f 904/970/2 915/982/2 907/973/2
f 897/963/3 902/968/3 894/960/3
f 899/965/4 906/972/4 898/964/4
f 901/967/2 903/969/2 895/961/2
f 896/962/2 907/973/2 899/965/2
f 895/961/2 904/970/2 896/962/2
f 912/979/2 922/990/2 915/982/2
f 1195/1434/2 918/986/2 911/978/2
f 915/982/4 921/989/4 914/981/4
f 916/983/5 1180/1418/5 910/977/5
f 906/972/3 913/980/3 905/971/3
f 905/971/3 910/977/3 902/968/3
f 907/973/4 914/981/4 906/972/4
f 909/976/2 911/978/2 903/969/2
f 920/988/3 925/993/3 917/985/3
f 921/989/3 928/996/3 920/988/3
f 917/985/3 931/999/3 923/991/3
f 911/978/2 919/987/2 912/979/2
f 916/983/1 924/992/1 1195/1434/1
f 910/977/3 923/991/3 916/983/3
f 914/981/3 920/988/3 913/980/3
f 913/980/3 917/985/3 910/977/3
f 929/997/3 936/1004/3 928/996/3
f 925/993/3 939/1007/3 931/999/3
f 931/999/1 940/1008/1 932/1000/1
f 922/990/4 929/997/4 921/989/4
f 924/992/2 926/994/2 918/986/2
f 919/987/2 930/998/2 922/990/2
f 918/986/2 927/995/2 919/987/2
f 923/991/1 932/1000/1 924/992/1
f 928/996/3 933/1001/3 925/993/3
f 930/998/4 937/1005/4 929/997/4
f 932/1000/2 934/1002/2 926/994/2
f 927/995/2 938/1006/2 930/998/2
f 926/994/2 935/1003/2 927/995/2
f 945/1014/1 958/1035/1 946/1016/1
f 946/1015/2 959/1037/2 947/1017/2
f 950/1023/4 961/1041/4 949/1021/4
f 1160/1385/1 952/1027/1 1161/1387/1
f 1159/1382/2 947/1017/2 791/832/2
f 793/837/4 949/1021/4 1162/1388/4
f 790/831/1 946/1016/1 1159/1383/1
f 789/829/2 950/1024/2 793/836/2
f 841/904/3 951/1025/3 1160/1384/3
f 791/833/4 948/1019/4 792/834/4
f 788/827/4 942/1010/4 841/904/4
f 1161/1386/2 941/1009/2 788/827/2
f 958/1036/2 971/1057/2 959/1037/2
f 962/1043/4 973/1061/4 961/1041/4
f 955/1031/1 968/1052/1 956/1032/1
f 942/1010/3 963/1045/3 951/1025/3
f 949/1022/3 955/1031/3 943/1011/3
f 947/1018/4 960/1039/4 948/1019/4
f 952/1028/2 953/1029/2 941/1009/2
f 941/1009/4 954/1030/4 942/1010/4
f 944/1012/2 962/1044/2 950/1024/2
f 948/1020/3 957/1033/3 945/1013/3
f 951/1026/1 964/1047/1 952/1027/1
f 943/1011/1 956/1032/1 944/1012/1
f 974/1063/4 987/1085/4 973/1061/4
f 967/1051/1 980/1072/1 968/1052/1
f 975/1066/1 982/1075/1 976/1067/1
f 957/1034/1 970/1055/1 958/1035/1
f 954/1030/3 975/1065/3 963/1045/3
f 961/1042/3 967/1051/3 955/1031/3
f 959/1038/4 972/1059/4 960/1039/4
f 964/1048/2 965/1049/2 953/1029/2
f 953/1029/4 966/1050/4 954/1030/4
f 956/1032/2 974/1064/2 962/1044/2
f 960/1040/3 969/1053/3 957/1033/3
f 963/1046/1 976/1067/1 964/1047/1
f 970/1056/2 985/1081/2 971/1057/2
f 969/1054/1 984/1079/1 970/1055/1
f 966/1050/3 981/1073/3 975/1065/3
f 973/1062/3 979/1071/3 967/1051/3
f 971/1058/4 986/1083/4 972/1059/4
f 976/1068/2 977/1069/2 965/1049/2
f 965/1049/4 978/1070/4 966/1050/4
f 968/1052/2 988/1087/2 974/1064/2
f 972/1060/3 983/1077/3 969/1053/3
f 977/1069/4 990/1090/4 978/1070/4
f 982/1076/2 989/1089/2 977/1069/2
f 985/1082/4 996/1099/4 986/1083/4
f 1000/1107/2 1001/1109/2 989/1089/2
f 995/1097/4 1008/1119/4 996/1099/4
f 997/1102/3 1003/1111/3 991/1091/3
f 980/1072/2 998/1103/2 988/1087/2
f 986/1084/3 993/1093/3 983/1077/3
f 981/1074/1 1000/1108/1 982/1075/1
f 979/1071/1 992/1092/1 980/1072/1
f 988/1088/4 997/1101/4 987/1085/4
f 984/1080/2 995/1098/2 985/1081/2
f 983/1078/1 994/1095/1 984/1079/1
f 978/1070/3 999/1105/3 981/1073/3
f 987/1086/3 991/1091/3 979/1071/3
f 1012/1127/2 1013/1129/2 1001/1109/2
f 1007/1117/4 1020/1139/4 1008/1119/4
f 1009/1121/3 1015/1131/3 1003/1111/3
f 989/1089/4 1002/1110/4 990/1090/4
f 992/1092/2 1010/1123/2 998/1103/2
f 996/1100/3 1005/1113/3 993/1093/3
f 999/1106/1 1012/1128/1 1000/1108/1
f 991/1091/1 1004/1112/1 992/1092/1
f 998/1104/4 1009/1122/4 997/1101/4
f 994/1096/2 1007/1118/2 995/1098/2
f 993/1094/1 1006/1115/1 994/1095/1
f 990/1090/3 1011/1125/3 999/1105/3
f 1019/1137/4 1032/1159/4 1020/1139/4
f 1027/1151/5 1195/1433/5 1033/1161/5
f 1014/1130/3 1035/1165/3 1023/1145/3
f 1001/1109/4 1014/1130/4 1002/1110/4
f 1004/1112/2 1022/1143/2 1010/1123/2
f 1008/1120/3 1017/1133/3 1005/1113/3
f 1011/1126/1 1024/1147/1 1012/1128/1
f 1003/1111/1 1016/1132/1 1004/1112/1
f 1010/1124/4 1021/1142/4 1009/1122/4
f 1006/1116/2 1019/1138/2 1007/1118/2
f 1005/1114/1 1018/1135/1 1006/1115/1
f 1002/1110/3 1023/1145/3 1011/1125/3
f 1033/1161/3 1037/1169/3 1027/1151/3
f 1026/1150/3 1043/1179/3 1035/1165/3
f 1029/1154/1 1040/1174/1 1030/1156/1
f 1024/1148/2 1025/1149/2 1013/1129/2
f 1013/1129/4 1026/1150/4 1014/1130/4
f 1016/1132/2 1034/1163/2 1022/1143/2
f 1020/1140/3 1029/1153/3 1017/1133/3
f 1023/1146/1 1036/1168/1 1024/1147/1
f 1015/1131/1 1028/1152/1 1016/1132/1
f 1022/1144/4 1033/1162/4 1021/1142/4
f 1018/1136/2 1031/1157/2 1019/1138/2
f 1017/1134/1 1030/1156/1 1018/1135/1
f 1031/1158/4 1170/1402/4 1032/1159/4
f 1173/1408/1 1049/1189/1 1036/1168/1
f 1025/1149/4 1172/1405/4 1026/1150/4
f 1040/1174/1 1045/1183/1 1030/1156/1
f 1032/1160/3 1039/1172/3 1029/1153/3
f 1035/1166/1 1173/1408/1 1036/1168/1
f 1027/1151/1 1038/1170/1 1028/1152/1
f 1034/1164/4 1041/1176/4 1033/1162/4
f 1034/1164/4 1052/1196/4 1042/1177/4
f 1049/1190/2 1054/1198/2 1048/1188/2
f 1047/1187/2 1052/1195/2 1046/1185/2
f 1045/1184/2 1050/1191/2 1044/1181/2
f 1173/1408/1 1067/1219/1 1055/1199/1
f 1054/1198/4 1060/1208/4 1171/1403/4
f 1025/1149/4 1054/1198/4 1171/1403/4
f 1031/1158/4 1050/1192/4 1169/1400/4
f 1038/1170/1 1047/1187/1 1028/1152/1
f 1055/1200/2 1066/1218/2 1054/1198/2
f 1060/1208/3 1072/1229/3 1061/1210/3
f 1067/1220/2 555/590/2 1066/1218/2
f 1061/1209/1 1077/1240/1 1067/1219/1
f 1050/1192/4 1056/1201/4 1169/1400/4
f 1052/1196/4 1058/1205/4 1042/1177/4
f 1171/1403/3 1061/1210/3 1173/1407/3
f 1051/1194/2 1062/1211/2 1050/1191/2
f 1042/1178/3 1059/1207/3 1038/1170/3
f 1040/1174/1 1063/1213/1 1051/1193/1
f 1038/1170/1 1065/1217/1 1053/1197/1
f 1053/1197/2 1064/1215/2 1052/1195/2
f 1169/1399/3 1057/1203/3 1040/1173/3
f 1066/1218/4 552/586/4 1060/1208/4
f 1064/1216/4 1070/1225/4 1058/1205/4
f 1063/1214/2 1073/1231/2 1062/1211/2
f 1059/1207/1 1076/1238/1 1065/1217/1
f 1056/1202/3 1069/1223/3 1057/1203/3
f 1057/1204/1 1074/1234/1 1063/1213/1
f 1065/1217/2 1075/1236/2 1064/1215/2
f 1062/1212/4 1068/1222/4 1056/1201/4
f 1058/1206/3 1071/1228/3 1059/1207/3
f 1082/1249/3 1089/1263/3 1081/1247/3
f 1078/1242/3 1092/1269/3 1084/1253/3
f 844/910/3 1081/1247/3 799/845/3
f 799/846/1 1080/1245/1 794/839/1
f 795/841/4 1082/1250/4 844/909/4
f 843/908/4 1078/1241/4 1165/1393/4
f 794/838/2 1085/1255/2 795/840/2
f 1165/1394/3 1084/1253/3 1166/1395/3
f 1086/1257/3 1100/1285/3 1092/1269/3
f 1088/1262/2 1101/1287/2 1093/1271/2
f 1079/1244/4 1086/1258/4 1078/1241/4
f 1085/1256/4 1090/1265/4 1082/1250/4
f 1084/1254/1 1091/1267/1 1083/1251/1
f 1083/1252/2 1087/1259/2 1079/1243/2
f 1081/1248/1 1088/1261/1 1080/1245/1
f 1080/1246/2 1093/1271/2 1085/1255/2
f 1099/1284/2 1203/1445/2 1095/1275/2
f 1100/1286/1 1106/1298/1 1099/1283/1
f 1090/1266/3 1097/1279/3 1089/1263/3
f 1087/1260/4 1094/1273/4 1086/1258/4
f 1093/1272/4 1098/1281/4 1090/1265/4
f 1092/1270/1 1099/1283/1 1091/1267/1
f 1091/1268/2 1095/1275/2 1087/1259/2
f 1089/1264/1 1096/1277/1 1088/1261/1
f 1175/1413/2 1205/1450/2 1108/1302/2
f 1203/1446/4 1109/1303/4 1102/1289/4
f 1097/1280/1 1103/1292/1 1096/1277/1
f 1096/1278/2 1108/1301/2 1101/1287/2
f 1094/1274/3 1107/1300/3 1100/1285/3
f 1098/1282/3 1104/1294/3 1097/1279/3
f 1095/1276/4 1102/1289/4 1094/1273/4
f 1101/1288/4 1105/1295/4 1098/1281/4
f 1114/1314/3 1199/1438/3 1107/1300/3
f 1110/1306/1 1117/1317/1 1103/1292/1
f 1110/1305/5 1109/1304/5 1111/1308/5
f 1102/1290/3 1114/1314/3 1107/1300/3
f 1105/1296/3 1111/1308/3 1104/1294/3
f 1120/1320/1 1122/1323/1 1116/1316/1
f 1113/1311/1 1116/1316/1 1106/1298/1
f 1108/1302/4 1177/1415/4 1175/1413/4
f 1203/1446/4 1119/1319/4 1174/1410/4
f 1122/1324/2 1125/1329/2 1121/1321/2
f 1123/1325/2 1128/1335/2 1124/1327/2
f 1115/1315/4 1125/1330/4 1119/1319/4
f 1127/1333/2 1136/1347/2 1128/1335/2
f 1176/1414/1 1123/1326/1 1117/1317/1
f 1118/1318/4 1128/1336/4 1177/1415/4
f 1176/1414/1 1135/1345/1 1127/1334/1
f 1129/1337/3 1138/1350/3 1130/1338/3
f 1134/1344/2 1141/1353/2 1133/1341/2
f 1120/1320/1 1134/1343/1 1126/1331/1
f 1119/1319/3 1130/1338/3 1120/1320/3
f 1128/1336/4 1132/1340/4 1177/1415/4
f 1125/1330/4 1129/1337/4 1119/1319/4
f 1126/1332/2 1133/1341/2 1125/1329/2
f 1177/1415/3 1131/1339/3 1176/1414/3
f 1138/1350/1 1147/1363/1 1142/1355/1
f 1139/1351/1 1148/1365/1 1143/1357/1
f 1136/1348/4 1140/1352/4 1132/1340/4
f 1133/1342/4 1137/1349/4 1129/1337/4
f 1135/1346/2 1144/1359/2 1136/1347/2
f 1132/1340/3 1139/1351/3 1131/1339/3
f 1131/1339/1 1143/1357/1 1135/1345/1
f 1130/1338/1 1142/1355/1 1134/1343/1
f 1142/1356/2 1152/1371/2 1141/1353/2
f 1137/1349/3 1146/1362/3 1138/1350/3
f 1144/1360/4 1151/1370/4 1140/1352/4
f 1141/1354/4 1145/1361/4 1137/1349/4
f 1143/1358/2 1149/1367/2 1144/1359/2
f 1140/1352/3 1150/1369/3 1139/1351/3
f 1152/1372/4 1153/1373/4 1145/1361/4
f 1149/1368/4 1156/1376/4 1151/1370/4
f 1148/1366/2 1158/1381/2 1149/1367/2
f 1151/1370/3 1155/1375/3 1150/1369/3
f 1150/1369/1 572/610/1 1148/1365/1
f 1146/1362/1 571/607/1 1147/1363/1
f 1147/1364/2 1157/1378/2 1152/1371/2
f 1145/1361/3 1154/1374/3 1146/1362/3
f 790/831/5 793/837/5 1162/1388/5
f 1160/1385/5 791/833/5 792/834/5
f 798/844/5 795/841/5 844/909/5
f 799/846/5 843/908/5 1165/1393/5
f 1166/1396/5 796/842/5 797/843/5
f 1167/1397/6 845/911/6 800/847/6
f 1168/1398/6 800/847/6 804/851/6
f 801/848/6 802/849/6 845/911/6
f 1170/1402/5 1040/1174/5 1039/1171/5
f 1172/1406/5 1173/1408/5 1043/1180/5
f 1109/1303/5 1113/1311/5 1114/1313/5
f 1112/1309/5 1110/1306/5 1111/1307/5
f 1175/1413/5 1176/1414/5 1110/1306/5
f 1174/1410/5 1120/1320/5 1113/1311/5
f 1180/1418/4 1182/1420/4 1178/1416/4
f 910/977/4 1178/1416/4 902/968/4
f 908/974/1 1181/1419/1 916/983/1
f 1183/1421/1 1189/1427/1 1185/1423/1
f 1181/1419/5 1184/1422/5 1180/1418/5
f 1179/1417/1 1185/1423/1 1181/1419/1
f 1188/1426/4 1190/1428/4 1186/1424/4
f 1184/1422/4 1186/1424/4 1182/1420/4
f 1185/1423/5 1188/1426/5 1184/1422/5
f 1190/1428/3 1193/1431/3 1191/1429/3
f 1189/1427/5 1192/1430/5 1188/1426/5
f 1187/1425/1 1193/1431/1 1189/1427/1
f 1015/1131/1 1196/1435/1 1027/1151/1
f 1033/1162/4 909/976/4 1021/1142/4
f 908/975/3 1198/1437/3 1197/1436/3
f 1194/1432/1 1198/1437/1 1196/1435/1
f 1196/1435/5 916/984/5 1195/1433/5
f 1199/1439/1 1202/1444/1 1200/1440/1
f 1113/1312/5 1201/1442/5 1114/1314/5
f 1106/1298/2 1202/1444/2 1113/1311/2
f 1111/1308/3 1102/1290/3 1104/1294/3
f 1103/1292/2 1174/1411/2 1110/1306/2
f 1205/1450/4 1206/1451/4 1204/1448/4
f 1105/1296/3 1206/1452/3 1112/1310/3
f 1112/1310/5 1207/1454/5 1175/1412/5
f 40/40/1 11/11/1 13/13/1
f 275/303/2 6/6/2 4/4/2
f 264/292/3 9/9/3 5/5/3
f 269/297/4 3/3/4 12/12/4
f 284/312/2 1/1/2 6/6/2
f 294/322/3 5/5/3 7/7/3
f 31/31/3 58/58/3 60/60/3
f 30/30/4 60/60/4 61/61/4
f 40/40/1 59/59/1 58/58/1
f 48/48/1 36/36/1 35/35/1
f 36/36/1 37/37/1 34/34/1
f 37/37/1 20/20/1 19/19/1
f 39/39/2 18/18/2 17/17/2
f 39/39/1 40/40/1 31/31/1
f 47/47/4 25/25/4 62/62/4
f 25/25/4 26/26/4 45/45/4
f 26/26/4 27/27/4 44/44/4
f 27/27/4 28/28/4 43/43/4
f 28/28/4 29/29/4 42/42/4
f 29/29/4 30/30/4 41/41/4
f 46/46/3 35/35/3 25/25/3
f 35/35/3 34/34/3 26/26/3
f 34/34/5 24/24/5 21/21/5
f 19/19/3 33/33/3 28/28/3
f 33/33/3 32/32/3 29/29/3
f 32/32/3 31/31/3 30/30/3
f 446/479/2 62/62/2 36/36/2
f 62/62/2 45/45/2 37/37/2
f 45/45/2 44/44/2 20/20/2
f 44/44/2 43/43/2 38/38/2
f 43/43/2 42/42/2 39/39/2
f 42/42/2 41/41/2 40/40/2
f 24/24/3 23/23/3 22/22/3
f 26/26/4 21/21/4 22/22/4
f 19/19/1 23/23/1 24/24/1
f 20/20/1 38/38/1 33/33/1
f 17/17/1 18/18/1 15/15/1
f 33/33/3 16/16/3 15/15/3
f 38/38/5 17/17/5 16/16/5
f 12/12/2 14/14/2 13/13/2
f 61/61/4 14/14/4 12/12/4
f 41/41/5 12/12/5 11/11/5
f 254/282/3 10/10/3 9/9/3
f 249/277/3 8/8/3 3/3/3
f 255/283/2 4/4/2 2/2/2
f 235/263/2 12/12/2 11/11/2
f 240/268/1 2/2/1 10/10/1
f 285/313/3 7/7/3 8/8/3
f 270/298/2 11/11/2 1/1/2
f 67/70/1 73/80/1 72/78/1
f 65/67/2 71/76/2 74/81/2
f 64/65/4 70/75/4 71/77/4
f 68/72/1 74/82/1 73/80/1
f 63/64/4 69/73/4 70/75/4
f 66/69/3 72/79/3 69/74/3
f 76/84/5 75/83/5 225/251/5
f 165/182/2 76/84/2 163/180/2
f 114/128/4 182/206/4 339/370/4
f 166/183/4 183/207/4 86/98/4
f 119/133/3 102/114/3 403/435/3
f 125/140/3 78/86/3 429/462/3
f 213/238/4 188/212/4 94/106/4
f 210/234/4 197/221/4 103/115/4
f 135/151/3 91/103/3 92/104/3
f 136/152/1 92/104/1 187/211/1
f 221/247/4 186/210/4 91/103/4
f 158/175/4 157/174/4 155/172/4
f 133/149/3 97/109/3 98/110/3
f 113/126/3 339/369/3 105/117/3
f 159/176/4 226/252/4 152/169/4
f 117/131/1 107/119/1 104/116/1
f 118/132/1 403/435/1 402/434/1
f 120/134/3 100/112/3 101/113/3
f 121/135/3 101/113/3 102/114/3
f 154/171/3 155/172/3 144/161/3
f 152/169/3 153/170/3 146/163/3
f 123/137/1 405/437/1 404/436/1
f 431/464/3 429/462/3 100/112/3
f 124/138/3 103/115/3 405/437/3
f 127/142/3 94/106/3 95/107/3
f 163/180/4 225/251/4 226/252/4
f 215/241/4 80/91/4 343/375/4
f 137/153/4 227/253/4 150/167/4
f 134/150/3 98/110/3 99/111/3
f 138/154/3 150/167/3 149/166/3
f 129/145/3 343/374/3 96/108/3
f 143/160/1 89/101/1 185/209/1
f 130/146/1 83/95/1 82/94/1
f 150/167/3 151/168/3 148/165/3
f 142/159/1 90/102/1 233/260/1
f 140/157/3 181/203/3 90/102/3
f 225/251/4 158/175/4 154/171/4
f 155/172/3 156/173/3 143/160/3
f 156/173/3 88/100/3 89/101/3
f 139/155/1 149/166/1 228/254/1
f 226/252/4 225/251/4 153/170/4
f 151/168/3 152/169/3 147/164/3
f 149/166/1 148/165/1 160/177/1
f 148/165/1 147/164/1 229/255/1
f 227/253/4 159/176/4 151/168/4
f 115/129/3 105/117/3 106/118/3
f 112/124/1 110/122/1 200/224/1
f 165/182/1 229/255/1 75/83/1
f 168/185/3 86/98/3 87/99/3
f 144/161/1 143/160/1 162/179/1
f 145/162/1 144/161/1 161/178/1
f 146/163/1 145/162/1 230/256/1
f 147/164/1 146/163/1 75/83/1
f 169/186/1 87/99/1 85/97/1
f 157/174/4 224/250/4 156/173/4
f 201/225/4 108/120/4 109/121/4
f 116/130/3 106/118/3 107/119/3
f 224/250/4 184/208/4 88/100/4
f 211/236/4 79/88/4 78/87/4
f 153/170/3 154/171/3 145/162/3
f 132/148/3 96/108/3 97/109/3
f 131/147/3 99/111/3 83/95/3
f 172/191/1 84/96/1 417/449/1
f 231/257/4 77/85/4 81/93/4
f 170/188/3 81/92/3 84/96/3
f 128/143/1 95/107/1 93/105/1
f 814/861/4 833/892/4 834/893/4
f 814/861/4 179/201/4 177/198/4
f 832/891/1 178/200/1 180/202/1
f 815/862/2 177/199/2 178/200/2
f 111/123/3 109/121/3 110/122/3
f 234/262/4 232/259/4 181/204/4
f 218/244/2 189/213/2 80/90/2
f 230/256/2 161/178/2 157/174/2
f 223/249/2 228/254/2 227/253/2
f 161/178/2 162/179/2 224/250/2
f 122/136/2 404/436/2 197/221/2
f 160/177/2 229/255/2 226/252/2
f 162/179/2 185/209/2 184/208/2
f 204/228/2 199/223/2 198/222/2
f 208/232/2 194/218/2 193/217/2
f 228/254/2 160/177/2 159/176/2
f 209/233/2 195/219/2 194/218/2
f 220/246/2 191/215/2 190/214/2
f 171/190/2 417/450/2 77/85/2
f 222/248/2 187/211/2 186/210/2
f 216/242/2 82/94/2 192/216/2
f 206/230/2 402/434/2 196/220/2
f 212/237/2 193/217/2 79/89/2
f 205/229/2 104/116/2 199/223/2
f 219/245/2 190/214/2 189/213/2
f 75/83/2 230/256/2 158/175/2
f 214/239/2 93/105/2 188/212/2
f 203/227/2 198/222/2 182/205/2
f 207/231/2 196/220/2 195/219/2
f 217/243/2 192/216/2 191/215/2
f 202/226/2 200/224/2 108/120/2
f 167/184/2 85/97/2 183/207/2
f 141/158/2 233/260/2 232/258/2
f 55/55/2 274/302/2 280/308/2
f 274/302/2 273/301/2 281/309/2
f 273/301/2 272/300/2 282/310/2
f 272/300/2 271/299/2 283/311/2
f 271/299/2 270/298/2 284/312/2
f 51/51/3 289/317/3 245/273/3
f 289/317/3 288/316/3 246/274/3
f 288/316/3 287/315/3 247/275/3
f 287/315/3 286/314/3 248/276/3
f 286/314/3 285/313/3 249/277/3
f 451/484/1 244/272/1 250/278/1
f 244/272/1 243/271/1 251/279/1
f 243/271/1 242/270/1 252/280/1
f 242/270/1 241/269/1 253/281/1
f 241/269/1 240/268/1 254/282/1
f 453/486/2 239/267/2 274/302/2
f 239/267/2 238/266/2 273/301/2
f 238/266/2 237/265/2 272/300/2
f 237/265/2 236/264/2 271/299/2
f 236/264/2 235/263/2 270/298/2
f 54/54/2 259/287/2 244/272/2
f 259/287/2 258/286/2 243/271/2
f 258/286/2 257/285/2 242/270/2
f 257/285/2 256/284/2 241/269/2
f 256/284/2 255/283/2 240/268/2
f 50/50/3 245/273/3 265/293/3
f 245/273/3 246/274/3 266/294/3
f 246/274/3 247/275/3 267/295/3
f 247/275/3 248/276/3 268/296/3
f 248/276/3 249/277/3 269/297/3
f 448/481/3 250/278/3 260/288/3
f 250/278/3 251/279/3 261/289/3
f 251/279/3 252/280/3 262/290/3
f 252/280/3 253/281/3 263/291/3
f 254/282/1 296/324/1 295/323/1
f 53/53/3 290/318/3 289/317/3
f 290/318/3 291/319/3 288/316/3
f 291/319/3 292/320/3 287/315/3
f 292/320/3 293/321/3 286/314/3
f 293/321/3 294/322/3 285/313/3
f 56/56/2 280/308/2 279/307/2
f 280/308/2 281/309/2 278/306/2
f 281/309/2 282/310/2 277/305/2
f 282/310/2 283/311/2 276/304/2
f 283/311/2 284/312/2 275/303/2
f 52/52/4 265/293/4 239/267/4
f 265/293/4 266/294/4 238/266/4
f 266/294/4 267/295/4 237/265/4
f 267/295/4 268/296/4 236/264/4
f 268/296/4 269/297/4 235/263/4
f 49/49/3 260/288/3 290/318/3
f 260/288/3 261/289/3 291/319/3
f 261/289/3 262/290/3 292/320/3
f 262/290/3 263/291/3 293/321/3
f 263/291/3 264/292/3 294/322/3
f 57/57/2 279/307/2 259/287/2
f 279/307/2 278/306/2 258/286/2
f 278/306/2 277/305/2 257/285/2
f 277/305/2 276/304/2 256/284/2
f 276/304/2 275/303/2 255/283/2
f 295/323/3 296/324/3 298/326/3
f 263/291/4 297/325/4 298/326/4
f 253/281/5 295/323/5 297/325/5
f 423/456/3 424/457/3 425/458/3
f 365/397/1 366/398/1 403/435/1
f 327/357/4 328/358/4 340/371/4
f 324/354/4 325/355/4 78/87/4
f 407/439/1 362/394/1 363/395/1
f 336/366/4 333/363/4 334/364/4
f 389/421/1 382/414/1 383/415/1
f 376/408/1 377/409/1 394/426/1
f 378/410/1 379/411/1 392/424/1
f 325/355/4 326/356/4 342/373/4
f 424/457/3 302/332/3 303/333/3
f 355/387/4 308/338/4 309/339/4
f 343/375/4 323/353/4 324/354/4
f 390/422/1 381/413/1 382/414/1
f 387/419/1 384/416/1 385/417/1
f 412/444/1 357/389/1 358/390/1
f 339/370/4 330/360/4 331/361/4
f 410/442/1 359/391/1 360/392/1
f 83/95/1 368/400/1 369/401/1
f 398/430/1 373/405/1 374/406/1
f 345/377/4 320/350/4 321/351/4
f 400/432/1 371/403/1 372/404/1
f 82/94/1 369/401/1 370/402/1
f 397/429/1 374/406/1 375/407/1
f 388/420/1 383/415/1 384/416/1
f 337/367/4 332/362/4 333/363/4
f 349/381/4 316/346/4 317/347/4
f 411/443/1 358/390/1 359/391/1
f 81/93/4 306/336/4 307/337/4
f 409/441/1 360/392/1 361/393/1
f 399/431/1 372/404/1 373/405/1
f 348/380/4 317/347/4 318/348/4
f 346/378/4 319/349/4 320/350/4
f 401/433/1 370/402/1 371/403/1
f 344/376/4 321/351/4 322/352/4
f 80/91/4 322/352/4 323/353/4
f 182/206/4 329/359/4 330/360/4
f 391/423/1 380/412/1 381/413/1
f 338/368/4 331/361/4 332/362/4
f 334/364/4 299/327/4 300/330/4
f 313/343/4 314/344/4 181/204/4
f 301/331/4 306/336/4 81/93/4
f 340/371/4 328/358/4 329/359/4
f 364/396/1 365/397/1 404/436/1
f 347/379/4 318/348/4 319/349/4
f 312/342/4 313/343/4 232/259/4
f 421/454/3 422/455/3 427/460/3
f 354/386/4 309/339/4 310/340/4
f 314/344/4 315/345/4 350/382/4
f 385/417/1 304/334/1 305/335/1
f 352/384/4 311/341/4 312/342/4
f 419/452/3 414/446/3 413/445/3
f 126/141/1 429/462/1 193/217/1
f 77/85/3 301/331/3 416/448/3
f 420/453/3 413/445/3 304/334/3
f 392/424/1 379/411/1 380/412/1
f 366/398/1 367/399/1 402/434/1
f 430/463/4 193/217/4 429/462/4
f 418/451/3 415/447/3 414/446/3
f 422/455/3 423/456/3 426/459/3
f 402/434/1 367/399/1 368/400/1
f 356/388/4 307/337/4 308/338/4
f 417/450/3 416/448/3 415/447/3
f 315/345/4 316/346/4 349/381/4
f 326/356/4 327/357/4 341/372/4
f 375/407/1 376/408/1 395/427/1
f 302/332/1 357/389/1 412/444/1
f 363/395/1 364/396/1 405/437/1
f 299/328/3 421/454/3 428/461/3
f 377/409/1 378/410/1 393/425/1
f 353/385/4 310/340/4 311/341/4
f 408/440/1 361/393/1 362/394/1
f 432/465/1 436/469/1 437/470/1
f 304/334/1 432/465/1 433/466/1
f 77/85/4 435/468/4 434/467/4
f 439/472/4 47/47/4 442/475/4
f 435/468/4 439/472/4 438/471/4
f 47/47/4 446/479/4 445/478/4
f 436/469/1 440/473/1 441/474/1
f 446/479/4 52/52/4 449/482/4
f 440/473/1 443/476/1 444/477/1
f 52/52/4 453/486/4 452/485/4
f 443/476/1 447/480/1 448/481/1
f 453/486/4 457/490/4 456/489/4
f 447/480/1 450/483/1 451/484/1
f 450/483/1 454/487/1 455/488/1
f 473/506/2 589/627/2 585/623/2
f 459/492/3 578/616/3 579/617/3
f 465/498/3 460/493/3 579/617/3
f 457/490/4 464/497/4 463/496/4
f 454/487/1 458/491/1 459/492/1
f 464/497/4 472/505/4 471/504/4
f 467/500/1 584/622/1 578/616/1
f 458/491/1 466/499/1 467/500/1
f 470/503/2 587/625/2 589/627/2
f 472/505/4 477/510/4 476/509/4
f 466/499/1 474/507/1 475/508/1
f 488/521/2 493/526/2 596/634/2
f 477/510/4 484/517/4 483/516/4
f 474/507/1 478/511/1 479/512/1
f 486/519/1 494/527/1 495/528/1
f 480/513/3 591/629/3 595/633/3
f 487/520/1 598/636/1 590/628/1
f 490/523/2 594/632/2 596/634/2
f 484/517/4 492/525/4 491/524/4
f 485/518/3 595/633/3 593/631/3
f 478/511/1 486/519/1 487/520/1
f 494/527/1 498/531/1 499/532/1
f 492/525/4 497/530/4 496/529/4
f 498/531/1 502/535/1 503/536/1
f 497/530/4 501/534/4 500/533/4
f 625/663/2 619/657/2 621/659/2
f 502/535/1 510/543/1 511/544/1
f 501/534/4 508/541/4 507/540/4
f 510/543/1 518/551/1 519/552/1
f 516/549/4 521/554/4 520/553/4
f 511/544/1 648/686/1 646/684/1
f 508/541/4 650/688/4 653/691/4
f 508/541/4 516/549/4 515/548/4
f 518/551/1 522/555/1 523/556/1
f 521/554/4 525/558/4 524/557/4
f 522/555/1 526/559/1 527/560/1
f 525/558/4 529/562/4 528/561/4
f 529/562/4 533/566/4 532/565/4
f 533/566/4 537/570/4 536/569/4
f 526/559/1 530/563/1 531/564/1
f 534/567/1 538/571/1 539/572/1
f 537/570/4 541/574/4 540/573/4
f 530/563/1 534/567/1 535/568/1
f 541/574/4 545/578/4 544/577/4
f 545/578/4 549/582/4 548/581/4
f 538/571/1 542/575/1 543/576/1
f 549/582/4 552/585/4 551/584/4
f 542/575/1 546/579/1 547/580/1
f 552/585/4 555/589/4 554/588/4
f 546/579/1 550/583/1 1071/1227/1
f 555/589/4 559/594/4 558/593/4
f 550/583/1 553/587/1 1076/1237/1
f 553/587/1 556/591/1 557/592/1
f 559/594/4 563/598/4 562/597/4
f 556/591/1 560/595/1 561/596/1
f 563/598/4 567/602/4 566/601/4
f 560/595/1 564/599/1 565/600/1
f 570/605/2 573/611/2 1157/1377/2
f 577/615/2 574/612/2 575/613/2
f 568/603/2 570/605/2 571/606/2
f 573/611/2 576/614/2 572/610/2
f 576/614/2 577/615/2 1158/1379/2
f 567/602/4 575/613/4 574/612/4
f 564/599/1 568/603/1 569/604/1
f 461/494/3 580/618/3 582/620/3
f 468/501/2 585/623/2 584/622/2
f 472/505/2 588/626/2 586/624/2
f 462/495/3 581/619/3 580/618/3
f 464/497/4 582/620/4 588/626/4
f 470/503/2 469/502/2 586/624/2
f 465/498/3 583/621/3 581/619/3
f 598/636/1 604/642/1 602/640/1
f 592/630/3 607/645/3 606/644/3
f 479/512/3 590/628/3 591/629/3
f 481/514/3 592/630/3 597/635/3
f 488/521/2 599/637/2 598/636/2
f 492/525/2 601/639/2 600/638/2
f 484/517/4 597/635/4 601/639/4
f 481/514/3 482/515/3 593/631/3
f 489/522/2 600/638/2 594/632/2
f 590/628/3 602/640/3 603/641/3
f 599/637/2 605/643/2 604/642/2
f 591/629/4 603/641/4 605/643/4
f 607/645/3 610/648/3 612/650/3
f 597/635/4 606/644/4 608/646/4
f 601/639/2 608/646/2 609/647/2
f 600/638/1 609/647/1 607/645/1
f 606/644/4 612/650/4 613/651/4
f 608/646/2 613/651/2 611/649/2
f 609/647/1 611/649/1 610/648/1
f 611/649/1 617/655/1 615/653/1
f 610/648/3 615/653/3 614/652/3
f 612/650/4 614/652/4 616/654/4
f 613/651/2 616/654/2 617/655/2
f 663/701/3 655/693/3 654/692/3
f 633/671/3 620/658/3 618/656/3
f 626/664/1 621/659/1 620/658/1
f 634/672/4 618/656/4 619/657/4
f 506/539/4 637/675/4 622/660/4
f 637/675/4 636/674/4 623/661/4
f 636/674/4 635/673/4 624/662/4
f 634/672/3 644/682/3 645/683/3
f 517/550/1 629/667/1 630/668/1
f 629/667/1 628/666/1 631/669/1
f 627/665/1 626/664/1 633/671/1
f 509/542/3 630/668/3 637/675/3
f 630/668/3 631/669/3 636/674/3
f 631/669/3 632/670/3 635/673/3
f 632/670/3 633/671/3 634/672/3
f 514/547/2 622/660/2 629/667/2
f 622/660/2 623/661/2 628/666/2
f 623/661/2 624/662/2 627/665/2
f 624/662/2 625/663/2 626/664/2
f 639/677/1 638/676/1 641/679/1
f 631/669/3 640/678/3 641/679/3
f 627/665/2 638/676/2 639/677/2
f 645/683/4 644/682/4 643/681/4
f 624/662/2 642/680/2 643/681/2
f 512/545/2 649/687/2 648/686/2
f 503/536/3 646/684/3 647/685/3
f 504/537/4 647/685/4 649/687/4
f 513/546/1 652/690/1 651/689/1
f 516/549/2 653/691/2 652/690/2
f 505/538/3 651/689/3 650/688/3
f 756/794/3 694/732/3 692/730/3
f 621/659/1 687/725/1 656/694/1
f 687/725/1 686/724/1 657/695/1
f 686/724/1 685/723/1 658/696/1
f 685/723/1 684/722/1 659/697/1
f 684/722/1 683/721/1 660/698/1
f 683/721/1 682/720/1 661/699/1
f 682/720/1 681/719/1 662/700/1
f 681/719/1 680/718/1 663/701/1
f 618/656/4 671/709/4 672/710/4
f 671/709/4 670/708/4 673/711/4
f 670/708/4 669/707/4 674/712/4
f 669/707/4 668/706/4 675/713/4
f 668/706/4 667/705/4 676/714/4
f 667/705/4 666/704/4 677/715/4
f 666/704/4 665/703/4 678/716/4
f 665/703/4 664/702/4 679/717/4
f 619/657/2 672/710/2 687/725/2
f 672/710/2 673/711/2 686/724/2
f 673/711/2 674/712/2 685/723/2
f 674/712/2 675/713/2 684/722/2
f 675/713/2 676/714/2 683/721/2
f 676/714/2 677/715/2 682/720/2
f 677/715/2 678/716/2 681/719/2
f 678/716/2 679/717/2 680/718/2
f 620/658/3 656/694/3 671/709/3
f 656/694/3 657/695/3 670/708/3
f 657/695/3 658/696/3 669/707/3
f 658/696/3 659/697/3 668/706/3
f 659/697/3 660/698/3 667/705/3
f 660/698/3 661/699/3 666/704/3
f 666/704/4 808/855/4 807/854/4
f 662/700/3 663/701/3 664/702/3
f 691/729/4 688/726/4 689/727/4
f 764/802/3 688/726/3 691/729/3
f 695/733/1 693/731/1 692/730/1
f 784/822/1 781/819/1 780/818/1
f 702/740/4 699/737/4 698/736/4
f 745/783/1 701/739/1 700/738/1
f 750/788/3 1165/1393/3 1166/1396/3
f 696/734/2 794/839/2 795/841/2
f 763/801/3 1166/1396/3 797/843/3
f 755/793/3 845/911/3 800/847/3
f 752/790/2 791/833/2 1161/1387/2
f 761/799/3 1162/1388/3 842/905/3
f 746/784/3 800/847/3 804/851/3
f 770/808/2 1161/1387/2 788/826/2
f 695/733/1 735/773/1 713/751/1
f 735/773/1 736/774/1 714/752/1
f 736/774/1 737/775/1 715/753/1
f 737/775/1 738/776/1 716/754/1
f 738/776/1 739/777/1 717/755/1
f 739/777/1 740/778/1 718/756/1
f 740/778/1 741/779/1 719/757/1
f 741/779/1 742/780/1 720/758/1
f 742/780/1 743/781/1 721/759/1
f 743/781/1 744/782/1 722/760/1
f 744/782/1 745/783/1 723/761/1
f 689/727/4 712/750/4 734/772/4
f 712/750/4 711/749/4 733/771/4
f 711/749/4 710/748/4 732/770/4
f 710/748/4 709/747/4 731/769/4
f 709/747/4 708/746/4 730/768/4
f 708/746/4 707/745/4 729/767/4
f 707/745/4 706/744/4 728/766/4
f 706/744/4 705/743/4 727/765/4
f 705/743/4 704/742/4 726/764/4
f 704/742/4 703/741/4 725/763/4
f 703/741/4 702/740/4 724/762/4
f 749/787/2 1159/1383/2 791/833/2
f 758/796/2 1164/1392/2 843/908/2
f 663/701/3 756/794/3 757/795/3
f 769/807/3 1160/1385/3 792/834/3
f 768/806/4 803/850/4 802/849/4
f 697/735/2 843/908/2 794/839/2
f 654/692/3 764/802/3 765/803/3
f 774/812/2 772/810/2 773/811/2
f 778/816/2 776/814/2 777/815/2
f 782/820/2 780/818/2 781/819/2
f 773/811/2 782/820/2 783/821/2
f 774/812/2 778/816/2 779/817/2
f 786/824/4 777/815/4 776/814/4
f 699/737/4 786/824/4 787/825/4
f 701/739/1 784/822/1 785/823/1
f 742/780/1 842/905/1 789/828/1
f 748/786/3 790/831/3 1162/1388/3
f 743/781/2 789/828/2 793/837/2
f 726/764/4 788/826/4 841/903/4
f 762/800/2 793/837/2 1159/1383/2
f 753/791/3 792/834/3 790/831/3
f 727/765/3 841/903/3 1160/1385/3
f 766/804/2 795/841/2 1163/1390/2
f 751/789/3 799/846/3 1165/1393/3
f 724/762/3 798/844/3 844/909/3
f 701/739/2 796/842/2 1164/1392/2
f 698/736/4 1163/1390/4 798/844/4
f 771/809/3 844/909/3 799/846/3
f 745/783/1 797/843/1 796/842/1
f 767/805/3 802/849/3 845/911/3
f 760/798/2 1168/1398/2 1167/1397/2
f 759/797/1 804/851/1 1168/1398/1
f 747/785/2 1167/1397/2 801/848/2
f 754/792/2 801/848/2 803/850/2
f 805/852/3 806/853/3 807/854/3
f 662/700/1 806/853/1 805/852/1
f 173/193/2 820/872/2 827/886/2
f 820/872/2 819/870/2 828/887/2
f 819/870/2 818/868/2 829/888/2
f 818/868/2 817/866/2 830/889/2
f 817/866/2 816/864/2 831/890/2
f 816/864/2 815/862/2 832/891/2
f 174/194/1 827/886/1 821/874/1
f 827/886/1 828/887/1 822/876/1
f 828/887/1 829/888/1 823/878/1
f 829/888/1 830/889/1 824/880/1
f 830/889/1 831/890/1 825/882/1
f 831/890/1 832/891/1 826/884/1
f 175/195/4 809/856/4 820/873/4
f 809/856/4 810/857/4 819/871/4
f 810/857/4 811/858/4 818/869/4
f 811/858/4 812/859/4 817/867/4
f 812/859/4 813/860/4 816/865/4
f 813/860/4 814/861/4 815/863/4
f 176/197/3 821/875/3 809/856/3
f 821/875/3 822/877/3 810/857/3
f 822/877/3 823/879/3 811/858/3
f 823/879/3 824/881/3 812/859/3
f 824/881/3 825/883/3 813/860/3
f 825/883/3 826/885/3 814/861/3
f 835/894/1 839/899/1 840/901/1
f 180/202/1 835/894/1 836/895/1
f 826/885/5 836/896/5 833/892/5
f 840/902/3 839/900/3 838/898/3
f 833/892/4 837/897/4 838/898/4
f 836/896/5 840/902/5 837/897/5
f 1162/1389/3 949/1022/3 943/1011/3
f 842/906/1 943/1011/1 944/1012/1
f 792/835/3 948/1020/3 945/1013/3
f 1164/1391/2 1083/1252/2 1079/1243/2
f 1166/1396/1 1084/1254/1 1083/1251/1
f 848/914/2 856/922/2 859/925/2
f 853/919/2 861/927/2 855/921/2
f 851/917/4 859/925/4 858/924/4
f 804/851/1 852/918/1 853/919/1
f 800/847/3 846/912/3 852/918/3
f 802/849/3 850/916/3 849/915/3
f 845/911/3 849/915/3 846/912/3
f 803/850/4 851/917/4 850/916/4
f 1168/1398/2 853/919/2 847/913/2
f 801/848/2 848/914/2 851/917/2
f 1167/1397/2 847/913/2 848/914/2
f 861/927/2 869/935/2 863/929/2
f 859/925/4 867/933/4 866/932/4
f 857/923/3 865/931/3 862/928/3
f 847/913/2 855/921/2 856/922/2
f 852/918/1 860/926/1 861/927/1
f 846/912/3 854/920/3 860/926/3
f 850/916/3 858/924/3 857/923/3
f 849/915/3 857/923/3 854/920/3
f 866/932/3 874/940/3 873/939/3
f 862/928/3 870/936/3 876/942/3
f 868/934/1 876/942/1 877/943/1
f 856/922/2 864/930/2 867/933/2
f 855/921/2 863/929/2 864/930/2
f 860/926/1 868/934/1 869/935/1
f 854/920/3 862/928/3 868/934/3
f 858/924/3 866/932/3 865/931/3
f 870/936/3 878/944/3 884/950/3
f 876/942/1 884/950/1 885/951/1
f 871/937/2 879/945/2 880/946/2
f 865/931/3 873/939/3 870/936/3
f 867/933/4 875/941/4 874/940/4
f 869/935/2 877/943/2 871/937/2
f 864/930/2 872/938/2 875/941/2
f 863/929/2 871/937/2 872/938/2
f 880/946/2 888/954/2 891/957/2
f 885/951/2 893/959/2 887/953/2
f 883/949/4 891/957/4 890/956/4
f 874/940/3 882/948/3 881/947/3
f 873/939/3 881/947/3 878/944/3
f 875/941/4 883/949/4 882/948/4
f 877/943/2 885/951/2 879/945/2
f 872/938/2 880/946/2 883/949/2
f 891/957/4 899/965/4 898/964/4
f 889/955/3 897/963/3 894/960/3
f 890/956/3 898/964/3 897/963/3
f 879/945/2 887/953/2 888/954/2
f 884/950/1 892/958/1 893/959/1
f 878/944/3 886/952/3 892/958/3
f 882/948/3 890/956/3 889/955/3
f 881/947/3 889/955/3 886/952/3
f 898/964/3 906/972/3 905/971/3
f 894/960/3 902/968/3 908/974/3
f 900/966/1 908/974/1 909/976/1
f 893/959/2 901/967/2 895/961/2
f 888/954/2 896/962/2 899/965/2
f 887/953/2 895/961/2 896/962/2
f 892/958/1 900/966/1 901/967/1
f 886/952/3 894/960/3 900/966/3
f 908/974/1 916/983/1 1195/1434/1
f 903/969/2 911/978/2 912/979/2
f 904/970/2 912/979/2 915/982/2
f 897/963/3 905/971/3 902/968/3
f 899/965/4 907/973/4 906/972/4
f 901/967/2 909/976/2 903/969/2
f 896/962/2 904/970/2 907/973/2
f 895/961/2 903/969/2 904/970/2
f 912/979/2 919/987/2 922/990/2
f 1195/1434/2 924/992/2 918/986/2
f 915/982/4 922/990/4 921/989/4
f 916/983/5 1181/1419/5 1180/1418/5
f 906/972/3 914/981/3 913/980/3
f 905/971/3 913/980/3 910/977/3
f 907/973/4 915/982/4 914/981/4
f 909/976/2 1195/1434/2 911/978/2
f 920/988/3 928/996/3 925/993/3
f 921/989/3 929/997/3 928/996/3
f 917/985/3 925/993/3 931/999/3
f 911/978/2 918/986/2 919/987/2
f 916/983/1 923/991/1 924/992/1
f 910/977/3 917/985/3 923/991/3
f 914/981/3 921/989/3 920/988/3
f 913/980/3 920/988/3 917/985/3
f 929/997/3 937/1005/3 936/1004/3
f 925/993/3 933/1001/3 939/1007/3
f 931/999/1 939/1007/1 940/1008/1
f 922/990/4 930/998/4 929/997/4
f 924/992/2 932/1000/2 926/994/2
f 919/987/2 927/995/2 930/998/2
f 918/986/2 926/994/2 927/995/2
f 923/991/1 931/999/1 932/1000/1
f 928/996/3 936/1004/3 933/1001/3
f 930/998/4 938/1006/4 937/1005/4
f 932/1000/2 940/1008/2 934/1002/2
f 927/995/2 935/1003/2 938/1006/2
f 926/994/2 934/1002/2 935/1003/2
f 945/1014/1 957/1034/1 958/1035/1
f 946/1015/2 958/1036/2 959/1037/2
f 950/1023/4 962/1043/4 961/1041/4
f 1160/1385/1 951/1026/1 952/1027/1
f 1159/1382/2 946/1015/2 947/1017/2
f 793/837/4 950/1023/4 949/1021/4
f 790/831/1 945/1014/1 946/1016/1
f 789/829/2 944/1012/2 950/1024/2
f 841/904/3 942/1010/3 951/1025/3
f 791/833/4 947/1018/4 948/1019/4
f 788/827/4 941/1009/4 942/1010/4
f 1161/1386/2 952/1028/2 941/1009/2
f 958/1036/2 970/1056/2 971/1057/2
f 962/1043/4 974/1063/4 973/1061/4
f 955/1031/1 967/1051/1 968/1052/1
f 942/1010/3 954/1030/3 963/1045/3
f 949/1022/3 961/1042/3 955/1031/3
f 947/1018/4 959/1038/4 960/1039/4
f 952/1028/2 964/1048/2 953/1029/2
f 941/1009/4 953/1029/4 954/1030/4
f 944/1012/2 956/1032/2 962/1044/2
f 948/1020/3 960/1040/3 957/1033/3
f 951/1026/1 963/1046/1 964/1047/1
f 943/1011/1 955/1031/1 956/1032/1
f 974/1063/4 988/1088/4 987/1085/4
f 967/1051/1 979/1071/1 980/1072/1
f 975/1066/1 981/1074/1 982/1075/1
f 957/1034/1 969/1054/1 970/1055/1
f 954/1030/3 966/1050/3 975/1065/3
f 961/1042/3 973/1062/3 967/1051/3
f 959/1038/4 971/1058/4 972/1059/4
f 964/1048/2 976/1068/2 965/1049/2
f 953/1029/4 965/1049/4 966/1050/4
f 956/1032/2 968/1052/2 974/1064/2
f 960/1040/3 972/1060/3 969/1053/3
f 963/1046/1 975/1066/1 976/1067/1
f 970/1056/2 984/1080/2 985/1081/2
f 969/1054/1 983/1078/1 984/1079/1
f 966/1050/3 978/1070/3 981/1073/3
f 973/1062/3 987/1086/3 979/1071/3
f 971/1058/4 985/1082/4 986/1083/4
f 976/1068/2 982/1076/2 977/1069/2
f 965/1049/4 977/1069/4 978/1070/4
f 968/1052/2 980/1072/2 988/1087/2
f 972/1060/3 986/1084/3 983/1077/3
f 977/1069/4 989/1089/4 990/1090/4
f 982/1076/2 1000/1107/2 989/1089/2
f 985/1082/4 995/1097/4 996/1099/4
f 1000/1107/2 1012/1127/2 1001/1109/2
f 995/1097/4 1007/1117/4 1008/1119/4
f 997/1102/3 1009/1121/3 1003/1111/3
f 980/1072/2 992/1092/2 998/1103/2
f 986/1084/3 996/1100/3 993/1093/3
f 981/1074/1 999/1106/1 1000/1108/1
f 979/1071/1 991/1091/1 992/1092/1
f 988/1088/4 998/1104/4 997/1101/4
f 984/1080/2 994/1096/2 995/1098/2
f 983/1078/1 993/1094/1 994/1095/1
f 978/1070/3 990/1090/3 999/1105/3
f 987/1086/3 997/1102/3 991/1091/3
f 1012/1127/2 1024/1148/2 1013/1129/2
f 1007/1117/4 1019/1137/4 1020/1139/4
f 1009/1121/3 1021/1141/3 1015/1131/3
f 989/1089/4 1001/1109/4 1002/1110/4
f 992/1092/2 1004/1112/2 1010/1123/2
f 996/1100/3 1008/1120/3 1005/1113/3
f 999/1106/1 1011/1126/1 1012/1128/1
f 991/1091/1 1003/1111/1 1004/1112/1
f 998/1104/4 1010/1124/4 1009/1122/4
f 994/1096/2 1006/1116/2 1007/1118/2
f 993/1094/1 1005/1114/1 1006/1115/1
f 990/1090/3 1002/1110/3 1011/1125/3
f 1019/1137/4 1031/1158/4 1032/1159/4
f 1027/1151/5 1196/1435/5 1195/1433/5
f 1014/1130/3 1026/1150/3 1035/1165/3
f 1001/1109/4 1013/1129/4 1014/1130/4
f 1004/1112/2 1016/1132/2 1022/1143/2
f 1008/1120/3 1020/1140/3 1017/1133/3
f 1011/1126/1 1023/1146/1 1024/1147/1
f 1003/1111/1 1015/1131/1 1016/1132/1
f 1010/1124/4 1022/1144/4 1021/1142/4
f 1006/1116/2 1018/1136/2 1019/1138/2
f 1005/1114/1 1017/1134/1 1018/1135/1
f 1002/1110/3 1014/1130/3 1023/1145/3
f 1033/1161/3 1041/1175/3 1037/1169/3
f 1026/1150/3 1172/1405/3 1043/1179/3
f 1029/1154/1 1039/1171/1 1040/1174/1
f 1024/1148/2 1036/1167/2 1025/1149/2
f 1013/1129/4 1025/1149/4 1026/1150/4
f 1016/1132/2 1028/1152/2 1034/1163/2
f 1020/1140/3 1032/1160/3 1029/1153/3
f 1023/1146/1 1035/1166/1 1036/1168/1
f 1015/1131/1 1027/1151/1 1028/1152/1
f 1022/1144/4 1034/1164/4 1033/1162/4
f 1018/1136/2 1030/1155/2 1031/1157/2
f 1017/1134/1 1029/1154/1 1030/1156/1
f 1031/1158/4 1169/1400/4 1170/1402/4
f 1173/1408/1 1055/1199/1 1049/1189/1
f 1025/1149/4 1171/1403/4 1172/1405/4
f 1040/1174/1 1051/1193/1 1045/1183/1
f 1032/1160/3 1170/1401/3 1039/1172/3
f 1035/1166/1 1043/1180/1 1173/1408/1
f 1027/1151/1 1037/1169/1 1038/1170/1
f 1034/1164/4 1042/1177/4 1041/1176/4
f 1034/1164/4 1046/1186/4 1052/1196/4
f 1049/1190/2 1055/1200/2 1054/1198/2
f 1047/1187/2 1053/1197/2 1052/1195/2
f 1045/1184/2 1051/1194/2 1050/1191/2
f 1173/1408/1 1061/1209/1 1067/1219/1
f 1054/1198/4 1066/1218/4 1060/1208/4
f 1025/1149/4 1048/1188/4 1054/1198/4
f 1031/1158/4 1044/1182/4 1050/1192/4
f 1038/1170/1 1053/1197/1 1047/1187/1
f 1055/1200/2 1067/1220/2 1066/1218/2
f 1060/1208/3 552/586/3 1072/1229/3
f 1067/1220/2 1077/1239/2 555/590/2
f 1061/1209/1 1072/1230/1 1077/1240/1
f 1050/1192/4 1062/1212/4 1056/1201/4
f 1052/1196/4 1064/1216/4 1058/1205/4
f 1171/1403/3 1060/1208/3 1061/1210/3
f 1051/1194/2 1063/1214/2 1062/1211/2
f 1042/1178/3 1058/1206/3 1059/1207/3
f 1040/1174/1 1057/1204/1 1063/1213/1
f 1038/1170/1 1059/1207/1 1065/1217/1
f 1053/1197/2 1065/1217/2 1064/1215/2
f 1169/1399/3 1056/1202/3 1057/1203/3
f 1066/1218/4 555/590/4 552/586/4
f 1064/1216/4 1075/1235/4 1070/1225/4
f 1063/1214/2 1074/1233/2 1073/1231/2
f 1059/1207/1 1071/1228/1 1076/1238/1
f 1056/1202/3 1068/1221/3 1069/1223/3
f 1057/1204/1 1069/1224/1 1074/1234/1
f 1065/1217/2 1076/1238/2 1075/1236/2
f 1062/1212/4 1073/1232/4 1068/1222/4
f 1058/1206/3 1070/1226/3 1071/1228/3
f 1082/1249/3 1090/1266/3 1089/1263/3
f 1078/1242/3 1086/1257/3 1092/1269/3
f 844/910/3 1082/1249/3 1081/1247/3
f 799/846/1 1081/1248/1 1080/1245/1
f 795/841/4 1085/1256/4 1082/1250/4
f 843/908/4 1079/1244/4 1078/1241/4
f 794/838/2 1080/1246/2 1085/1255/2
f 1165/1394/3 1078/1242/3 1084/1253/3
f 1086/1257/3 1094/1274/3 1100/1285/3
f 1088/1262/2 1096/1278/2 1101/1287/2
f 1079/1244/4 1087/1260/4 1086/1258/4
f 1085/1256/4 1093/1272/4 1090/1265/4
f 1084/1254/1 1092/1270/1 1091/1267/1
f 1083/1252/2 1091/1268/2 1087/1259/2
f 1081/1248/1 1089/1264/1 1088/1261/1
f 1080/1246/2 1088/1262/2 1093/1271/2
f 1099/1284/2 1106/1297/2 1203/1445/2
f 1100/1286/1 1107/1299/1 1106/1298/1
f 1090/1266/3 1098/1282/3 1097/1279/3
f 1087/1260/4 1095/1276/4 1094/1273/4
f 1093/1272/4 1101/1288/4 1098/1281/4
f 1092/1270/1 1100/1286/1 1099/1283/1
f 1091/1268/2 1099/1284/2 1095/1275/2
f 1089/1264/1 1097/1280/1 1096/1277/1
f 1175/1413/2 1207/1453/2 1205/1450/2
f 1203/1446/4 1174/1410/4 1109/1303/4
f 1097/1280/1 1104/1293/1 1103/1292/1
f 1096/1278/2 1103/1291/2 1108/1301/2
f 1094/1274/3 1102/1290/3 1107/1300/3
f 1098/1282/3 1105/1296/3 1104/1294/3
f 1095/1276/4 1203/1446/4 1102/1289/4
f 1101/1288/4 1108/1302/4 1105/1295/4
f 1114/1314/3 1201/1442/3 1199/1438/3
f 1110/1306/1 1176/1414/1 1117/1317/1
f 1110/1305/5 1174/1409/5 1109/1304/5
f 1102/1290/3 1109/1304/3 1114/1314/3
f 1105/1296/3 1112/1310/3 1111/1308/3
f 1120/1320/1 1126/1331/1 1122/1323/1
f 1113/1311/1 1120/1320/1 1116/1316/1
f 1108/1302/4 1118/1318/4 1177/1415/4
f 1203/1446/4 1115/1315/4 1119/1319/4
f 1122/1324/2 1126/1332/2 1125/1329/2
f 1123/1325/2 1127/1333/2 1128/1335/2
f 1115/1315/4 1121/1322/4 1125/1330/4
f 1127/1333/2 1135/1346/2 1136/1347/2
f 1176/1414/1 1127/1334/1 1123/1326/1
f 1118/1318/4 1124/1328/4 1128/1336/4
f 1176/1414/1 1131/1339/1 1135/1345/1
f 1129/1337/3 1137/1349/3 1138/1350/3
f 1134/1344/2 1142/1356/2 1141/1353/2
f 1120/1320/1 1130/1338/1 1134/1343/1
f 1119/1319/3 1129/1337/3 1130/1338/3
f 1128/1336/4 1136/1348/4 1132/1340/4
f 1125/1330/4 1133/1342/4 1129/1337/4
f 1126/1332/2 1134/1344/2 1133/1341/2
f 1177/1415/3 1132/1340/3 1131/1339/3
f 1138/1350/1 1146/1362/1 1147/1363/1
f 1139/1351/1 1150/1369/1 1148/1365/1
f 1136/1348/4 1144/1360/4 1140/1352/4
f 1133/1342/4 1141/1354/4 1137/1349/4
f 1135/1346/2 1143/1358/2 1144/1359/2
f 1132/1340/3 1140/1352/3 1139/1351/3
f 1131/1339/1 1139/1351/1 1143/1357/1
f 1130/1338/1 1138/1350/1 1142/1355/1
f 1142/1356/2 1147/1364/2 1152/1371/2
f 1137/1349/3 1145/1361/3 1146/1362/3
f 1144/1360/4 1149/1368/4 1151/1370/4
f 1141/1354/4 1152/1372/4 1145/1361/4
f 1143/1358/2 1148/1366/2 1149/1367/2
f 1140/1352/3 1151/1370/3 1150/1369/3
f 1152/1372/4 1157/1377/4 1153/1373/4
f 1149/1368/4 1158/1380/4 1156/1376/4
f 1148/1366/2 572/609/2 1158/1381/2
f 1151/1370/3 1156/1376/3 1155/1375/3
f 1150/1369/1 1155/1375/1 572/610/1
f 1146/1362/1 1154/1374/1 571/607/1
f 1147/1364/2 571/608/2 1157/1378/2
f 1145/1361/3 1153/1373/3 1154/1374/3
f 790/831/5 1159/1383/5 793/837/5
f 1160/1385/5 1161/1387/5 791/833/5
f 798/844/5 1163/1390/5 795/841/5
f 799/846/5 794/839/5 843/908/5
f 1166/1396/5 1164/1392/5 796/842/5
f 1167/1397/6 801/848/6 845/911/6
f 1168/1398/6 1167/1397/6 800/847/6
f 801/848/6 803/850/6 802/849/6
f 1170/1402/5 1169/1400/5 1040/1174/5
f 1172/1406/5 1171/1404/5 1173/1408/5
f 1109/1303/5 1174/1410/5 1113/1311/5
f 1112/1309/5 1175/1413/5 1110/1306/5
f 1175/1413/5 1177/1415/5 1176/1414/5
f 1174/1410/5 1119/1319/5 1120/1320/5
f 1180/1418/4 1184/1422/4 1182/1420/4
f 910/977/4 1180/1418/4 1178/1416/4
f 908/974/1 1179/1417/1 1181/1419/1
f 1183/1421/1 1187/1425/1 1189/1427/1
f 1181/1419/5 1185/1423/5 1184/1422/5
f 1179/1417/1 1183/1421/1 1185/1423/1
f 1188/1426/4 1192/1430/4 1190/1428/4
f 1184/1422/4 1188/1426/4 1186/1424/4
f 1185/1423/5 1189/1427/5 1188/1426/5
f 1190/1428/3 1192/1430/3 1193/1431/3
f 1189/1427/5 1193/1431/5 1192/1430/5
f 1187/1425/1 1191/1429/1 1193/1431/1
f 1015/1131/1 1194/1432/1 1196/1435/1
f 1033/1162/4 1195/1434/4 909/976/4
f 908/975/3 916/984/3 1198/1437/3
f 1194/1432/1 1197/1436/1 1198/1437/1
f 1196/1435/5 1198/1437/5 916/984/5
f 1199/1439/1 1201/1441/1 1202/1444/1
f 1113/1312/5 1202/1443/5 1201/1442/5
f 1106/1298/2 1200/1440/2 1202/1444/2
f 1111/1308/3 1109/1304/3 1102/1290/3
f 1103/1292/2 1203/1447/2 1174/1411/2
f 1205/1450/4 1207/1453/4 1206/1451/4
f 1105/1296/3 1204/1449/3 1206/1452/3
f 1112/1310/5 1206/1452/5 1207/1454/5
g SafeGround_Mesh
v 2.499987 6.000003 -5.000000
v 1.499987 6.000003 -5.000000
v 2.499991 6.000002 0.999999
v 1.499991 6.000002 1.000000
v -2.499990 -0.000002 30.000002
v -2.499990 0.999998 30.000002
v -2.500010 0.000002 0.000002
v -2.500010 1.000003 0.000002
v 2.500010 -0.000002 29.999998
v 2.500010 0.999998 29.999998
v 2.499990 0.000002 -0.000002
v 2.499990 1.000003 -0.000002
v -2.500009 0.000002 1.000002
v -2.500009 0.000002 2.000002
v -2.500008 0.000002 3.000002
v -2.500007 0.000002 4.000002
v -2.500006 0.000002 5.000002
v -2.500006 0.000001 6.000002
v -2.500005 0.000001 7.000001
v -2.500005 0.000001 8.000002
v -2.500004 0.000001 9.000002
v -2.500003 0.000001 10.000002
v -2.500003 0.000001 11.000002
v -2.500002 0.000000 12.000001
v -2.500001 0.000000 13.000001
v -2.500001 0.000000 14.000001
v -2.500000 0.000000 15.000001
v -2.499999 -0.000000 16.000000
v -2.499999 -0.000000 17.000000
v -2.499998 -0.000000 18.000000
v -2.499997 -0.000001 19.000002
v -2.499997 -0.000001 20.000002
v -2.499996 -0.000001 21.000002
v -2.499995 -0.000001 22.000002
v -2.499995 -0.000001 23.000002
v -2.499994 -0.000001 24.000000
v -2.499994 -0.000002 25.000000
v -2.499993 -0.000002 26.000000
v -2.499992 -0.000002 27.000000
v -2.499991 -0.000002 28.000000
v -2.499991 -0.000002 29.000000
v -2.499991 0.999998 29.000002
v -2.499991 0.999998 28.000002
v -2.499992 0.999998 27.000002
v -2.499993 0.999998 26.000002
v -2.499994 0.999998 25.000002
v -2.499994 0.999999 24.000002
v -2.499995 0.999999 23.000002
v -2.499995 0.999999 22.000002
v -2.499996 0.999999 21.000002
v -2.499997 0.999999 20.000002
v -2.499997 0.999999 19.000002
v -2.499998 1.000000 18.000004
v -2.499999 1.000000 17.000004
v -2.499999 1.000000 16.000002
v -2.500000 1.000000 15.000003
v -2.500001 1.000000 14.000003
v -2.500001 1.000000 13.000003
v -2.500002 1.000000 12.000003
v -2.500003 1.000001 11.000002
v -2.500003 1.000001 10.000002
v -2.500004 1.000001 9.000002
v -2.500005 1.000001 8.000002
v -2.500005 1.000001 7.000002
v -2.500006 1.000001 6.000003
v -2.500006 1.000002 5.000003
v -2.500007 1.000002 4.000003
v -2.500008 1.000002 3.000003
v -2.500009 1.000002 2.000003
v -2.500009 1.000002 1.000003
v 2.500009 -0.000002 28.999998
v 2.500009 -0.000002 27.999998
v 2.500008 -0.000002 26.999998
v 2.500007 -0.000002 25.999998
v 2.500006 -0.000002 24.999998
v 2.500006 -0.000001 23.999998
v 2.500005 -0.000001 22.999998
v 2.500005 -0.000001 21.999998
v 2.500004 -0.000001 20.999998
v 2.500003 -0.000001 19.999998
v 2.500003 -0.000001 18.999998
v 2.500002 -0.000000 18.000000
v 2.500001 -0.000000 17.000000
v 2.500001 -0.000000 15.999999
v 2.500000 -0.000000 14.999999
v 2.499999 0.000000 13.999999
v 2.499999 0.000000 12.999999
v 2.499998 0.000000 11.999999
v 2.499997 0.000001 10.999998
v 2.499997 0.000001 9.999998
v 2.499996 0.000001 8.999998
v 2.499995 0.000001 7.999999
v 2.499995 0.000001 6.999998
v 2.499994 0.000001 5.999999
v 2.499994 0.000002 4.999999
v 2.499993 0.000002 3.999999
v 2.499992 0.000002 2.999999
v 2.499991 0.000002 1.999999
v 2.499991 0.000002 0.999999
v 2.499991 1.000002 0.999998
v 2.499991 1.000002 1.999998
v 2.499992 1.000002 2.999998
v 2.499993 1.000002 3.999998
v 2.499994 1.000002 4.999998
v 2.499994 1.000001 5.999998
v 2.499995 1.000001 6.999998
v 2.499995 1.000001 7.999999
v 2.499996 1.000001 8.999998
v 2.499997 1.000001 9.999998
v 2.499997 1.000001 10.999998
v 2.499998 1.000000 11.999998
v 2.499999 1.000000 12.999998
v 2.499999 1.000000 13.999998
v 2.500000 1.000000 14.999997
v 2.500001 1.000000 15.999997
v 2.500001 1.000000 16.999998
v 2.500002 1.000000 17.999998
v 2.500003 0.999999 18.999998
v 2.500003 0.999999 19.999998
v 2.500004 0.999999 20.999998
v 2.500005 0.999999 21.999998
v 2.500005 0.999999 22.999998
v 2.500006 0.999999 23.999996
v 2.500006 0.999998 24.999996
v 2.500007 0.999998 25.999996
v 2.500008 0.999998 26.999996
v 2.500009 0.999998 27.999996
v 2.500009 0.999998 28.999996
v 1.499990 0.000002 -0.000001
v 0.499990 0.000002 0.000000
v -0.500010 0.000002 0.000000
v -1.500010 0.000002 0.000001
v -1.500010 1.000003 0.000001
v -0.500010 1.000003 0.000001
v 0.499990 1.000003 0.000000
v 1.499990 1.000003 -0.000001
v -1.499990 -0.000002 30.000000
v -0.499990 -0.000002 30.000000
v 0.500010 -0.000002 30.000000
v 1.500010 -0.000002 30.000000
v 1.500010 0.999998 30.000000
v 0.500010 0.999998 30.000000
v -0.499990 0.999998 30.000000
v -1.499990 0.999998 30.000000
v -1.500009 1.000002 1.000002
v -0.500009 1.000002 1.000002
v 0.499991 1.000002 1.000001
v 1.499991 1.000002 1.000000
v -1.500008 1.000002 2.000002
v -0.500008 1.000002 2.000002
v 0.499992 1.000002 2.000001
v 1.499992 1.000002 1.999999
v -1.500008 1.000002 3.000002
v -0.500008 1.000002 3.000002
v 0.499992 1.000002 3.000001
v 1.499992 1.000002 3.000000
v -1.500007 1.000002 4.000002
v -0.500007 1.000002 4.000002
v 0.499993 1.000002 4.000001
v 1.499993 1.000002 3.999999
v -1.500007 1.000002 5.000002
v -0.500006 1.000002 5.000002
v 0.499993 1.000002 5.000001
v 1.499993 1.000002 5.000000
v -1.500006 1.000001 6.000002
v -0.500006 1.000001 6.000002
v 0.499994 1.000001 6.000001
v 1.499994 1.000001 5.999999
v -1.500005 1.000001 7.000001
v -0.500005 1.000001 7.000000
v 0.499995 1.000001 7.000000
v 1.499995 1.000001 6.999999
v -1.500005 1.000001 8.000001
v -0.500005 1.000001 8.000000
v 0.499995 1.000001 8.000000
v 1.499995 1.000001 7.999999
v -1.500004 1.000001 9.000001
v -0.500004 1.000001 9.000000
v 0.499996 1.000001 9.000000
v 1.499996 1.000001 8.999999
v -1.500003 1.000001 10.000001
v -0.500003 1.000001 10.000000
v 0.499997 1.000001 10.000000
v 1.499997 1.000001 9.999999
v -1.500003 1.000001 11.000001
v -0.500003 1.000001 11.000000
v 0.499997 1.000001 11.000000
v 1.499997 1.000001 10.999999
v -1.500002 1.000000 12.000001
v -0.500002 1.000000 12.000000
v 0.499998 1.000000 12.000000
v 1.499998 1.000000 11.999999
v -1.500001 1.000000 13.000001
v -0.500001 1.000000 13.000000
v 0.499999 1.000000 13.000000
v 1.499999 1.000000 12.999999
v -1.500001 1.000000 14.000001
v -0.500001 1.000000 14.000000
v 0.499999 1.000000 14.000000
v 1.499999 1.000000 13.999999
v -1.500000 1.000000 15.000001
v -0.500000 1.000000 15.000001
v 0.500000 1.000000 15.000000
v 1.500000 1.000000 14.999999
v -1.499999 1.000000 16.000002
v -0.499999 1.000000 16.000000
v 0.500001 1.000000 16.000000
v 1.500001 1.000000 15.999999
v -1.499999 1.000000 17.000002
v -0.499999 1.000000 17.000000
v 0.500001 1.000000 17.000000
v 1.500001 1.000000 17.000000
v -1.499998 1.000000 18.000002
v -0.499998 1.000000 18.000000
v 0.500002 1.000000 18.000000
v 1.500002 1.000000 18.000000
v -1.499997 0.999999 19.000000
v -0.499997 0.999999 19.000000
v 0.500003 0.999999 19.000000
v 1.500003 0.999999 19.000000
v -1.499997 0.999999 20.000000
v -0.499997 0.999999 20.000000
v 0.500003 0.999999 20.000000
v 1.500003 0.999999 20.000000
v -1.499996 0.999999 21.000000
v -0.499996 0.999999 21.000000
v 0.500004 0.999999 21.000000
v 1.500004 0.999999 21.000000
v -1.499995 0.999999 22.000000
v -0.499995 0.999999 22.000000
v 0.500005 0.999999 22.000000
v 1.500005 0.999999 22.000000
v -1.499995 0.999999 23.000000
v -0.499995 0.999999 23.000000
v 0.500005 0.999999 23.000000
v 1.500005 0.999999 23.000000
v -1.499994 0.999999 24.000000
v -0.499994 0.999999 24.000000
v 0.500006 0.999999 24.000000
v 1.500006 0.999999 24.000000
v -1.499993 0.999998 25.000000
v -0.499993 0.999998 25.000000
v 0.500006 0.999998 25.000000
v 1.500007 0.999998 24.999998
v -1.499993 0.999998 26.000000
v -0.499993 0.999998 26.000000
v 0.500007 0.999998 26.000000
v 1.500007 0.999998 26.000000
v -1.499992 0.999998 27.000000
v 1.500008 0.999998 26.999998
v -1.499992 0.999998 28.000000
v 1.500008 0.999998 28.000000
v -1.499991 0.999998 29.000000
v -0.499991 0.999998 29.000000
v 0.500009 0.999998 29.000000
v 1.500009 0.999998 28.999998
v 1.499991 0.000002 1.000000
v 0.499991 0.000002 1.000001
v -0.500009 0.000002 1.000001
v -1.500009 0.000002 1.000002
v 1.499992 0.000002 2.000000
v 0.499992 0.000002 2.000001
v -0.500008 0.000002 2.000001
v -1.500008 0.000002 2.000001
v 1.499992 0.000002 3.000000
v 0.499992 0.000002 3.000001
v -0.500008 0.000002 3.000001
v -1.500008 0.000002 3.000002
v 1.499993 0.000002 4.000000
v 0.499993 0.000002 4.000001
v -0.500007 0.000002 4.000001
v -1.500007 0.000002 4.000001
v 1.499993 0.000002 5.000000
v 0.499993 0.000002 5.000001
v -0.500006 0.000002 5.000001
v -1.500007 0.000002 5.000002
v 1.499994 0.000001 6.000000
v 0.499994 0.000001 6.000001
v -0.500006 0.000001 6.000001
v -1.500006 0.000001 6.000001
v 1.499995 0.000001 6.999999
v 0.499995 0.000001 7.000000
v -0.500005 0.000001 7.000000
v -1.500005 0.000001 7.000001
v 1.499995 0.000001 7.999999
v 0.499995 0.000001 8.000000
v -0.500005 0.000001 8.000000
v -1.500005 0.000001 8.000001
v 1.499996 0.000001 8.999999
v 0.499996 0.000001 9.000000
v -0.500004 0.000001 9.000000
v -1.500004 0.000001 9.000001
v 1.499997 0.000001 9.999999
v 0.499997 0.000001 10.000000
v -0.500003 0.000001 10.000000
v -1.500003 0.000001 10.000001
v 1.499997 0.000001 10.999999
v 0.499997 0.000001 11.000000
v -0.500003 0.000001 11.000000
v -1.500003 0.000001 11.000001
v 1.499998 0.000000 11.999999
v 0.499998 0.000000 12.000000
v -0.500002 0.000000 12.000000
v -1.500002 0.000000 12.000001
v 1.499999 0.000000 12.999999
v 0.499999 0.000000 13.000000
v -0.500001 0.000000 13.000000
v -1.500001 0.000000 13.000001
v 1.499999 0.000000 13.999999
v 0.499999 0.000000 14.000000
v -0.500001 0.000000 14.000000
v -1.500001 0.000000 14.000001
v 1.500000 0.000000 14.999999
v 0.500000 0.000000 15.000000
v -0.500000 0.000000 15.000000
v -1.500000 0.000000 15.000001
v 1.500001 -0.000000 15.999999
v 0.500001 -0.000000 16.000000
v -0.499999 -0.000000 16.000000
v -1.499999 -0.000000 16.000000
v 1.500001 -0.000000 17.000000
v 0.500001 -0.000000 17.000000
v -0.499999 -0.000000 17.000000
v -1.499999 -0.000000 17.000000
v 1.500002 -0.000000 18.000000
v 0.500002 -0.000000 18.000000
v -0.499998 -0.000000 18.000000
v -1.499998 -0.000000 18.000000
v 1.500003 -0.000001 19.000000
v 0.500003 -0.000001 19.000000
v -0.499997 -0.000001 19.000000
v -1.499997 -0.000001 19.000000
v 1.500003 -0.000001 20.000000
v 0.500003 -0.000001 20.000000
v -0.499997 -0.000001 20.000000
v -1.499997 -0.000001 20.000000
v 1.500004 -0.000001 21.000000
v 0.500004 -0.000001 21.000000
v -0.499996 -0.000001 21.000000
v -1.499996 -0.000001 21.000000
v 1.500005 -0.000001 22.000000
v 0.500005 -0.000001 22.000000
v -0.499995 -0.000001 22.000000
v -1.499995 -0.000001 22.000000
v 1.500005 -0.000001 23.000000
v 0.500005 -0.000001 23.000000
v -0.499995 -0.000001 23.000000
v -1.499995 -0.000001 23.000000
v 1.500006 -0.000001 24.000000
v 0.500006 -0.000001 24.000000
v -0.499994 -0.000001 24.000000
v -1.499994 -0.000001 24.000000
v 1.500007 -0.000002 25.000000
v 0.500006 -0.000002 25.000000
v -0.499993 -0.000002 25.000000
v -1.499993 -0.000002 25.000000
v 1.500007 -0.000002 26.000000
v 0.500007 -0.000002 26.000000
v -0.499993 -0.000002 26.000000
v -1.499993 -0.000002 26.000000
v 1.500008 -0.000002 27.000000
v 0.500008 -0.000002 27.000000
v -0.499992 -0.000002 27.000000
v -1.499992 -0.000002 27.000000
v 1.500008 -0.000002 28.000000
v 0.500008 -0.000002 28.000000
v -0.499992 -0.000002 28.000000
v -1.499992 -0.000002 28.000000
v 1.500009 -0.000002 29.000000
v 0.500009 -0.000002 29.000000
v -0.499991 -0.000002 29.000000
v -1.499991 -0.000002 29.000000
v -0.499992 0.999998 27.000000
v 0.500008 0.999998 27.000000
v -0.499992 0.999998 28.000000
v 0.500008 0.999998 28.000000
v -0.499992 2.999998 27.000000
v 0.500008 2.999998 27.000000
v -0.499992 2.999998 28.000000
v 0.500008 2.999998 28.000000
v -2.499994 3.999998 25.000002
v -2.499994 3.999999 24.000002
v -1.499994 3.999999 24.000002
v -0.499994 3.999999 24.000000
v 0.500006 3.999999 24.000000
v -1.499993 3.999998 25.000002
v -0.499993 3.999998 25.000000
v 0.500006 3.999998 25.000000
v 2.500003 7.000000 19.000000
v 2.500003 6.999999 20.000000
v 1.500003 7.000000 19.000000
v 1.500003 6.999999 20.000000
v -1.499997 7.000000 19.000002
v -0.499997 7.000000 19.000002
v 0.500003 7.000000 19.000000
v -1.499997 6.999999 20.000002
v -0.499997 6.999999 20.000002
v 0.500003 6.999999 20.000000
v 2.500004 5.999999 21.000000
v 2.500005 5.999999 22.000000
v 1.500004 5.999999 21.000000
v 1.500005 5.999999 22.000000
v -2.499997 3.999999 20.000002
v -2.499997 3.999999 19.000002
v -1.499997 3.999999 19.000002
v -1.499997 3.999999 20.000002
v 0.500000 8.000000 15.000001
v 1.500000 8.000000 15.000000
v 0.500001 8.000000 16.000000
v 1.500001 8.000000 16.000000
v -2.499998 7.000000 18.000004
v -2.499999 7.000000 17.000004
v 2.500001 7.000000 16.999998
v 2.500002 7.000000 17.999998
v 1.500001 7.000000 17.000000
v 1.500002 7.000000 18.000000
v -1.499999 7.000000 17.000002
v -0.499999 7.000000 17.000002
v 0.500001 7.000000 17.000000
v -1.499998 7.000000 18.000002
v -0.499998 7.000000 18.000002
v 0.500002 7.000000 18.000000
v 0.499998 9.000001 12.000001
v 1.499998 9.000001 12.000000
v 0.499999 9.000000 13.000001
v 1.499999 9.000000 13.000000
v 0.499995 9.000001 7.000001
v 1.499995 9.000001 7.000000
v 0.499995 9.000001 8.000001
v 1.499995 9.000001 8.000000
v -2.500004 9.000001 9.000003
v -2.500005 9.000001 8.000003
v -1.500005 9.000001 8.000002
v -1.500004 9.000001 9.000002
v 0.499995 6.000001 7.000000
v 1.499995 6.000001 7.000000
v 0.499992 6.000002 3.000002
v 1.499992 6.000002 3.000001
v 0.499992 8.000002 2.000002
v 1.499992 8.000002 2.000000
v 0.499992 8.000002 3.000002
v 1.499992 8.000002 3.000001
v -2.500009 3.000002 1.000003
v -2.500010 3.000002 0.000002
v -1.500010 3.000002 0.000002
v -1.500009 3.000002 1.000003
v -1.500003 8.000001 10.000002
v -0.500003 8.000001 10.000002
v -1.500003 8.000001 11.000002
v -0.500003 8.000001 11.000002
v 2.499990 0.000003 -1.000002
v 2.499990 1.000003 -1.000002
v 1.499990 0.000003 -1.000002
v 1.499990 1.000003 -1.000000
v -1.500010 1.000003 -0.999999
v -0.500010 1.000003 -0.999999
v 0.499990 0.000003 -1.000000
v -2.500010 0.000003 -0.999998
v -2.500010 1.000003 -0.999998
v -0.500010 0.000003 -1.000000
v 0.499990 1.000003 -1.000000
v -1.500010 0.000003 -0.999999
v 2.499989 0.000003 -2.000002
v 2.499989 1.000003 -2.000002
v 1.499989 0.000003 -2.000002
v 1.499989 1.000003 -2.000000
v -1.500011 1.000003 -1.999998
v -0.500011 1.000003 -2.000000
v 0.499989 0.000003 -2.000000
v -2.500011 0.000003 -1.999998
v -2.500011 1.000003 -1.999998
v -0.500011 0.000003 -2.000000
v 0.499989 1.000003 -2.000000
v -1.500011 0.000003 -1.999998
v 2.499988 0.000003 -3.000002
v 2.499988 1.000003 -3.000002
v 1.499988 0.000003 -3.000002
v 1.499988 1.000003 -3.000000
v -1.500012 1.000003 -2.999998
v -0.500012 1.000003 -3.000000
v 0.499988 0.000003 -3.000000
v -2.500012 0.000003 -2.999998
v -2.500012 1.000003 -2.999998
v -0.500012 0.000003 -3.000000
v 0.499988 1.000003 -3.000000
v -1.500012 0.000003 -2.999998
v 2.499988 0.000003 -4.000002
v 2.499988 1.000003 -4.000002
v 1.499988 0.000003 -4.000002
v 1.499988 1.000003 -4.000000
v -1.500012 1.000003 -3.999998
v -0.500012 1.000003 -4.000000
v 0.499988 0.000003 -4.000000
v -2.500012 0.000003 -3.999998
v -2.500012 1.000003 -3.999998
v -0.500012 0.000003 -4.000000
v 0.499988 1.000003 -4.000000
v -1.500012 0.000003 -3.999998
v 2.499987 0.000003 -5.000002
v 2.499987 1.000003 -5.000002
v 1.499987 0.000003 -5.000002
v 1.499987 1.000003 -5.000000
v -1.500013 1.000003 -4.999998
v -0.500013 1.000003 -5.000000
v 0.499987 0.000003 -5.000000
v -2.500013 0.000003 -4.999998
v -2.500013 1.000003 -4.999998
v -0.500013 0.000003 -5.000000
v 0.499987 1.000003 -5.000000
v -1.500013 0.000003 -4.999998
v 2.499986 0.000003 -6.000002
v 2.499986 1.000003 -6.000002
v 1.499986 0.000003 -6.000002
v 1.499986 1.000003 -6.000000
v -1.500014 1.000003 -5.999998
v -0.500014 1.000003 -6.000000
v 0.499986 0.000003 -6.000000
v -2.500014 0.000003 -5.999998
v -2.500014 1.000003 -5.999998
v -0.500014 0.000003 -6.000000
v 0.499986 1.000003 -6.000000
v -1.500014 0.000003 -5.999998
v 2.499986 0.000004 -7.000002
v 2.499986 1.000004 -7.000002
v 1.499986 0.000004 -7.000002
v 1.499986 1.000004 -7.000000
v -1.500014 1.000004 -6.999998
v -0.500014 1.000004 -7.000000
v 0.499986 0.000004 -7.000000
v -2.500014 0.000004 -6.999998
v -2.500014 1.000004 -6.999998
v -0.500014 0.000004 -7.000000
v 0.499986 1.000004 -7.000000
v -1.500014 0.000004 -6.999998
v 2.499985 0.000004 -8.000002
v 2.499985 1.000004 -8.000002
v 1.499985 0.000004 -8.000002
v 1.499985 1.000004 -8.000000
v -1.500015 1.000004 -7.999998
v -0.500015 1.000004 -8.000000
v 0.499985 0.000004 -8.000000
v -2.500015 0.000004 -7.999998
v -2.500015 1.000004 -7.999998
v -0.500015 0.000004 -8.000000
v 0.499985 1.000004 -8.000000
v -1.500015 0.000004 -7.999998
v 2.499984 0.000004 -9.000002
v 2.499984 1.000004 -9.000002
v 1.499984 0.000004 -9.000002
v 1.499984 1.000004 -9.000000
v -1.500016 1.000004 -8.999998
v -0.500016 1.000004 -9.000000
v 0.499984 0.000004 -9.000000
v -2.500016 0.000004 -8.999998
v -2.500016 1.000004 -8.999998
v -0.500016 0.000004 -9.000000
v 0.499984 1.000004 -9.000000
v -1.500016 0.000004 -8.999998
v 2.499984 0.000004 -10.000002
v 2.499984 1.000004 -10.000002
v 1.499984 0.000004 -10.000002
v 1.499984 1.000004 -10.000000
v -1.500016 1.000004 -9.999998
v -0.500016 1.000004 -10.000000
v 0.499984 0.000004 -10.000000
v -2.500016 0.000004 -9.999998
v -2.500016 1.000004 -9.999998
v -0.500016 0.000004 -10.000000
v 0.499984 1.000004 -10.000000
v -1.500016 0.000004 -9.999998
v 2.499983 0.000004 -11.000002
v 2.499983 1.000004 -11.000002
v 1.499983 0.000004 -11.000002
v 1.499983 1.000004 -11.000000
v -1.500017 1.000004 -10.999998
v -0.500017 1.000004 -11.000000
v 0.499983 0.000004 -11.000000
v -2.500017 0.000004 -10.999998
v -2.500017 1.000004 -10.999998
v -0.500017 0.000004 -11.000000
v 0.499983 1.000004 -11.000000
v -1.500017 0.000004 -10.999998
v 2.499982 0.000004 -12.000002
v 2.499982 1.000004 -12.000002
v 1.499982 0.000004 -12.000002
v 1.499982 1.000004 -12.000000
v -1.500018 1.000004 -11.999998
v -0.500018 1.000004 -12.000000
v 0.499982 0.000004 -12.000000
v -2.500018 0.000004 -11.999998
v -2.500018 1.000004 -11.999998
v -0.500018 0.000004 -12.000000
v 0.499982 1.000004 -12.000000
v -1.500018 0.000004 -11.999998
v 2.499982 0.000005 -13.000002
v 2.499982 1.000005 -13.000002
v 1.499982 0.000005 -13.000002
v 1.499982 1.000005 -13.000000
v -1.500018 1.000005 -12.999998
v -0.500018 1.000005 -13.000000
v 0.499982 0.000005 -13.000000
v -2.500018 0.000005 -12.999998
v -2.500018 1.000005 -12.999998
v -0.500018 0.000005 -13.000000
v 0.499982 1.000005 -13.000000
v -1.500018 0.000005 -12.999998
v 2.499981 0.000005 -14.000002
v 2.499981 1.000005 -14.000002
v 1.499981 0.000005 -14.000002
v 1.499981 1.000005 -14.000000
v -1.500019 1.000005 -13.999998
v -0.500019 1.000005 -14.000000
v 0.499981 0.000005 -14.000000
v -2.500019 0.000005 -13.999998
v -2.500019 1.000005 -13.999998
v -0.500019 0.000005 -14.000000
v 0.499981 1.000005 -14.000000
v -1.500019 0.000005 -13.999998
v 2.499980 0.000005 -15.000002
v 2.499980 1.000005 -15.000002
v 1.499980 0.000005 -15.000002
v 1.499980 1.000005 -15.000000
v -1.500020 1.000005 -14.999998
v -0.500020 1.000005 -15.000000
v 0.499980 0.000005 -15.000000
v -2.500020 0.000005 -14.999998
v -2.500020 1.000005 -14.999998
v -0.500020 0.000005 -15.000000
v 0.499980 1.000005 -15.000000
v -1.500020 0.000005 -14.999998
v 2.499980 0.000005 -16.000002
v 2.499980 1.000005 -16.000002
v 1.499980 0.000005 -16.000002
v 1.499980 1.000005 -16.000000
v -1.500020 1.000005 -15.999998
v -0.500020 1.000005 -16.000000
v 0.499980 0.000005 -16.000000
v -2.500020 0.000005 -15.999998
v -2.500020 1.000005 -15.999998
v -0.500020 0.000005 -16.000000
v 0.499980 1.000005 -16.000000
v -1.500020 0.000005 -15.999998
v 2.499979 0.000005 -17.000000
v 2.499979 1.000005 -17.000000
v 1.499979 0.000005 -17.000000
v 1.499979 1.000005 -17.000000
v -1.500021 1.000005 -16.999998
v -0.500021 1.000005 -17.000000
v 0.499979 0.000005 -17.000000
v -2.500021 0.000005 -16.999998
v -2.500021 1.000005 -16.999998
v -0.500021 0.000005 -17.000000
v 0.499979 1.000005 -17.000000
v -1.500021 0.000005 -16.999998
v 2.499979 0.000005 -18.000000
v 2.499979 1.000005 -18.000000
v 1.499979 0.000005 -18.000000
v 1.499979 1.000005 -18.000000
v -1.500021 1.000005 -18.000000
v -0.500022 1.000005 -18.000000
v 0.499978 0.000005 -18.000000
v -2.500021 0.000005 -18.000000
v -2.500021 1.000005 -18.000000
v -0.500022 0.000005 -18.000000
v 0.499978 1.000005 -18.000000
v -1.500021 0.000005 -18.000000
v 2.499978 0.000006 -19.000000
v 2.499978 1.000005 -19.000000
v 1.499978 0.000006 -19.000000
v 1.499978 1.000005 -19.000000
v -1.500022 1.000005 -19.000000
v -0.500022 1.000005 -19.000000
v 0.499978 0.000006 -19.000000
v -2.500022 0.000006 -19.000000
v -2.500022 1.000005 -19.000000
v -0.500022 0.000006 -19.000000
v 0.499978 1.000005 -19.000000
v -1.500022 0.000006 -19.000000
v 2.499977 0.000006 -20.000000
v 2.499977 1.000006 -20.000000
v 1.499977 0.000006 -20.000000
v 1.499977 1.000006 -20.000000
v -1.500023 1.000006 -20.000000
v -0.500023 1.000006 -20.000000
v 0.499977 0.000006 -20.000000
v -2.500023 0.000006 -20.000000
v -2.500023 1.000006 -20.000000
v -0.500023 0.000006 -20.000000
v 0.499977 1.000006 -20.000000
v -1.500023 0.000006 -20.000000
v 2.499977 0.000006 -21.000000
v 2.499977 1.000006 -21.000000
v 1.499977 0.000006 -21.000000
v 1.499977 1.000006 -21.000000
v -1.500023 1.000006 -21.000000
v -0.500023 1.000006 -21.000000
v 0.499977 0.000006 -21.000000
v -2.500023 0.000006 -21.000000
v -2.500023 1.000006 -21.000000
v -0.500023 0.000006 -21.000000
v 0.499977 1.000006 -21.000000
v -1.500023 0.000006 -21.000000
v 2.499976 0.000006 -22.000000
v 2.499976 1.000006 -22.000000
v 1.499976 0.000006 -22.000000
v -1.500024 1.000006 -22.000000
v -0.500024 1.000006 -22.000000
v 0.499976 0.000006 -22.000000
v -2.500024 0.000006 -22.000000
v -2.500024 1.000006 -22.000000
v -0.500024 0.000006 -22.000000
v 0.499976 1.000006 -22.000000
v -1.500024 0.000006 -22.000000
v 2.499975 0.000006 -23.000000
v 2.499975 1.000006 -23.000000
v 1.499975 0.000006 -23.000000
v -1.500025 1.000006 -23.000000
v 0.499975 0.000006 -23.000000
v -2.500025 0.000006 -23.000000
v -2.500025 1.000006 -23.000000
v -0.500025 0.000006 -23.000000
v 0.499975 1.000006 -23.000000
v -1.500025 0.000006 -23.000000
v 2.499974 0.000006 -24.000000
v 2.499974 1.000006 -24.000000
v 1.499975 0.000006 -24.000000
v 1.499975 1.000006 -24.000000
v -1.500025 1.000006 -24.000000
v -0.500025 1.000006 -24.000000
v 0.499975 0.000006 -24.000000
v -2.500026 0.000006 -24.000000
v -2.500026 1.000006 -24.000000
v -0.500025 0.000006 -24.000000
v 0.499975 1.000006 -24.000000
v -1.500025 0.000006 -24.000000
v 2.499974 0.000007 -25.000000
v 1.499974 0.000007 -25.000000
v 1.499974 1.000007 -25.000000
v 0.499974 0.000007 -25.000000
v -2.500026 0.000007 -25.000000
v -0.500026 0.000007 -25.000000
v 0.499974 1.000007 -25.000000
v -1.500026 0.000007 -25.000000
v 2.499973 0.000007 -26.000000
v 1.499973 0.000007 -26.000000
v -0.500027 1.000007 -26.000000
v 0.499973 0.000007 -26.000000
v -2.500027 0.000007 -26.000000
v -0.500027 0.000007 -26.000000
v 0.499973 1.000007 -26.000000
v -1.500027 0.000007 -26.000000
v 2.499973 0.000007 -27.000000
v 2.499973 1.000007 -27.000000
v 1.499973 0.000007 -27.000000
v 1.499973 1.000007 -27.000000
v -1.500027 1.000007 -27.000000
v -0.500027 1.000007 -27.000000
v 0.499973 0.000007 -27.000000
v -2.500027 0.000007 -27.000000
v -2.500027 1.000007 -27.000000
v -0.500027 0.000007 -27.000000
v 0.499973 1.000007 -27.000000
v -1.500027 0.000007 -27.000000
v 2.499972 0.000007 -28.000000
v 2.499972 1.000007 -28.000000
v 1.499972 0.000007 -28.000000
v 1.499972 1.000007 -28.000000
v -1.500028 1.000007 -28.000000
v -0.500028 1.000007 -28.000000
v 0.499972 0.000007 -28.000000
v -2.500028 0.000007 -28.000000
v -2.500028 1.000007 -28.000000
v -0.500028 0.000007 -28.000000
v 0.499972 1.000007 -28.000000
v -1.500028 0.000007 -28.000000
v 2.499971 0.000007 -29.000000
v 2.499971 1.000007 -29.000000
v 1.499971 0.000007 -29.000000
v 0.499971 0.000007 -29.000000
v -2.500029 0.000007 -29.000000
v -2.500029 1.000007 -29.000000
v -0.500029 0.000007 -29.000000
v 0.499971 1.000007 -29.000000
v -1.500029 0.000007 -29.000000
v 2.499971 0.000007 -30.000000
v 2.499971 1.000007 -30.000000
v 1.499971 0.000007 -30.000000
v 1.499971 1.000007 -30.000000
v 0.499971 0.000007 -30.000000
v -2.500029 0.000007 -30.000000
v -2.500029 1.000007 -30.000000
v -0.500029 0.000007 -30.000000
v -1.500029 0.000007 -30.000000
v 0.499994 6.000001 6.000001
v 0.499993 6.000002 4.000001
v 1.499994 6.000001 6.000000
v 1.499993 6.000002 4.000000
v 0.499994 8.000002 6.000001
v 0.499993 8.000002 5.000001
v 0.499993 8.000002 4.000001
v 1.499994 8.000002 6.000000
v 1.499993 8.000002 5.000000
v 1.499993 8.000002 4.000000
v -1.500012 8.000003 -2.999998
v -1.500012 8.000003 -3.999998
v -2.500012 8.000003 -2.999996
v -2.500012 8.000003 -3.999996
v -1.500012 6.000003 -3.999998
v -1.500012 6.000003 -2.999998
v 0.499988 6.000003 -4.000000
v 0.499988 6.000003 -3.000000
v -2.500014 8.000004 -5.999996
v -1.500014 8.000004 -5.999998
v -2.500014 7.000003 -5.999998
v -1.500014 7.000003 -5.999998
v 2.499987 7.000003 -5.000000
v 1.499987 7.000003 -5.000000
v -1.500013 7.000003 -4.999998
v -0.500013 7.000003 -4.999998
v 0.499986 7.000003 -6.000000
v 0.499987 7.000003 -5.000000
v 1.499986 7.000003 -6.000000
v -2.500013 7.000003 -4.999998
v 2.499986 7.000003 -6.000000
v -0.500014 7.000003 -5.999998
v 2.499985 6.000004 -8.000000
v 1.499985 6.000004 -8.000000
v -1.500015 6.000004 -7.999998
v -0.500015 10.000004 -7.999998
v -2.500015 6.000004 -7.999998
v 0.499985 10.000004 -7.999998
v 2.499984 6.000004 -9.000000
v 1.499984 6.000004 -9.000000
v -1.500016 6.000004 -8.999998
v -0.500016 10.000004 -8.999998
v -2.500016 6.000004 -8.999998
v 0.499984 10.000004 -8.999998
v 1.499983 7.000004 -11.000000
v -1.500017 7.000004 -10.999998
v -0.500017 4.786530 -10.999998
v -0.500018 4.786530 -11.999998
v 0.499983 4.786530 -11.000000
v 0.499982 4.786530 -12.000000
v 1.499982 7.000004 -12.000000
v -1.500018 7.000004 -11.999998
v 2.499983 9.000004 -11.000000
v 1.499983 9.000004 -11.000000
v 2.499982 9.000005 -12.000000
v 1.499982 9.000005 -12.000000
v -2.500017 12.000004 -10.999996
v -1.500017 12.000004 -10.999996
v -2.500018 12.000005 -11.999996
v -1.500018 12.000005 -11.999996
v -0.500020 4.000005 -15.999998
v -0.500020 5.000005 -15.999998
v 0.499980 4.000005 -16.000000
v 0.499980 3.000005 -16.000000
v 0.499980 3.000005 -15.000000
v 0.499980 4.000005 -15.000000
v -0.500020 5.000005 -14.999998
v -0.500020 4.000005 -14.999998
v 2.499980 4.000005 -16.000002
v 2.499980 3.000005 -16.000002
v 2.499980 3.000005 -15.000002
v 2.499980 4.000005 -15.000002
v -2.500020 4.000005 -15.999998
v -2.500020 5.000005 -15.999998
v -2.500020 5.000005 -14.999998
v -2.500020 4.000005 -14.999998
v 2.499980 2.000005 -15.000002
v 1.499980 2.000005 -15.000000
v 2.499980 2.000005 -16.000002
v 1.499980 2.000005 -16.000000
v -2.500020 3.000005 -14.999998
v -1.500020 3.000005 -14.999998
v -1.500020 3.000005 -15.999998
v -2.500020 3.000005 -15.999998
v -0.500020 15.000005 -14.999998
v -0.500020 15.000005 -15.999998
v 0.499980 15.000005 -14.999998
v 0.499980 15.000005 -15.999998
v 0.499980 12.000005 -14.999998
v 0.499980 13.000005 -14.999998
v 0.499980 14.000005 -14.999998
v -0.500020 14.000005 -14.999998
v -0.500020 13.000005 -14.999998
v -0.500020 12.000005 -14.999998
v -0.500020 14.000005 -15.999998
v 0.499980 14.000005 -15.999998
v -2.500020 15.000005 -14.999996
v -2.500020 15.000005 -15.999996
v -2.500020 14.000005 -15.999996
v -2.500020 14.000005 -14.999996
v 2.499980 15.000005 -15.000000
v 2.499980 15.000005 -16.000000
v 2.499980 14.000005 -15.000000
v 2.499980 14.000005 -16.000000
v -0.500028 15.000007 -27.999996
v 0.499972 15.000007 -27.999996
v -0.500028 14.000007 -27.999996
v 0.499972 14.000007 -27.999996
v -2.500028 14.000007 -27.999996
v -2.500028 15.000007 -27.999996
v 2.499972 15.000007 -28.000000
v 2.499972 14.000007 -28.000000
v -0.500027 15.000007 -26.999996
v -0.500027 15.000007 -25.999996
v -0.500026 15.000007 -24.999996
v -0.500025 15.000007 -23.999996
v -0.500025 15.000006 -22.999996
v -0.500024 15.000006 -21.999996
v -0.500023 15.000006 -20.999996
v -0.500023 15.000006 -19.999996
v -0.500022 15.000006 -18.999996
v -0.500022 15.000006 -17.999996
v -0.500021 15.000005 -16.999998
v 0.499979 15.000005 -16.999998
v 0.499978 15.000006 -17.999996
v 0.499978 15.000006 -18.999996
v 0.499977 15.000006 -19.999996
v 0.499977 15.000006 -20.999996
v 0.499976 15.000006 -21.999996
v 0.499975 15.000006 -22.999996
v 0.499975 15.000007 -23.999996
v 0.499974 15.000007 -24.999996
v 0.499973 15.000007 -25.999996
v 0.499973 15.000007 -26.999996
v -2.500027 15.000007 -26.999996
v -2.500027 15.000007 -25.999996
v -2.500026 15.000007 -24.999996
v -2.500026 15.000007 -23.999996
v -2.500025 15.000006 -22.999996
v -2.500024 15.000006 -21.999996
v -2.500023 15.000006 -20.999996
v -2.500023 15.000006 -19.999996
v -2.500022 15.000006 -18.999996
v -2.500021 15.000006 -17.999996
v -2.500021 15.000005 -16.999996
v 2.499979 15.000005 -17.000000
v 2.499979 15.000006 -18.000000
v 2.499978 15.000006 -19.000000
v 2.499977 15.000006 -20.000000
v 2.499977 15.000006 -21.000000
v 2.499976 15.000006 -22.000000
v 2.499975 15.000006 -23.000000
v 2.499974 15.000007 -24.000000
v 2.499974 15.000007 -25.000000
v 2.499973 15.000007 -26.000000
v 2.499973 15.000007 -27.000000
v -2.500027 14.000007 -26.999996
v -2.500027 14.000007 -25.999996
v -2.500026 14.000007 -24.999996
v -2.500026 14.000007 -23.999996
v -2.500025 14.000006 -22.999996
v -2.500024 14.000006 -21.999996
v -2.500023 14.000006 -20.999996
v -2.500023 14.000006 -19.999996
v -2.500022 14.000006 -18.999996
v -2.500021 14.000006 -17.999996
v -2.500021 14.000005 -16.999996
v 2.499979 14.000005 -17.000000
v 2.499979 14.000006 -18.000000
v 2.499978 14.000006 -19.000000
v 2.499977 14.000006 -20.000000
v 2.499977 14.000006 -21.000000
v 2.499976 14.000006 -22.000000
v 2.499975 14.000006 -23.000000
v 2.499974 14.000007 -24.000000
v 2.499974 14.000007 -25.000000
v 2.499973 14.000007 -26.000000
v 2.499973 14.000007 -27.000000
v 0.499979 14.000005 -16.999998
v 0.499978 14.000006 -17.999996
v 0.499978 14.000006 -18.999996
v 0.499977 14.000006 -19.999996
v 0.499977 14.000006 -20.999996
v 0.499976 14.000006 -21.999996
v 0.499975 14.000006 -22.999996
v 0.499975 14.000007 -23.999996
v 0.499974 14.000007 -24.999996
v 0.499973 14.000007 -25.999996
v 0.499973 14.000007 -26.999996
v -0.500027 14.000007 -26.999996
v -0.500027 14.000007 -25.999996
v -0.500026 14.000007 -24.999996
v -0.500025 14.000007 -23.999996
v -0.500025 14.000006 -22.999996
v -0.500024 14.000006 -21.999996
v -0.500023 14.000006 -20.999996
v -0.500023 14.000006 -19.999996
v -0.500022 14.000006 -18.999996
v -0.500022 14.000006 -17.999996
v -0.500021 14.000005 -16.999998
v 1.499980 14.000005 -14.999998
v 1.499980 15.000005 -14.999998
v 1.499980 15.000005 -15.999998
v 1.499980 14.000005 -15.999998
v 1.499972 15.000007 -28.000000
v 1.499972 14.000007 -28.000000
v 1.499979 14.000005 -16.999998
v 1.499979 14.000006 -18.000000
v 1.499978 14.000006 -19.000000
v 1.499977 14.000006 -20.000000
v 1.499977 14.000006 -21.000000
v 1.499976 14.000006 -22.000000
v 1.499975 14.000006 -23.000000
v 1.499975 14.000007 -24.000000
v 1.499974 14.000007 -25.000000
v 1.499973 14.000007 -26.000000
v 1.499973 14.000007 -27.000000
v 1.499979 15.000005 -16.999998
v 1.499979 15.000006 -18.000000
v 1.499978 15.000006 -19.000000
v 1.499977 15.000006 -20.000000
v 1.499977 15.000006 -21.000000
v 1.499976 15.000006 -22.000000
v 1.499975 15.000006 -23.000000
v 1.499975 15.000007 -24.000000
v 1.499974 15.000007 -25.000000
v 1.499973 15.000007 -26.000000
v 1.499973 15.000007 -27.000000
v -1.500020 14.000005 -15.999996
v -1.500020 15.000005 -15.999996
v -1.500020 15.000005 -14.999996
v -1.500020 14.000005 -14.999996
v -1.500028 14.000007 -27.999996
v -1.500028 15.000007 -27.999996
v -1.500021 14.000005 -16.999996
v -1.500021 14.000006 -17.999996
v -1.500022 14.000006 -18.999996
v -1.500023 14.000006 -19.999996
v -1.500023 14.000006 -20.999996
v -1.500024 14.000006 -21.999996
v -1.500025 14.000006 -22.999996
v -1.500025 14.000007 -23.999996
v -1.500026 14.000007 -24.999996
v -1.500027 14.000007 -25.999996
v -1.500027 14.000007 -26.999996
v -1.500021 15.000005 -16.999996
v -1.500021 15.000006 -17.999996
v -1.500022 15.000006 -18.999996
v -1.500023 15.000006 -19.999996
v -1.500023 15.000006 -20.999996
v -1.500024 15.000006 -21.999996
v -1.500025 15.000006 -22.999996
v -1.500025 15.000007 -23.999996
v -1.500026 15.000007 -24.999996
v -1.500027 15.000007 -25.999996
v -1.500027 15.000007 -26.999996
v -0.500029 15.000008 -29.999996
v 0.499971 15.000008 -29.999996
v -0.500029 14.000008 -29.999996
v 0.499971 14.000008 -29.999996
v -2.500029 14.000008 -29.999996
v -2.500029 15.000008 -29.999996
v -1.500029 14.000008 -29.999996
v -1.500029 15.000008 -29.999996
v 2.499971 15.000008 -30.000000
v 2.499971 14.000008 -30.000000
v 1.499971 15.000008 -30.000000
v 1.499971 14.000008 -30.000000
v 0.499971 15.000008 -28.999996
v 1.499971 14.000008 -29.000000
v 0.499971 14.000008 -28.999996
v -0.500029 14.000008 -28.999996
v -0.500029 15.000008 -28.999996
v 2.499971 14.000008 -29.000000
v 2.499971 15.000008 -29.000000
v -1.500029 14.000008 -28.999996
v -2.500029 15.000008 -28.999996
v -2.500029 14.000008 -28.999996
v 1.499971 15.000008 -29.000000
v -1.500029 15.000008 -28.999996
v 0.499982 12.000005 -12.999998
v 0.499982 13.000005 -12.999998
v -0.500018 13.000005 -12.999998
v -0.500018 12.000005 -12.999998
v -1.500002 8.000001 12.000002
v -0.500002 8.000001 12.000002
v -1.500001 8.000000 13.000002
v -0.500001 8.000000 13.000002
v -0.500025 1.000006 -23.000000
v 1.499976 1.000006 -22.000000
v 1.499975 1.000006 -23.000000
v -0.500026 1.000007 -25.000000
v 2.499974 1.000007 -25.000000
v -2.500026 1.000007 -25.000000
v -1.500026 1.000007 -25.000000
v 1.499973 1.000007 -26.000000
v 2.499973 1.000007 -26.000000
v -2.500027 1.000007 -26.000000
v -1.500027 1.000007 -26.000000
v 1.499971 1.000007 -29.000000
v -0.500029 1.000007 -29.000000
v -1.500029 1.000007 -29.000000
v 0.499971 1.000007 -30.000000
v -0.500029 1.000007 -30.000000
v -1.500029 1.000007 -30.000000
v 0.499976 5.000006 -22.000000
v 2.499974 5.000006 -24.000000
v 1.499975 5.000006 -24.000000
v -0.500027 6.000007 -27.000000
v -1.500027 6.000007 -26.999996
v 1.499973 6.000007 -27.000000
v -1.500028 6.000007 -27.999996
v -2.500026 4.000007 -24.999996
v 2.499974 4.000007 -25.000000
v 0.499974 4.000007 -25.000000
v -0.500026 4.000007 -25.000000
v 1.499974 4.000007 -25.000000
v -1.500026 4.000007 -25.000000
v -0.500027 4.000007 -26.000000
v 0.499973 4.000007 -26.000000
v 1.499973 4.000007 -26.000000
v 2.499973 4.000007 -26.000000
v -2.500027 4.000007 -25.999996
v -1.500027 4.000007 -26.000000
v -0.500028 6.000007 -28.000000
v 1.499972 6.000007 -28.000000
v 0.499971 6.000007 -29.000000
v 1.499971 6.000007 -29.000000
v -0.500029 6.000007 -29.000000
v -1.500029 6.000007 -28.999996
v 0.499971 6.000007 -30.000000
v 1.499971 6.000007 -30.000000
v -0.500029 6.000007 -30.000000
v -1.500029 6.000007 -29.999996
v 0.499977 5.000006 -21.000000
v 1.499977 5.000006 -21.000000
v 0.499977 5.000006 -20.000000
v 1.499977 5.000006 -20.000000
v 0.499978 5.000006 -19.000000
v 1.499978 5.000006 -19.000000
v 0.499978 5.000005 -18.000000
v 1.499979 5.000005 -18.000000
v 1.499975 5.000006 -23.000000
v 2.499975 5.000006 -23.000000
v 1.499976 5.000006 -22.000000
v 2.499976 5.000006 -22.000000
v 2.499973 6.000007 -27.000000
v 2.499972 6.000007 -28.000000
v 0.499972 6.000007 -28.000000
v 0.499973 6.000007 -27.000000
v -2.500027 6.000007 -26.999996
v -2.500028 6.000007 -27.999996
vn -0.0000 1.0000 -0.0000
vn -0.0000 -1.0000 -0.0000
vn 0.9701 0.2425 -0.0000
vn -0.9701 0.2425 -0.0000
vn -0.9113 0.4117 -0.0000
vn 0.9113 0.4117 -0.0000
vt 0.625000 0.500000
vt 0.625000 0.450000
vt 0.625000 0.500000
vt 0.625000 0.450000
vt 0.125000 0.750000
vt 0.875000 0.750000
vt 0.125000 0.500000
vt 0.375000 0.250000
vt 0.625000 0.250000
vt 0.375000 0.750000
vt 0.625000 0.750000
vt 0.375000 0.500000
vt 0.625000 0.500000
vt 0.125000 0.508333
vt 0.125000 0.516667
vt 0.125000 0.525000
vt 0.125000 0.533333
vt 0.125000 0.541667
vt 0.125000 0.550000
vt 0.125000 0.558333
vt 0.125000 0.566667
vt 0.125000 0.575000
vt 0.125000 0.583333
vt 0.125000 0.591667
vt 0.125000 0.600000
vt 0.125000 0.608333
vt 0.125000 0.616667
vt 0.125000 0.625000
vt 0.125000 0.633333
vt 0.125000 0.641667
vt 0.125000 0.650000
vt 0.125000 0.658333
vt 0.125000 0.666667
vt 0.125000 0.675000
vt 0.125000 0.683333
vt 0.125000 0.691667
vt 0.125000 0.700000
vt 0.125000 0.708333
vt 0.125000 0.716667
vt 0.125000 0.725000
vt 0.125000 0.733333
vt 0.125000 0.741667
vt 0.875000 0.741667
vt 0.875000 0.733333
vt 0.875000 0.725000
vt 0.875000 0.716667
vt 0.875000 0.708333
vt 0.875000 0.700000
vt 0.875000 0.691666
vt 0.875000 0.683333
vt 0.875000 0.675000
vt 0.875000 0.666667
vt 0.875000 0.658333
vt 0.875000 0.650000
vt 0.875000 0.641667
vt 0.875000 0.633333
vt 0.875000 0.625000
vt 0.875000 0.616667
vt 0.875000 0.608333
vt 0.875000 0.600000
vt 0.875000 0.591667
vt 0.875000 0.583333
vt 0.875000 0.575000
vt 0.875000 0.566667
vt 0.875000 0.558333
vt 0.875000 0.550000
vt 0.875000 0.541667
vt 0.875000 0.533333
vt 0.875000 0.525000
vt 0.875000 0.516667
vt 0.875000 0.508333
vt 0.375000 0.741667
vt 0.375000 0.733333
vt 0.375000 0.725000
vt 0.375000 0.716667
vt 0.375000 0.708333
vt 0.375000 0.700000
vt 0.375000 0.691666
vt 0.375000 0.683333
vt 0.375000 0.675000
vt 0.375000 0.666667
vt 0.375000 0.658333
vt 0.375000 0.650000
vt 0.375000 0.641667
vt 0.375000 0.633333
vt 0.375000 0.625000
vt 0.375000 0.616667
vt 0.375000 0.608333
vt 0.375000 0.600000
vt 0.375000 0.591667
vt 0.375000 0.583333
vt 0.375000 0.575000
vt 0.375000 0.566667
vt 0.375000 0.558333
vt 0.375000 0.550000
vt 0.375000 0.541667
vt 0.375000 0.533333
vt 0.375000 0.525000
vt 0.375000 0.516667
vt 0.375000 0.508333
vt 0.625000 0.508333
vt 0.625000 0.516667
vt 0.625000 0.525000
vt 0.625000 0.533333
vt 0.625000 0.541667
vt 0.625000 0.550000
vt 0.625000 0.558333
vt 0.625000 0.566667
vt 0.625000 0.575000
vt 0.625000 0.583333
vt 0.625000 0.591667
vt 0.625000 0.600000
vt 0.625000 0.608333
vt 0.625000 0.616667
vt 0.625000 0.625000
vt 0.625000 0.633333
vt 0.625000 0.641667
vt 0.625000 0.650000
vt 0.625000 0.658333
vt 0.625000 0.666667
vt 0.625000 0.675000
vt 0.625000 0.683333
vt 0.625000 0.691667
vt 0.625000 0.700000
vt 0.625000 0.708333
vt 0.625000 0.716667
vt 0.625000 0.725000
vt 0.625000 0.733333
vt 0.625000 0.741667
vt 0.325000 0.500000
vt 0.375000 0.450000
vt 0.275000 0.500000
vt 0.375000 0.400000
vt 0.225000 0.500000
vt 0.375000 0.350000
vt 0.175000 0.500000
vt 0.375000 0.300000
vt 0.825000 0.500000
vt 0.625000 0.300000
vt 0.775000 0.500000
vt 0.625000 0.350000
vt 0.725000 0.500000
vt 0.625000 0.400000
vt 0.675000 0.500000
vt 0.625000 0.450000
vt 0.175000 0.750000
vt 0.225000 0.750000
vt 0.275000 0.750000
vt 0.325000 0.750000
vt 0.675000 0.750000
vt 0.725000 0.750000
vt 0.775000 0.750000
vt 0.825000 0.750000
vt 0.825000 0.508333
vt 0.775000 0.508333
vt 0.725000 0.508333
vt 0.675000 0.508333
vt 0.825000 0.516667
vt 0.775000 0.516667
vt 0.725000 0.516667
vt 0.675000 0.516667
vt 0.825000 0.525000
vt 0.775000 0.525000
vt 0.725000 0.525000
vt 0.675000 0.525000
vt 0.825000 0.533333
vt 0.775000 0.533333
vt 0.725000 0.533333
vt 0.675000 0.533333
vt 0.825000 0.541667
vt 0.775000 0.541667
vt 0.725000 0.541667
vt 0.675000 0.541667
vt 0.825000 0.550000
vt 0.775000 0.550000
vt 0.725000 0.550000
vt 0.675000 0.550000
vt 0.825000 0.558333
vt 0.775000 0.558333
vt 0.725000 0.558333
vt 0.675000 0.558333
vt 0.825000 0.566667
vt 0.775000 0.566667
vt 0.725000 0.566667
vt 0.675000 0.566667
vt 0.825000 0.575000
vt 0.775000 0.575000
vt 0.725000 0.575000
vt 0.675000 0.575000
vt 0.825000 0.583333
vt 0.775000 0.583333
vt 0.725000 0.583333
vt 0.675000 0.583333
vt 0.825000 0.591667
vt 0.775000 0.591667
vt 0.725000 0.591667
vt 0.675000 0.591667
vt 0.825000 0.600000
vt 0.775000 0.600000
vt 0.725000 0.600000
vt 0.675000 0.600000
vt 0.825000 0.608333
vt 0.775000 0.608333
vt 0.725000 0.608333
vt 0.675000 0.608333
vt 0.825000 0.616667
vt 0.775000 0.616667
vt 0.725000 0.616667
vt 0.675000 0.616667
vt 0.825000 0.625000
vt 0.775000 0.625000
vt 0.725000 0.625000
vt 0.675000 0.625000
vt 0.825000 0.633333
vt 0.775000 0.633333
vt 0.725000 0.633333
vt 0.675000 0.633333
vt 0.825000 0.641667
vt 0.775000 0.641667
vt 0.725000 0.641667
vt 0.675000 0.641667
vt 0.825000 0.650000
vt 0.775000 0.650000
vt 0.725000 0.650000
vt 0.675000 0.650000
vt 0.825000 0.658333
vt 0.775000 0.658333
vt 0.725000 0.658333
vt 0.675000 0.658333
vt 0.825000 0.666667
vt 0.775000 0.666667
vt 0.725000 0.666667
vt 0.675000 0.666667
vt 0.825000 0.675000
vt 0.775000 0.675000
vt 0.725000 0.675000
vt 0.675000 0.675000
vt 0.825000 0.683333
vt 0.775000 0.683333
vt 0.725000 0.683333
vt 0.675000 0.683333
vt 0.825000 0.691667
vt 0.775000 0.691667
vt 0.725000 0.691667
vt 0.675000 0.691667
vt 0.825000 0.700000
vt 0.775000 0.700000
vt 0.725000 0.700000
vt 0.675000 0.700000
vt 0.825000 0.708333
vt 0.775000 0.708333
vt 0.725000 0.708333
vt 0.675000 0.708333
vt 0.825000 0.716667
vt 0.775000 0.716667
vt 0.725000 0.716667
vt 0.675000 0.716667
vt 0.825000 0.725000
vt 0.675000 0.725000
vt 0.825000 0.733333
vt 0.675000 0.733333
vt 0.825000 0.741667
vt 0.775000 0.741667
vt 0.725000 0.741667
vt 0.675000 0.741667
vt 0.325000 0.508333
vt 0.275000 0.508333
vt 0.225000 0.508333
vt 0.175000 0.508333
vt 0.325000 0.516667
vt 0.275000 0.516667
vt 0.225000 0.516667
vt 0.175000 0.516667
vt 0.325000 0.525000
vt 0.275000 0.525000
vt 0.225000 0.525000
vt 0.175000 0.525000
vt 0.325000 0.533333
vt 0.275000 0.533333
vt 0.225000 0.533333
vt 0.175000 0.533333
vt 0.325000 0.541667
vt 0.275000 0.541667
vt 0.225000 0.541667
vt 0.175000 0.541667
vt 0.325000 0.550000
vt 0.275000 0.550000
vt 0.225000 0.550000
vt 0.175000 0.550000
vt 0.325000 0.558333
vt 0.275000 0.558333
vt 0.225000 0.558333
vt 0.175000 0.558333
vt 0.325000 0.566667
vt 0.275000 0.566667
vt 0.225000 0.566667
vt 0.175000 0.566667
vt 0.325000 0.575000
vt 0.275000 0.575000
vt 0.225000 0.575000
vt 0.175000 0.575000
vt 0.325000 0.583333
vt 0.275000 0.583333
vt 0.225000 0.583333
vt 0.175000 0.583333
vt 0.325000 0.591667
vt 0.275000 0.591667
vt 0.225000 0.591667
vt 0.175000 0.591667
vt 0.325000 0.600000
vt 0.275000 0.600000
vt 0.225000 0.600000
vt 0.175000 0.600000
vt 0.325000 0.608333
vt 0.275000 0.608333
vt 0.225000 0.608333
vt 0.175000 0.608333
vt 0.325000 0.616667
vt 0.275000 0.616667
vt 0.225000 0.616667
vt 0.175000 0.616667
vt 0.325000 0.625000
vt 0.275000 0.625000
vt 0.225000 0.625000
vt 0.175000 0.625000
vt 0.325000 0.633333
vt 0.275000 0.633333
vt 0.225000 0.633333
vt 0.175000 0.633333
vt 0.325000 0.641667
vt 0.275000 0.641667
vt 0.225000 0.641667
vt 0.175000 0.641667
vt 0.325000 0.650000
vt 0.275000 0.650000
vt 0.225000 0.650000
vt 0.175000 0.650000
vt 0.325000 0.658333
vt 0.275000 0.658333
vt 0.225000 0.658333
vt 0.175000 0.658333
vt 0.325000 0.666667
vt 0.275000 0.666667
vt 0.225000 0.666667
vt 0.175000 0.666667
vt 0.325000 0.675000
vt 0.275000 0.675000
vt 0.225000 0.675000
vt 0.175000 0.675000
vt 0.325000 0.683333
vt 0.275000 0.683333
vt 0.225000 0.683333
vt 0.175000 0.683333
vt 0.325000 0.691667
vt 0.275000 0.691667
vt 0.225000 0.691667
vt 0.175000 0.691667
vt 0.325000 0.700000
vt 0.275000 0.700000
vt 0.225000 0.700000
vt 0.175000 0.700000
vt 0.325000 0.708333
vt 0.275000 0.708333
vt 0.225000 0.708333
vt 0.175000 0.708333
vt 0.325000 0.716667
vt 0.275000 0.716667
vt 0.225000 0.716667
vt 0.175000 0.716667
vt 0.325000 0.725000
vt 0.275000 0.725000
vt 0.225000 0.725000
vt 0.175000 0.725000
vt 0.325000 0.733333
vt 0.275000 0.733333
vt 0.225000 0.733333
vt 0.175000 0.733333
vt 0.325000 0.741667
vt 0.275000 0.741667
vt 0.225000 0.741667
vt 0.175000 0.741667
vt 0.775000 0.725000
vt 0.725000 0.725000
vt 0.775000 0.733333
vt 0.725000 0.733333
vt 0.775000 0.725000
vt 0.725000 0.725000
vt 0.775000 0.733333
vt 0.725000 0.733333
vt 0.875000 0.708333
vt 0.875000 0.700000
vt 0.825000 0.700000
vt 0.775000 0.700000
vt 0.725000 0.700000
vt 0.825000 0.708333
vt 0.775000 0.708333
vt 0.725000 0.708333
vt 0.625000 0.658333
vt 0.625000 0.666667
vt 0.675000 0.658333
vt 0.675000 0.666667
vt 0.825000 0.658333
vt 0.775000 0.658333
vt 0.725000 0.658333
vt 0.825000 0.666667
vt 0.775000 0.666667
vt 0.725000 0.666667
vt 0.625000 0.675000
vt 0.625000 0.683333
vt 0.675000 0.675000
vt 0.675000 0.683333
vt 0.875000 0.666667
vt 0.875000 0.658333
vt 0.825000 0.658333
vt 0.825000 0.666667
vt 0.725000 0.625000
vt 0.675000 0.625000
vt 0.725000 0.633333
vt 0.675000 0.633333
vt 0.875000 0.650000
vt 0.875000 0.641667
vt 0.625000 0.641667
vt 0.625000 0.650000
vt 0.675000 0.641667
vt 0.675000 0.650000
vt 0.825000 0.641667
vt 0.775000 0.641667
vt 0.725000 0.641667
vt 0.825000 0.650000
vt 0.775000 0.650000
vt 0.725000 0.650000
vt 0.725000 0.600000
vt 0.675000 0.600000
vt 0.725000 0.608333
vt 0.675000 0.608333
vt 0.725000 0.558333
vt 0.675000 0.558333
vt 0.725000 0.566667
vt 0.675000 0.566667
vt 0.875000 0.575000
vt 0.875000 0.566667
vt 0.825000 0.566667
vt 0.825000 0.575000
vt 0.725000 0.558333
vt 0.675000 0.558333
vt 0.725000 0.558333
vt 0.675000 0.558333
vt 0.725000 0.516667
vt 0.675000 0.516667
vt 0.725000 0.525000
vt 0.675000 0.525000
vt 0.875000 0.508333
vt 0.875000 0.500000
vt 0.825000 0.500000
vt 0.825000 0.508333
vt 0.825000 0.583333
vt 0.775000 0.583333
vt 0.825000 0.591667
vt 0.000000 0.000000
vt 0.000000 0.000000
vt 0.775000 0.591667
vt 0.375000 0.500000
vt 0.625000 0.500000
vt 0.375000 0.450000
vt 0.625000 0.450000
vt 0.625000 0.300000
vt 0.625000 0.350000
vt 0.375000 0.400000
vt 0.375000 0.250000
vt 0.625000 0.250000
vt 0.375000 0.350000
vt 0.625000 0.400000
vt 0.375000 0.300000
vt 0.375000 0.500000
vt 0.625000 0.500000
vt 0.375000 0.450000
vt 0.625000 0.450000
vt 0.625000 0.300000
vt 0.625000 0.350000
vt 0.375000 0.400000
vt 0.375000 0.250000
vt 0.625000 0.250000
vt 0.375000 0.350000
vt 0.625000 0.400000
vt 0.375000 0.300000
vt 0.375000 0.500000
vt 0.625000 0.500000
vt 0.375000 0.450000
vt 0.625000 0.450000
vt 0.625000 0.300000
vt 0.625000 0.350000
vt 0.375000 0.400000
vt 0.375000 0.250000
vt 0.625000 0.250000
vt 0.375000 0.350000
vt 0.625000 0.400000
vt 0.375000 0.300000
vt 0.375000 0.500000
vt 0.625000 0.500000
vt 0.375000 0.450000
vt 0.625000 0.450000
vt 0.625000 0.300000
vt 0.625000 0.350000
vt 0.375000 0.400000
vt 0.375000 0.250000
vt 0.625000 0.250000
vt 0.375000 0.350000
vt 0.625000 0.400000
vt 0.375000 0.300000
vt 0.375000 0.500000
vt 0.625000 0.500000
vt 0.375000 0.450000
vt 0.625000 0.450000
vt 0.625000 0.300000
vt 0.625000 0.350000
vt 0.375000 0.400000
vt 0.375000 0.250000
vt 0.625000 0.250000
vt 0.375000 0.350000
vt 0.625000 0.400000
vt 0.375000 0.300000
vt 0.375000 0.500000
vt 0.625000 0.500000
vt 0.375000 0.450000
vt 0.625000 0.450000
vt 0.625000 0.300000
vt 0.625000 0.350000
vt 0.375000 0.400000
vt 0.375000 0.250000
vt 0.625000 0.250000
vt 0.375000 0.350000
vt 0.625000 0.400000
vt 0.375000 0.300000
vt 0.375000 0.500000
vt 0.625000 0.500000
vt 0.375000 0.450000
vt 0.625000 0.450000
vt 0.625000 0.300000
vt 0.625000 0.350000
vt 0.375000 0.400000
vt 0.375000 0.250000
vt 0.625000 0.250000
vt 0.375000 0.350000
vt 0.625000 0.400000
vt 0.375000 0.300000
vt 0.375000 0.500000
vt 0.625000 0.500000
vt 0.375000 0.450000
vt 0.625000 0.450000
vt 0.625000 0.300000
vt 0.625000 0.350000
vt 0.375000 0.400000
vt 0.375000 0.250000
vt 0.625000 0.250000
vt 0.375000 0.350000
vt 0.625000 0.400000
vt 0.375000 0.300000
vt 0.375000 0.500000
vt 0.625000 0.500000
vt 0.375000 0.450000
vt 0.625000 0.450000
vt 0.625000 0.300000
vt 0.625000 0.350000
vt 0.375000 0.400000
vt 0.375000 0.250000
vt 0.625000 0.250000
vt 0.375000 0.350000
vt 0.625000 0.400000
vt 0.375000 0.300000
vt 0.375000 0.500000
vt 0.625000 0.500000
vt 0.375000 0.450000
vt 0.625000 0.450000
vt 0.625000 0.300000
vt 0.625000 0.350000
vt 0.375000 0.400000
vt 0.375000 0.250000
vt 0.625000 0.250000
vt 0.375000 0.350000
vt 0.625000 0.400000
vt 0.375000 0.300000
vt 0.375000 0.500000
vt 0.625000 0.500000
vt 0.375000 0.450000
vt 0.625000 0.450000
vt 0.625000 0.300000
vt 0.625000 0.350000
vt 0.375000 0.400000
vt 0.375000 0.250000
vt 0.625000 0.250000
vt 0.375000 0.350000
vt 0.625000 0.400000
vt 0.375000 0.300000
vt 0.375000 0.500000
vt 0.625000 0.500000
vt 0.375000 0.450000
vt 0.625000 0.450000
vt 0.625000 0.300000
vt 0.625000 0.350000
vt 0.375000 0.400000
vt 0.375000 0.250000
vt 0.625000 0.250000
vt 0.375000 0.350000
vt 0.625000 0.400000
vt 0.375000 0.300000
vt 0.375000 0.500000
vt 0.625000 0.500000
vt 0.375000 0.450000
vt 0.625000 0.450000
vt 0.625000 0.300000
vt 0.625000 0.350000
vt 0.375000 0.400000
vt 0.375000 0.250000
vt 0.625000 0.250000
vt 0.375000 0.350000
vt 0.625000 0.400000
vt 0.375000 0.300000
vt 0.375000 0.500000
vt 0.625000 0.500000
vt 0.375000 0.450000
vt 0.625000 0.450000
vt 0.625000 0.300000
vt 0.625000 0.350000
vt 0.375000 0.400000
vt 0.375000 0.250000
vt 0.625000 0.250000
vt 0.375000 0.350000
vt 0.625000 0.400000
vt 0.375000 0.300000
vt 0.375000 0.500000
vt 0.625000 0.500000
vt 0.375000 0.450000
vt 0.625000 0.450000
vt 0.625000 0.300000
vt 0.625000 0.350000
vt 0.375000 0.400000
vt 0.375000 0.250000
vt 0.625000 0.250000
vt 0.375000 0.350000
vt 0.625000 0.400000
vt 0.375000 0.300000
vt 0.375000 0.500000
vt 0.625000 0.500000
vt 0.375000 0.450000
vt 0.625000 0.450000
vt 0.625000 0.300000
vt 0.625000 0.350000
vt 0.375000 0.400000
vt 0.375000 0.250000
vt 0.625000 0.250000
vt 0.375000 0.350000
vt 0.625000 0.400000
vt 0.375000 0.300000
vt 0.375000 0.500000
vt 0.625000 0.500000
vt 0.375000 0.450000
vt 0.625000 0.450000
vt 0.625000 0.300000
vt 0.625000 0.350000
vt 0.375000 0.400000
vt 0.375000 0.250000
vt 0.625000 0.250000
vt 0.375000 0.350000
vt 0.625000 0.400000
vt 0.375000 0.300000
vt 0.375000 0.500000
vt 0.625000 0.500000
vt 0.375000 0.450000
vt 0.625000 0.450000
vt 0.625000 0.300000
vt 0.625000 0.350000
vt 0.375000 0.400000
vt 0.375000 0.250000
vt 0.625000 0.250000
vt 0.375000 0.350000
vt 0.625000 0.400000
vt 0.375000 0.300000
vt 0.375000 0.500000
vt 0.625000 0.500000
vt 0.375000 0.450000
vt 0.625000 0.450000
vt 0.625000 0.300000
vt 0.625000 0.350000
vt 0.375000 0.400000
vt 0.375000 0.250000
vt 0.625000 0.250000
vt 0.375000 0.350000
vt 0.625000 0.400000
vt 0.375000 0.300000
vt 0.375000 0.500000
vt 0.625000 0.500000
vt 0.375000 0.450000
vt 0.625000 0.450000
vt 0.625000 0.300000
vt 0.625000 0.350000
vt 0.375000 0.400000
vt 0.375000 0.250000
vt 0.625000 0.250000
vt 0.375000 0.350000
vt 0.625000 0.400000
vt 0.375000 0.300000
vt 0.375000 0.500000
vt 0.625000 0.500000
vt 0.375000 0.450000
vt 0.625000 0.450000
vt 0.625000 0.300000
vt 0.625000 0.350000
vt 0.375000 0.400000
vt 0.375000 0.250000
vt 0.625000 0.250000
vt 0.375000 0.350000
vt 0.625000 0.400000
vt 0.375000 0.300000
vt 0.375000 0.500000
vt 0.625000 0.500000
vt 0.375000 0.450000
vt 0.625000 0.300000
vt 0.625000 0.350000
vt 0.375000 0.400000
vt 0.375000 0.250000
vt 0.625000 0.250000
vt 0.375000 0.350000
vt 0.625000 0.400000
vt 0.375000 0.300000
vt 0.375000 0.500000
vt 0.625000 0.500000
vt 0.375000 0.450000
vt 0.625000 0.300000
vt 0.375000 0.400000
vt 0.375000 0.250000
vt 0.625000 0.250000
vt 0.375000 0.350000
vt 0.625000 0.400000
vt 0.375000 0.300000
vt 0.375000 0.500000
vt 0.625000 0.500000
vt 0.375000 0.450000
vt 0.625000 0.450000
vt 0.625000 0.300000
vt 0.625000 0.350000
vt 0.375000 0.400000
vt 0.375000 0.250000
vt 0.625000 0.250000
vt 0.375000 0.350000
vt 0.625000 0.400000
vt 0.375000 0.300000
vt 0.375000 0.500000
vt 0.375000 0.450000
vt 0.625000 0.450000
vt 0.375000 0.400000
vt 0.375000 0.250000
vt 0.375000 0.350000
vt 0.625000 0.400000
vt 0.375000 0.300000
vt 0.375000 0.500000
vt 0.375000 0.450000
vt 0.625000 0.350000
vt 0.375000 0.400000
vt 0.375000 0.250000
vt 0.375000 0.350000
vt 0.625000 0.400000
vt 0.375000 0.300000
vt 0.375000 0.500000
vt 0.625000 0.500000
vt 0.375000 0.450000
vt 0.625000 0.450000
vt 0.625000 0.300000
vt 0.625000 0.350000
vt 0.375000 0.400000
vt 0.375000 0.250000
vt 0.625000 0.250000
vt 0.375000 0.350000
vt 0.625000 0.400000
vt 0.375000 0.300000
vt 0.375000 0.500000
vt 0.625000 0.500000
vt 0.375000 0.450000
vt 0.625000 0.450000
vt 0.625000 0.300000
vt 0.625000 0.350000
vt 0.375000 0.400000
vt 0.375000 0.250000
vt 0.625000 0.250000
vt 0.375000 0.350000
vt 0.625000 0.400000
vt 0.375000 0.300000
vt 0.375000 0.500000
vt 0.625000 0.500000
vt 0.375000 0.450000
vt 0.375000 0.400000
vt 0.375000 0.250000
vt 0.625000 0.250000
vt 0.375000 0.350000
vt 0.625000 0.400000
vt 0.375000 0.300000
vt 0.375000 0.500000
vt 0.625000 0.500000
vt 0.375000 0.450000
vt 0.625000 0.450000
vt 0.375000 0.400000
vt 0.375000 0.250000
vt 0.625000 0.250000
vt 0.375000 0.350000
vt 0.375000 0.300000
vt 0.725000 0.558333
vt 0.725000 0.558333
vt 0.675000 0.558333
vt 0.675000 0.558333
vt 0.725000 0.558333
vt 0.725000 0.558333
vt 0.725000 0.558333
vt 0.675000 0.558333
vt 0.675000 0.558333
vt 0.675000 0.558333
vt 0.625000 0.300000
vt 0.625000 0.300000
vt 0.625000 0.250000
vt 0.625000 0.250000
vt 0.625000 0.300000
vt 0.625000 0.300000
vt 0.625000 0.300000
vt 0.625000 0.300000
vt 0.625000 0.250000
vt 0.625000 0.300000
vt 0.625000 0.250000
vt 0.625000 0.300000
vt 0.625000 0.500000
vt 0.625000 0.450000
vt 0.625000 0.300000
vt 0.625000 0.350000
vt 0.625000 0.400000
vt 0.625000 0.400000
vt 0.625000 0.450000
vt 0.625000 0.250000
vt 0.625000 0.500000
vt 0.625000 0.350000
vt 0.625000 0.500000
vt 0.625000 0.450000
vt 0.625000 0.300000
vt 0.625000 0.350000
vt 0.625000 0.250000
vt 0.625000 0.400000
vt 0.625000 0.500000
vt 0.625000 0.450000
vt 0.625000 0.300000
vt 0.625000 0.350000
vt 0.625000 0.250000
vt 0.625000 0.400000
vt 0.625000 0.450000
vt 0.625000 0.300000
vt 0.625000 0.350000
vt 0.625000 0.350000
vt 0.625000 0.400000
vt 0.625000 0.400000
vt 0.625000 0.450000
vt 0.625000 0.300000
vt 0.625000 0.500000
vt 0.625000 0.450000
vt 0.625000 0.500000
vt 0.625000 0.450000
vt 0.625000 0.250000
vt 0.625000 0.300000
vt 0.625000 0.250000
vt 0.625000 0.300000
vt 0.625000 0.350000
vt 0.625000 0.350000
vt 0.625000 0.400000
vt 0.625000 0.400000
vt 0.625000 0.400000
vt 0.625000 0.400000
vt 0.625000 0.350000
vt 0.625000 0.350000
vt 0.625000 0.400000
vt 0.625000 0.400000
vt 0.625000 0.400000
vt 0.625000 0.400000
vt 0.625000 0.350000
vt 0.625000 0.350000
vt 0.625000 0.350000
vt 0.625000 0.350000
vt 0.625000 0.500000
vt 0.625000 0.450000
vt 0.625000 0.500000
vt 0.625000 0.450000
vt 0.625000 0.250000
vt 0.625000 0.300000
vt 0.625000 0.300000
vt 0.625000 0.250000
vt 0.625000 0.350000
vt 0.625000 0.350000
vt 0.625000 0.400000
vt 0.625000 0.400000
vt 0.625000 0.400000
vt 0.625000 0.400000
vt 0.625000 0.400000
vt 0.625000 0.350000
vt 0.625000 0.350000
vt 0.625000 0.350000
vt 0.625000 0.350000
vt 0.625000 0.400000
vt 0.625000 0.350000
vt 0.625000 0.350000
vt 0.625000 0.350000
vt 0.625000 0.350000
vt 0.625000 0.400000
vt 0.625000 0.400000
vt 0.625000 0.400000
vt 0.625000 0.400000
vt 0.625000 0.350000
vt 0.625000 0.400000
vt 0.625000 0.350000
vt 0.625000 0.400000
vt 0.625000 0.350000
vt 0.625000 0.350000
vt 0.625000 0.400000
vt 0.625000 0.400000
vt 0.625000 0.350000
vt 0.625000 0.350000
vt 0.625000 0.350000
vt 0.625000 0.350000
vt 0.625000 0.350000
vt 0.625000 0.350000
vt 0.625000 0.350000
vt 0.625000 0.350000
vt 0.625000 0.350000
vt 0.625000 0.350000
vt 0.625000 0.350000
vt 0.625000 0.400000
vt 0.625000 0.400000
vt 0.625000 0.400000
vt 0.625000 0.400000
vt 0.625000 0.400000
vt 0.625000 0.400000
vt 0.625000 0.400000
vt 0.625000 0.400000
vt 0.625000 0.400000
vt 0.625000 0.400000
vt 0.625000 0.400000
vt 0.625000 0.350000
vt 0.625000 0.350000
vt 0.625000 0.350000
vt 0.625000 0.350000
vt 0.625000 0.350000
vt 0.625000 0.350000
vt 0.625000 0.350000
vt 0.625000 0.350000
vt 0.625000 0.350000
vt 0.625000 0.350000
vt 0.625000 0.350000
vt 0.625000 0.400000
vt 0.625000 0.400000
vt 0.625000 0.400000
vt 0.625000 0.400000
vt 0.625000 0.400000
vt 0.625000 0.400000
vt 0.625000 0.400000
vt 0.625000 0.400000
vt 0.625000 0.400000
vt 0.625000 0.400000
vt 0.625000 0.400000
vt 0.625000 0.350000
vt 0.625000 0.350000
vt 0.625000 0.350000
vt 0.625000 0.350000
vt 0.625000 0.350000
vt 0.625000 0.350000
vt 0.625000 0.350000
vt 0.625000 0.350000
vt 0.625000 0.350000
vt 0.625000 0.350000
vt 0.625000 0.350000
vt 0.625000 0.400000
vt 0.625000 0.400000
vt 0.625000 0.400000
vt 0.625000 0.400000
vt 0.625000 0.400000
vt 0.625000 0.400000
vt 0.625000 0.400000
vt 0.625000 0.400000
vt 0.625000 0.400000
vt 0.625000 0.400000
vt 0.625000 0.400000
vt 0.625000 0.400000
vt 0.625000 0.400000
vt 0.625000 0.400000
vt 0.625000 0.400000
vt 0.625000 0.400000
vt 0.625000 0.400000
vt 0.625000 0.400000
vt 0.625000 0.400000
vt 0.625000 0.400000
vt 0.625000 0.400000
vt 0.625000 0.400000
vt 0.625000 0.350000
vt 0.625000 0.350000
vt 0.625000 0.350000
vt 0.625000 0.350000
vt 0.625000 0.350000
vt 0.625000 0.350000
vt 0.625000 0.350000
vt 0.625000 0.350000
vt 0.625000 0.350000
vt 0.625000 0.350000
vt 0.625000 0.350000
vt 0.625000 0.400000
vt 0.625000 0.400000
vt 0.625000 0.400000
vt 0.625000 0.400000
vt 0.625000 0.400000
vt 0.625000 0.400000
vt 0.625000 0.400000
vt 0.625000 0.400000
vt 0.625000 0.400000
vt 0.625000 0.400000
vt 0.625000 0.400000
vt 0.625000 0.400000
vt 0.625000 0.400000
vt 0.625000 0.400000
vt 0.625000 0.400000
vt 0.625000 0.400000
vt 0.625000 0.400000
vt 0.625000 0.400000
vt 0.625000 0.400000
vt 0.625000 0.400000
vt 0.625000 0.400000
vt 0.625000 0.400000
vt 0.625000 0.400000
vt 0.625000 0.400000
vt 0.625000 0.400000
vt 0.625000 0.400000
vt 0.625000 0.400000
vt 0.625000 0.400000
vt 0.625000 0.350000
vt 0.625000 0.350000
vt 0.625000 0.350000
vt 0.625000 0.350000
vt 0.625000 0.350000
vt 0.625000 0.350000
vt 0.625000 0.350000
vt 0.625000 0.350000
vt 0.625000 0.350000
vt 0.625000 0.350000
vt 0.625000 0.350000
vt 0.625000 0.350000
vt 0.625000 0.350000
vt 0.625000 0.350000
vt 0.625000 0.350000
vt 0.625000 0.350000
vt 0.625000 0.350000
vt 0.625000 0.350000
vt 0.625000 0.350000
vt 0.625000 0.350000
vt 0.625000 0.350000
vt 0.625000 0.350000
vt 0.625000 0.350000
vt 0.625000 0.350000
vt 0.625000 0.350000
vt 0.625000 0.350000
vt 0.625000 0.350000
vt 0.625000 0.350000
vt 0.625000 0.350000
vt 0.625000 0.400000
vt 0.625000 0.350000
vt 0.625000 0.400000
vt 0.625000 0.350000
vt 0.625000 0.350000
vt 0.625000 0.350000
vt 0.625000 0.350000
vt 0.625000 0.400000
vt 0.625000 0.400000
vt 0.625000 0.400000
vt 0.625000 0.400000
vt 0.625000 0.400000
vt 0.625000 0.400000
vt 0.625000 0.400000
vt 0.625000 0.350000
vt 0.625000 0.350000
vt 0.625000 0.400000
vt 0.625000 0.400000
vt 0.625000 0.350000
vt 0.625000 0.350000
vt 0.625000 0.350000
vt 0.625000 0.400000
vt 0.625000 0.350000
vt 0.625000 0.400000
vt 0.625000 0.400000
vt 0.625000 0.350000
vt 0.625000 0.350000
vt 0.000000 0.000000
vt 0.000000 0.000000
vt 0.000000 0.000000
vt 0.000000 0.000000
vt 0.625000 0.350000
vt 0.625000 0.450000
vt 0.625000 0.450000
vt 0.625000 0.350000
vt 0.625000 0.500000
vt 0.625000 0.250000
vt 0.000000 0.000000
vt 0.000000 0.000000
vt 0.625000 0.300000
vt 0.625000 0.450000
vt 0.625000 0.500000
vt 0.625000 0.250000
vt 0.000000 0.000000
vt 0.625000 0.300000
vt 0.000000 0.000000
vt 0.625000 0.450000
vt 0.625000 0.350000
vt 0.625000 0.300000
vt 0.625000 0.350000
vt 0.625000 0.400000
vt 0.625000 0.350000
vt 0.625000 0.300000
vt 0.625000 0.350000
vt 0.625000 0.400000
vt 0.000000 0.000000
vt 0.000000 0.000000
vt 0.625000 0.350000
vt 0.625000 0.350000
vt 0.625000 0.400000
vt 0.000000 0.000000
vt 0.625000 0.350000
vt 0.000000 0.000000
vt 0.000000 0.000000
vt 0.000000 0.000000
vt 0.000000 0.000000
vt 0.000000 0.000000
vt 0.000000 0.000000
vt 0.000000 0.000000
vt 0.000000 0.000000
vt 0.000000 0.000000
vt 0.000000 0.000000
vt 0.000000 0.000000
vt 0.000000 0.000000
vt 0.625000 0.350000
vt 0.000000 0.000000
vt 0.625000 0.400000
vt 0.000000 0.000000
vt 0.000000 0.000000
vt 0.000000 0.000000
vt 0.000000 0.000000
vt 0.000000 0.000000
vt 0.000000 0.000000
vt 0.000000 0.000000
vt 0.000000 0.000000
vt 0.000000 0.000000
vt 0.625000 0.400000
vt 0.625000 0.400000
vt 0.625000 0.400000
vt 0.625000 0.400000
vt 0.625000 0.400000
vt 0.625000 0.400000
vt 0.625000 0.400000
vt 0.625000 0.400000
vt 0.000000 0.000000
vt 0.000000 0.000000
vt 0.625000 0.400000
vt 0.000000 0.000000
vt 0.000000 0.000000
vt 0.625000 0.400000
vt 0.625000 0.400000
vt 0.000000 0.000000
vt 0.625000 0.350000
vt 0.625000 0.350000
vt 0.625000 0.350000
vt 0.625000 0.350000
s 0
g off
g SafeGround_SAFEGROUND
usemtl SAFEGROUND
f 1209/1456/7 1210/1457/7 1208/1455/7
s 1
f 1575/1831/8 1570/1826/8 1574/1830/8
f 1472/1728/8 1305/1553/8 1304/1552/8
f 1245/1493/8 1563/1819/8 1567/1823/8
f 1345/1601/8 1577/1833/8 1346/1602/8
s 0
f 1599/1855/7 1602/1858/7 1605/1861/7
f 1527/1783/8 1522/1778/8 1526/1782/8
f 1228/1476/8 1495/1751/8 1499/1755/8
f 1315/1563/7 1383/1639/7 1387/1643/7
f 1412/1668/7 1263/1511/7 1262/1510/7
f 1520/1776/8 1293/1541/8 1292/1540/8
f 1321/1569/7 1407/1663/7 1411/1667/7
f 1379/1635/7 1374/1630/7 1378/1634/7
s 1
f 1489/1745/8 1484/1740/8 1488/1744/8
f 1369/1625/7 1364/1620/7 1368/1624/7
f 1437/1693/7 1432/1688/7 1436/1692/7
f 1349/1605/7 1461/1717/7 1350/1606/7
f 1582/1838/7 1456/1712/7 1458/1714/7
f 1440/1696/7 1256/1504/7 1255/1503/7
f 1564/1820/8 1282/1530/8 1281/1529/8
f 1470/1726/8 1465/1721/8 1469/1725/8
f 1500/1756/8 1298/1546/8 1297/1545/8
f 1212/1459/8 1579/1835/8 1344/1600/8
f 1217/1465/7 1463/1719/7 1348/1604/7
f 1569/1825/8 1564/1820/8 1568/1824/8
s 0
f 1405/1661/7 1400/1656/7 1404/1660/7
f 1230/1478/8 1503/1759/8 1507/1763/8
f 1628/1884/7 1624/1880/7 1627/1883/7
s 1
f 1483/1739/8 1478/1734/8 1482/1738/8
s 0
f 1236/1484/8 1527/1783/8 1531/1787/8
f 1235/1483/8 1523/1779/8 1527/1783/8
f 1237/1485/8 1531/1787/8 1535/1791/8
f 1407/1663/7 1402/1658/7 1406/1662/7
s 1
f 1577/1833/8 1572/1828/8 1576/1832/8
s 0
f 1418/1674/7 1413/1669/7 1417/1673/7
s 1
f 1561/1817/8 1556/1812/8 1560/1816/8
f 1357/1613/7 1352/1608/7 1356/1612/7
s 0
f 1425/1681/7 1420/1676/7 1424/1680/7
f 1497/1753/8 1492/1748/8 1496/1752/8
f 1241/1489/8 1547/1803/8 1551/1807/8
s 1
f 1567/1823/8 1562/1818/8 1566/1822/8
s 0
f 1621/1877/7 1622/1878/7 1623/1879/7
f 1512/1768/8 1295/1543/8 1294/1542/8
s 1
f 1222/1470/8 1471/1727/8 1475/1731/8
s 0
f 1447/1703/7 1442/1698/7 1446/1702/7
s 1
f 1358/1614/7 1353/1609/7 1357/1613/7
s 0
f 1657/1915/7 1654/1910/7 1656/1912/7
s 1
f 1568/1824/8 1281/1529/8 1280/1528/8
s 0
f 1322/1570/7 1411/1667/7 1415/1671/7
s 1
f 1580/1836/7 1452/1708/7 1456/1712/7
f 1553/1809/8 1548/1804/8 1552/1808/8
s 0
f 1498/1754/8 1493/1749/8 1497/1753/8
s 1
f 1649/1905/7 1646/1902/7 1648/1904/7
s 0
f 1233/1481/8 1515/1771/8 1519/1775/8
s 1
f 1457/1713/7 1454/1710/7 1581/1837/7
s 0
f 1528/1784/8 1291/1539/8 1290/1538/8
f 1532/1788/8 1290/1538/8 1289/1537/8
f 1320/1568/7 1403/1659/7 1407/1663/7
s 1
f 1238/1486/8 1535/1791/8 1539/1795/8
s 0
f 1505/1761/8 1500/1756/8 1504/1760/8
s 1
f 1402/1658/7 1397/1653/7 1401/1657/7
s 0
f 1503/1759/8 1498/1754/8 1502/1758/8
f 1597/1853/7 1598/1854/7 1599/1855/7
f 1323/1571/7 1415/1671/7 1419/1675/7
f 1404/1660/7 1265/1513/7 1264/1512/7
f 1538/1794/8 1533/1789/8 1537/1793/8
f 1510/1766/8 1505/1761/8 1509/1765/8
s 1
f 1395/1651/7 1390/1646/7 1394/1650/7
f 1463/1719/7 1583/1839/7 1462/1718/7
s 0
f 1416/1672/7 1262/1510/7 1261/1509/7
f 1400/1656/7 1266/1514/7 1265/1513/7
s 1
f 1332/1580/7 1451/1707/7 1455/1711/7
s 0
f 1557/1813/8 1552/1808/8 1556/1812/8
f 1551/1807/8 1546/1802/8 1550/1806/8
s 1
f 1359/1615/7 1354/1610/7 1358/1614/7
f 1246/1494/8 1567/1823/8 1571/1827/8
f 1443/1699/7 1438/1694/7 1442/1698/7
f 1478/1734/8 1473/1729/8 1477/1733/8
f 1375/1631/7 1370/1626/7 1374/1630/7
s 0
f 1244/1492/8 1559/1815/8 1563/1819/8
s 1
f 1365/1621/7 1360/1616/7 1364/1620/7
f 1309/1557/7 1359/1615/7 1363/1619/7
f 1344/1600/8 1578/1834/8 1345/1601/8
s 0
f 1543/1799/8 1538/1794/8 1542/1798/8
s 1
f 1476/1732/8 1304/1552/8 1303/1551/8
f 1318/1566/7 1395/1651/7 1399/1655/7
f 1432/1688/7 1258/1506/7 1257/1505/7
s 0
f 1623/1879/7 1626/1882/7 1629/1885/7
f 1426/1682/7 1421/1677/7 1425/1681/7
s 1
f 1549/1805/8 1544/1800/8 1548/1804/8
s 0
f 1530/1786/8 1525/1781/8 1529/1785/8
f 1559/1815/8 1554/1810/8 1558/1814/8
s 1
f 1492/1748/8 1300/1548/8 1299/1547/8
f 1566/1822/8 1561/1817/8 1565/1821/8
f 1514/1770/8 1509/1765/8 1513/1769/8
s 0
f 1399/1655/7 1394/1650/7 1398/1654/7
f 1386/1642/7 1381/1637/7 1385/1641/7
s 1
f 1414/1670/7 1409/1665/7 1413/1669/7
s 0
f 1445/1701/7 1440/1696/7 1444/1700/7
s 1
f 1240/1488/8 1543/1799/8 1547/1803/8
f 1466/1722/8 1337/1586/8 1465/1721/8
s 0
f 1427/1683/7 1422/1678/7 1426/1682/7
f 1419/1675/7 1414/1670/7 1418/1674/7
f 1607/1863/7 1608/1864/7 1609/1865/7
s 1
f 1441/1697/7 1436/1692/7 1440/1696/7
f 1479/1735/8 1474/1730/8 1478/1734/8
f 1547/1803/8 1542/1798/8 1546/1802/8
f 1522/1778/8 1517/1773/8 1521/1777/8
f 1354/1610/7 1341/1594/7 1353/1609/7
s 0
f 1627/1883/7 1619/1875/7 1618/1874/7
f 1239/1487/8 1539/1795/8 1543/1799/8
f 1409/1665/7 1404/1660/7 1408/1664/7
f 1433/1689/7 1428/1684/7 1432/1688/7
f 1234/1482/8 1519/1775/8 1523/1779/8
s 1
f 1526/1782/8 1521/1777/8 1525/1781/8
s 0
f 1484/1740/8 1302/1550/8 1301/1549/8
f 1539/1795/8 1534/1790/8 1538/1794/8
f 1534/1790/8 1529/1785/8 1533/1789/8
s 1
f 1456/1712/7 1252/1500/7 1251/1499/7
f 1499/1755/8 1494/1750/8 1498/1754/8
s 0
f 1524/1780/8 1292/1540/8 1291/1539/8
s 1
f 1374/1630/7 1369/1625/7 1373/1629/7
s 0
f 1391/1647/7 1386/1642/7 1390/1646/7
f 1232/1480/8 1511/1767/8 1515/1771/8
s 1
f 1573/1829/8 1568/1824/8 1572/1828/8
f 1362/1618/7 1357/1613/7 1361/1617/7
f 1351/1607/7 1249/1497/7 1213/1460/7
f 1490/1746/8 1485/1741/8 1489/1745/8
f 1579/1835/8 1574/1830/8 1578/1834/8
f 1570/1826/8 1565/1821/8 1569/1825/8
f 1653/1909/7 1651/1907/7 1650/1906/7
s 0
f 1398/1654/7 1393/1649/7 1397/1653/7
f 1392/1648/7 1268/1516/7 1267/1515/7
s 1
f 1377/1633/7 1372/1628/7 1376/1632/7
s 0
f 1542/1798/8 1537/1793/8 1541/1797/8
s 1
f 1637/1893/7 1634/1890/7 1636/1892/7
f 1502/1758/8 1497/1753/8 1501/1757/8
s 0
f 1504/1760/8 1297/1545/8 1296/1544/8
s 1
f 1481/1737/8 1476/1732/8 1480/1736/8
f 1370/1626/7 1365/1621/7 1369/1625/7
f 1461/1717/7 1458/1714/7 1460/1716/7
s 0
f 1372/1628/7 1273/1521/7 1272/1520/7
s 1
f 1227/1475/8 1491/1747/8 1495/1751/8
f 1364/1620/7 1275/1523/7 1274/1522/7
f 1325/1573/7 1423/1679/7 1427/1683/7
f 1360/1616/7 1276/1524/7 1275/1523/7
f 1442/1698/7 1437/1693/7 1441/1697/7
s 0
f 1243/1491/8 1555/1811/8 1559/1815/8
s 1
f 1563/1819/8 1558/1814/8 1562/1818/8
f 1494/1750/8 1489/1745/8 1493/1749/8
f 1571/1827/8 1566/1822/8 1570/1826/8
f 1353/1609/7 1340/1592/7 1352/1608/7
f 1390/1646/7 1385/1641/7 1389/1645/7
s 0
f 1424/1680/7 1260/1508/7 1259/1507/7
f 1394/1650/7 1389/1645/7 1393/1649/7
s 1
f 1459/1715/7 1581/1837/7 1583/1839/7
f 1334/1582/7 1457/1713/7 1459/1715/7
s 0
f 1613/1869/7 1611/1867/7 1610/1866/7
s 1
f 1471/1727/8 1466/1722/8 1470/1726/8
s 0
f 1331/1579/7 1447/1703/7 1451/1707/7
s 1
f 1221/1469/8 1467/1723/8 1471/1727/8
f 1468/1724/8 1306/1554/8 1305/1553/8
s 0
f 1508/1764/8 1296/1544/8 1295/1543/8
s 1
f 1333/1581/7 1455/1711/7 1457/1713/7
f 1473/1729/8 1468/1724/8 1472/1728/8
s 0
f 1376/1632/7 1272/1520/7 1271/1519/7
s 1
f 1231/1479/8 1507/1763/8 1511/1767/8
f 1451/1707/7 1446/1702/7 1450/1706/7
f 1469/1725/8 1464/1720/8 1468/1724/8
f 1307/1555/7 1343/1598/7 1355/1611/7
f 1455/1711/7 1450/1706/7 1454/1710/7
f 1480/1736/8 1303/1551/8 1302/1550/8
f 1460/1716/7 1250/1498/7 1249/1497/7
f 1220/1468/8 1339/1590/8 1467/1723/8
f 1310/1558/7 1363/1619/7 1367/1623/7
s 0
f 1641/1897/7 1639/1895/7 1638/1894/7
f 1446/1702/7 1441/1697/7 1445/1701/7
s 1
f 1247/1495/8 1571/1827/8 1575/1831/8
f 1348/1604/7 1462/1718/7 1349/1605/7
s 0
f 1531/1787/8 1526/1782/8 1530/1786/8
f 1444/1700/7 1255/1503/7 1254/1502/7
s 1
f 1327/1575/7 1431/1687/7 1435/1691/7
f 1581/1837/7 1453/1709/7 1580/1836/7
s 0
f 1595/1851/7 1591/1847/7 1594/1850/7
s 1
f 1329/1577/7 1439/1695/7 1443/1699/7
f 1594/1850/7 1590/1846/7 1593/1849/7
f 1435/1691/7 1430/1686/7 1434/1690/7
f 1434/1690/7 1429/1685/7 1433/1689/7
f 1572/1828/8 1280/1528/8 1279/1527/8
s 0
f 1488/1744/8 1301/1549/8 1300/1548/8
s 1
f 1495/1751/8 1490/1746/8 1494/1750/8
f 1465/1721/8 1336/1584/8 1464/1720/8
f 1367/1623/7 1362/1618/7 1366/1622/7
f 1552/1808/8 1285/1533/8 1284/1532/8
f 1346/1602/8 1576/1832/8 1347/1603/8
s 0
f 1533/1789/8 1528/1784/8 1532/1788/8
s 1
f 1355/1611/7 1342/1596/7 1354/1610/7
f 1554/1810/8 1549/1805/8 1553/1809/8
s 0
f 1556/1812/8 1284/1532/8 1283/1531/8
f 1408/1664/7 1264/1512/7 1263/1511/7
s 1
f 1555/1811/8 1550/1806/8 1554/1810/8
s 0
f 1406/1662/7 1401/1657/7 1405/1661/7
f 1417/1673/7 1412/1668/7 1416/1672/7
f 1516/1772/8 1294/1542/8 1293/1541/8
s 1
f 1541/1797/8 1536/1792/8 1540/1796/8
s 0
f 1413/1669/7 1408/1664/7 1412/1668/7
f 1545/1801/8 1540/1796/8 1544/1800/8
f 1319/1567/7 1399/1655/7 1403/1659/7
s 1
f 1366/1622/7 1361/1617/7 1365/1621/7
s 0
f 1373/1629/7 1368/1624/7 1372/1628/7
f 1313/1561/7 1375/1631/7 1379/1635/7
s 1
f 1229/1477/8 1499/1755/8 1503/1759/8
f 1410/1666/7 1405/1661/7 1409/1665/7
s 0
f 1312/1560/7 1371/1627/7 1375/1631/7
s 1
f 1347/1603/8 1278/1526/8 1216/1464/8
s 0
f 1517/1773/8 1512/1768/8 1516/1772/8
f 1513/1769/8 1508/1764/8 1512/1768/8
s 1
f 1368/1624/7 1274/1522/7 1273/1521/7
s 0
f 1317/1565/7 1391/1647/7 1395/1651/7
f 1523/1779/8 1518/1774/8 1522/1778/8
f 1506/1762/8 1501/1757/8 1505/1761/8
f 1540/1796/8 1288/1536/8 1287/1535/8
f 2001/2259/7 1643/1899/7 2003/2261/7
f 1518/1774/8 1513/1769/8 1517/1773/8
s 1
f 1242/1490/8 1551/1807/8 1555/1811/8
f 1388/1644/7 1269/1517/7 1268/1516/7
f 1544/1800/8 1287/1535/8 1286/1534/8
f 1389/1645/7 1384/1640/7 1388/1644/7
f 1381/1637/7 1376/1632/7 1380/1636/7
f 1475/1731/8 1470/1726/8 1474/1730/8
s 0
f 1605/1861/7 1601/1857/7 1604/1860/7
s 1
f 1314/1562/7 1379/1635/7 1383/1639/7
f 1371/1627/7 1366/1622/7 1370/1626/7
s 0
f 1491/1747/8 1486/1742/8 1490/1746/8
f 1401/1657/7 1396/1652/7 1400/1656/7
s 1
f 1487/1743/8 1482/1738/8 1486/1742/8
s 0
f 1396/1652/7 1267/1515/7 1266/1514/7
s 1
f 1501/1757/8 1496/1752/8 1500/1756/8
f 1350/1606/7 1460/1716/7 1351/1607/7
f 1308/1556/7 1355/1611/7 1359/1615/7
s 0
f 1330/1578/7 1443/1699/7 1447/1703/7
f 1525/1781/8 1520/1776/8 1524/1780/8
s 1
f 1604/1860/7 1600/1856/7 1603/1859/7
f 1223/1471/8 1475/1731/8 1479/1735/8
s 0
f 1535/1791/8 1530/1786/8 1534/1790/8
f 1536/1792/8 1289/1537/8 1288/1536/8
s 1
f 1335/1583/7 1459/1715/7 1463/1719/7
f 1378/1634/7 1373/1629/7 1377/1633/7
s 0
f 1439/1695/7 1434/1690/7 1438/1694/7
s 1
f 1248/1496/8 1575/1831/8 1579/1835/8
s 0
f 1562/1818/8 1557/1813/8 1561/1817/8
s 1
f 1546/1802/8 1541/1797/8 1545/1801/8
s 0
f 1226/1474/8 1487/1743/8 1491/1747/8
f 1521/1777/8 1516/1772/8 1520/1776/8
s 1
f 1224/1472/8 1479/1735/8 1483/1739/8
f 1464/1720/8 1218/1466/8 1306/1554/8
s 0
f 1617/1873/7 1614/1870/7 1616/1872/7
s 1
f 1482/1738/8 1477/1733/8 1481/1737/8
f 1311/1559/7 1367/1623/7 1371/1627/7
f 1452/1708/7 1253/1501/7 1252/1500/7
s 0
f 1411/1667/7 1406/1662/7 1410/1666/7
f 1496/1752/8 1299/1547/8 1298/1546/8
f 1436/1692/7 1257/1505/7 1256/1504/7
f 1558/1814/8 1553/1809/8 1557/1813/8
s 1
f 1474/1730/8 1469/1725/8 1473/1729/8
s 0
f 1548/1804/8 1286/1534/8 1285/1533/8
s 1
f 1578/1834/8 1573/1829/8 1577/1833/8
f 1382/1638/7 1377/1633/7 1381/1637/7
f 1438/1694/7 1433/1689/7 1437/1693/7
f 1458/1714/7 1251/1499/7 1250/1498/7
s 0
f 1593/1849/7 1589/1845/7 1588/1844/7
s 1
f 1454/1710/7 1449/1705/7 1453/1709/7
f 1565/1821/8 1560/1816/8 1564/1820/8
s 0
f 1509/1765/8 1504/1760/8 1508/1764/8
f 1633/1889/7 1630/1886/7 1632/1888/7
s 1
f 1462/1718/7 1582/1838/7 1461/1717/7
f 1550/1806/8 1545/1801/8 1549/1805/8
s 0
f 1560/1816/8 1283/1531/8 1282/1530/8
f 1397/1653/7 1392/1648/7 1396/1652/7
s 1
f 1507/1763/8 1502/1758/8 1506/1762/8
s 0
f 1485/1741/8 1480/1736/8 1484/1740/8
s 1
f 1356/1612/7 1277/1525/7 1276/1524/7
f 1486/1742/8 1481/1737/8 1485/1741/8
f 1453/1709/7 1448/1704/7 1452/1708/7
f 1576/1832/8 1279/1527/8 1278/1526/8
f 1361/1617/7 1356/1612/7 1360/1616/7
f 1316/1564/7 1387/1643/7 1391/1647/7
s 0
f 1529/1785/8 1524/1780/8 1528/1784/8
s 1
f 1380/1636/7 1271/1519/7 1270/1518/7
f 1467/1723/8 1338/1588/8 1466/1722/8
f 1493/1749/8 1488/1744/8 1492/1748/8
f 1387/1643/7 1382/1638/7 1386/1642/7
f 1574/1830/8 1569/1825/8 1573/1829/8
s 0
f 1537/1793/8 1532/1788/8 1536/1792/8
f 1519/1775/8 1514/1770/8 1518/1774/8
f 1629/1885/7 1625/1881/7 1628/1884/7
f 1511/1767/8 1506/1762/8 1510/1766/8
f 1225/1473/8 1483/1739/8 1487/1743/8
f 1385/1641/7 1380/1636/7 1384/1640/7
f 1515/1771/8 1510/1766/8 1514/1770/8
s 1
f 1477/1733/8 1472/1728/8 1476/1732/8
f 1587/1843/7 1584/1840/7 1586/1842/7
s 0
f 1668/1926/7 1675/1933/7 1663/1921/7
f 1667/1925/8 1676/1934/8 1664/1922/8
f 1669/1927/8 1679/1937/8 1667/1925/8
f 1663/1921/7 1674/1932/7 1662/1920/7
f 1219/1467/7 1661/1919/7 1343/1599/7
f 1214/1462/8 1669/1927/8 1339/1591/8
f 1339/1591/8 1667/1925/8 1338/1589/8
f 1338/1589/8 1664/1922/8 1337/1587/8
f 1336/1585/8 1658/1916/8 1218/1466/8
f 1341/1595/7 1662/1920/7 1340/1593/7
f 1342/1597/7 1663/1921/7 1341/1595/7
f 1343/1599/7 1668/1926/7 1342/1597/7
f 1337/1587/8 1660/1918/8 1336/1585/8
f 1340/1593/7 1666/1924/7 1215/1463/7
f 1681/1939/8 1691/1949/8 1679/1937/8
f 1675/1933/7 1686/1944/7 1674/1932/7
f 1674/1932/7 1690/1948/7 1678/1936/7
f 1671/1929/7 1685/1943/7 1673/1931/7
f 1664/1922/8 1672/1930/8 1660/1918/8
f 1660/1918/8 1670/1928/8 1658/1916/8
f 1665/1923/8 1681/1939/8 1669/1927/8
f 1661/1919/7 1680/1938/7 1668/1926/7
f 1659/1917/7 1673/1931/7 1661/1919/7
f 1662/1920/7 1678/1936/7 1666/1924/7
f 1687/1945/7 1698/1956/7 1686/1944/7
f 1683/1941/7 1697/1955/7 1685/1943/7
f 1685/1943/7 1704/1962/7 1692/1950/7
f 1679/1937/8 1688/1946/8 1676/1934/8
f 1680/1938/7 1687/1945/7 1675/1933/7
f 1676/1934/8 1684/1942/8 1672/1930/8
f 1672/1930/8 1682/1940/8 1670/1928/8
f 1677/1935/8 1693/1951/8 1681/1939/8
f 1673/1931/7 1692/1950/7 1680/1938/7
f 1699/1957/7 1710/1968/7 1698/1956/7
f 1698/1956/7 1714/1972/7 1702/1960/7
f 1695/1953/7 1709/1967/7 1697/1955/7
f 1697/1955/7 1716/1974/7 1704/1962/7
f 1693/1951/8 1703/1961/8 1691/1949/8
f 1691/1949/8 1700/1958/8 1688/1946/8
f 1692/1950/7 1699/1957/7 1687/1945/7
f 1688/1946/8 1696/1954/8 1684/1942/8
f 1684/1942/8 1694/1952/8 1682/1940/8
f 1689/1947/8 1705/1963/8 1693/1951/8
f 1713/1971/8 1729/1987/8 1717/1975/8
f 1705/1963/8 1715/1973/8 1703/1961/8
f 1703/1961/8 1712/1970/8 1700/1958/8
f 1704/1962/7 1711/1969/7 1699/1957/7
f 1700/1958/8 1708/1966/8 1696/1954/8
f 1696/1954/8 1706/1964/8 1694/1952/8
f 1701/1959/8 1717/1975/8 1705/1963/8
f 1722/1980/7 1738/1996/7 1726/1984/7
f 1719/1977/7 1733/1991/7 1721/1979/7
f 1721/1979/7 1740/1998/7 1728/1986/7
f 1725/1983/8 1741/1999/8 1729/1987/8
f 1717/1975/8 1727/1985/8 1715/1973/8
f 1715/1973/8 1724/1982/8 1712/1970/8
f 1712/1970/8 1720/1978/8 1708/1966/8
f 1708/1966/8 1718/1976/8 1706/1964/8
f 1734/1992/7 1750/2008/7 1738/1996/7
f 1731/1989/7 1745/2003/7 1733/1991/7
f 1733/1991/7 1752/2010/7 1740/1998/7
f 1737/1995/8 1753/2011/8 1741/1999/8
f 1732/1990/8 1742/2000/8 1730/1988/8
f 1723/1981/7 1734/1992/7 1722/1980/7
f 1729/1987/8 1739/1997/8 1727/1985/8
f 1727/1985/8 1736/1994/8 1724/1982/8
f 1728/1986/7 1735/1993/7 1723/1981/7
f 1724/1982/8 1732/1990/8 1720/1978/8
f 1720/1978/8 1730/1988/8 1718/1976/8
f 1749/2007/8 1765/2023/8 1753/2011/8
f 1744/2002/8 1754/2012/8 1742/2000/8
f 1735/1993/7 1746/2004/7 1734/1992/7
f 1741/1999/8 1751/2009/8 1739/1997/8
f 1739/1997/8 1748/2006/8 1736/1994/8
f 1740/1998/7 1747/2005/7 1735/1993/7
f 1736/1994/8 1744/2002/8 1732/1990/8
f 1755/2013/7 1769/2027/7 1757/2015/7
f 1757/2015/7 1776/2034/7 1764/2022/7
f 1761/2019/8 1777/2035/8 1765/2023/8
f 1756/2014/8 1766/2024/8 1754/2012/8
f 1760/2018/8 1768/2026/8 1756/2014/8
f 1753/2011/8 1763/2021/8 1751/2009/8
f 1751/2009/8 1760/2018/8 1748/2006/8
f 1748/2006/8 1756/2014/8 1744/2002/8
f 1769/2027/7 1788/2046/7 1776/2034/7
f 1773/2031/8 1789/2047/8 1777/2035/8
f 1768/2026/8 1778/2036/8 1766/2024/8
f 1772/2030/8 1780/2038/8 1768/2026/8
f 1776/2034/7 1783/2041/7 1771/2029/7
f 1758/2016/7 1774/2032/7 1762/2020/7
f 1759/2017/7 1770/2028/7 1758/2016/7
f 1765/2023/8 1775/2033/8 1763/2021/8
f 1763/2021/8 1772/2030/8 1760/2018/8
f 1764/2022/7 1771/2029/7 1759/2017/7
f 1785/2043/8 1801/2059/8 1789/2047/8
f 1780/2038/8 1790/2048/8 1778/2036/8
f 1784/2042/8 1792/2050/8 1780/2038/8
f 1787/2045/8 1796/2054/8 1784/2042/8
f 1767/2025/7 1781/2039/7 1769/2027/7
f 1770/2028/7 1786/2044/7 1774/2032/7
f 1771/2029/7 1782/2040/7 1770/2028/7
f 1777/2035/8 1787/2045/8 1775/2033/8
f 1775/2033/8 1784/2042/8 1772/2030/8
f 1792/2050/8 1802/2060/8 1790/2048/8
f 1796/2054/8 1804/2062/8 1792/2050/8
f 1800/2058/7 1807/2065/7 1795/2053/7
f 1799/2057/8 1808/2066/8 1796/2054/8
f 1789/2047/8 1799/2057/8 1787/2045/8
f 1808/2066/8 1816/2074/8 1804/2062/8
f 1812/2070/7 1819/2077/7 1807/2065/7
f 1811/2069/8 1820/2078/8 1808/2066/8
f 1813/2071/8 1823/2081/8 1811/2069/8
f 1797/2055/8 1813/2071/8 1801/2059/8
f 1793/2051/7 1812/2070/7 1800/2058/7
f 1791/2049/7 1805/2063/7 1793/2051/7
f 1794/2052/7 1810/2068/7 1798/2056/7
f 1795/2053/7 1806/2064/7 1794/2052/7
f 1801/2059/8 1811/2069/8 1799/2057/8
f 1824/2082/7 1831/2089/7 1819/2077/7
f 1823/2081/8 1832/2090/8 1820/2078/8
f 1825/2083/8 1835/2093/8 1823/2081/8
f 1819/2077/7 1830/2088/7 1818/2076/7
f 1804/2062/8 1814/2072/8 1802/2060/8
f 1809/2067/8 1825/2083/8 1813/2071/8
f 1805/2063/7 1824/2082/7 1812/2070/7
f 1803/2061/7 1817/2075/7 1805/2063/7
f 1806/2064/7 1822/2080/7 1810/2068/7
f 1807/2065/7 1818/2076/7 1806/2064/7
f 1835/2093/8 1844/2102/8 1832/2090/8
f 1837/2095/8 1847/2105/8 1835/2093/8
f 1831/2089/7 1842/2100/7 1830/2088/7
f 1820/2078/8 1828/2086/8 1816/2074/8
f 1816/2074/8 1826/2084/8 1814/2072/8
f 1821/2079/8 1837/2095/8 1825/2083/8
f 1817/2075/7 1836/2094/7 1824/2082/7
f 1815/2073/7 1829/2087/7 1817/2075/7
f 1818/2076/7 1834/2092/7 1822/2080/7
f 1847/2105/8 1856/2114/8 1844/2102/8
f 1849/2107/8 1859/2117/8 1847/2105/8
f 1843/2101/7 1854/2112/7 1842/2100/7
f 1832/2090/8 1840/2098/8 1828/2086/8
f 1828/2086/8 1838/2096/8 1826/2084/8
f 1833/2091/8 1849/2107/8 1837/2095/8
f 1829/2087/7 1848/2106/7 1836/2094/7
f 1859/2117/8 1868/2126/8 1856/2114/8
f 1861/2119/8 1871/2129/8 1859/2117/8
f 1855/2113/7 1866/2124/7 1854/2112/7
f 1848/2106/7 1855/2113/7 1843/2101/7
f 1844/2102/8 1852/2110/8 1840/2098/8
f 1840/2098/8 1850/2108/8 1838/2096/8
f 1845/2103/8 1861/2119/8 1849/2107/8
f 1841/2099/7 1860/2118/7 1848/2106/7
f 1839/2097/7 1853/2111/7 1841/2099/7
f 1842/2100/7 1858/2116/7 1846/2104/7
f 1873/2131/8 1883/2141/8 1871/2129/8
f 1867/2125/7 1878/2136/7 1866/2124/7
f 1866/2124/7 1882/2140/7 1870/2128/7
f 1860/2118/7 1867/2125/7 1855/2113/7
f 1856/2114/8 1864/2122/8 1852/2110/8
f 1852/2110/8 1862/2120/8 1850/2108/8
f 1857/2115/8 1873/2131/8 1861/2119/8
f 1853/2111/7 1872/2130/7 1860/2118/7
f 1851/2109/7 1865/2123/7 1853/2111/7
f 1854/2112/7 1870/2128/7 1858/2116/7
f 1885/2143/8 1895/2153/8 1883/2141/8
f 1879/2137/7 1890/2148/7 1878/2136/7
f 1878/2136/7 1894/2152/7 1882/2140/7
f 1875/2133/7 1889/2147/7 1877/2135/7
f 1871/2129/8 1880/2138/8 1868/2126/8
f 1872/2130/7 1879/2137/7 1867/2125/7
f 1868/2126/8 1876/2134/8 1864/2122/8
f 1864/2122/8 1874/2132/8 1862/2120/8
f 1869/2127/8 1885/2143/8 1873/2131/8
f 1865/2123/7 1884/2142/7 1872/2130/7
f 1863/2121/7 1877/2135/7 1865/2123/7
f 1891/2149/7 1902/2160/7 1890/2148/7
f 1890/2148/7 1906/2164/7 1894/2152/7
f 1887/2145/7 1901/2159/7 1889/2147/7
f 1889/2147/7 1908/2166/7 1896/2154/7
f 1883/2141/8 1892/2150/8 1880/2138/8
f 1884/2142/7 1891/2149/7 1879/2137/7
f 1880/2138/8 1888/2146/8 1876/2134/8
f 1876/2134/8 1886/2144/8 1874/2132/8
f 1881/2139/8 1897/2155/8 1885/2143/8
f 1877/2135/7 1896/2154/7 1884/2142/7
f 1909/2167/8 1918/2176/8 1907/2165/8
f 1903/2161/7 1913/2171/7 1902/2160/7
f 1902/2160/7 1917/2175/7 1906/2164/7
f 1897/2155/8 1907/2165/8 1895/2153/8
f 1895/2153/8 1904/2162/8 1892/2150/8
f 1896/2154/7 1903/2161/7 1891/2149/7
f 1892/2150/8 1900/2158/8 1888/2146/8
f 1888/2146/8 1898/2156/8 1886/2144/8
f 1893/2151/8 1909/2167/8 1897/2155/8
f 1920/2178/8 1928/2186/8 1918/2176/8
f 1914/2172/7 1924/2182/7 1913/2171/7
f 1913/2171/7 1927/2185/7 1917/2175/7
f 1911/2169/7 2291/2549/7 2290/2548/7
f 1907/2165/8 1915/2173/8 1904/2162/8
f 1908/2166/7 1914/2172/7 1903/2161/7
f 1904/2162/8 1912/2170/8 1900/2158/8
f 1900/2158/8 1910/2168/8 1898/2156/8
f 1905/2163/8 1920/2178/8 1909/2167/8
f 1901/2159/7 1919/2177/7 1908/2166/7
f 1899/2157/7 2290/2548/7 1901/2159/7
f 2289/2547/7 1935/2193/7 1924/2182/7
f 1924/2182/7 1939/2197/7 1927/2185/7
f 1922/2180/7 1934/2192/7 2291/2549/7
f 2291/2549/7 1941/2199/7 1929/2187/7
f 1918/2176/8 1925/2183/8 1915/2173/8
f 1919/2177/7 2289/2547/7 1914/2172/7
f 1915/2173/8 1923/2181/8 1912/2170/8
f 1912/2170/8 1921/2179/8 1910/2168/8
f 1916/2174/8 1930/2188/8 1920/2178/8
f 2290/2548/7 1929/2187/7 1919/2177/7
f 1936/2194/7 2295/2555/7 1935/2193/7
f 1935/2193/7 2294/2552/7 1939/2197/7
f 1932/2190/7 1945/2203/7 1934/2192/7
f 1934/2192/7 1949/2207/7 1941/2199/7
f 1930/2188/8 1940/2198/8 1928/2186/8
f 1928/2186/8 1937/2195/8 1925/2183/8
f 1929/2187/7 1936/2194/7 2289/2547/7
f 1925/2183/8 1933/2191/8 1923/2181/8
f 1923/2181/8 1931/2189/8 1921/2179/8
f 1926/2184/8 1942/2200/8 1930/2188/8
f 2293/2551/7 2296/2556/7 1945/2203/7
f 1945/2203/7 1957/2215/7 1949/2207/7
f 1947/2205/8 1958/2216/8 1950/2208/8
f 1942/2200/8 1948/2206/8 1940/2198/8
f 1940/2198/8 1946/2204/8 1937/2195/8
f 1941/2199/7 2292/2550/7 1936/2194/7
f 1937/2195/8 1944/2202/8 1933/2191/8
f 1933/2191/8 1943/2201/8 1931/2189/8
f 1938/2196/8 1950/2208/8 1942/2200/8
f 2299/2560/7 1967/2225/7 2298/2558/7
f 2297/2557/7 1962/2220/7 2296/2556/7
f 2296/2556/7 1969/2227/7 1957/2215/7
f 1955/2213/8 1970/2228/8 1958/2216/8
f 2292/2550/7 2299/2560/7 2295/2555/7
f 1950/2208/8 1956/2214/8 1948/2206/8
f 1948/2206/8 1954/2212/8 1946/2204/8
f 1949/2207/7 1953/2211/7 2292/2550/7
f 1946/2204/8 1952/2210/8 1944/2202/8
f 1944/2202/8 1951/2209/8 1943/2201/8
f 1963/2221/7 1979/2237/7 1967/2225/7
f 1960/2218/7 1974/2232/7 1962/2220/7
f 1962/2220/7 1981/2239/7 1969/2227/7
f 1966/2224/8 1982/2240/8 1970/2228/8
f 1961/2219/8 1971/2229/8 1959/2217/8
f 1953/2211/7 1963/2221/7 2299/2560/7
f 1958/2216/8 1968/2226/8 1956/2214/8
f 1956/2214/8 1965/2223/8 1954/2212/8
f 1957/2215/7 1964/2222/7 1953/2211/7
f 1954/2212/8 1961/2219/8 1952/2210/8
f 1952/2210/8 1959/2217/8 1951/2209/8
f 1975/2233/7 1988/2246/7 1979/2237/7
f 1972/2230/7 2300/2562/7 1974/2232/7
f 1974/2232/7 1990/2248/7 1981/2239/7
f 1978/2236/8 1991/2249/8 1982/2240/8
f 1973/2231/8 1983/2241/8 1971/2229/8
f 1964/2222/7 1975/2233/7 1963/2221/7
f 1970/2228/8 1980/2238/8 1968/2226/8
f 1968/2226/8 1977/2235/8 1965/2223/8
f 1969/2227/7 1976/2234/7 1964/2222/7
f 1965/2223/8 1973/2231/8 1961/2219/8
f 1984/2242/7 1995/2253/7 2300/2562/7
f 2300/2562/7 2303/2566/7 1990/2248/7
f 1987/2245/8 2000/2258/8 1991/2249/8
f 1985/2243/8 1992/2250/8 1983/2241/8
f 1986/2244/8 1994/2252/8 1985/2243/8
f 1976/2234/7 2302/2564/7 1975/2233/7
f 1982/2240/8 1989/2247/8 1980/2238/8
f 1980/2238/8 1986/2244/8 1977/2235/8
f 1981/2239/7 2301/2563/7 1976/2234/7
f 1977/2235/8 1985/2243/8 1973/2231/8
f 2302/2564/7 1998/2256/7 1988/2246/7
f 1991/2249/8 1999/2257/8 1989/2247/8
f 1989/2247/8 1996/2254/8 1986/2244/8
f 1990/2248/7 2304/2567/7 2301/2563/7
f 1644/1900/7 2004/2262/7 1645/1901/7
f 2007/2265/7 2009/2267/7 2010/2268/7
f 2006/2264/7 2008/2266/7 2009/2267/7
f 2011/2269/7 2014/2272/7 2013/2271/7
f 2016/2274/7 2017/2275/7 2015/2273/7
f 2012/2270/7 2019/2277/7 2014/2272/7
f 2025/2283/7 2021/2279/7 2030/2288/7
f 2023/2281/7 2029/2287/7 2024/2282/7
f 2024/2282/7 2027/2285/7 2028/2286/7
f 2026/2284/7 2022/2280/7 2025/2283/7
f 2028/2286/7 2032/2290/7 2026/2284/7
f 2035/2293/7 2043/2301/7 2037/2295/7
f 2033/2291/7 2040/2298/7 2034/2292/7
f 2034/2292/9 2044/2302/9 2038/2296/9
f 2036/2294/10 2041/2299/10 2035/2293/10
f 2038/2296/7 2042/2300/7 2036/2294/7
f 2049/2307/7 2048/2306/7 2047/2305/7
f 2045/2303/11 2050/2308/11 2049/2307/11
f 2047/2305/12 2052/2310/12 2046/2304/12
f 2053/2311/7 2056/2314/7 2054/2312/7
f 2058/2316/7 2059/2317/7 2057/2315/7
f 2066/2324/7 2069/2327/7 2063/2321/7
f 2064/2322/8 2071/2329/8 2065/2323/8
f 2068/2326/8 2073/2331/8 2061/2319/8
f 2062/2320/7 2075/2333/7 2067/2325/7
f 2077/2335/7 2080/2338/7 2078/2336/7
f 2082/2340/7 2084/2342/7 2081/2339/7
f 2087/2345/7 2086/2344/7 2085/2343/7
f 2156/2414/7 2205/2463/7 2228/2486/7
f 2113/2371/7 2234/2492/7 2256/2514/7
f 2230/2488/7 2097/2355/7 2231/2489/7
f 2232/2490/8 2099/2357/8 2229/2487/8
f 2202/2460/7 2102/2360/7 2203/2461/7
f 2204/2462/8 2103/2361/8 2201/2459/8
f 2134/2392/7 2105/2363/7 2113/2371/7
f 2276/2534/8 2259/2517/8 2272/2530/8
f 2269/2527/7 2257/2515/7 2273/2531/7
f 2095/2353/8 2179/2437/8 2096/2354/8
f 2200/2458/8 2180/2438/8 2179/2437/8
f 2199/2457/8 2181/2439/8 2180/2438/8
f 2198/2456/8 2182/2440/8 2181/2439/8
f 2197/2455/8 2183/2441/8 2182/2440/8
f 2196/2454/8 2184/2442/8 2183/2441/8
f 2194/2452/8 2186/2444/8 2185/2443/8
f 2192/2450/8 2188/2446/8 2187/2445/8
f 2191/2449/8 2189/2447/8 2188/2446/8
f 2099/2357/8 2235/2493/8 2229/2487/8
f 2167/2425/8 2236/2494/8 2235/2493/8
f 2166/2424/8 2237/2495/8 2236/2494/8
f 2165/2423/8 2238/2496/8 2237/2495/8
f 2164/2422/8 2239/2497/8 2238/2496/8
f 2163/2421/8 2240/2498/8 2239/2497/8
f 2162/2420/8 2241/2499/8 2240/2498/8
f 2161/2419/8 2242/2500/8 2241/2499/8
f 2159/2417/8 2244/2502/8 2243/2501/8
f 2158/2416/8 2245/2503/8 2244/2502/8
f 2096/2354/8 2207/2465/8 2204/2462/8
f 2179/2437/8 2208/2466/8 2207/2465/8
f 2180/2438/8 2209/2467/8 2208/2466/8
f 2181/2439/8 2210/2468/8 2209/2467/8
f 2182/2440/8 2211/2469/8 2210/2468/8
f 2183/2441/8 2212/2470/8 2211/2469/8
f 2185/2443/8 2214/2472/8 2213/2471/8
f 2187/2445/8 2216/2474/8 2215/2473/8
f 2188/2446/8 2217/2475/8 2216/2474/8
f 2088/2346/7 2123/2381/7 2086/2344/7
f 2124/2382/7 2122/2380/7 2123/2381/7
f 2125/2383/7 2121/2379/7 2122/2380/7
f 2126/2384/7 2120/2378/7 2121/2379/7
f 2127/2385/7 2119/2377/7 2120/2378/7
f 2128/2386/7 2118/2376/7 2119/2377/7
f 2129/2387/7 2117/2375/7 2118/2376/7
f 2130/2388/7 2116/2374/7 2117/2375/7
f 2131/2389/7 2115/2373/7 2116/2374/7
f 2132/2390/7 2114/2372/7 2115/2373/7
f 2133/2391/7 2113/2371/7 2114/2372/7
f 2086/2344/7 2246/2504/7 2230/2488/7
f 2123/2381/7 2247/2505/7 2246/2504/7
f 2122/2380/7 2248/2506/7 2247/2505/7
f 2121/2379/7 2249/2507/7 2248/2506/7
f 2120/2378/7 2250/2508/7 2249/2507/7
f 2119/2377/7 2251/2509/7 2250/2508/7
f 2118/2376/7 2252/2510/7 2251/2509/7
f 2117/2375/7 2253/2511/7 2252/2510/7
f 2116/2374/7 2254/2512/7 2253/2511/7
f 2115/2373/7 2255/2513/7 2254/2512/7
f 2114/2372/7 2256/2514/7 2255/2513/7
f 2102/2360/7 2218/2476/7 2203/2461/7
f 2146/2404/7 2219/2477/7 2218/2476/7
f 2147/2405/7 2220/2478/7 2219/2477/7
f 2148/2406/7 2221/2479/7 2220/2478/7
f 2149/2407/7 2222/2480/7 2221/2479/7
f 2150/2408/7 2223/2481/7 2222/2480/7
f 2151/2409/7 2224/2482/7 2223/2481/7
f 2152/2410/7 2225/2483/7 2224/2482/7
f 2153/2411/7 2226/2484/7 2225/2483/7
f 2154/2412/7 2227/2485/7 2226/2484/7
f 2155/2413/7 2228/2486/7 2227/2485/7
f 2227/2485/7 2134/2392/7 2133/2391/7
f 2226/2484/7 2133/2391/7 2132/2390/7
f 2225/2483/7 2132/2390/7 2131/2389/7
f 2224/2482/7 2131/2389/7 2130/2388/7
f 2223/2481/7 2130/2388/7 2129/2387/7
f 2222/2480/7 2129/2387/7 2128/2386/7
f 2221/2479/7 2128/2386/7 2127/2385/7
f 2220/2478/7 2127/2385/7 2126/2384/7
f 2219/2477/7 2126/2384/7 2125/2383/7
f 2218/2476/7 2125/2383/7 2124/2382/7
f 2203/2461/7 2124/2382/7 2088/2346/7
f 2216/2474/8 2178/2436/8 2177/2435/8
f 2215/2473/8 2177/2435/8 2176/2434/8
f 2213/2471/8 2175/2433/8 2174/2432/8
f 2212/2470/8 2174/2432/8 2173/2431/8
f 2211/2469/8 2173/2431/8 2172/2430/8
f 2210/2468/8 2172/2430/8 2171/2429/8
f 2209/2467/8 2171/2429/8 2170/2428/8
f 2208/2466/8 2170/2428/8 2169/2427/8
f 2207/2465/8 2169/2427/8 2168/2426/8
f 2204/2462/8 2168/2426/8 2104/2362/8
f 2271/2529/8 2268/2526/8 2270/2528/8
f 2096/2354/8 2201/2459/8 2091/2349/8
f 2087/2345/7 2203/2461/7 2088/2346/7
f 2228/2486/7 2106/2364/7 2134/2392/7
f 2255/2513/7 2135/2393/7 2136/2394/7
f 2254/2512/7 2136/2394/7 2137/2395/7
f 2253/2511/7 2137/2395/7 2138/2396/7
f 2252/2510/7 2138/2396/7 2139/2397/7
f 2251/2509/7 2139/2397/7 2140/2398/7
f 2250/2508/7 2140/2398/7 2141/2399/7
f 2249/2507/7 2141/2399/7 2142/2400/7
f 2248/2506/7 2142/2400/7 2143/2401/7
f 2247/2505/7 2143/2401/7 2144/2402/7
f 2246/2504/7 2144/2402/7 2145/2403/7
f 2230/2488/7 2145/2403/7 2098/2356/7
f 2244/2502/8 2190/2448/8 2191/2449/8
f 2243/2501/8 2191/2449/8 2192/2450/8
f 2241/2499/8 2193/2451/8 2194/2452/8
f 2239/2497/8 2195/2453/8 2196/2454/8
f 2238/2496/8 2196/2454/8 2197/2455/8
f 2237/2495/8 2197/2455/8 2198/2456/8
f 2236/2494/8 2198/2456/8 2199/2457/8
f 2235/2493/8 2199/2457/8 2200/2458/8
f 2229/2487/8 2200/2458/8 2095/2353/8
f 2272/2530/8 2260/2518/8 2271/2529/8
f 2092/2350/8 2229/2487/8 2095/2353/8
f 2086/2344/7 2231/2489/7 2085/2343/7
f 2256/2514/7 2110/2368/7 2135/2393/7
f 2279/2537/7 2258/2516/7 2269/2527/7
f 2280/2538/7 2262/2520/7 2277/2535/7
f 2278/2536/8 2263/2521/8 2276/2534/8
f 2270/2528/8 2266/2524/8 2274/2532/8
f 2275/2533/7 2267/2525/7 2279/2537/7
f 2273/2531/7 2264/2522/7 2280/2538/7
f 2105/2363/7 2280/2538/7 2234/2492/7
f 2111/2369/7 2279/2537/7 2205/2463/7
f 2206/2464/8 2274/2532/8 2112/2370/8
f 2109/2367/8 2276/2534/8 2233/2491/8
f 2234/2492/7 2277/2535/7 2110/2368/7
f 2205/2463/7 2269/2527/7 2106/2364/7
f 2107/2365/8 2271/2529/8 2108/2366/8
f 2108/2366/8 2270/2528/8 2206/2464/8
f 2106/2364/7 2273/2531/7 2105/2363/7
f 2233/2491/8 2272/2530/8 2107/2365/8
f 2089/2347/8 2284/2542/8 2094/2352/8
f 2093/2351/7 2282/2540/7 2090/2348/7
f 1656/1913/7 2286/2544/7 1657/1914/7
f 2285/2543/7 2288/2546/7 2286/2544/7
f 2294/2553/8 2299/2561/8 2295/2554/8
f 2302/2565/8 2304/2567/8 2301/2563/8
f 2318/2583/7 2323/2588/7 2313/2578/7
f 2314/2579/7 2321/2586/7 2317/2582/7
f 2315/2580/7 2319/2584/7 2316/2581/7
f 2329/2596/7 2334/2601/7 2330/2597/7
f 2326/2593/7 2327/2594/7 2349/2617/7
f 2325/2591/7 2330/2597/7 2312/2576/7
f 2328/2595/7 2331/2598/7 2327/2594/7
f 2306/2570/7 2336/2603/7 2345/2612/7
f 2335/2602/7 2338/2605/7 2336/2603/7
f 2337/2604/7 2340/2607/7 2338/2605/7
f 2339/2606/7 2342/2609/7 2340/2607/7
f 2308/2572/7 2344/2611/7 2307/2571/7
f 2343/2610/7 2346/2614/7 2344/2611/7
f 2311/2575/7 2348/2616/7 2326/2592/7
f 2309/2573/7 2349/2618/7 2325/2590/7
f 2312/2577/7 2351/2620/7 2310/2574/7
f 1209/1456/7 1211/1458/7 1210/1457/7
s 1
f 1575/1831/8 1571/1827/8 1570/1826/8
f 1472/1728/8 1468/1724/8 1305/1553/8
f 1245/1493/8 1244/1492/8 1563/1819/8
f 1345/1601/8 1578/1834/8 1577/1833/8
s 0
f 1599/1855/7 1598/1854/7 1602/1858/7
f 1527/1783/8 1523/1779/8 1522/1778/8
f 1228/1476/8 1227/1475/8 1495/1751/8
f 1315/1563/7 1314/1562/7 1383/1639/7
f 1412/1668/7 1408/1664/7 1263/1511/7
f 1520/1776/8 1516/1772/8 1293/1541/8
f 1321/1569/7 1320/1568/7 1407/1663/7
f 1379/1635/7 1375/1631/7 1374/1630/7
s 1
f 1489/1745/8 1485/1741/8 1484/1740/8
f 1369/1625/7 1365/1621/7 1364/1620/7
f 1437/1693/7 1433/1689/7 1432/1688/7
f 1349/1605/7 1462/1718/7 1461/1717/7
f 1582/1838/7 1580/1836/7 1456/1712/7
f 1440/1696/7 1436/1692/7 1256/1504/7
f 1564/1820/8 1560/1816/8 1282/1530/8
f 1470/1726/8 1466/1722/8 1465/1721/8
f 1500/1756/8 1496/1752/8 1298/1546/8
f 1212/1459/8 1248/1496/8 1579/1835/8
f 1217/1465/7 1335/1583/7 1463/1719/7
f 1569/1825/8 1565/1821/8 1564/1820/8
s 0
f 1405/1661/7 1401/1657/7 1400/1656/7
f 1230/1478/8 1229/1477/8 1503/1759/8
f 1628/1884/7 1625/1881/7 1624/1880/7
s 1
f 1483/1739/8 1479/1735/8 1478/1734/8
s 0
f 1236/1484/8 1235/1483/8 1527/1783/8
f 1235/1483/8 1234/1482/8 1523/1779/8
f 1237/1485/8 1236/1484/8 1531/1787/8
f 1407/1663/7 1403/1659/7 1402/1658/7
s 1
f 1577/1833/8 1573/1829/8 1572/1828/8
s 0
f 1418/1674/7 1414/1670/7 1413/1669/7
s 1
f 1561/1817/8 1557/1813/8 1556/1812/8
f 1357/1613/7 1353/1609/7 1352/1608/7
s 0
f 1425/1681/7 1421/1677/7 1420/1676/7
f 1497/1753/8 1493/1749/8 1492/1748/8
f 1241/1489/8 1240/1488/8 1547/1803/8
s 1
f 1567/1823/8 1563/1819/8 1562/1818/8
s 0
f 1621/1877/7 1620/1876/7 1622/1878/7
f 1512/1768/8 1508/1764/8 1295/1543/8
s 1
f 1222/1470/8 1221/1469/8 1471/1727/8
s 0
f 1447/1703/7 1443/1699/7 1442/1698/7
s 1
f 1358/1614/7 1354/1610/7 1353/1609/7
s 0
f 1657/1915/7 1655/1911/7 1654/1910/7
s 1
f 1568/1824/8 1564/1820/8 1281/1529/8
s 0
f 1322/1570/7 1321/1569/7 1411/1667/7
s 1
f 1580/1836/7 1453/1709/7 1452/1708/7
f 1553/1809/8 1549/1805/8 1548/1804/8
s 0
f 1498/1754/8 1494/1750/8 1493/1749/8
s 1
f 1649/1905/7 1647/1903/7 1646/1902/7
s 0
f 1233/1481/8 1232/1480/8 1515/1771/8
s 1
f 1457/1713/7 1455/1711/7 1454/1710/7
s 0
f 1528/1784/8 1524/1780/8 1291/1539/8
f 1532/1788/8 1528/1784/8 1290/1538/8
f 1320/1568/7 1319/1567/7 1403/1659/7
s 1
f 1238/1486/8 1237/1485/8 1535/1791/8
s 0
f 1505/1761/8 1501/1757/8 1500/1756/8
s 1
f 1402/1658/7 1398/1654/7 1397/1653/7
s 0
f 1503/1759/8 1499/1755/8 1498/1754/8
f 1597/1853/7 1596/1852/7 1598/1854/7
f 1323/1571/7 1322/1570/7 1415/1671/7
f 1404/1660/7 1400/1656/7 1265/1513/7
f 1538/1794/8 1534/1790/8 1533/1789/8
f 1510/1766/8 1506/1762/8 1505/1761/8
s 1
f 1395/1651/7 1391/1647/7 1390/1646/7
f 1463/1719/7 1459/1715/7 1583/1839/7
s 0
f 1416/1672/7 1412/1668/7 1262/1510/7
f 1400/1656/7 1396/1652/7 1266/1514/7
s 1
f 1332/1580/7 1331/1579/7 1451/1707/7
s 0
f 1557/1813/8 1553/1809/8 1552/1808/8
f 1551/1807/8 1547/1803/8 1546/1802/8
s 1
f 1359/1615/7 1355/1611/7 1354/1610/7
f 1246/1494/8 1245/1493/8 1567/1823/8
f 1443/1699/7 1439/1695/7 1438/1694/7
f 1478/1734/8 1474/1730/8 1473/1729/8
f 1375/1631/7 1371/1627/7 1370/1626/7
s 0
f 1244/1492/8 1243/1491/8 1559/1815/8
s 1
f 1365/1621/7 1361/1617/7 1360/1616/7
f 1309/1557/7 1308/1556/7 1359/1615/7
f 1344/1600/8 1579/1835/8 1578/1834/8
s 0
f 1543/1799/8 1539/1795/8 1538/1794/8
s 1
f 1476/1732/8 1472/1728/8 1304/1552/8
f 1318/1566/7 1317/1565/7 1395/1651/7
f 1432/1688/7 1428/1684/7 1258/1506/7
s 0
f 1623/1879/7 1622/1878/7 1626/1882/7
f 1426/1682/7 1422/1678/7 1421/1677/7
s 1
f 1549/1805/8 1545/1801/8 1544/1800/8
s 0
f 1530/1786/8 1526/1782/8 1525/1781/8
f 1559/1815/8 1555/1811/8 1554/1810/8
s 1
f 1492/1748/8 1488/1744/8 1300/1548/8
f 1566/1822/8 1562/1818/8 1561/1817/8
f 1514/1770/8 1510/1766/8 1509/1765/8
s 0
f 1399/1655/7 1395/1651/7 1394/1650/7
f 1386/1642/7 1382/1638/7 1381/1637/7
s 1
f 1414/1670/7 1410/1666/7 1409/1665/7
s 0
f 1445/1701/7 1441/1697/7 1440/1696/7
s 1
f 1240/1488/8 1239/1487/8 1543/1799/8
f 1466/1722/8 1338/1588/8 1337/1586/8
s 0
f 1427/1683/7 1423/1679/7 1422/1678/7
f 1419/1675/7 1415/1671/7 1414/1670/7
f 1607/1863/7 1606/1862/7 1608/1864/7
s 1
f 1441/1697/7 1437/1693/7 1436/1692/7
f 1479/1735/8 1475/1731/8 1474/1730/8
f 1547/1803/8 1543/1799/8 1542/1798/8
f 1522/1778/8 1518/1774/8 1517/1773/8
f 1354/1610/7 1342/1596/7 1341/1594/7
s 0
f 1627/1883/7 1624/1880/7 1619/1875/7
f 1239/1487/8 1238/1486/8 1539/1795/8
f 1409/1665/7 1405/1661/7 1404/1660/7
f 1433/1689/7 1429/1685/7 1428/1684/7
f 1234/1482/8 1233/1481/8 1519/1775/8
s 1
f 1526/1782/8 1522/1778/8 1521/1777/8
s 0
f 1484/1740/8 1480/1736/8 1302/1550/8
f 1539/1795/8 1535/1791/8 1534/1790/8
f 1534/1790/8 1530/1786/8 1529/1785/8
s 1
f 1456/1712/7 1452/1708/7 1252/1500/7
f 1499/1755/8 1495/1751/8 1494/1750/8
s 0
f 1524/1780/8 1520/1776/8 1292/1540/8
s 1
f 1374/1630/7 1370/1626/7 1369/1625/7
s 0
f 1391/1647/7 1387/1643/7 1386/1642/7
f 1232/1480/8 1231/1479/8 1511/1767/8
s 1
f 1573/1829/8 1569/1825/8 1568/1824/8
f 1362/1618/7 1358/1614/7 1357/1613/7
f 1351/1607/7 1460/1716/7 1249/1497/7
f 1490/1746/8 1486/1742/8 1485/1741/8
f 1579/1835/8 1575/1831/8 1574/1830/8
f 1570/1826/8 1566/1822/8 1565/1821/8
f 1653/1909/7 1652/1908/7 1651/1907/7
s 0
f 1398/1654/7 1394/1650/7 1393/1649/7
f 1392/1648/7 1388/1644/7 1268/1516/7
s 1
f 1377/1633/7 1373/1629/7 1372/1628/7
s 0
f 1542/1798/8 1538/1794/8 1537/1793/8
s 1
f 1637/1893/7 1635/1891/7 1634/1890/7
f 1502/1758/8 1498/1754/8 1497/1753/8
s 0
f 1504/1760/8 1500/1756/8 1297/1545/8
s 1
f 1481/1737/8 1477/1733/8 1476/1732/8
f 1370/1626/7 1366/1622/7 1365/1621/7
f 1461/1717/7 1582/1838/7 1458/1714/7
s 0
f 1372/1628/7 1368/1624/7 1273/1521/7
s 1
f 1227/1475/8 1226/1474/8 1491/1747/8
f 1364/1620/7 1360/1616/7 1275/1523/7
f 1325/1573/7 1324/1572/7 1423/1679/7
f 1360/1616/7 1356/1612/7 1276/1524/7
f 1442/1698/7 1438/1694/7 1437/1693/7
s 0
f 1243/1491/8 1242/1490/8 1555/1811/8
s 1
f 1563/1819/8 1559/1815/8 1558/1814/8
f 1494/1750/8 1490/1746/8 1489/1745/8
f 1571/1827/8 1567/1823/8 1566/1822/8
f 1353/1609/7 1341/1594/7 1340/1592/7
f 1390/1646/7 1386/1642/7 1385/1641/7
s 0
f 1424/1680/7 1420/1676/7 1260/1508/7
f 1394/1650/7 1390/1646/7 1389/1645/7
s 1
f 1459/1715/7 1457/1713/7 1581/1837/7
f 1334/1582/7 1333/1581/7 1457/1713/7
s 0
f 1613/1869/7 1612/1868/7 1611/1867/7
s 1
f 1471/1727/8 1467/1723/8 1466/1722/8
s 0
f 1331/1579/7 1330/1578/7 1447/1703/7
s 1
f 1221/1469/8 1220/1468/8 1467/1723/8
f 1468/1724/8 1464/1720/8 1306/1554/8
s 0
f 1508/1764/8 1504/1760/8 1296/1544/8
s 1
f 1333/1581/7 1332/1580/7 1455/1711/7
f 1473/1729/8 1469/1725/8 1468/1724/8
s 0
f 1376/1632/7 1372/1628/7 1272/1520/7
s 1
f 1231/1479/8 1230/1478/8 1507/1763/8
f 1451/1707/7 1447/1703/7 1446/1702/7
f 1469/1725/8 1465/1721/8 1464/1720/8
f 1307/1555/7 1219/1467/7 1343/1598/7
f 1455/1711/7 1451/1707/7 1450/1706/7
f 1480/1736/8 1476/1732/8 1303/1551/8
f 1460/1716/7 1458/1714/7 1250/1498/7
f 1220/1468/8 1214/1461/8 1339/1590/8
f 1310/1558/7 1309/1557/7 1363/1619/7
s 0
f 1641/1897/7 1640/1896/7 1639/1895/7
f 1446/1702/7 1442/1698/7 1441/1697/7
s 1
f 1247/1495/8 1246/1494/8 1571/1827/8
f 1348/1604/7 1463/1719/7 1462/1718/7
s 0
f 1531/1787/8 1527/1783/8 1526/1782/8
f 1444/1700/7 1440/1696/7 1255/1503/7
s 1
f 1327/1575/7 1326/1574/7 1431/1687/7
f 1581/1837/7 1454/1710/7 1453/1709/7
s 0
f 1595/1851/7 1592/1848/7 1591/1847/7
s 1
f 1329/1577/7 1328/1576/7 1439/1695/7
f 1594/1850/7 1591/1847/7 1590/1846/7
f 1435/1691/7 1431/1687/7 1430/1686/7
f 1434/1690/7 1430/1686/7 1429/1685/7
f 1572/1828/8 1568/1824/8 1280/1528/8
s 0
f 1488/1744/8 1484/1740/8 1301/1549/8
s 1
f 1495/1751/8 1491/1747/8 1490/1746/8
f 1465/1721/8 1337/1586/8 1336/1584/8
f 1367/1623/7 1363/1619/7 1362/1618/7
f 1552/1808/8 1548/1804/8 1285/1533/8
f 1346/1602/8 1577/1833/8 1576/1832/8
s 0
f 1533/1789/8 1529/1785/8 1528/1784/8
s 1
f 1355/1611/7 1343/1598/7 1342/1596/7
f 1554/1810/8 1550/1806/8 1549/1805/8
s 0
f 1556/1812/8 1552/1808/8 1284/1532/8
f 1408/1664/7 1404/1660/7 1264/1512/7
s 1
f 1555/1811/8 1551/1807/8 1550/1806/8
s 0
f 1406/1662/7 1402/1658/7 1401/1657/7
f 1417/1673/7 1413/1669/7 1412/1668/7
f 1516/1772/8 1512/1768/8 1294/1542/8
s 1
f 1541/1797/8 1537/1793/8 1536/1792/8
s 0
f 1413/1669/7 1409/1665/7 1408/1664/7
f 1545/1801/8 1541/1797/8 1540/1796/8
f 1319/1567/7 1318/1566/7 1399/1655/7
s 1
f 1366/1622/7 1362/1618/7 1361/1617/7
s 0
f 1373/1629/7 1369/1625/7 1368/1624/7
f 1313/1561/7 1312/1560/7 1375/1631/7
s 1
f 1229/1477/8 1228/1476/8 1499/1755/8
f 1410/1666/7 1406/1662/7 1405/1661/7
s 0
f 1312/1560/7 1311/1559/7 1371/1627/7
s 1
f 1347/1603/8 1576/1832/8 1278/1526/8
s 0
f 1517/1773/8 1513/1769/8 1512/1768/8
f 1513/1769/8 1509/1765/8 1508/1764/8
s 1
f 1368/1624/7 1364/1620/7 1274/1522/7
s 0
f 1317/1565/7 1316/1564/7 1391/1647/7
f 1523/1779/8 1519/1775/8 1518/1774/8
f 1506/1762/8 1502/1758/8 1501/1757/8
f 1540/1796/8 1536/1792/8 1288/1536/8
f 2001/2259/7 1642/1898/7 1643/1899/7
f 1518/1774/8 1514/1770/8 1513/1769/8
s 1
f 1242/1490/8 1241/1489/8 1551/1807/8
f 1388/1644/7 1384/1640/7 1269/1517/7
f 1544/1800/8 1540/1796/8 1287/1535/8
f 1389/1645/7 1385/1641/7 1384/1640/7
f 1381/1637/7 1377/1633/7 1376/1632/7
f 1475/1731/8 1471/1727/8 1470/1726/8
s 0
f 1605/1861/7 1602/1858/7 1601/1857/7
s 1
f 1314/1562/7 1313/1561/7 1379/1635/7
f 1371/1627/7 1367/1623/7 1366/1622/7
s 0
f 1491/1747/8 1487/1743/8 1486/1742/8
f 1401/1657/7 1397/1653/7 1396/1652/7
s 1
f 1487/1743/8 1483/1739/8 1482/1738/8
s 0
f 1396/1652/7 1392/1648/7 1267/1515/7
s 1
f 1501/1757/8 1497/1753/8 1496/1752/8
f 1350/1606/7 1461/1717/7 1460/1716/7
f 1308/1556/7 1307/1555/7 1355/1611/7
s 0
f 1330/1578/7 1329/1577/7 1443/1699/7
f 1525/1781/8 1521/1777/8 1520/1776/8
s 1
f 1604/1860/7 1601/1857/7 1600/1856/7
f 1223/1471/8 1222/1470/8 1475/1731/8
s 0
f 1535/1791/8 1531/1787/8 1530/1786/8
f 1536/1792/8 1532/1788/8 1289/1537/8
s 1
f 1335/1583/7 1334/1582/7 1459/1715/7
f 1378/1634/7 1374/1630/7 1373/1629/7
s 0
f 1439/1695/7 1435/1691/7 1434/1690/7
s 1
f 1248/1496/8 1247/1495/8 1575/1831/8
s 0
f 1562/1818/8 1558/1814/8 1557/1813/8
s 1
f 1546/1802/8 1542/1798/8 1541/1797/8
s 0
f 1226/1474/8 1225/1473/8 1487/1743/8
f 1521/1777/8 1517/1773/8 1516/1772/8
s 1
f 1224/1472/8 1223/1471/8 1479/1735/8
f 1464/1720/8 1336/1584/8 1218/1466/8
s 0
f 1617/1873/7 1615/1871/7 1614/1870/7
s 1
f 1482/1738/8 1478/1734/8 1477/1733/8
f 1311/1559/7 1310/1558/7 1367/1623/7
f 1452/1708/7 1448/1704/7 1253/1501/7
s 0
f 1411/1667/7 1407/1663/7 1406/1662/7
f 1496/1752/8 1492/1748/8 1299/1547/8
f 1436/1692/7 1432/1688/7 1257/1505/7
f 1558/1814/8 1554/1810/8 1553/1809/8
s 1
f 1474/1730/8 1470/1726/8 1469/1725/8
s 0
f 1548/1804/8 1544/1800/8 1286/1534/8
s 1
f 1578/1834/8 1574/1830/8 1573/1829/8
f 1382/1638/7 1378/1634/7 1377/1633/7
f 1438/1694/7 1434/1690/7 1433/1689/7
f 1458/1714/7 1456/1712/7 1251/1499/7
s 0
f 1593/1849/7 1590/1846/7 1589/1845/7
s 1
f 1454/1710/7 1450/1706/7 1449/1705/7
f 1565/1821/8 1561/1817/8 1560/1816/8
s 0
f 1509/1765/8 1505/1761/8 1504/1760/8
f 1633/1889/7 1631/1887/7 1630/1886/7
s 1
f 1462/1718/7 1583/1839/7 1582/1838/7
f 1550/1806/8 1546/1802/8 1545/1801/8
s 0
f 1560/1816/8 1556/1812/8 1283/1531/8
f 1397/1653/7 1393/1649/7 1392/1648/7
s 1
f 1507/1763/8 1503/1759/8 1502/1758/8
s 0
f 1485/1741/8 1481/1737/8 1480/1736/8
s 1
f 1356/1612/7 1352/1608/7 1277/1525/7
f 1486/1742/8 1482/1738/8 1481/1737/8
f 1453/1709/7 1449/1705/7 1448/1704/7
f 1576/1832/8 1572/1828/8 1279/1527/8
f 1361/1617/7 1357/1613/7 1356/1612/7
f 1316/1564/7 1315/1563/7 1387/1643/7
s 0
f 1529/1785/8 1525/1781/8 1524/1780/8
s 1
f 1380/1636/7 1376/1632/7 1271/1519/7
f 1467/1723/8 1339/1590/8 1338/1588/8
f 1493/1749/8 1489/1745/8 1488/1744/8
f 1387/1643/7 1383/1639/7 1382/1638/7
f 1574/1830/8 1570/1826/8 1569/1825/8
s 0
f 1537/1793/8 1533/1789/8 1532/1788/8
f 1519/1775/8 1515/1771/8 1514/1770/8
f 1629/1885/7 1626/1882/7 1625/1881/7
f 1511/1767/8 1507/1763/8 1506/1762/8
f 1225/1473/8 1224/1472/8 1483/1739/8
f 1385/1641/7 1381/1637/7 1380/1636/7
f 1515/1771/8 1511/1767/8 1510/1766/8
s 1
f 1477/1733/8 1473/1729/8 1472/1728/8
f 1587/1843/7 1585/1841/7 1584/1840/7
s 0
f 1668/1926/7 1680/1938/7 1675/1933/7
f 1667/1925/8 1679/1937/8 1676/1934/8
f 1669/1927/8 1681/1939/8 1679/1937/8
f 1663/1921/7 1675/1933/7 1674/1932/7
f 1219/1467/7 1659/1917/7 1661/1919/7
f 1214/1462/8 1665/1923/8 1669/1927/8
f 1339/1591/8 1669/1927/8 1667/1925/8
f 1338/1589/8 1667/1925/8 1664/1922/8
f 1336/1585/8 1660/1918/8 1658/1916/8
f 1341/1595/7 1663/1921/7 1662/1920/7
f 1342/1597/7 1668/1926/7 1663/1921/7
f 1343/1599/7 1661/1919/7 1668/1926/7
f 1337/1587/8 1664/1922/8 1660/1918/8
f 1340/1593/7 1662/1920/7 1666/1924/7
f 1681/1939/8 1693/1951/8 1691/1949/8
f 1675/1933/7 1687/1945/7 1686/1944/7
f 1674/1932/7 1686/1944/7 1690/1948/7
f 1671/1929/7 1683/1941/7 1685/1943/7
f 1664/1922/8 1676/1934/8 1672/1930/8
f 1660/1918/8 1672/1930/8 1670/1928/8
f 1665/1923/8 1677/1935/8 1681/1939/8
f 1661/1919/7 1673/1931/7 1680/1938/7
f 1659/1917/7 1671/1929/7 1673/1931/7
f 1662/1920/7 1674/1932/7 1678/1936/7
f 1687/1945/7 1699/1957/7 1698/1956/7
f 1683/1941/7 1695/1953/7 1697/1955/7
f 1685/1943/7 1697/1955/7 1704/1962/7
f 1679/1937/8 1691/1949/8 1688/1946/8
f 1680/1938/7 1692/1950/7 1687/1945/7
f 1676/1934/8 1688/1946/8 1684/1942/8
f 1672/1930/8 1684/1942/8 1682/1940/8
f 1677/1935/8 1689/1947/8 1693/1951/8
f 1673/1931/7 1685/1943/7 1692/1950/7
f 1699/1957/7 1711/1969/7 1710/1968/7
f 1698/1956/7 1710/1968/7 1714/1972/7
f 1695/1953/7 1707/1965/7 1709/1967/7
f 1697/1955/7 1709/1967/7 1716/1974/7
f 1693/1951/8 1705/1963/8 1703/1961/8
f 1691/1949/8 1703/1961/8 1700/1958/8
f 1692/1950/7 1704/1962/7 1699/1957/7
f 1688/1946/8 1700/1958/8 1696/1954/8
f 1684/1942/8 1696/1954/8 1694/1952/8
f 1689/1947/8 1701/1959/8 1705/1963/8
f 1713/1971/8 1725/1983/8 1729/1987/8
f 1705/1963/8 1717/1975/8 1715/1973/8
f 1703/1961/8 1715/1973/8 1712/1970/8
f 1704/1962/7 1716/1974/7 1711/1969/7
f 1700/1958/8 1712/1970/8 1708/1966/8
f 1696/1954/8 1708/1966/8 1706/1964/8
f 1701/1959/8 1713/1971/8 1717/1975/8
f 1722/1980/7 1734/1992/7 1738/1996/7
f 1719/1977/7 1731/1989/7 1733/1991/7
f 1721/1979/7 1733/1991/7 1740/1998/7
f 1725/1983/8 1737/1995/8 1741/1999/8
f 1717/1975/8 1729/1987/8 1727/1985/8
f 1715/1973/8 1727/1985/8 1724/1982/8
f 1712/1970/8 1724/1982/8 1720/1978/8
f 1708/1966/8 1720/1978/8 1718/1976/8
f 1734/1992/7 1746/2004/7 1750/2008/7
f 1731/1989/7 1743/2001/7 1745/2003/7
f 1733/1991/7 1745/2003/7 1752/2010/7
f 1737/1995/8 1749/2007/8 1753/2011/8
f 1732/1990/8 1744/2002/8 1742/2000/8
f 1723/1981/7 1735/1993/7 1734/1992/7
f 1729/1987/8 1741/1999/8 1739/1997/8
f 1727/1985/8 1739/1997/8 1736/1994/8
f 1728/1986/7 1740/1998/7 1735/1993/7
f 1724/1982/8 1736/1994/8 1732/1990/8
f 1720/1978/8 1732/1990/8 1730/1988/8
f 1749/2007/8 1761/2019/8 1765/2023/8
f 1744/2002/8 1756/2014/8 1754/2012/8
f 1735/1993/7 1747/2005/7 1746/2004/7
f 1741/1999/8 1753/2011/8 1751/2009/8
f 1739/1997/8 1751/2009/8 1748/2006/8
f 1740/1998/7 1752/2010/7 1747/2005/7
f 1736/1994/8 1748/2006/8 1744/2002/8
f 1755/2013/7 1767/2025/7 1769/2027/7
f 1757/2015/7 1769/2027/7 1776/2034/7
f 1761/2019/8 1773/2031/8 1777/2035/8
f 1756/2014/8 1768/2026/8 1766/2024/8
f 1760/2018/8 1772/2030/8 1768/2026/8
f 1753/2011/8 1765/2023/8 1763/2021/8
f 1751/2009/8 1763/2021/8 1760/2018/8
f 1748/2006/8 1760/2018/8 1756/2014/8
f 1769/2027/7 1781/2039/7 1788/2046/7
f 1773/2031/8 1785/2043/8 1789/2047/8
f 1768/2026/8 1780/2038/8 1778/2036/8
f 1772/2030/8 1784/2042/8 1780/2038/8
f 1776/2034/7 1788/2046/7 1783/2041/7
f 1758/2016/7 1770/2028/7 1774/2032/7
f 1759/2017/7 1771/2029/7 1770/2028/7
f 1765/2023/8 1777/2035/8 1775/2033/8
f 1763/2021/8 1775/2033/8 1772/2030/8
f 1764/2022/7 1776/2034/7 1771/2029/7
f 1785/2043/8 1797/2055/8 1801/2059/8
f 1780/2038/8 1792/2050/8 1790/2048/8
f 1784/2042/8 1796/2054/8 1792/2050/8
f 1787/2045/8 1799/2057/8 1796/2054/8
f 1767/2025/7 1779/2037/7 1781/2039/7
f 1770/2028/7 1782/2040/7 1786/2044/7
f 1771/2029/7 1783/2041/7 1782/2040/7
f 1777/2035/8 1789/2047/8 1787/2045/8
f 1775/2033/8 1787/2045/8 1784/2042/8
f 1792/2050/8 1804/2062/8 1802/2060/8
f 1796/2054/8 1808/2066/8 1804/2062/8
f 1800/2058/7 1812/2070/7 1807/2065/7
f 1799/2057/8 1811/2069/8 1808/2066/8
f 1789/2047/8 1801/2059/8 1799/2057/8
f 1808/2066/8 1820/2078/8 1816/2074/8
f 1812/2070/7 1824/2082/7 1819/2077/7
f 1811/2069/8 1823/2081/8 1820/2078/8
f 1813/2071/8 1825/2083/8 1823/2081/8
f 1797/2055/8 1809/2067/8 1813/2071/8
f 1793/2051/7 1805/2063/7 1812/2070/7
f 1791/2049/7 1803/2061/7 1805/2063/7
f 1794/2052/7 1806/2064/7 1810/2068/7
f 1795/2053/7 1807/2065/7 1806/2064/7
f 1801/2059/8 1813/2071/8 1811/2069/8
f 1824/2082/7 1836/2094/7 1831/2089/7
f 1823/2081/8 1835/2093/8 1832/2090/8
f 1825/2083/8 1837/2095/8 1835/2093/8
f 1819/2077/7 1831/2089/7 1830/2088/7
f 1804/2062/8 1816/2074/8 1814/2072/8
f 1809/2067/8 1821/2079/8 1825/2083/8
f 1805/2063/7 1817/2075/7 1824/2082/7
f 1803/2061/7 1815/2073/7 1817/2075/7
f 1806/2064/7 1818/2076/7 1822/2080/7
f 1807/2065/7 1819/2077/7 1818/2076/7
f 1835/2093/8 1847/2105/8 1844/2102/8
f 1837/2095/8 1849/2107/8 1847/2105/8
f 1831/2089/7 1843/2101/7 1842/2100/7
f 1820/2078/8 1832/2090/8 1828/2086/8
f 1816/2074/8 1828/2086/8 1826/2084/8
f 1821/2079/8 1833/2091/8 1837/2095/8
f 1817/2075/7 1829/2087/7 1836/2094/7
f 1815/2073/7 1827/2085/7 1829/2087/7
f 1818/2076/7 1830/2088/7 1834/2092/7
f 1847/2105/8 1859/2117/8 1856/2114/8
f 1849/2107/8 1861/2119/8 1859/2117/8
f 1843/2101/7 1855/2113/7 1854/2112/7
f 1832/2090/8 1844/2102/8 1840/2098/8
f 1828/2086/8 1840/2098/8 1838/2096/8
f 1833/2091/8 1845/2103/8 1849/2107/8
f 1829/2087/7 1841/2099/7 1848/2106/7
f 1859/2117/8 1871/2129/8 1868/2126/8
f 1861/2119/8 1873/2131/8 1871/2129/8
f 1855/2113/7 1867/2125/7 1866/2124/7
f 1848/2106/7 1860/2118/7 1855/2113/7
f 1844/2102/8 1856/2114/8 1852/2110/8
f 1840/2098/8 1852/2110/8 1850/2108/8
f 1845/2103/8 1857/2115/8 1861/2119/8
f 1841/2099/7 1853/2111/7 1860/2118/7
f 1839/2097/7 1851/2109/7 1853/2111/7
f 1842/2100/7 1854/2112/7 1858/2116/7
f 1873/2131/8 1885/2143/8 1883/2141/8
f 1867/2125/7 1879/2137/7 1878/2136/7
f 1866/2124/7 1878/2136/7 1882/2140/7
f 1860/2118/7 1872/2130/7 1867/2125/7
f 1856/2114/8 1868/2126/8 1864/2122/8
f 1852/2110/8 1864/2122/8 1862/2120/8
f 1857/2115/8 1869/2127/8 1873/2131/8
f 1853/2111/7 1865/2123/7 1872/2130/7
f 1851/2109/7 1863/2121/7 1865/2123/7
f 1854/2112/7 1866/2124/7 1870/2128/7
f 1885/2143/8 1897/2155/8 1895/2153/8
f 1879/2137/7 1891/2149/7 1890/2148/7
f 1878/2136/7 1890/2148/7 1894/2152/7
f 1875/2133/7 1887/2145/7 1889/2147/7
f 1871/2129/8 1883/2141/8 1880/2138/8
f 1872/2130/7 1884/2142/7 1879/2137/7
f 1868/2126/8 1880/2138/8 1876/2134/8
f 1864/2122/8 1876/2134/8 1874/2132/8
f 1869/2127/8 1881/2139/8 1885/2143/8
f 1865/2123/7 1877/2135/7 1884/2142/7
f 1863/2121/7 1875/2133/7 1877/2135/7
f 1891/2149/7 1903/2161/7 1902/2160/7
f 1890/2148/7 1902/2160/7 1906/2164/7
f 1887/2145/7 1899/2157/7 1901/2159/7
f 1889/2147/7 1901/2159/7 1908/2166/7
f 1883/2141/8 1895/2153/8 1892/2150/8
f 1884/2142/7 1896/2154/7 1891/2149/7
f 1880/2138/8 1892/2150/8 1888/2146/8
f 1876/2134/8 1888/2146/8 1886/2144/8
f 1881/2139/8 1893/2151/8 1897/2155/8
f 1877/2135/7 1889/2147/7 1896/2154/7
f 1909/2167/8 1920/2178/8 1918/2176/8
f 1903/2161/7 1914/2172/7 1913/2171/7
f 1902/2160/7 1913/2171/7 1917/2175/7
f 1897/2155/8 1909/2167/8 1907/2165/8
f 1895/2153/8 1907/2165/8 1904/2162/8
f 1896/2154/7 1908/2166/7 1903/2161/7
f 1892/2150/8 1904/2162/8 1900/2158/8
f 1888/2146/8 1900/2158/8 1898/2156/8
f 1893/2151/8 1905/2163/8 1909/2167/8
f 1920/2178/8 1930/2188/8 1928/2186/8
f 1914/2172/7 2289/2547/7 1924/2182/7
f 1913/2171/7 1924/2182/7 1927/2185/7
f 1911/2169/7 1922/2180/7 2291/2549/7
f 1907/2165/8 1918/2176/8 1915/2173/8
f 1908/2166/7 1919/2177/7 1914/2172/7
f 1904/2162/8 1915/2173/8 1912/2170/8
f 1900/2158/8 1912/2170/8 1910/2168/8
f 1905/2163/8 1916/2174/8 1920/2178/8
f 1901/2159/7 2290/2548/7 1919/2177/7
f 1899/2157/7 1911/2169/7 2290/2548/7
f 2289/2547/7 1936/2194/7 1935/2193/7
f 1924/2182/7 1935/2193/7 1939/2197/7
f 1922/2180/7 1932/2190/7 1934/2192/7
f 2291/2549/7 1934/2192/7 1941/2199/7
f 1918/2176/8 1928/2186/8 1925/2183/8
f 1919/2177/7 1929/2187/7 2289/2547/7
f 1915/2173/8 1925/2183/8 1923/2181/8
f 1912/2170/8 1923/2181/8 1921/2179/8
f 1916/2174/8 1926/2184/8 1930/2188/8
f 2290/2548/7 2291/2549/7 1929/2187/7
f 1936/2194/7 2292/2550/7 2295/2555/7
f 1935/2193/7 2295/2555/7 2294/2552/7
f 1932/2190/7 2293/2551/7 1945/2203/7
f 1934/2192/7 1945/2203/7 1949/2207/7
f 1930/2188/8 1942/2200/8 1940/2198/8
f 1928/2186/8 1940/2198/8 1937/2195/8
f 1929/2187/7 1941/2199/7 1936/2194/7
f 1925/2183/8 1937/2195/8 1933/2191/8
f 1923/2181/8 1933/2191/8 1931/2189/8
f 1926/2184/8 1938/2196/8 1942/2200/8
f 2293/2551/7 2297/2557/7 2296/2556/7
f 1945/2203/7 2296/2556/7 1957/2215/7
f 1947/2205/8 1955/2213/8 1958/2216/8
f 1942/2200/8 1950/2208/8 1948/2206/8
f 1940/2198/8 1948/2206/8 1946/2204/8
f 1941/2199/7 1949/2207/7 2292/2550/7
f 1937/2195/8 1946/2204/8 1944/2202/8
f 1933/2191/8 1944/2202/8 1943/2201/8
f 1938/2196/8 1947/2205/8 1950/2208/8
f 2299/2560/7 1963/2221/7 1967/2225/7
f 2297/2557/7 1960/2218/7 1962/2220/7
f 2296/2556/7 1962/2220/7 1969/2227/7
f 1955/2213/8 1966/2224/8 1970/2228/8
f 2292/2550/7 1953/2211/7 2299/2560/7
f 1950/2208/8 1958/2216/8 1956/2214/8
f 1948/2206/8 1956/2214/8 1954/2212/8
f 1949/2207/7 1957/2215/7 1953/2211/7
f 1946/2204/8 1954/2212/8 1952/2210/8
f 1944/2202/8 1952/2210/8 1951/2209/8
f 1963/2221/7 1975/2233/7 1979/2237/7
f 1960/2218/7 1972/2230/7 1974/2232/7
f 1962/2220/7 1974/2232/7 1981/2239/7
f 1966/2224/8 1978/2236/8 1982/2240/8
f 1961/2219/8 1973/2231/8 1971/2229/8
f 1953/2211/7 1964/2222/7 1963/2221/7
f 1958/2216/8 1970/2228/8 1968/2226/8
f 1956/2214/8 1968/2226/8 1965/2223/8
f 1957/2215/7 1969/2227/7 1964/2222/7
f 1954/2212/8 1965/2223/8 1961/2219/8
f 1952/2210/8 1961/2219/8 1959/2217/8
f 1975/2233/7 2302/2564/7 1988/2246/7
f 1972/2230/7 1984/2242/7 2300/2562/7
f 1974/2232/7 2300/2562/7 1990/2248/7
f 1978/2236/8 1987/2245/8 1991/2249/8
f 1973/2231/8 1985/2243/8 1983/2241/8
f 1964/2222/7 1976/2234/7 1975/2233/7
f 1970/2228/8 1982/2240/8 1980/2238/8
f 1968/2226/8 1980/2238/8 1977/2235/8
f 1969/2227/7 1981/2239/7 1976/2234/7
f 1965/2223/8 1977/2235/8 1973/2231/8
f 1984/2242/7 1993/2251/7 1995/2253/7
f 2300/2562/7 1995/2253/7 2303/2566/7
f 1987/2245/8 1997/2255/8 2000/2258/8
f 1985/2243/8 1994/2252/8 1992/2250/8
f 1986/2244/8 1996/2254/8 1994/2252/8
f 1976/2234/7 2301/2563/7 2302/2564/7
f 1982/2240/8 1991/2249/8 1989/2247/8
f 1980/2238/8 1989/2247/8 1986/2244/8
f 1981/2239/7 1990/2248/7 2301/2563/7
f 1977/2235/8 1986/2244/8 1985/2243/8
f 2302/2564/7 2305/2568/7 1998/2256/7
f 1991/2249/8 2000/2258/8 1999/2257/8
f 1989/2247/8 1999/2257/8 1996/2254/8
f 1990/2248/7 2303/2566/7 2304/2567/7
f 1644/1900/7 2002/2260/7 2004/2262/7
f 2007/2265/7 2006/2264/7 2009/2267/7
f 2006/2264/7 2005/2263/7 2008/2266/7
f 2011/2269/7 2012/2270/7 2014/2272/7
f 2016/2274/7 2018/2276/7 2017/2275/7
f 2012/2270/7 2020/2278/7 2019/2277/7
f 2025/2283/7 2022/2280/7 2021/2279/7
f 2023/2281/7 2031/2289/7 2029/2287/7
f 2024/2282/7 2029/2287/7 2027/2285/7
f 2026/2284/7 2032/2290/7 2022/2280/7
f 2028/2286/7 2027/2285/7 2032/2290/7
f 2035/2293/7 2041/2299/7 2043/2301/7
f 2033/2291/7 2039/2297/7 2040/2298/7
f 2034/2292/9 2040/2298/9 2044/2302/9
f 2036/2294/10 2042/2300/10 2041/2299/10
f 2038/2296/7 2044/2302/7 2042/2300/7
f 2049/2307/7 2050/2308/7 2048/2306/7
f 2045/2303/11 2051/2309/11 2050/2308/11
f 2047/2305/12 2048/2306/12 2052/2310/12
f 2053/2311/7 2055/2313/7 2056/2314/7
f 2058/2316/7 2060/2318/7 2059/2317/7
f 2066/2324/7 2072/2330/7 2069/2327/7
f 2064/2322/8 2070/2328/8 2071/2329/8
f 2068/2326/8 2076/2334/8 2073/2331/8
f 2062/2320/7 2074/2332/7 2075/2333/7
f 2077/2335/7 2079/2337/7 2080/2338/7
f 2082/2340/7 2083/2341/7 2084/2342/7
f 2087/2345/7 2088/2346/7 2086/2344/7
f 2156/2414/7 2111/2369/7 2205/2463/7
f 2113/2371/7 2105/2363/7 2234/2492/7
f 2230/2488/7 2098/2356/7 2097/2355/7
f 2232/2490/8 2100/2358/8 2099/2357/8
f 2202/2460/7 2101/2359/7 2102/2360/7
f 2204/2462/8 2104/2362/8 2103/2361/8
f 2134/2392/7 2106/2364/7 2105/2363/7
f 2276/2534/8 2263/2521/8 2259/2517/8
f 2269/2527/7 2258/2516/7 2257/2515/7
f 2095/2353/8 2200/2458/8 2179/2437/8
f 2200/2458/8 2199/2457/8 2180/2438/8
f 2199/2457/8 2198/2456/8 2181/2439/8
f 2198/2456/8 2197/2455/8 2182/2440/8
f 2197/2455/8 2196/2454/8 2183/2441/8
f 2196/2454/8 2195/2453/8 2184/2442/8
f 2194/2452/8 2193/2451/8 2186/2444/8
f 2192/2450/8 2191/2449/8 2188/2446/8
f 2191/2449/8 2190/2448/8 2189/2447/8
f 2099/2357/8 2167/2425/8 2235/2493/8
f 2167/2425/8 2166/2424/8 2236/2494/8
f 2166/2424/8 2165/2423/8 2237/2495/8
f 2165/2423/8 2164/2422/8 2238/2496/8
f 2164/2422/8 2163/2421/8 2239/2497/8
f 2163/2421/8 2162/2420/8 2240/2498/8
f 2162/2420/8 2161/2419/8 2241/2499/8
f 2161/2419/8 2160/2418/8 2242/2500/8
f 2159/2417/8 2158/2416/8 2244/2502/8
f 2158/2416/8 2157/2415/8 2245/2503/8
f 2096/2354/8 2179/2437/8 2207/2465/8
f 2179/2437/8 2180/2438/8 2208/2466/8
f 2180/2438/8 2181/2439/8 2209/2467/8
f 2181/2439/8 2182/2440/8 2210/2468/8
f 2182/2440/8 2183/2441/8 2211/2469/8
f 2183/2441/8 2184/2442/8 2212/2470/8
f 2185/2443/8 2186/2444/8 2214/2472/8
f 2187/2445/8 2188/2446/8 2216/2474/8
f 2188/2446/8 2189/2447/8 2217/2475/8
f 2088/2346/7 2124/2382/7 2123/2381/7
f 2124/2382/7 2125/2383/7 2122/2380/7
f 2125/2383/7 2126/2384/7 2121/2379/7
f 2126/2384/7 2127/2385/7 2120/2378/7
f 2127/2385/7 2128/2386/7 2119/2377/7
f 2128/2386/7 2129/2387/7 2118/2376/7
f 2129/2387/7 2130/2388/7 2117/2375/7
f 2130/2388/7 2131/2389/7 2116/2374/7
f 2131/2389/7 2132/2390/7 2115/2373/7
f 2132/2390/7 2133/2391/7 2114/2372/7
f 2133/2391/7 2134/2392/7 2113/2371/7
f 2086/2344/7 2123/2381/7 2246/2504/7
f 2123/2381/7 2122/2380/7 2247/2505/7
f 2122/2380/7 2121/2379/7 2248/2506/7
f 2121/2379/7 2120/2378/7 2249/2507/7
f 2120/2378/7 2119/2377/7 2250/2508/7
f 2119/2377/7 2118/2376/7 2251/2509/7
f 2118/2376/7 2117/2375/7 2252/2510/7
f 2117/2375/7 2116/2374/7 2253/2511/7
f 2116/2374/7 2115/2373/7 2254/2512/7
f 2115/2373/7 2114/2372/7 2255/2513/7
f 2114/2372/7 2113/2371/7 2256/2514/7
f 2102/2360/7 2146/2404/7 2218/2476/7
f 2146/2404/7 2147/2405/7 2219/2477/7
f 2147/2405/7 2148/2406/7 2220/2478/7
f 2148/2406/7 2149/2407/7 2221/2479/7
f 2149/2407/7 2150/2408/7 2222/2480/7
f 2150/2408/7 2151/2409/7 2223/2481/7
f 2151/2409/7 2152/2410/7 2224/2482/7
f 2152/2410/7 2153/2411/7 2225/2483/7
f 2153/2411/7 2154/2412/7 2226/2484/7
f 2154/2412/7 2155/2413/7 2227/2485/7
f 2155/2413/7 2156/2414/7 2228/2486/7
f 2227/2485/7 2228/2486/7 2134/2392/7
f 2226/2484/7 2227/2485/7 2133/2391/7
f 2225/2483/7 2226/2484/7 2132/2390/7
f 2224/2482/7 2225/2483/7 2131/2389/7
f 2223/2481/7 2224/2482/7 2130/2388/7
f 2222/2480/7 2223/2481/7 2129/2387/7
f 2221/2479/7 2222/2480/7 2128/2386/7
f 2220/2478/7 2221/2479/7 2127/2385/7
f 2219/2477/7 2220/2478/7 2126/2384/7
f 2218/2476/7 2219/2477/7 2125/2383/7
f 2203/2461/7 2218/2476/7 2124/2382/7
f 2216/2474/8 2217/2475/8 2178/2436/8
f 2215/2473/8 2216/2474/8 2177/2435/8
f 2213/2471/8 2214/2472/8 2175/2433/8
f 2212/2470/8 2213/2471/8 2174/2432/8
f 2211/2469/8 2212/2470/8 2173/2431/8
f 2210/2468/8 2211/2469/8 2172/2430/8
f 2209/2467/8 2210/2468/8 2171/2429/8
f 2208/2466/8 2209/2467/8 2170/2428/8
f 2207/2465/8 2208/2466/8 2169/2427/8
f 2204/2462/8 2207/2465/8 2168/2426/8
f 2271/2529/8 2260/2518/8 2268/2526/8
f 2096/2354/8 2204/2462/8 2201/2459/8
f 2087/2345/7 2202/2460/7 2203/2461/7
f 2228/2486/7 2205/2463/7 2106/2364/7
f 2255/2513/7 2256/2514/7 2135/2393/7
f 2254/2512/7 2255/2513/7 2136/2394/7
f 2253/2511/7 2254/2512/7 2137/2395/7
f 2252/2510/7 2253/2511/7 2138/2396/7
f 2251/2509/7 2252/2510/7 2139/2397/7
f 2250/2508/7 2251/2509/7 2140/2398/7
f 2249/2507/7 2250/2508/7 2141/2399/7
f 2248/2506/7 2249/2507/7 2142/2400/7
f 2247/2505/7 2248/2506/7 2143/2401/7
f 2246/2504/7 2247/2505/7 2144/2402/7
f 2230/2488/7 2246/2504/7 2145/2403/7
f 2244/2502/8 2245/2503/8 2190/2448/8
f 2243/2501/8 2244/2502/8 2191/2449/8
f 2241/2499/8 2242/2500/8 2193/2451/8
f 2239/2497/8 2240/2498/8 2195/2453/8
f 2238/2496/8 2239/2497/8 2196/2454/8
f 2237/2495/8 2238/2496/8 2197/2455/8
f 2236/2494/8 2237/2495/8 2198/2456/8
f 2235/2493/8 2236/2494/8 2199/2457/8
f 2229/2487/8 2235/2493/8 2200/2458/8
f 2272/2530/8 2259/2517/8 2260/2518/8
f 2092/2350/8 2232/2490/8 2229/2487/8
f 2086/2344/7 2230/2488/7 2231/2489/7
f 2256/2514/7 2234/2492/7 2110/2368/7
f 2279/2537/7 2267/2525/7 2258/2516/7
f 2280/2538/7 2264/2522/7 2262/2520/7
f 2278/2536/8 2261/2519/8 2263/2521/8
f 2270/2528/8 2268/2526/8 2266/2524/8
f 2275/2533/7 2265/2523/7 2267/2525/7
f 2273/2531/7 2257/2515/7 2264/2522/7
f 2105/2363/7 2273/2531/7 2280/2538/7
f 2111/2369/7 2275/2533/7 2279/2537/7
f 2206/2464/8 2270/2528/8 2274/2532/8
f 2109/2367/8 2278/2536/8 2276/2534/8
f 2234/2492/7 2280/2538/7 2277/2535/7
f 2205/2463/7 2279/2537/7 2269/2527/7
f 2107/2365/8 2272/2530/8 2271/2529/8
f 2108/2366/8 2271/2529/8 2270/2528/8
f 2106/2364/7 2269/2527/7 2273/2531/7
f 2233/2491/8 2276/2534/8 2272/2530/8
f 2089/2347/8 2281/2539/8 2284/2542/8
f 2093/2351/7 2283/2541/7 2282/2540/7
f 1656/1913/7 2285/2543/7 2286/2544/7
f 2285/2543/7 2287/2545/7 2288/2546/7
f 2294/2553/8 2298/2559/8 2299/2561/8
f 2302/2565/8 2305/2569/8 2304/2567/8
f 2318/2583/7 2324/2589/7 2323/2588/7
f 2314/2579/7 2322/2587/7 2321/2586/7
f 2315/2580/7 2320/2585/7 2319/2584/7
f 2329/2596/7 2333/2600/7 2334/2601/7
f 2326/2593/7 2328/2595/7 2327/2594/7
f 2325/2591/7 2329/2596/7 2330/2597/7
f 2328/2595/7 2332/2599/7 2331/2598/7
f 2306/2570/7 2335/2602/7 2336/2603/7
f 2335/2602/7 2337/2604/7 2338/2605/7
f 2337/2604/7 2339/2606/7 2340/2607/7
f 2339/2606/7 2341/2608/7 2342/2609/7
f 2308/2572/7 2343/2610/7 2344/2611/7
f 2343/2610/7 2345/2613/7 2346/2614/7
f 2311/2575/7 2347/2615/7 2348/2616/7
f 2309/2573/7 2350/2619/7 2349/2618/7
f 2312/2577/7 2352/2621/7 2351/2620/7
