# Blender 3.3.1
# www.blender.org
mtllib Level2.mtl
g INSTAKILL_BASE_Mesh
v -2.500000 -0.000005 30.000000
v -2.500000 0.999995 30.000000
v -2.500000 0.000005 -30.000000
v -2.500000 1.000005 -30.000000
v 2.500000 -0.000005 30.000000
v 2.500000 0.999995 30.000000
v 2.500000 0.000005 -30.000000
v 2.500000 1.000005 -30.000000
v -2.500000 0.999996 27.000000
v -2.500000 0.999996 25.000000
v -2.500000 0.999996 21.999998
v -2.500000 0.999997 19.999998
v -2.500000 0.999997 15.999999
v -2.500000 0.999998 13.999999
v -2.500000 0.999999 8.000000
v -2.500000 0.999999 6.000000
v -2.500000 1.000000 3.000000
v -2.500000 1.000000 2.000000
v -2.500000 1.000001 -5.000000
v -2.500000 1.000001 -6.000000
v -2.500000 1.000001 -8.999999
v -2.500000 1.000002 -9.999999
v -2.500000 1.000004 -22.000000
v -2.500000 1.000004 -23.000000
v -2.500000 1.000005 -29.000000
v 2.500000 1.000005 -29.000000
v 2.500000 1.000004 -23.000000
v 2.500000 1.000004 -21.999998
v 2.500000 1.000001 -6.000000
v 2.500000 1.000001 -5.000000
v 2.500000 0.999999 6.000000
v 2.500000 0.999999 8.000000
v 2.500000 0.999998 13.999999
v 2.500000 0.999997 15.999999
v 2.500000 0.999997 20.000000
v 2.500000 0.999996 22.000000
v 2.500000 0.999996 25.000002
v 2.500000 0.999996 27.000000
v 1.500000 0.000005 -30.000000
v 0.500000 0.000005 -30.000000
v -0.500000 0.000005 -30.000000
v -1.500000 0.000005 -30.000000
v -1.500000 1.000005 -30.000000
v -0.500000 1.000005 -30.000000
v 0.500000 1.000005 -30.000000
v 1.500000 1.000005 -30.000000
v -1.500000 -0.000005 30.000000
v -0.500000 -0.000005 30.000000
v 0.500000 -0.000005 30.000000
v 1.500000 -0.000005 30.000000
v 1.500000 0.999995 30.000000
v 0.500000 0.999995 30.000000
v -0.500000 0.999995 30.000000
v -1.500000 0.999995 30.000000
v -1.500000 1.000005 -29.000000
v -0.500000 1.000005 -29.000000
v 0.500000 1.000005 -29.000000
v 1.500000 1.000005 -29.000000
v -0.500000 1.000005 -28.000000
v 0.500000 1.000005 -28.000000
v -0.500000 1.000004 -27.000000
v 0.500000 1.000004 -27.000000
v -1.500000 1.000004 -23.000000
v -0.500000 1.000004 -23.000000
v 0.500000 1.000004 -23.000000
v 1.500000 1.000004 -23.000000
v -1.500000 1.000004 -22.000000
v -0.500000 1.000004 -22.000000
v 0.500000 1.000004 -22.000000
v 1.500000 1.000004 -22.000000
v -0.500000 1.000003 -19.000000
v 0.500000 1.000003 -19.000000
v -0.500000 1.000003 -18.000000
v 0.500000 1.000003 -18.000000
v -0.500000 1.000003 -17.000000
v 0.500000 1.000003 -17.000000
v -0.500000 1.000003 -15.999999
v 0.500000 1.000003 -15.999999
v -0.500000 1.000002 -12.999999
v 0.500000 1.000002 -12.999999
v -0.500000 1.000002 -11.999999
v 0.500000 1.000002 -11.999999
v -1.500000 1.000002 -9.999999
v -0.500000 1.000002 -9.999999
v 0.500000 1.000002 -9.999999
v 1.500000 1.000002 -9.999999
v -1.500000 1.000001 -8.999999
v -0.500000 1.000001 -8.999999
v 0.500000 1.000001 -8.999999
v 1.500000 1.000001 -8.999999
v -1.500000 1.000001 -6.000000
v -0.500000 1.000001 -6.000000
v 0.500000 1.000001 -6.000000
v 1.500000 1.000001 -6.000000
v -1.500000 1.000001 -5.000000
v -0.500000 1.000001 -5.000000
v 0.500000 1.000001 -5.000000
v 1.500000 1.000001 -5.000000
v -1.500000 1.000000 2.000000
v -0.500000 1.000000 2.000000
v 0.500000 1.000000 2.000000
v -1.500000 1.000000 3.000000
v -0.500000 1.000000 3.000000
v 0.500000 1.000000 3.000000
v -1.500000 0.999999 6.000000
v -0.500000 0.999999 6.000000
v 0.500000 0.999999 6.000000
v 1.500000 0.999999 6.000000
v 2.500000 1.999999 6.000000
v -2.500000 1.999999 6.000000
v -2.500000 1.999999 8.000000
v -1.500000 0.999999 8.000000
v -0.500000 0.999999 8.000000
v 0.500000 0.999999 8.000000
v 1.500000 0.999999 8.000000
v -1.500000 0.999998 13.999999
v -0.500000 0.999998 13.999999
v 0.500000 0.999998 13.999999
v 1.500000 0.999998 13.999999
v 2.500000 1.999998 13.999999
v -2.500000 1.999998 13.999999
v -2.500000 1.999997 15.999999
v -1.500000 0.999997 15.999999
v -0.500000 0.999997 15.999999
v 0.500000 0.999997 15.999999
v 1.500000 0.999997 15.999999
v -1.500000 0.999997 19.999998
v -0.500000 0.999997 19.999998
v 0.500000 0.999997 19.999998
v 1.500000 0.999997 19.999998
v 2.500000 2.999997 20.000000
v -2.500000 2.999997 19.999998
v -2.500000 2.999996 21.999998
v -1.500000 0.999996 21.999998
v -0.500000 0.999996 21.999998
v 0.500000 0.999996 21.999998
v 1.500000 0.999996 22.000000
v -1.500000 0.999996 25.000000
v -0.500000 0.999996 25.000000
v 0.500000 0.999996 25.000000
v 1.500000 0.999996 25.000002
v 2.500000 2.999996 25.000002
v -2.500000 2.999996 25.000000
v -2.500000 2.999996 27.000000
v -1.500000 0.999996 27.000000
v -0.500000 0.999996 27.000000
v 0.500000 0.999996 27.000000
v 1.500000 0.999996 27.000000
v -0.500000 0.999995 27.999998
v 0.500000 0.999995 27.999998
v -0.500000 0.999995 29.000000
v 0.500000 0.999995 29.000000
v -2.500000 1.999996 27.000000
v -2.500000 1.999996 25.000000
v 2.500000 1.999996 25.000002
v 2.500000 1.999996 27.000000
v 1.500000 1.999996 25.000002
v 1.500000 1.999996 27.000000
v -1.500000 1.999996 25.000000
v -0.500000 1.999996 25.000000
v 0.500000 1.999996 25.000000
v -1.500000 1.999996 27.000000
v -0.500000 1.999996 27.000000
v 0.500000 1.999996 27.000000
v 2.500000 2.999996 27.000000
v 1.500000 2.999996 25.000002
v 1.500000 2.999996 27.000000
v -1.500000 2.999996 25.000000
v -0.500000 2.999996 25.000000
v 0.500000 2.999996 25.000000
v -0.500000 2.999996 26.000000
v 0.500000 2.999996 26.000000
v -1.500000 2.999996 27.000000
v -0.500000 2.999996 27.000000
v 0.500000 2.999996 27.000000
v -2.500000 1.999996 21.999998
v -2.500000 1.999997 19.999998
v 2.500000 1.999997 20.000000
v 2.500000 1.999996 22.000000
v 1.500000 1.999997 19.999998
v 2.500000 2.999997 20.000000
v 1.500000 1.999996 22.000000
v -1.500000 1.999997 19.999998
v -0.500000 1.999997 19.999998
v 0.500000 1.999997 19.999998
v -2.500000 2.999997 19.999998
v -2.500000 2.999996 21.999998
v -1.500000 1.999996 21.999998
v -0.500000 1.999996 21.999998
v 0.500000 1.999996 21.999998
v 2.500000 2.999996 22.000000
v 1.500000 2.999997 19.999998
v 2.500000 3.999997 20.000000
v 1.500000 2.999996 22.000000
v -1.500000 2.999997 19.999998
v -0.500000 2.999997 19.999998
v 0.500000 2.999997 19.999998
v -2.500000 3.999997 19.999998
v -2.500000 3.999996 21.999998
v -1.500000 2.999996 21.999998
v -0.500000 2.999996 21.999998
v 0.500000 2.999996 21.999998
v 2.500000 2.999996 22.000000
v 1.500000 2.999997 19.999998
v 1.500000 2.999996 22.000000
v -1.500000 2.999997 19.999998
v -0.500000 2.999997 19.999998
v 0.500000 2.999997 19.999998
v -1.500000 2.999996 21.999998
v -0.500000 2.999996 21.999998
v 0.500000 2.999996 21.999998
v 2.500000 3.999996 22.000000
v 1.500000 3.999997 19.999998
v 2.500000 4.999997 20.000000
v 1.500000 3.999996 22.000000
v -1.500000 3.999997 19.999998
v -0.500000 3.999997 19.999998
v 0.500000 3.999997 19.999998
v -2.500000 4.999997 19.999998
v -2.500000 4.999997 20.999998
v -1.500000 3.999996 21.999998
v -0.500000 3.999996 21.999998
v 0.500000 3.999996 21.999998
v -2.500000 3.999997 19.999998
v 2.500000 3.999997 20.000000
v 1.500000 3.999997 19.999998
v 0.500000 4.999996 23.000000
v -1.500000 3.999997 19.999998
v -0.500000 3.999997 19.999998
v 0.500000 3.999997 19.999998
v 0.500000 3.999996 23.000000
v 1.500000 3.999996 23.000002
v 2.500000 4.999997 21.000002
v 1.500000 4.999997 19.999998
v 1.500000 4.999997 21.000002
v -1.500000 4.999997 19.999998
v -0.500000 4.999997 19.999998
v 0.500000 4.999997 19.999998
v -1.500000 4.999997 20.999998
v -1.500000 3.999996 23.000000
v -0.500000 3.999996 23.000000
v -0.500000 4.999996 23.000000
v 1.500000 4.999996 23.000002
v -1.500000 4.999996 23.000000
v -2.500000 1.999997 15.999999
v -2.500000 1.999998 13.999999
v 2.500000 1.999998 13.999999
v 2.500000 1.999997 15.999999
v 1.500000 1.999998 13.999999
v 2.500000 2.999998 14.000000
v 1.500000 1.999997 15.999999
v -1.500000 1.999998 13.999999
v -0.500000 1.999998 13.999999
v 0.500000 1.999998 13.999999
v -2.500000 2.999998 14.000000
v -2.500000 2.999997 16.000000
v -1.500000 1.999997 15.999999
v -0.500000 1.999997 15.999999
v 0.500000 1.999997 15.999999
v 2.500000 1.999997 15.999999
v 1.500000 1.999998 13.999999
v 2.500000 3.999998 14.000000
v 1.500000 1.999997 15.999999
v -1.500000 1.999998 13.999999
v -0.500000 1.999998 13.999999
v 0.500000 1.999998 13.999999
v -2.500000 3.999998 14.000000
v -2.500000 3.999997 16.000000
v -1.500000 1.999997 15.999999
v -0.500000 1.999997 15.999999
v 0.500000 1.999997 15.999999
v 2.500000 2.999997 16.000000
v 1.500000 2.999998 14.000000
v 2.500000 4.999998 14.000000
v 1.500000 2.999997 16.000000
v -1.500000 2.999998 14.000000
v -0.500000 2.999998 14.000000
v 0.500000 2.999998 14.000000
v -2.500000 4.999998 14.000000
v -2.500000 4.999998 16.000000
v -1.500000 2.999997 16.000000
v -0.500000 2.999997 16.000000
v 0.500000 2.999997 16.000000
v 2.500000 3.999997 16.000000
v 1.500000 3.999998 14.000000
v 2.500000 5.999998 14.000000
v 1.500000 3.999997 16.000000
v -1.500000 3.999998 14.000000
v -0.500000 3.999998 14.000000
v 0.500000 3.999998 14.000000
v -2.500000 5.999998 14.000000
v -2.500000 5.999998 16.000000
v -1.500000 3.999997 16.000000
v -0.500000 3.999997 16.000000
v 0.500000 3.999997 16.000000
v 2.500000 4.999998 16.000000
v 1.500000 4.999998 14.000000
v 2.500000 6.999998 14.000000
v 1.500000 4.999998 16.000000
v -1.500000 4.999998 14.000000
v -0.500000 4.999998 14.000000
v 0.500000 4.999998 14.000000
v -2.500000 6.999998 14.000000
v -1.500000 4.999998 16.000000
v -0.500000 4.999998 16.000000
v 0.500000 4.999998 16.000000
v 2.500000 5.999998 16.000000
v 1.500000 5.999998 14.000000
v 1.500000 5.999998 16.000000
v -1.500000 5.999998 14.000000
v -0.500000 5.999998 14.000000
v 0.500000 5.999998 14.000000
v -1.500000 5.999998 16.000000
v -0.500000 5.999998 16.000000
v 0.500000 5.999998 16.000000
v 1.500000 6.999998 14.000000
v -1.500000 6.999998 14.000000
v -0.500000 6.999998 14.000000
v 0.500000 6.999998 14.000000
v -0.500000 5.999997 18.000002
v -0.500000 6.999997 18.000002
v -1.500000 5.999997 18.000002
v -1.500000 6.999997 18.000002
v 0.500000 5.999997 18.000002
v 1.500000 5.999997 18.000002
v 1.500000 6.999997 18.000002
v 0.500000 6.999997 18.000002
v -1.500000 5.999997 17.000002
v -1.500000 6.999997 17.000002
v -2.500000 5.999997 17.000002
v -2.500000 6.999997 17.000002
v 1.500000 3.999998 10.000000
v 2.500000 3.999998 10.000000
v -1.500000 4.999999 10.000000
v -1.500000 3.999998 10.000000
v -2.500000 3.999998 10.000000
v -0.500000 3.999998 10.000000
v 0.500000 3.999998 10.000000
v 1.500000 4.999999 10.000000
v 2.500000 4.999999 10.000000
v 0.500000 4.999999 10.000000
v -0.500000 4.999999 10.000000
v -2.500000 4.999999 10.000000
v -2.500000 1.999999 8.000000
v -2.500000 1.999999 6.000000
v 2.500000 1.999999 6.000000
v 2.500000 1.999999 8.000000
v 1.500000 1.999999 6.000000
v 2.500000 2.999999 6.000000
v 1.500000 1.999999 8.000000
v -1.500000 1.999999 6.000000
v -0.500000 1.999999 6.000000
v 0.500000 1.999999 6.000000
v -2.500000 2.999999 6.000000
v -2.500000 2.999999 8.000001
v -1.500000 1.999999 8.000000
v -0.500000 1.999999 8.000000
v 0.500000 1.999999 8.000000
v 2.500000 1.999999 8.000000
v 1.500000 1.999999 6.000000
v 2.500000 3.999999 6.000000
v 1.500000 1.999999 8.000000
v -1.500000 1.999999 6.000000
v -0.500000 1.999999 6.000000
v 0.500000 1.999999 6.000000
v -2.500000 3.999999 6.000000
v -2.500000 3.999999 8.000001
v -1.500000 1.999999 8.000000
v -0.500000 1.999999 8.000000
v 0.500000 1.999999 8.000000
v 2.500000 2.999999 8.000001
v 1.500000 2.999999 6.000000
v 2.500000 4.999999 6.000001
v 1.500000 2.999999 8.000001
v -1.500000 2.999999 6.000000
v -0.500000 2.999999 6.000000
v 0.500000 2.999999 6.000000
v -2.500000 4.999999 6.000001
v -2.500000 4.999999 7.000001
v -2.500000 4.999999 8.000001
v -1.500000 2.999999 8.000001
v -0.500000 2.999999 8.000001
v 0.500000 2.999999 8.000001
v 2.500000 3.999999 8.000001
v 1.500000 3.999999 6.000000
v -1.500000 5.999999 7.000001
v 1.500000 3.999999 8.000001
v -1.500000 3.999999 6.000000
v -0.500000 3.999999 6.000000
v 0.500000 3.999999 6.000000
v -1.500000 5.999999 6.000001
v -2.500000 5.999999 6.000001
v -2.500000 5.999999 7.000001
v -1.500000 3.999999 8.000001
v -0.500000 3.999999 8.000001
v 0.500000 3.999999 8.000001
v 2.500000 4.999999 8.000001
v 1.500000 4.999999 6.000001
v 1.500000 4.999999 8.000001
v -1.500000 4.999999 6.000001
v -0.500000 4.999999 6.000001
v 0.500000 4.999999 6.000001
v -1.500000 4.999999 7.000001
v -1.500000 4.999999 8.000001
v -0.500000 4.999999 8.000001
v 0.500000 4.999999 8.000001
v -2.500000 6.999999 6.000001
v -1.500000 6.999999 6.000001
v -2.500000 5.999999 8.000001
v -1.500000 5.999999 8.000001
v -2.500000 6.999999 8.000001
v -1.500000 6.999999 8.000001
v -2.500000 2.000000 3.000000
v -2.500000 2.000000 2.000000
v -1.500000 2.000000 2.000000
v -1.500000 2.000000 3.000000
v -2.500000 3.000000 3.000000
v -2.500000 3.000000 2.000000
v -1.500000 3.000000 2.000000
v -1.500000 3.000000 3.000000
v -2.500000 4.000000 3.000001
v -2.500000 4.000000 2.000001
v -1.500000 4.000000 2.000001
v -1.500000 4.000000 3.000001
v -2.500000 5.000000 3.000001
v -2.500000 5.000000 2.000001
v -1.500000 5.000000 2.000001
v -1.500000 5.000000 3.000001
v -2.500000 6.000000 3.000001
v -2.500000 6.000000 2.000001
v -1.500000 6.000000 2.000001
v -1.500000 6.000000 3.000001
v -2.500000 7.000000 3.000001
v -2.500000 7.000000 2.000001
v -1.500000 7.000000 2.000001
v -1.500000 7.000000 3.000001
v -2.500000 8.000000 3.000001
v -2.500000 8.000000 2.000001
v -1.500000 8.000000 2.000001
v -1.500000 8.000000 3.000001
v -2.500000 8.000000 4.000001
v -1.500000 8.000000 4.000001
v -2.500000 8.999999 4.000001
v -1.500000 8.999999 4.000001
v -1.500000 12.993377 -7.993644
v -1.500000 13.993377 -7.993644
v -2.500000 2.000001 -5.000000
v -2.500000 2.000001 -6.000000
v -1.500000 2.000001 -6.000000
v -1.500000 2.000001 -5.000000
v -2.500000 3.000001 -5.000000
v -2.500000 3.000001 -6.000000
v -1.500000 3.000001 -6.000000
v -1.500000 3.000001 -5.000000
v -2.500000 4.000001 -5.000000
v -2.500000 4.000001 -6.000000
v -1.500000 4.000001 -6.000000
v -1.500000 4.000001 -5.000000
v -2.500000 5.000001 -4.999999
v -2.500000 5.000001 -5.999999
v -1.500000 5.000001 -5.999999
v -1.500000 5.000001 -4.999999
v -2.500000 6.000001 -4.999999
v -2.500000 6.000001 -5.999999
v -1.500000 6.000001 -5.999999
v -1.500000 6.000001 -4.999999
v -2.500000 7.000001 -4.999999
v -2.500000 7.000001 -5.999999
v -1.500000 7.000001 -5.999999
v -1.500000 7.000001 -4.999999
v -2.500000 8.000001 -4.999999
v -2.500000 8.000001 -5.999999
v -1.500000 8.000001 -5.999999
v -1.500000 8.000001 -4.999999
v -2.500000 9.000001 -4.999999
v -2.500000 9.000001 -5.999999
v -1.500000 9.000001 -5.999999
v -1.500000 9.000001 -4.999999
v -2.500000 10.000001 -4.999999
v -2.500000 10.000001 -5.999999
v -1.500000 10.000001 -5.999999
v -1.500000 10.000001 -4.999999
v -2.500000 11.000001 -4.999998
v -2.500000 11.000001 -5.999998
v -1.500000 11.000001 -5.999998
v -1.500000 11.000001 -4.999998
v -2.500000 11.510186 -4.999998
v -2.500000 11.998380 -5.999998
v -1.500000 11.998380 -5.999998
v -1.500000 11.510186 -4.999998
v -0.500000 2.000002 -9.999999
v 0.500000 2.000002 -9.999999
v -0.500000 2.000001 -8.999999
v 0.500000 2.000001 -8.999999
v -0.500000 3.000002 -9.999998
v 0.500000 3.000002 -9.999998
v -0.500000 3.000001 -8.999998
v 0.500000 3.000001 -8.999998
v -0.500000 4.000001 -9.999998
v 0.500000 4.000001 -9.999998
v -0.500000 4.000001 -8.999998
v 0.500000 4.000001 -8.999998
v -0.500000 5.000001 -9.999998
v 0.500000 5.000001 -9.999998
v -0.500000 5.000001 -8.999998
v 0.500000 5.000001 -8.999998
v -0.500000 6.000001 -9.999998
v 0.500000 6.000001 -9.999998
v -0.500000 6.000001 -8.999998
v 0.500000 6.000001 -8.999998
v -0.500000 7.000001 -9.999998
v 0.500000 7.000001 -9.999998
v -0.500000 7.000001 -8.999998
v 0.500000 7.000001 -8.999998
v -0.500000 8.000002 -9.999998
v 0.500000 8.000002 -9.999998
v -0.500000 8.000002 -8.999998
v 0.500000 8.000002 -8.999998
v -0.500000 9.000002 -9.999997
v 0.500000 9.000002 -9.999997
v -0.500000 9.000002 -8.999997
v 0.500000 9.000002 -8.999997
v -0.500000 10.000002 -9.999997
v 0.500000 10.000002 -9.999997
v -0.500000 10.000002 -8.999997
v 0.500000 10.000002 -8.999997
v -0.500000 11.000002 -9.999997
v 0.500000 11.000002 -9.999997
v -0.500000 11.000002 -8.999997
v 0.500000 11.000002 -8.999997
v -0.500000 12.000002 -9.999997
v 0.500000 12.000002 -9.999997
v -0.500000 12.000002 -8.999997
v 0.500000 12.000002 -8.999997
v -0.500000 13.000002 -9.999997
v 0.500000 13.000002 -9.999997
v -0.500000 13.000002 -8.999997
v 0.500000 13.000002 -8.999997
v -0.500000 14.000002 -8.999997
v -0.500000 13.000001 -7.999998
v 0.500000 13.000001 -7.999998
v -0.500000 14.000001 -7.999998
v 0.500000 14.000001 -7.999998
v -1.500000 12.993378 -9.003748
v -1.500000 13.993378 -9.003748
v -2.500000 12.986753 -9.007498
v -2.500000 13.986753 -9.007498
v -0.500000 13.000002 -11.999997
v 0.500000 13.000002 -11.999997
v -0.500000 14.000002 -11.999997
v 0.500000 14.000002 -11.999997
v -0.500000 13.000002 -12.999997
v 0.500000 13.000002 -12.999997
v -0.500000 14.000002 -12.999997
v 0.500000 14.000002 -12.999997
v -0.500000 15.000002 -11.999996
v 0.500000 15.000002 -11.999996
v -0.500000 15.000002 -12.999996
v 0.500000 15.000002 -12.999996
v -0.500000 16.000002 -11.999996
v 0.500000 16.000002 -11.999996
v -0.500000 16.000002 -12.999996
v 0.500000 16.000002 -12.999996
v 1.500000 13.000002 -11.999997
v 1.500000 14.000002 -11.999997
v 1.500000 13.000002 -12.999997
v 1.500000 14.000002 -12.999997
v 2.500000 13.000002 -11.999997
v 2.500000 14.000002 -11.999997
v 2.500000 13.000002 -12.999997
v 2.500000 14.000002 -12.999997
v -0.500000 17.000002 -11.999996
v 0.500000 17.000002 -11.999996
v -0.500000 17.000002 -12.999996
v 0.500000 17.000002 -12.999996
v -0.500000 13.000003 -15.999997
v 0.500000 13.000003 -15.999997
v -0.500000 14.000003 -15.999997
v 0.500000 14.000003 -15.999997
v -1.500000 14.000002 -11.999997
v -1.500000 13.000002 -11.999997
v -1.500000 14.000002 -12.999997
v -1.500000 13.000002 -12.999997
v -1.500000 14.000002 -11.999997
v -1.500000 13.000002 -11.999997
v -1.500000 14.000002 -12.999997
v -1.500000 13.000002 -12.999997
v -2.500000 14.000002 -11.999997
v -2.500000 13.000002 -11.999997
v -2.500000 14.000002 -12.999997
v -2.500000 13.000002 -12.999997
v -0.500000 2.000002 -12.999999
v 0.500000 2.000002 -12.999999
v -0.500000 2.000002 -11.999999
v 0.500000 2.000002 -11.999999
v -0.500000 3.000002 -12.999998
v 0.500000 3.000002 -12.999998
v -0.500000 3.000002 -11.999998
v 0.500000 3.000002 -11.999998
v -0.500000 4.000002 -12.999998
v 0.500000 4.000002 -12.999998
v -0.500000 4.000002 -11.999998
v 0.500000 4.000002 -11.999998
v -0.500000 5.000002 -12.999998
v 0.500000 5.000002 -12.999998
v -0.500000 5.000002 -11.999998
v 0.500000 5.000002 -11.999998
v -0.500000 6.000002 -12.999998
v 0.500000 6.000002 -12.999998
v -0.500000 6.000002 -11.999998
v 0.500000 6.000002 -11.999998
v -0.500000 7.000002 -12.999998
v 0.500000 7.000002 -12.999998
v -0.500000 7.000002 -11.999998
v 0.500000 7.000002 -11.999998
v -0.500000 8.000002 -12.999998
v 0.500000 8.000002 -12.999998
v -0.500000 8.000002 -11.999998
v 0.500000 8.000002 -11.999998
v -0.500000 9.000002 -12.999997
v 0.500000 9.000002 -12.999997
v -0.500000 9.000002 -11.999997
v 0.500000 9.000002 -11.999997
v -0.500000 10.000002 -12.999997
v 0.500000 10.000002 -12.999997
v -0.500000 10.000002 -11.999997
v 0.500000 10.000002 -11.999997
v -0.500000 11.000002 -12.999997
v 0.500000 11.000002 -12.999997
v -0.500000 11.000002 -11.999997
v 0.500000 11.000002 -11.999997
v -0.500000 12.000002 -12.999997
v 0.500000 12.000002 -12.999997
v -0.500000 12.000002 -11.999997
v 0.500000 12.000002 -11.999997
v -0.500000 13.000002 -12.999997
v 0.500000 13.000002 -12.999997
v -0.500000 13.000002 -11.999997
v 0.500000 13.000002 -11.999997
v -0.500000 2.000000 2.000000
v 0.500000 2.000000 2.000000
v -0.500000 2.000000 3.000000
v 0.500000 2.000000 3.000000
v -0.500000 3.000000 2.000000
v 0.500000 3.000000 2.000000
v -0.500000 3.000000 3.000000
v 0.500000 3.000000 3.000000
v -0.500000 4.000000 2.000001
v 0.500000 4.000000 2.000001
v -0.500000 4.000000 3.000001
v 0.500000 4.000000 3.000001
v 0.500000 5.000000 2.000001
v -0.500000 5.000000 3.000001
v 0.500000 5.000000 3.000001
v -0.500000 4.000000 2.000001
v -0.500000 4.000000 3.000001
v -0.500000 5.000000 2.000001
v -0.500000 5.000000 3.000001
v -0.500000 4.000000 -1.999999
v 0.500000 4.000000 -1.999999
v -0.500000 5.000000 -1.999999
v 0.500000 5.000000 -1.999999
v -0.500000 4.000001 -6.000000
v -0.500000 4.000001 -5.000000
v -0.500000 5.000001 -5.999999
v -0.500000 5.000001 -4.999999
v 0.500000 4.000001 -6.000000
v 0.500000 4.000001 -5.000000
v 0.500000 5.000001 -5.999999
v 0.500000 5.000001 -4.999999
v 1.500000 4.000001 -6.000000
v 1.500000 4.000001 -5.000000
v 1.500000 5.000001 -5.999999
v 0.500000 4.000000 -2.999999
v 0.500000 5.000000 -2.999999
v 1.500000 4.000000 -2.999999
v 1.500000 5.000000 -2.999999
v 1.500000 5.000001 -9.999998
v 1.500000 5.000001 -8.999998
v 1.500000 6.000001 -9.999998
v 1.500000 6.000001 -8.999998
v 2.500000 5.000001 -9.999998
v 2.500000 6.000001 -9.999998
v 1.500000 5.000001 -6.999999
v 1.500000 6.000001 -6.999999
v 2.500000 5.000001 -6.999999
v 2.500000 6.000001 -6.999999
v 1.500000 6.000002 -12.999998
v 1.500000 6.000002 -11.999998
v 1.500000 7.000002 -12.999998
v 1.500000 7.000002 -11.999998
v 2.500000 6.000002 -12.999998
v 2.500000 7.000002 -12.999998
v 1.500000 7.000002 -10.999998
v 1.500000 6.000002 -10.999998
v 2.500000 7.000002 -10.999998
v 2.500000 6.000002 -10.999998
v 0.500000 6.000002 -13.999998
v 0.500000 7.000002 -13.999998
v 1.500000 6.000002 -13.999998
v 1.500000 7.000002 -13.999998
v -0.500000 6.000002 -15.999998
v 0.500000 6.000002 -15.999998
v -0.500000 7.000002 -15.999998
v 0.500000 7.000002 -15.999998
v -0.500000 2.000001 -6.000000
v -0.500000 2.000001 -5.000000
v -0.500000 3.000001 -6.000000
v -0.500000 3.000001 -5.000000
v 0.500000 2.000001 -6.000000
v 0.500000 2.000001 -5.000000
v 0.500000 3.000001 -6.000000
v 0.500000 2.000001 -6.000000
v 0.500000 2.000001 -5.000000
v 0.500000 3.000001 -5.000000
v 1.500000 2.000001 -6.000000
v 1.500000 2.000001 -5.000000
v 1.500000 3.000001 -6.000000
v 1.500000 3.000001 -5.000000
v 2.500000 2.000001 -6.000000
v 2.500000 2.000001 -5.000000
v 2.500000 2.000001 -6.000000
v 2.500000 2.000001 -5.000000
v 1.500000 2.000001 -6.000000
v 1.500000 2.000001 -5.000000
v 2.500000 3.000001 -6.000000
v 2.500000 3.000001 -5.000000
v 0.500000 2.000001 -6.000000
v 0.500000 2.000001 -5.000000
v 1.500000 2.000002 -9.999999
v 1.500000 2.000001 -8.999999
v 1.500000 3.000002 -9.999998
v 1.500000 3.000001 -8.999998
v 2.500000 2.000002 -9.999999
v 2.500000 2.000001 -8.999999
v 2.500000 3.000002 -9.999998
v 2.500000 3.000001 -8.999998
v -2.500000 2.000001 -8.999999
v -2.500000 2.000002 -9.999999
v -1.500000 2.000002 -9.999999
v -1.500000 2.000001 -9.000000
v -1.500000 3.000002 -9.999998
v -1.500000 3.000001 -8.999998
v -2.500000 3.000002 -9.999998
v -2.500000 3.000001 -8.999998
v 1.500000 4.000001 -9.999998
v 1.500000 4.000001 -8.999998
v 2.500000 4.000001 -9.999998
v 2.500000 4.000001 -8.999998
v 1.500000 4.000001 -9.999998
v 1.500000 4.000001 -8.999998
v 1.500000 5.000001 -9.999998
v 1.500000 5.000001 -8.999998
v -1.500000 4.000002 -12.999998
v -1.500000 4.000002 -11.999998
v -1.500000 5.000002 -12.999998
v -1.500000 5.000002 -11.999998
v 2.492696 5.998199 19.999607
v 2.500000 5.999997 21.000004
v 1.492696 5.998199 19.999605
v 1.500000 5.999997 21.000004
v -2.500000 5.999997 21.000000
v -2.500000 5.999997 20.000000
v -1.500000 5.999997 20.000000
v -1.500000 5.999997 21.000000
v 1.500000 3.999996 24.000002
v 2.500000 3.999996 24.000002
v 1.500000 4.999996 24.000002
v 2.500000 4.999996 24.000002
v -2.500000 3.999996 24.000000
v -1.500000 3.999996 24.000000
v -2.500000 4.999996 24.000000
v -1.500000 4.999996 24.000000
v -0.500000 1.999995 27.999998
v 0.500000 1.999995 27.999998
v -0.500000 1.999995 29.000000
v 0.500000 1.999995 29.000000
v -0.500000 3.999996 25.000000
v 0.500000 3.999996 25.000000
v -0.500000 3.999996 26.000000
v 0.500000 3.999996 26.000000
v -0.500000 1.000000 2.000000
v -0.500000 1.000000 3.000000
v -0.500000 2.000000 2.000000
v -0.500000 2.000000 3.000000
v -0.500000 2.000000 2.000000
v -0.500000 2.000000 3.000000
v -0.500000 3.000000 2.000000
v -0.500000 3.000000 3.000000
v -0.500000 3.000000 2.000000
v -0.500000 3.000000 3.000000
v -0.500000 4.000000 2.000001
v -0.500000 4.000000 3.000001
v 1.500000 1.000000 2.000000
v 1.500000 1.000000 3.000000
v 1.500000 2.000000 2.000000
v 1.500000 2.000000 3.000000
v 1.500000 2.000000 2.000000
v 1.500000 2.000000 3.000000
v 1.500000 3.000000 2.000000
v 1.500000 3.000000 3.000000
v 1.500000 3.000000 2.000000
v 1.500000 3.000000 3.000000
v 1.500000 4.000000 2.000001
v 1.500000 4.000000 3.000001
v 1.500000 4.000000 2.000001
v 1.500000 4.000000 3.000001
v 1.500000 5.000000 2.000001
v 1.500000 5.000000 3.000001
v 2.500000 1.000000 2.000000
v 2.500000 1.000000 3.000000
v 2.500000 2.000000 2.000000
v 2.500000 2.000000 3.000000
v 2.500000 2.000000 2.000000
v 2.500000 2.000000 3.000000
v 2.500000 3.000000 2.000000
v 2.500000 3.000000 3.000000
v 2.500000 3.000000 2.000000
v 2.500000 3.000000 3.000000
v 2.500000 4.000000 2.000001
v 2.500000 4.000000 3.000001
v 2.500000 4.000000 2.000001
v 2.500000 4.000000 3.000001
v 2.500000 5.000000 2.000001
v 2.500000 5.000000 3.000001
v -0.500000 2.000003 -17.000000
v 0.500000 2.000003 -17.000000
v -0.500000 2.000003 -15.999999
v 0.500000 2.000003 -15.999999
v -0.500000 2.000003 -18.000000
v 0.500000 2.000003 -18.000000
v -0.500000 2.000003 -17.000000
v 0.500000 2.000003 -17.000000
v -0.500000 3.000003 -18.000000
v 0.500000 3.000003 -18.000000
v -0.500000 3.000003 -17.000000
v 0.500000 3.000003 -17.000000
v -0.500000 2.000003 -19.000000
v 0.500000 2.000003 -19.000000
v -0.500000 3.000003 -20.000000
v 0.500000 3.000003 -20.000000
v -0.500000 2.000003 -21.000002
v 0.500000 2.000003 -21.000002
v -0.500000 3.000003 -21.000002
v 0.500000 3.000003 -21.000002
v -0.500000 4.000003 -20.000000
v 0.500000 4.000003 -20.000000
v -0.500000 4.000003 -21.000002
v 0.500000 4.000003 -21.000002
v -0.500000 3.000004 -22.000002
v 0.500000 3.000004 -22.000002
v -0.500000 4.000004 -22.000002
v 0.500000 4.000004 -22.000002
v 1.500000 3.000003 -21.000002
v 1.500000 4.000003 -21.000002
v 1.500000 3.000004 -22.000002
v 1.500000 4.000004 -22.000002
v 2.500000 3.000003 -21.000002
v 2.500000 4.000003 -21.000002
v 2.500000 3.000004 -22.000000
v 2.500000 4.000004 -22.000002
v -1.500000 4.000003 -21.000002
v -1.500000 3.000003 -21.000002
v -1.500000 4.000004 -22.000002
v -1.500000 3.000004 -22.000002
v -2.500000 4.000003 -21.000002
v -2.500000 3.000003 -21.000002
v -2.500000 4.000004 -22.000002
v -2.500000 3.000004 -22.000002
v -2.500000 2.000004 -22.000000
v -2.500000 2.000004 -23.000000
v 2.500000 2.000004 -23.000000
v 2.500000 2.000004 -21.999998
v 1.500000 2.000004 -23.000000
v 1.500000 2.000004 -22.000000
v -1.500000 2.000004 -23.000000
v -0.500000 2.000004 -23.000000
v 0.500000 2.000004 -23.000000
v -1.500000 2.000004 -22.000000
v -0.500000 2.000004 -22.000000
v 0.500000 2.000004 -22.000000
v -2.500000 3.000004 -23.000000
v 2.500000 3.000004 -23.000000
v 1.500000 3.000004 -23.000000
v 1.500000 3.000004 -22.000000
v -1.500000 3.000004 -23.000000
v -0.500000 3.000004 -23.000000
v 0.500000 3.000004 -23.000000
v -1.500000 3.000004 -22.000000
v -0.500000 3.000004 -22.000000
v -2.500000 3.000004 -22.000000
v 0.500000 3.000004 -22.000000
v -2.500000 4.000004 -22.000000
v -2.500000 4.000004 -23.000000
v 2.500000 4.000004 -23.000000
v 2.500000 4.000004 -21.999998
v 1.500000 4.000004 -23.000000
v 1.500000 4.000004 -22.000000
v -1.500000 4.000004 -23.000000
v -0.500000 4.000004 -23.000000
v 0.500000 4.000004 -23.000000
v -1.500000 4.000004 -22.000000
v -0.500000 4.000004 -22.000000
v 0.500000 4.000004 -22.000000
v -2.500000 5.000004 -22.000000
v 2.500000 5.000004 -21.999998
v 1.500000 5.000004 -22.000000
v -0.500000 5.000004 -23.000000
v 0.500000 5.000004 -23.000000
v -1.500000 5.000004 -22.000000
v -0.500000 5.000004 -22.000000
v 0.500000 5.000004 -22.000000
v -2.500000 4.000004 -27.000004
v -1.500000 4.000004 -27.000004
v -0.500000 4.000004 -27.000004
v -1.500000 5.000004 -27.000004
v -2.500000 5.000004 -27.000004
v -0.500000 5.000004 -27.000004
v 1.500000 4.000005 -28.000004
v 2.500000 4.000005 -28.000004
v 1.500000 5.000005 -28.000004
v 2.500000 5.000005 -28.000004
v -0.500000 2.000005 -28.000000
v 0.500000 2.000005 -28.000000
v -0.500000 2.000004 -27.000000
v 0.500000 2.000004 -27.000000
v -2.500000 2.000005 -29.000000
v -2.500000 2.000005 -30.000000
v 1.500000 2.000005 -30.000000
v 2.500000 2.000005 -30.000000
v 2.500000 2.000005 -29.000000
v 1.500000 2.000005 -29.000000
v -1.500000 2.000005 -30.000000
v -0.500000 2.000005 -30.000000
v 0.500000 2.000005 -30.000000
v -1.500000 2.000005 -29.000000
v -0.500000 2.000005 -29.000000
v 0.500000 2.000005 -29.000000
v -2.500000 3.000005 -29.000000
v -2.500000 3.000005 -30.000000
v 1.500000 3.000005 -30.000000
v 2.500000 3.000005 -30.000000
v 2.500000 3.000005 -29.000000
v 1.500000 3.000005 -29.000000
v -1.500000 3.000005 -30.000000
v -0.500000 3.000005 -30.000000
v 0.500000 3.000005 -30.000000
v -1.500000 3.000005 -29.000000
v -0.500000 3.000005 -29.000000
v 0.500000 3.000005 -29.000000
v -2.500000 4.000005 -29.000000
v -2.500000 4.000005 -30.000000
v 1.500000 4.000005 -30.000000
v 2.500000 4.000005 -30.000000
v 2.500000 4.000005 -29.000000
v 1.500000 4.000005 -29.000002
v -1.500000 4.000005 -30.000000
v -0.500000 4.000005 -30.000000
v 0.500000 4.000005 -30.000000
v -1.500000 4.000005 -29.000000
v -0.500000 4.000005 -29.000000
v 0.500000 4.000005 -29.000000
v -0.500000 2.000005 -28.000000
v 0.500000 2.000005 -28.000000
v 1.500000 5.000005 -29.000004
v 0.500000 5.000005 -29.000004
v 1.485392 4.996404 19.999208
v 2.485392 4.996404 19.999208
vn -0.0000 -0.0000 -1.0000
vn -0.0000 -0.0000 1.0000
vn 0.0037 -0.0000 -1.0000
vn -0.0000 -0.0004 1.0000
vn 0.0038 -0.0000 -1.0000
vn 0.0064 -0.0000 1.0000
vn -0.0000 -0.0004 -1.0000
vt 0.375000 1.000000
vt 0.625000 1.000000
vt 0.375000 0.250000
vt 0.625000 0.250000
vt 0.375000 0.750000
vt 0.625000 0.750000
vt 0.375000 0.500000
vt 0.625000 0.500000
vt 0.875000 0.737500
vt 0.875000 0.729167
vt 0.875000 0.716667
vt 0.875000 0.708333
vt 0.875000 0.691667
vt 0.875000 0.683333
vt 0.875000 0.658333
vt 0.875000 0.650000
vt 0.875000 0.637500
vt 0.875000 0.633333
vt 0.875000 0.604167
vt 0.875000 0.600000
vt 0.875000 0.587500
vt 0.875000 0.583333
vt 0.875000 0.533333
vt 0.875000 0.529167
vt 0.875000 0.504167
vt 0.625000 0.504167
vt 0.625000 0.529167
vt 0.625000 0.533333
vt 0.625000 0.600000
vt 0.625000 0.604167
vt 0.625000 0.650000
vt 0.625000 0.658333
vt 0.625000 0.683333
vt 0.625000 0.691667
vt 0.625000 0.708333
vt 0.625000 0.716667
vt 0.625000 0.729167
vt 0.625000 0.737500
vt 0.375000 0.450000
vt 0.375000 0.400000
vt 0.375000 0.350000
vt 0.375000 0.300000
vt 0.625000 0.300000
vt 0.625000 0.350000
vt 0.625000 0.400000
vt 0.625000 0.450000
vt 0.375000 0.950000
vt 0.375000 0.900000
vt 0.375000 0.850000
vt 0.375000 0.800000
vt 0.625000 0.800000
vt 0.625000 0.850000
vt 0.625000 0.900000
vt 0.625000 0.950000
vt 0.825000 0.504167
vt 0.775000 0.504167
vt 0.725000 0.504167
vt 0.675000 0.504167
vt 0.775000 0.508333
vt 0.725000 0.508333
vt 0.775000 0.512500
vt 0.725000 0.512500
vt 0.825000 0.529167
vt 0.775000 0.529167
vt 0.725000 0.529167
vt 0.675000 0.529167
vt 0.825000 0.533333
vt 0.775000 0.533333
vt 0.725000 0.533333
vt 0.675000 0.533333
vt 0.775000 0.545833
vt 0.725000 0.545833
vt 0.775000 0.550000
vt 0.725000 0.550000
vt 0.775000 0.554167
vt 0.725000 0.554167
vt 0.775000 0.558333
vt 0.725000 0.558333
vt 0.775000 0.570833
vt 0.725000 0.570833
vt 0.775000 0.575000
vt 0.725000 0.575000
vt 0.825000 0.583333
vt 0.775000 0.583333
vt 0.725000 0.583333
vt 0.675000 0.583333
vt 0.825000 0.587500
vt 0.775000 0.587500
vt 0.725000 0.587500
vt 0.675000 0.587500
vt 0.825000 0.600000
vt 0.775000 0.600000
vt 0.725000 0.600000
vt 0.675000 0.600000
vt 0.825000 0.604167
vt 0.775000 0.604167
vt 0.725000 0.604167
vt 0.675000 0.604167
vt 0.825000 0.633333
vt 0.775000 0.633333
vt 0.725000 0.633333
vt 0.825000 0.637500
vt 0.775000 0.637500
vt 0.725000 0.637500
vt 0.825000 0.650000
vt 0.775000 0.650000
vt 0.725000 0.650000
vt 0.675000 0.650000
vt 0.625000 0.650000
vt 0.875000 0.650000
vt 0.875000 0.658333
vt 0.825000 0.658333
vt 0.775000 0.658333
vt 0.725000 0.658333
vt 0.675000 0.658333
vt 0.825000 0.683333
vt 0.775000 0.683333
vt 0.725000 0.683333
vt 0.675000 0.683333
vt 0.625000 0.683333
vt 0.875000 0.683333
vt 0.875000 0.691667
vt 0.825000 0.691667
vt 0.775000 0.691667
vt 0.725000 0.691667
vt 0.675000 0.691667
vt 0.825000 0.708333
vt 0.775000 0.708333
vt 0.725000 0.708333
vt 0.675000 0.708333
vt 0.625000 0.708333
vt 0.875000 0.708333
vt 0.875000 0.716667
vt 0.825000 0.716667
vt 0.775000 0.716667
vt 0.725000 0.716667
vt 0.675000 0.716667
vt 0.825000 0.729167
vt 0.775000 0.729167
vt 0.725000 0.729167
vt 0.675000 0.729167
vt 0.625000 0.729167
vt 0.875000 0.729167
vt 0.875000 0.737500
vt 0.825000 0.737500
vt 0.775000 0.737500
vt 0.725000 0.737500
vt 0.675000 0.737500
vt 0.775000 0.741667
vt 0.725000 0.741667
vt 0.775000 0.745833
vt 0.725000 0.745833
vt 0.875000 0.737500
vt 0.875000 0.729167
vt 0.625000 0.729167
vt 0.625000 0.737500
vt 0.675000 0.729167
vt 0.675000 0.737500
vt 0.825000 0.729167
vt 0.775000 0.729167
vt 0.725000 0.729167
vt 0.825000 0.737500
vt 0.775000 0.737500
vt 0.725000 0.737500
vt 0.625000 0.737500
vt 0.675000 0.729167
vt 0.675000 0.737500
vt 0.825000 0.729167
vt 0.775000 0.729167
vt 0.725000 0.729167
vt 0.775000 0.733333
vt 0.725000 0.733333
vt 0.825000 0.737500
vt 0.775000 0.737500
vt 0.725000 0.737500
vt 0.875000 0.716667
vt 0.875000 0.708333
vt 0.625000 0.708333
vt 0.625000 0.716667
vt 0.675000 0.708333
vt 0.625000 0.708333
vt 0.675000 0.716667
vt 0.825000 0.708333
vt 0.775000 0.708333
vt 0.725000 0.708333
vt 0.875000 0.708333
vt 0.875000 0.716667
vt 0.825000 0.716667
vt 0.775000 0.716667
vt 0.725000 0.716667
vt 0.625000 0.716667
vt 0.675000 0.708333
vt 0.625000 0.708333
vt 0.675000 0.716667
vt 0.825000 0.708333
vt 0.775000 0.708333
vt 0.725000 0.708333
vt 0.875000 0.708333
vt 0.875000 0.716667
vt 0.825000 0.716667
vt 0.775000 0.716667
vt 0.725000 0.716667
vt 0.625000 0.716667
vt 0.675000 0.708333
vt 0.675000 0.716667
vt 0.825000 0.708333
vt 0.775000 0.708333
vt 0.725000 0.708333
vt 0.825000 0.716667
vt 0.775000 0.716667
vt 0.725000 0.716667
vt 0.625000 0.716667
vt 0.675000 0.708333
vt 0.625000 0.708333
vt 0.675000 0.716667
vt 0.825000 0.708333
vt 0.775000 0.708333
vt 0.725000 0.708333
vt 0.875000 0.708333
vt 0.875000 0.712500
vt 0.825000 0.716667
vt 0.775000 0.716667
vt 0.725000 0.716667
vt 0.875000 0.708333
vt 0.625000 0.708333
vt 0.675000 0.708333
vt 0.725000 0.716667
vt 0.825000 0.708333
vt 0.775000 0.708333
vt 0.725000 0.708333
vt 0.725000 0.716667
vt 0.675000 0.716667
vt 0.625000 0.712500
vt 0.675000 0.708333
vt 0.675000 0.712500
vt 0.825000 0.708333
vt 0.775000 0.708333
vt 0.725000 0.708333
vt 0.825000 0.712500
vt 0.825000 0.716667
vt 0.775000 0.716667
vt 0.775000 0.716667
vt 0.675000 0.716667
vt 0.825000 0.716667
vt 0.875000 0.691667
vt 0.875000 0.683333
vt 0.625000 0.683333
vt 0.625000 0.691667
vt 0.675000 0.683333
vt 0.625000 0.683333
vt 0.675000 0.691667
vt 0.825000 0.683333
vt 0.775000 0.683333
vt 0.725000 0.683333
vt 0.875000 0.683333
vt 0.875000 0.691667
vt 0.825000 0.691667
vt 0.775000 0.691667
vt 0.725000 0.691667
vt 0.625000 0.691667
vt 0.675000 0.683333
vt 0.625000 0.683333
vt 0.675000 0.691667
vt 0.825000 0.683333
vt 0.775000 0.683333
vt 0.725000 0.683333
vt 0.875000 0.683333
vt 0.875000 0.691667
vt 0.825000 0.691667
vt 0.775000 0.691667
vt 0.725000 0.691667
vt 0.625000 0.691667
vt 0.675000 0.683333
vt 0.625000 0.683333
vt 0.675000 0.691667
vt 0.825000 0.683333
vt 0.775000 0.683333
vt 0.725000 0.683333
vt 0.875000 0.683333
vt 0.875000 0.691667
vt 0.825000 0.691667
vt 0.775000 0.691667
vt 0.725000 0.691667
vt 0.625000 0.691667
vt 0.675000 0.683333
vt 0.625000 0.683333
vt 0.675000 0.691667
vt 0.825000 0.683333
vt 0.775000 0.683333
vt 0.725000 0.683333
vt 0.875000 0.683333
vt 0.875000 0.691667
vt 0.825000 0.691667
vt 0.775000 0.691667
vt 0.725000 0.691667
vt 0.625000 0.691667
vt 0.675000 0.683333
vt 0.625000 0.683333
vt 0.675000 0.691667
vt 0.825000 0.683333
vt 0.775000 0.683333
vt 0.725000 0.683333
vt 0.875000 0.683333
vt 0.825000 0.691667
vt 0.775000 0.691667
vt 0.725000 0.691667
vt 0.625000 0.691667
vt 0.675000 0.683333
vt 0.675000 0.691667
vt 0.825000 0.683333
vt 0.775000 0.683333
vt 0.725000 0.683333
vt 0.825000 0.691667
vt 0.775000 0.691667
vt 0.725000 0.691667
vt 0.675000 0.683333
vt 0.825000 0.683333
vt 0.775000 0.683333
vt 0.725000 0.683333
vt 0.775000 0.691667
vt 0.775000 0.691667
vt 0.825000 0.691667
vt 0.825000 0.691667
vt 0.725000 0.691667
vt 0.675000 0.691667
vt 0.675000 0.691667
vt 0.725000 0.691667
vt 0.825000 0.691667
vt 0.825000 0.691667
vt 0.875000 0.691667
vt 0.875000 0.691667
vt 0.675000 0.683333
vt 0.625000 0.683333
vt 0.825000 0.683333
vt 0.825000 0.683333
vt 0.875000 0.683333
vt 0.775000 0.683333
vt 0.725000 0.683333
vt 0.675000 0.683333
vt 0.625000 0.683333
vt 0.725000 0.683333
vt 0.775000 0.683333
vt 0.875000 0.683333
vt 0.875000 0.658333
vt 0.875000 0.650000
vt 0.625000 0.650000
vt 0.625000 0.658333
vt 0.675000 0.650000
vt 0.625000 0.650000
vt 0.675000 0.658333
vt 0.825000 0.650000
vt 0.775000 0.650000
vt 0.725000 0.650000
vt 0.875000 0.650000
vt 0.875000 0.658333
vt 0.825000 0.658333
vt 0.775000 0.658333
vt 0.725000 0.658333
vt 0.625000 0.658333
vt 0.675000 0.650000
vt 0.625000 0.650000
vt 0.675000 0.658333
vt 0.825000 0.650000
vt 0.775000 0.650000
vt 0.725000 0.650000
vt 0.875000 0.650000
vt 0.875000 0.658333
vt 0.825000 0.658333
vt 0.775000 0.658333
vt 0.725000 0.658333
vt 0.625000 0.658333
vt 0.675000 0.650000
vt 0.625000 0.650000
vt 0.675000 0.658333
vt 0.825000 0.650000
vt 0.775000 0.650000
vt 0.725000 0.650000
vt 0.875000 0.650000
vt 0.875000 0.654167
vt 0.875000 0.658333
vt 0.825000 0.658333
vt 0.775000 0.658333
vt 0.725000 0.658333
vt 0.625000 0.658333
vt 0.675000 0.650000
vt 0.825000 0.654167
vt 0.675000 0.658333
vt 0.825000 0.650000
vt 0.775000 0.650000
vt 0.725000 0.650000
vt 0.825000 0.650000
vt 0.875000 0.650000
vt 0.875000 0.654167
vt 0.825000 0.658333
vt 0.775000 0.658333
vt 0.725000 0.658333
vt 0.625000 0.658333
vt 0.675000 0.650000
vt 0.675000 0.658333
vt 0.825000 0.650000
vt 0.775000 0.650000
vt 0.725000 0.650000
vt 0.825000 0.654167
vt 0.825000 0.658333
vt 0.775000 0.658333
vt 0.725000 0.658333
vt 0.875000 0.650000
vt 0.825000 0.650000
vt 0.875000 0.654167
vt 0.825000 0.654167
vt 0.875000 0.654167
vt 0.825000 0.654167
vt 0.875000 0.637500
vt 0.875000 0.633333
vt 0.825000 0.633333
vt 0.825000 0.637500
vt 0.875000 0.637500
vt 0.875000 0.633333
vt 0.825000 0.633333
vt 0.825000 0.637500
vt 0.875000 0.637500
vt 0.875000 0.633333
vt 0.825000 0.633333
vt 0.825000 0.637500
vt 0.875000 0.637500
vt 0.875000 0.633333
vt 0.825000 0.633333
vt 0.825000 0.637500
vt 0.875000 0.637500
vt 0.875000 0.633333
vt 0.825000 0.633333
vt 0.825000 0.637500
vt 0.875000 0.637500
vt 0.875000 0.633333
vt 0.825000 0.633333
vt 0.825000 0.637500
vt 0.875000 0.637500
vt 0.875000 0.633333
vt 0.825000 0.633333
vt 0.825000 0.637500
vt 0.875000 0.637500
vt 0.825000 0.637500
vt 0.875000 0.637500
vt 0.825000 0.637500
vt 0.775000 0.587500
vt 0.775000 0.587500
vt 0.875000 0.604167
vt 0.875000 0.600000
vt 0.825000 0.600000
vt 0.825000 0.604167
vt 0.875000 0.604167
vt 0.875000 0.600000
vt 0.825000 0.600000
vt 0.825000 0.604167
vt 0.875000 0.604167
vt 0.875000 0.600000
vt 0.825000 0.600000
vt 0.825000 0.604167
vt 0.875000 0.604167
vt 0.875000 0.600000
vt 0.825000 0.600000
vt 0.825000 0.604167
vt 0.875000 0.604167
vt 0.875000 0.600000
vt 0.825000 0.600000
vt 0.825000 0.604167
vt 0.875000 0.604167
vt 0.875000 0.600000
vt 0.825000 0.600000
vt 0.825000 0.604167
vt 0.875000 0.604167
vt 0.875000 0.600000
vt 0.825000 0.600000
vt 0.825000 0.604167
vt 0.875000 0.604167
vt 0.875000 0.600000
vt 0.825000 0.600000
vt 0.825000 0.604167
vt 0.875000 0.604167
vt 0.875000 0.600000
vt 0.825000 0.600000
vt 0.825000 0.604167
vt 0.875000 0.604167
vt 0.875000 0.600000
vt 0.825000 0.600000
vt 0.825000 0.604167
vt 0.875000 0.604167
vt 0.875000 0.600000
vt 0.825000 0.600000
vt 0.825000 0.604167
vt 0.775000 0.583333
vt 0.725000 0.583333
vt 0.775000 0.587500
vt 0.725000 0.587500
vt 0.775000 0.583333
vt 0.725000 0.583333
vt 0.775000 0.587500
vt 0.725000 0.587500
vt 0.775000 0.583333
vt 0.725000 0.583333
vt 0.775000 0.587500
vt 0.725000 0.587500
vt 0.775000 0.583333
vt 0.725000 0.583333
vt 0.775000 0.587500
vt 0.725000 0.587500
vt 0.775000 0.583333
vt 0.725000 0.583333
vt 0.775000 0.587500
vt 0.725000 0.587500
vt 0.775000 0.583333
vt 0.725000 0.583333
vt 0.775000 0.587500
vt 0.725000 0.587500
vt 0.775000 0.583333
vt 0.725000 0.583333
vt 0.775000 0.587500
vt 0.725000 0.587500
vt 0.775000 0.583333
vt 0.725000 0.583333
vt 0.775000 0.587500
vt 0.725000 0.587500
vt 0.775000 0.583333
vt 0.725000 0.583333
vt 0.775000 0.587500
vt 0.725000 0.587500
vt 0.775000 0.583333
vt 0.725000 0.583333
vt 0.775000 0.587500
vt 0.725000 0.587500
vt 0.775000 0.583333
vt 0.725000 0.583333
vt 0.775000 0.587500
vt 0.725000 0.587500
vt 0.775000 0.583333
vt 0.725000 0.583333
vt 0.775000 0.587500
vt 0.725000 0.587500
vt 0.775000 0.587500
vt 0.775000 0.587500
vt 0.725000 0.587500
vt 0.775000 0.587500
vt 0.725000 0.587500
vt 0.825000 0.633333
vt 0.775000 0.587500
vt 0.825000 0.633333
vt 0.775000 0.587500
vt 0.875000 0.633333
vt 0.875000 0.633333
vt 0.775000 0.583333
vt 0.725000 0.583333
vt 0.775000 0.583333
vt 0.725000 0.583333
vt 0.775000 0.583333
vt 0.725000 0.583333
vt 0.775000 0.583333
vt 0.725000 0.583333
vt 0.775000 0.583333
vt 0.725000 0.583333
vt 0.775000 0.583333
vt 0.725000 0.583333
vt 0.775000 0.583333
vt 0.725000 0.583333
vt 0.775000 0.583333
vt 0.725000 0.583333
vt 0.725000 0.583333
vt 0.725000 0.583333
vt 0.725000 0.583333
vt 0.725000 0.583333
vt 0.725000 0.583333
vt 0.725000 0.583333
vt 0.725000 0.583333
vt 0.725000 0.583333
vt 0.775000 0.583333
vt 0.725000 0.583333
vt 0.775000 0.583333
vt 0.725000 0.583333
vt 0.775000 0.583333
vt 0.725000 0.583333
vt 0.775000 0.583333
vt 0.725000 0.583333
vt 0.775000 0.583333
vt 0.775000 0.583333
vt 0.775000 0.583333
vt 0.775000 0.583333
vt 0.775000 0.583333
vt 0.775000 0.583333
vt 0.775000 0.583333
vt 0.775000 0.583333
vt 0.775000 0.583333
vt 0.775000 0.583333
vt 0.775000 0.583333
vt 0.775000 0.583333
vt 0.775000 0.570833
vt 0.725000 0.570833
vt 0.775000 0.575000
vt 0.725000 0.575000
vt 0.775000 0.570833
vt 0.725000 0.570833
vt 0.775000 0.575000
vt 0.725000 0.575000
vt 0.775000 0.570833
vt 0.725000 0.570833
vt 0.775000 0.575000
vt 0.725000 0.575000
vt 0.775000 0.570833
vt 0.725000 0.570833
vt 0.775000 0.575000
vt 0.725000 0.575000
vt 0.775000 0.570833
vt 0.725000 0.570833
vt 0.775000 0.575000
vt 0.725000 0.575000
vt 0.775000 0.570833
vt 0.725000 0.570833
vt 0.775000 0.575000
vt 0.725000 0.575000
vt 0.775000 0.570833
vt 0.725000 0.570833
vt 0.775000 0.575000
vt 0.725000 0.575000
vt 0.775000 0.570833
vt 0.725000 0.570833
vt 0.775000 0.575000
vt 0.725000 0.575000
vt 0.775000 0.570833
vt 0.725000 0.570833
vt 0.775000 0.575000
vt 0.725000 0.575000
vt 0.775000 0.570833
vt 0.725000 0.570833
vt 0.775000 0.575000
vt 0.725000 0.575000
vt 0.775000 0.570833
vt 0.725000 0.570833
vt 0.775000 0.575000
vt 0.725000 0.575000
vt 0.775000 0.570833
vt 0.725000 0.570833
vt 0.775000 0.575000
vt 0.725000 0.575000
vt 0.775000 0.633333
vt 0.725000 0.633333
vt 0.775000 0.637500
vt 0.725000 0.637500
vt 0.775000 0.633333
vt 0.725000 0.633333
vt 0.775000 0.637500
vt 0.725000 0.637500
vt 0.775000 0.633333
vt 0.725000 0.633333
vt 0.775000 0.637500
vt 0.725000 0.637500
vt 0.725000 0.633333
vt 0.775000 0.637500
vt 0.725000 0.637500
vt 0.825000 0.633333
vt 0.825000 0.637500
vt 0.825000 0.633333
vt 0.825000 0.637500
vt 0.775000 0.633333
vt 0.725000 0.633333
vt 0.775000 0.633333
vt 0.725000 0.633333
vt 0.825000 0.600000
vt 0.825000 0.604167
vt 0.825000 0.600000
vt 0.825000 0.604167
vt 0.825000 0.600000
vt 0.825000 0.604167
vt 0.825000 0.600000
vt 0.825000 0.604167
vt 0.825000 0.600000
vt 0.825000 0.604167
vt 0.825000 0.600000
vt 0.825000 0.604167
vt 0.825000 0.604167
vt 0.825000 0.604167
vt 0.825000 0.604167
vt 0.725000 0.583333
vt 0.725000 0.587500
vt 0.725000 0.583333
vt 0.725000 0.587500
vt 0.725000 0.583333
vt 0.725000 0.583333
vt 0.725000 0.587500
vt 0.725000 0.587500
vt 0.725000 0.587500
vt 0.725000 0.587500
vt 0.725000 0.570833
vt 0.725000 0.575000
vt 0.725000 0.570833
vt 0.725000 0.575000
vt 0.725000 0.570833
vt 0.725000 0.570833
vt 0.725000 0.575000
vt 0.725000 0.575000
vt 0.725000 0.575000
vt 0.725000 0.575000
vt 0.725000 0.570833
vt 0.725000 0.570833
vt 0.725000 0.570833
vt 0.725000 0.570833
vt 0.775000 0.570833
vt 0.725000 0.570833
vt 0.775000 0.570833
vt 0.725000 0.570833
vt 0.800000 0.600000
vt 0.800000 0.604167
vt 0.825000 0.600000
vt 0.825000 0.604167
vt 0.825000 0.600000
vt 0.825000 0.604167
vt 0.825000 0.600000
vt 0.825000 0.600000
vt 0.825000 0.604167
vt 0.825000 0.604167
vt 0.825000 0.600000
vt 0.825000 0.604167
vt 0.750000 0.600000
vt 0.750000 0.604167
vt 0.625000 0.600000
vt 0.625000 0.604167
vt 0.625000 0.600000
vt 0.625000 0.604167
vt 0.675000 0.600000
vt 0.675000 0.604167
vt 0.625000 0.600000
vt 0.625000 0.604167
vt 0.725000 0.600000
vt 0.725000 0.604167
vt 0.700000 0.583333
vt 0.700000 0.587500
vt 0.725000 0.583333
vt 0.725000 0.587500
vt 0.725000 0.583333
vt 0.725000 0.587500
vt 0.725000 0.583333
vt 0.725000 0.587500
vt 0.750000 0.375000
vt 0.750000 0.375000
vt 0.800000 0.583333
vt 0.800000 0.587500
vt 0.775000 0.583333
vt 0.775000 0.587500
vt 0.775000 0.583333
vt 0.775000 0.587500
vt 0.725000 0.583333
vt 0.725000 0.587500
vt 0.725000 0.583333
vt 0.725000 0.587500
vt 0.725000 0.583333
vt 0.725000 0.587500
vt 0.725000 0.583333
vt 0.725000 0.587500
vt 0.775000 0.570833
vt 0.775000 0.575000
vt 0.775000 0.570833
vt 0.775000 0.575000
vt 0.625000 0.691667
vt 0.625000 0.708333
vt 0.625000 0.712500
vt 0.675000 0.691667
vt 0.675000 0.708333
vt 0.675000 0.712500
vt 0.875000 0.712500
vt 0.875000 0.708333
vt 0.825000 0.708333
vt 0.825000 0.712500
vt 0.675000 0.716667
vt 0.625000 0.716667
vt 0.675000 0.716667
vt 0.625000 0.716667
vt 0.875000 0.716667
vt 0.825000 0.716667
vt 0.875000 0.716667
vt 0.825000 0.716667
vt 0.775000 0.741667
vt 0.725000 0.741667
vt 0.775000 0.745833
vt 0.725000 0.745833
vt 0.775000 0.729167
vt 0.725000 0.729167
vt 0.775000 0.733333
vt 0.725000 0.733333
vt 0.825000 0.633333
vt 0.825000 0.637500
vt 0.825000 0.633333
vt 0.825000 0.637500
vt 0.825000 0.633333
vt 0.825000 0.637500
vt 0.825000 0.633333
vt 0.825000 0.637500
vt 0.825000 0.633333
vt 0.825000 0.637500
vt 0.825000 0.633333
vt 0.825000 0.637500
vt 0.725000 0.633333
vt 0.725000 0.637500
vt 0.725000 0.633333
vt 0.725000 0.637500
vt 0.725000 0.633333
vt 0.725000 0.637500
vt 0.725000 0.633333
vt 0.725000 0.637500
vt 0.725000 0.633333
vt 0.725000 0.637500
vt 0.725000 0.633333
vt 0.725000 0.637500
vt 0.725000 0.633333
vt 0.725000 0.637500
vt 0.725000 0.633333
vt 0.725000 0.637500
vt 0.725000 0.633333
vt 0.725000 0.637500
vt 0.725000 0.633333
vt 0.725000 0.637500
vt 0.725000 0.633333
vt 0.725000 0.637500
vt 0.725000 0.633333
vt 0.725000 0.637500
vt 0.725000 0.633333
vt 0.725000 0.637500
vt 0.725000 0.633333
vt 0.725000 0.637500
vt 0.725000 0.633333
vt 0.725000 0.637500
vt 0.725000 0.633333
vt 0.725000 0.637500
vt 0.775000 0.554167
vt 0.725000 0.554167
vt 0.775000 0.558333
vt 0.725000 0.558333
vt 0.775000 0.550000
vt 0.725000 0.550000
vt 0.775000 0.554167
vt 0.725000 0.554167
vt 0.775000 0.550000
vt 0.725000 0.550000
vt 0.775000 0.554167
vt 0.725000 0.554167
vt 0.775000 0.545833
vt 0.725000 0.545833
vt 0.775000 0.545833
vt 0.725000 0.545833
vt 0.775000 0.545833
vt 0.725000 0.545833
vt 0.775000 0.545833
vt 0.725000 0.545833
vt 0.775000 0.545833
vt 0.725000 0.545833
vt 0.775000 0.545833
vt 0.725000 0.545833
vt 0.775000 0.545833
vt 0.725000 0.545833
vt 0.775000 0.545833
vt 0.725000 0.545833
vt 0.725000 0.545833
vt 0.725000 0.545833
vt 0.725000 0.545833
vt 0.725000 0.545833
vt 0.725000 0.545833
vt 0.725000 0.545833
vt 0.625000 0.533333
vt 0.725000 0.545833
vt 0.725000 0.545833
vt 0.775000 0.545833
vt 0.775000 0.545833
vt 0.775000 0.545833
vt 0.775000 0.545833
vt 0.775000 0.545833
vt 0.775000 0.545833
vt 0.775000 0.545833
vt 0.775000 0.545833
vt 0.875000 0.533333
vt 0.875000 0.529167
vt 0.625000 0.529167
vt 0.625000 0.533333
vt 0.675000 0.529167
vt 0.675000 0.533333
vt 0.825000 0.529167
vt 0.775000 0.529167
vt 0.725000 0.529167
vt 0.825000 0.533333
vt 0.775000 0.533333
vt 0.725000 0.533333
vt 0.875000 0.529167
vt 0.625000 0.529167
vt 0.675000 0.529167
vt 0.675000 0.533333
vt 0.825000 0.529167
vt 0.775000 0.529167
vt 0.725000 0.529167
vt 0.825000 0.533333
vt 0.775000 0.533333
vt 0.875000 0.533333
vt 0.725000 0.533333
vt 0.875000 0.533333
vt 0.875000 0.529167
vt 0.625000 0.529167
vt 0.625000 0.533333
vt 0.675000 0.529167
vt 0.675000 0.533333
vt 0.825000 0.529167
vt 0.775000 0.529167
vt 0.725000 0.529167
vt 0.825000 0.533333
vt 0.775000 0.533333
vt 0.725000 0.533333
vt 0.875000 0.533333
vt 0.625000 0.533333
vt 0.675000 0.533333
vt 0.775000 0.529167
vt 0.725000 0.529167
vt 0.825000 0.533333
vt 0.775000 0.533333
vt 0.725000 0.533333
vt 0.875000 0.529167
vt 0.825000 0.529167
vt 0.775000 0.529167
vt 0.825000 0.529167
vt 0.875000 0.529167
vt 0.775000 0.529167
vt 0.675000 0.529167
vt 0.625000 0.529167
vt 0.675000 0.529167
vt 0.625000 0.529167
vt 0.775000 0.508333
vt 0.725000 0.508333
vt 0.775000 0.512500
vt 0.725000 0.512500
vt 0.875000 0.504167
vt 0.625000 0.250000
vt 0.625000 0.450000
vt 0.625000 0.500000
vt 0.625000 0.504167
vt 0.675000 0.504167
vt 0.625000 0.300000
vt 0.625000 0.350000
vt 0.625000 0.400000
vt 0.825000 0.504167
vt 0.775000 0.504167
vt 0.725000 0.504167
vt 0.875000 0.504167
vt 0.625000 0.250000
vt 0.625000 0.450000
vt 0.625000 0.500000
vt 0.625000 0.504167
vt 0.675000 0.504167
vt 0.625000 0.300000
vt 0.625000 0.350000
vt 0.700000 0.425000
vt 0.825000 0.504167
vt 0.775000 0.504167
vt 0.750000 0.504167
vt 0.875000 0.504167
vt 0.625000 0.250000
vt 0.625000 0.450000
vt 0.625000 0.500000
vt 0.625000 0.504167
vt 0.675000 0.516667
vt 0.625000 0.300000
vt 0.625000 0.350000
vt 0.700000 0.425000
vt 0.825000 0.504167
vt 0.775000 0.504167
vt 0.750000 0.516667
vt 0.775000 0.508333
vt 0.725000 0.508333
vt 0.675000 0.529167
vt 0.725000 0.529167
vt 0.675000 0.691667
vt 0.625000 0.691667
s 0
g off
g INSTAKILL_BASE_INSTAKILL
usemtl INSTAKILL
f 46/46/1 40/40/1 45/45/1
f 44/44/1 42/42/1 43/43/1
f 745/747/2 741/743/2 743/745/2
f 456/456/1 453/453/1 452/452/1
f 348/348/1 31/31/1 108/108/1
f 254/254/1 119/119/1 118/118/1
f 783/787/2 416/416/2 102/102/2
f 185/185/1 130/130/1 129/129/1
f 173/173/2 153/153/2 162/162/2
f 765/769/2 220/220/2 239/239/2
f 877/882/1 65/65/1 64/64/1
f 955/960/2 944/949/2 943/948/2
f 886/891/1 877/882/1 876/881/1
f 892/897/2 880/885/2 881/886/2
f 890/895/2 879/884/2 880/885/2
f 889/894/2 870/875/2 879/884/2
f 826/830/1 76/76/1 75/75/1
f 897/902/1 883/888/1 884/889/1
f 901/906/1 884/889/1 888/893/1
f 382/382/2 368/368/2 369/369/2
f 898/903/2 892/897/2 885/890/2
f 904/909/2 890/895/2 892/897/2
f 903/908/2 889/894/2 890/895/2
f 899/904/1 887/892/1 886/891/1
f 908/913/1 901/906/1 900/905/1
f 936/941/2 25/25/2 55/55/2
f 907/912/2 904/909/2 898/903/2
f 912/917/2 903/908/2 904/909/2
f 911/916/2 902/907/2 903/908/2
f 773/777/2 770/774/2 771/775/2
f 175/175/2 163/163/2 164/164/2
f 255/255/1 264/264/1 121/121/1
f 2/2/2 47/47/2 54/54/2
f 774/778/1 150/150/1 149/149/1
f 777/781/2 151/151/2 152/152/2
f 784/788/1 99/99/1 415/415/1
f 881/886/2 68/68/2 69/69/2
f 787/791/2 420/420/2 416/416/2
f 792/796/1 419/419/1 423/423/1
f 796/800/1 101/101/1 641/643/1
f 791/795/2 424/424/2 420/420/2
f 759/762/2 235/235/2 233/233/2
f 800/804/1 641/643/1 645/647/1
f 795/799/2 643/645/2 104/104/2
f 799/803/2 647/649/2 643/645/2
f 804/808/1 645/647/1 649/651/1
f 880/885/2 67/67/2 68/68/2
f 803/807/2 651/653/2 647/649/2
f 808/812/1 649/651/1 652/654/1
f 189/189/2 134/134/2 135/135/2
f 163/163/2 145/145/2 146/146/2
f 157/157/1 37/37/1 141/141/1
f 169/169/1 161/161/1 160/160/1
f 488/488/1 485/485/1 484/484/1
f 168/168/1 160/160/1 159/159/1
f 159/159/1 139/139/1 138/138/1
f 158/158/2 147/147/2 148/148/2
f 448/448/1 91/91/1 20/20/1
f 177/177/1 127/127/1 12/12/1
f 192/192/1 178/178/1 180/180/1
f 816/820/1 798/802/1 800/804/1
f 132/132/1 183/183/1 177/177/1
f 183/183/1 128/128/1 127/127/1
f 182/182/2 136/136/2 137/137/2
f 201/201/2 188/188/2 189/189/2
f 272/272/2 263/263/2 260/260/2
f 259/259/2 124/124/2 125/125/2
f 258/258/2 123/123/2 124/124/2
f 278/278/1 261/261/1 266/266/1
f 386/386/2 379/379/2 403/403/2
f 252/252/1 117/117/1 116/116/1
f 353/353/1 108/108/1 107/107/1
f 347/347/2 115/115/2 32/32/2
f 351/351/1 106/106/1 105/105/1
f 902/907/2 891/896/2 889/894/2
f 350/350/2 114/114/2 115/115/2
f 644/646/1 641/643/1 640/642/1
f 492/492/1 86/86/1 85/85/1
f 739/741/1 83/83/1 22/22/1
f 213/213/1 181/181/1 204/204/1
f 837/841/2 832/836/2 833/837/2
f 858/862/2 855/859/2 854/858/2
f 928/933/1 43/43/1 4/4/1
f 721/723/2 98/98/2 30/30/2
f 941/946/1 930/935/1 929/934/1
f 8/8/1 39/39/1 46/46/1
f 51/51/2 5/5/2 6/6/2
f 54/54/2 48/48/2 53/53/2
f 174/174/2 162/162/2 163/163/2
f 143/143/1 159/159/1 154/154/1
f 200/200/2 176/176/2 188/188/2
f 188/188/2 11/11/2 134/134/2
f 763/767/1 236/236/1 219/219/1
f 167/167/2 164/164/2 158/158/2
f 170/170/1 157/157/1 161/161/1
f 166/166/1 155/155/1 157/157/1
f 164/164/2 146/146/2 147/147/2
f 180/180/1 35/35/1 130/130/1
f 179/179/2 137/137/2 36/36/2
f 196/196/1 185/185/1 184/184/1
f 221/221/2 187/187/2 209/209/2
f 212/212/2 205/205/2 203/203/2
f 190/190/2 135/135/2 136/136/2
f 191/191/2 182/182/2 179/179/2
f 937/942/2 55/55/2 56/56/2
f 202/202/2 189/189/2 190/190/2
f 194/194/2 190/190/2 182/182/2
f 237/237/1 230/230/1 229/229/1
f 929/934/1 8/8/1 46/46/1
f 234/234/1 225/225/1 226/226/1
f 885/890/2 881/886/2 875/880/2
f 811/815/2 797/801/2 795/799/2
f 198/198/1 206/206/1 186/186/1
f 218/218/1 204/204/1 208/208/1
f 216/216/1 207/207/1 206/206/1
f 223/223/2 210/210/2 211/211/2
f 222/222/2 209/209/2 210/210/2
f 217/217/1 208/208/1 207/207/1
f 238/238/1 226/226/1 230/230/1
f 219/219/1 228/228/1 224/224/1
f 248/248/2 126/126/2 34/34/2
f 242/242/2 240/240/2 241/241/2
f 249/249/1 33/33/1 119/119/1
f 253/253/1 118/118/1 117/117/1
f 876/881/1 64/64/1 63/63/1
f 752/754/1 500/500/1 504/504/1
f 557/559/2 550/552/2 551/553/2
f 781/785/2 171/171/2 172/172/2
f 251/251/2 125/125/2 126/126/2
f 275/275/2 271/271/2 263/263/2
f 283/283/2 270/270/2 271/271/2
f 282/282/2 269/269/2 270/270/2
f 273/273/1 120/120/1 261/261/1
f 296/296/2 287/287/2 284/284/2
f 290/290/1 273/273/1 278/278/1
f 287/287/2 283/283/2 275/275/2
f 769/773/2 766/770/2 767/771/2
f 295/295/2 282/282/2 283/283/2
f 267/267/1 276/276/1 255/255/1
f 281/281/2 122/122/2 269/269/2
f 294/294/2 281/281/2 282/282/2
f 289/289/1 278/278/1 277/277/1
f 311/311/1 302/302/1 301/301/1
f 819/823/2 805/809/2 803/807/2
f 307/307/2 299/299/2 296/296/2
f 299/299/2 295/295/2 287/287/2
f 306/306/2 294/294/2 295/295/2
f 874/879/1 27/27/1 66/66/1
f 308/308/1 274/274/1 297/297/1
f 315/315/2 305/305/2 306/306/2
f 291/291/1 300/300/1 279/279/1
f 304/304/2 268/268/2 293/293/2
f 314/314/2 304/304/2 305/305/2
f 310/310/1 301/301/1 300/300/1
f 318/318/1 312/312/1 311/311/1
f 293/293/2 256/256/2 281/281/2
f 305/305/2 293/293/2 294/294/2
f 319/319/1 308/308/1 312/312/1
f 321/321/2 322/322/2 320/320/2
f 316/316/1 286/286/1 308/308/1
f 343/343/1 335/335/1 336/336/1
f 313/313/2 280/280/2 304/304/2
f 317/317/1 311/311/1 310/310/1
f 309/309/2 306/306/2 299/299/2
f 312/312/1 297/297/1 302/302/1
f 329/329/2 330/330/2 328/328/2
f 326/326/2 324/324/2 325/325/2
f 327/327/2 320/320/2 324/324/2
f 342/342/1 338/338/1 337/337/1
f 341/341/1 332/332/1 338/338/1
f 731/733/2 89/89/2 90/90/2
f 352/352/1 107/107/1 106/106/1
f 339/339/1 333/333/1 332/332/1
f 334/334/1 337/337/1 335/335/1
f 345/345/1 105/105/1 16/16/1
f 356/356/2 15/15/2 112/112/2
f 894/899/1 886/891/1 882/887/1
f 357/357/2 112/112/2 113/113/2
f 358/358/2 113/113/2 114/114/2
f 372/372/1 109/109/1 360/360/1
f 383/383/2 369/369/2 370/370/2
f 374/374/2 370/370/2 362/362/2
f 371/371/2 362/362/2 359/359/2
f 384/384/2 374/374/2 371/371/2
f 375/375/1 364/364/1 363/363/1
f 900/905/1 888/893/1 887/892/1
f 404/404/2 367/367/2 394/394/2
f 354/354/1 363/363/1 110/110/1
f 390/390/1 372/372/1 377/377/1
f 387/387/2 383/383/2 374/374/2
f 385/385/1 349/349/1 372/372/1
f 396/396/2 382/382/2 383/383/2
f 366/366/1 375/375/1 354/354/1
f 381/381/2 111/111/2 368/368/2
f 395/395/2 381/381/2 382/382/2
f 388/388/1 376/376/1 375/375/1
f 376/376/1 365/365/1 364/364/1
f 402/402/1 385/385/1 390/390/1
f 412/412/2 409/409/2 410/410/2
f 399/399/2 396/396/2 387/387/2
f 398/398/1 361/361/1 385/385/1
f 406/406/2 395/395/2 396/396/2
f 378/378/1 388/388/1 366/366/1
f 394/394/2 355/355/2 381/381/2
f 405/405/2 394/394/2 395/395/2
f 407/407/1 391/391/1 392/392/1
f 397/397/2 387/387/2 384/384/2
f 392/392/1 400/400/1 378/378/1
f 416/416/2 17/17/2 102/102/2
f 400/400/1 389/389/1 388/388/1
f 424/424/2 417/417/2 420/420/2
f 418/418/1 415/415/1 414/414/1
f 414/414/1 99/99/1 18/18/1
f 420/420/2 413/413/2 416/416/2
f 428/428/2 421/421/2 424/424/2
f 422/422/1 419/419/1 418/418/1
f 432/432/2 425/425/2 428/428/2
f 426/426/1 423/423/1 422/422/1
f 664/666/2 462/462/2 458/458/2
f 430/430/1 427/427/1 426/426/1
f 440/440/2 433/433/2 436/436/2
f 436/436/2 429/429/2 432/432/2
f 438/438/1 435/435/1 434/434/1
f 444/444/2 441/441/2 442/442/2
f 450/450/2 19/19/2 95/95/2
f 154/154/1 138/138/1 10/10/1
f 452/452/1 449/449/1 448/448/1
f 458/458/2 451/451/2 454/454/2
f 454/454/2 447/447/2 450/450/2
f 466/466/2 459/459/2 462/462/2
f 460/460/1 457/457/1 456/456/1
f 462/462/2 455/455/2 458/458/2
f 470/470/2 463/463/2 466/466/2
f 464/464/1 461/461/1 460/460/1
f 468/468/1 465/465/1 464/464/1
f 478/478/2 471/471/2 474/474/2
f 472/472/1 469/469/1 468/468/1
f 474/474/2 467/467/2 470/470/2
f 476/476/1 473/473/1 472/472/1
f 480/480/1 477/477/1 476/476/1
f 482/482/2 475/475/2 478/478/2
f 490/490/2 483/483/2 486/486/2
f 484/484/1 481/481/1 480/480/1
f 486/486/2 479/479/2 482/482/2
f 498/498/2 493/493/2 494/494/2
f 502/502/2 497/497/2 498/498/2
f 277/277/1 266/266/1 265/265/1
f 494/494/2 88/88/2 89/89/2
f 499/499/1 496/496/1 495/495/1
f 495/495/1 492/492/1 491/491/1
f 506/506/2 501/501/2 502/502/2
f 735/737/2 733/735/2 731/733/2
f 503/503/1 500/500/1 499/499/1
f 507/507/1 504/504/1 503/503/1
f 940/945/1 933/938/1 928/933/1
f 518/518/2 513/513/2 514/514/2
f 514/514/2 509/509/2 510/510/2
f 511/511/1 508/508/1 507/507/1
f 515/515/1 512/512/1 511/511/1
f 519/519/1 516/516/1 515/515/1
f 522/522/2 517/517/2 518/518/2
f 526/526/2 521/521/2 522/522/2
f 523/523/1 520/520/1 519/519/1
f 527/527/1 524/524/1 523/523/1
f 530/530/2 525/525/2 526/526/2
f 531/531/1 528/528/1 527/527/1
f 534/534/2 529/529/2 530/530/2
f 538/538/2 533/533/2 534/534/2
f 535/535/1 532/532/1 531/531/1
f 165/165/2 158/158/2 156/156/2
f 595/597/2 81/81/2 82/82/2
f 561/563/2 556/558/2 557/559/2
f 543/543/2 540/540/2 541/541/2
f 672/674/2 715/717/2 719/721/2
f 544/544/3 547/549/3 545/546/3
f 968/973/4 760/763/4 967/972/4
f 537/537/5 545/547/5 539/539/5
f 573/575/2 560/562/2 561/563/2
f 246/246/1 116/116/1 14/14/1
f 558/560/1 555/557/1 554/556/1
f 567/569/1 553/555/1 555/557/1
f 871/876/1 63/63/1 24/24/1
f 574/576/1 563/565/1 562/564/1
f 562/564/1 559/561/1 558/560/1
f 578/580/1 577/579/1 576/578/1
f 568/570/2 565/567/2 564/566/2
f 564/566/2 551/553/2 549/551/2
f 838/842/1 72/72/1 71/71/1
f 583/585/1 554/556/1 552/554/1
f 580/582/2 548/550/2 550/552/2
f 588/590/2 585/587/2 584/586/2
f 596/598/1 593/595/1 592/594/1
f 592/594/1 80/80/1 79/79/1
f 607/609/2 602/604/2 603/605/2
f 600/602/1 597/599/1 596/598/1
f 599/601/2 594/596/2 595/597/2
f 604/606/1 601/603/1 600/602/1
f 778/782/1 170/170/1 169/169/1
f 611/613/2 606/608/2 607/609/2
f 615/617/2 610/612/2 611/613/2
f 620/622/1 617/619/1 616/618/1
f 616/618/1 613/615/1 612/614/1
f 619/621/2 614/616/2 615/617/2
f 623/625/2 618/620/2 619/621/2
f 627/629/2 622/624/2 623/625/2
f 624/626/1 621/623/1 620/622/1
f 632/634/1 629/631/1 628/630/1
f 628/630/1 625/627/1 624/626/1
f 635/637/2 630/632/2 631/633/2
f 639/641/2 634/636/2 635/637/2
f 636/638/1 633/635/1 632/634/1
f 643/645/2 103/103/2 104/104/2
f 651/653/2 646/648/2 647/649/2
f 640/642/1 101/101/1 100/100/1
f 647/649/2 642/644/2 643/645/2
f 648/650/1 645/647/1 644/646/1
f 654/656/2 650/652/2 651/653/2
f 657/659/1 423/423/1 427/427/1
f 656/658/2 428/428/2 424/424/2
f 661/663/1 660/662/1 659/661/1
f 673/675/1 667/669/1 669/671/1
f 668/670/2 666/668/2 664/666/2
f 665/667/1 457/457/1 461/461/1
f 807/811/2 654/656/2 651/653/2
f 669/671/1 663/665/1 665/667/1
f 693/695/1 688/690/1 690/692/1
f 676/678/2 675/677/2 674/676/2
f 683/685/1 678/680/1 680/682/1
f 679/681/2 510/510/2 506/506/2
f 686/688/2 685/687/2 684/686/2
f 689/691/2 615/617/2 611/613/2
f 284/284/2 275/275/2 272/272/2
f 952/957/1 945/950/1 940/945/1
f 906/911/2 898/903/2 896/901/2
f 288/288/1 277/277/1 276/276/1
f 53/53/2 49/49/2 52/52/2
f 276/276/1 265/265/1 264/264/1
f 729/731/2 96/96/2 97/97/2
f 707/709/2 454/454/2 450/450/2
f 697/699/2 694/696/2 695/697/2
f 727/729/2 725/727/2 723/725/2
f 711/713/2 709/711/2 707/709/2
f 704/706/1 703/705/1 702/704/1
f 724/726/1 29/29/1 94/94/1
f 875/880/2 69/69/2 70/70/2
f 701/703/1 698/700/1 699/701/1
f 865/870/1 852/856/1 850/854/1
f 718/720/1 722/724/1 724/726/1
f 740/742/1 495/495/1 491/491/1
f 156/156/2 148/148/2 38/38/2
f 731/733/2 498/498/2 494/494/2
f 706/708/1 93/93/1 92/92/1
f 285/285/1 250/250/1 273/273/1
f 667/669/1 718/720/1 712/714/1
f 736/738/1 730/732/1 732/734/1
f 878/883/1 66/66/1 65/65/1
f 718/720/1 713/715/1 712/714/1
f 852/856/1 851/855/1 850/854/1
f 757/759/2 602/604/2 606/608/2
f 739/741/1 742/744/1 740/742/1
f 741/743/2 21/21/2 87/87/2
f 743/745/2 493/493/2 497/497/2
f 746/748/1 736/738/1 732/734/1
f 754/756/1 604/606/1 600/602/1
f 257/257/2 13/13/2 123/123/2
f 603/605/2 598/600/2 599/601/2
f 197/197/1 180/180/1 185/185/1
f 540/540/6 446/446/6 445/445/6
f 866/871/2 863/868/2 862/867/2
f 751/753/2 506/506/2 502/502/2
f 608/610/1 605/607/1 604/606/1
f 869/874/1 864/869/1 865/870/1
f 959/964/1 946/951/1 958/963/1
f 491/491/1 85/85/1 84/84/1
f 829/833/2 77/77/2 78/78/2
f 227/227/2 241/241/2 231/231/2
f 833/837/2 75/75/2 76/76/2
f 824/828/1 806/810/1 808/812/1
f 303/303/1 310/310/1 291/291/1
f 834/838/1 831/835/1 830/834/1
f 847/851/2 840/844/2 841/845/2
f 820/824/1 802/806/1 804/808/1
f 591/593/1 586/588/1 587/589/1
f 844/848/1 843/847/1 842/846/1
f 184/184/1 129/129/1 128/128/1
f 815/819/2 801/805/2 799/803/2
f 854/858/2 849/853/2 845/849/2
f 879/884/2 23/23/2 67/67/2
f 788/792/1 415/415/1 419/419/1
f 862/867/2 844/848/2 848/852/2
f 959/964/1 941/946/1 947/952/1
f 717/719/2 715/717/2 714/716/2
f 812/816/1 794/798/1 796/800/1
f 857/861/1 851/855/1 853/857/1
f 860/864/2 875/880/2 873/878/2
f 708/710/1 449/449/1 453/453/1
f 236/236/1 229/229/1 228/228/1
f 749/751/2 733/735/2 737/739/2
f 888/893/1 874/879/1 878/883/1
f 571/573/1 566/568/1 567/569/1
f 884/889/1 872/877/1 874/879/1
f 873/878/2 70/70/2 28/28/2
f 896/901/2 885/890/2 860/864/2
f 882/887/1 876/881/1 871/876/1
f 377/377/1 360/360/1 365/365/1
f 160/160/1 140/140/1 139/139/1
f 389/389/1 377/377/1 376/376/1
f 966/971/1 956/961/1 962/967/1
f 43/43/1 3/3/1 4/4/1
f 917/922/1 914/919/1 913/918/1
f 401/401/1 390/390/1 389/389/1
f 162/162/2 9/9/2 145/145/2
f 680/682/1 504/504/1 508/508/1
f 943/948/2 932/937/2 931/936/2
f 923/928/1 60/60/1 59/59/1
f 45/45/1 41/41/1 44/44/1
f 631/633/2 626/628/2 627/629/2
f 910/915/2 893/898/2 902/907/2
f 52/52/2 50/50/2 51/51/2
f 823/827/2 809/813/2 807/811/2
f 921/926/1 920/925/1 919/924/1
f 916/921/1 915/920/1 914/919/1
f 931/936/2 58/58/2 26/26/2
f 926/931/2 61/61/2 62/62/2
f 938/943/2 56/56/2 57/57/2
f 948/953/2 927/932/2 936/941/2
f 935/940/1 46/46/1 45/45/1
f 933/938/1 44/44/1 43/43/1
f 712/714/1 706/708/1 708/710/1
f 947/952/1 929/934/1 935/940/1
f 932/937/2 57/57/2 58/58/2
f 934/939/1 45/45/1 44/44/1
f 945/950/1 934/939/1 933/938/1
f 195/195/1 184/184/1 183/183/1
f 732/734/1 492/492/1 496/496/1
f 243/243/2 231/231/2 232/232/2
f 887/892/1 878/883/1 877/882/1
f 861/866/1 856/860/1 857/861/1
f 510/510/2 505/505/2 506/506/2
f 960/965/2 939/944/2 948/953/2
f 949/954/2 936/941/2 937/942/2
f 161/161/1 141/141/1 140/140/1
f 953/958/1 942/947/1 941/946/1
f 957/962/1 946/951/1 945/950/1
f 434/434/1 431/431/1 430/430/1
f 961/966/2 948/953/2 949/954/2
f 950/955/2 961/966/2 949/954/2
f 215/215/2 211/211/2 205/205/2
f 964/969/2 59/59/2 60/60/2
f 830/834/1 74/74/1 73/73/1
f 944/949/2 938/943/2 932/937/2
f 944/949/2 962/967/2 950/955/2
f 234/234/7 758/761/7 214/214/7
f 46/46/1 39/39/1 40/40/1
f 44/44/1 41/41/1 42/42/1
f 745/747/2 738/740/2 741/743/2
f 456/456/1 457/457/1 453/453/1
f 348/348/1 346/346/1 31/31/1
f 254/254/1 249/249/1 119/119/1
f 783/787/2 785/789/2 416/416/2
f 185/185/1 180/180/1 130/130/1
f 173/173/2 144/144/2 153/153/2
f 765/769/2 762/766/2 220/220/2
f 877/882/1 878/883/1 65/65/1
f 955/960/2 956/961/2 944/949/2
f 886/891/1 887/892/1 877/882/1
f 892/897/2 890/895/2 880/885/2
f 890/895/2 889/894/2 879/884/2
f 889/894/2 891/896/2 870/875/2
f 826/830/1 827/831/1 76/76/1
f 897/902/1 895/900/1 883/888/1
f 901/906/1 897/902/1 884/889/1
f 382/382/2 381/381/2 368/368/2
f 898/903/2 904/909/2 892/897/2
f 904/909/2 903/908/2 890/895/2
f 903/908/2 902/907/2 889/894/2
f 899/904/1 900/905/1 887/892/1
f 908/913/1 909/914/1 901/906/1
f 936/941/2 927/932/2 25/25/2
f 907/912/2 912/917/2 904/909/2
f 912/917/2 911/916/2 903/908/2
f 911/916/2 910/915/2 902/907/2
f 773/777/2 772/776/2 770/774/2
f 175/175/2 174/174/2 163/163/2
f 255/255/1 276/276/1 264/264/1
f 2/2/2 1/1/2 47/47/2
f 774/778/1 775/779/1 150/150/1
f 777/781/2 776/780/2 151/151/2
f 784/788/1 782/786/1 99/99/1
f 881/886/2 880/885/2 68/68/2
f 787/791/2 789/793/2 420/420/2
f 792/796/1 790/794/1 419/419/1
f 796/800/1 794/798/1 101/101/1
f 791/795/2 793/797/2 424/424/2
f 759/762/2 761/765/2 235/235/2
f 800/804/1 798/802/1 641/643/1
f 795/799/2 797/801/2 643/645/2
f 799/803/2 801/805/2 647/649/2
f 804/808/1 802/806/1 645/647/1
f 880/885/2 879/884/2 67/67/2
f 803/807/2 805/809/2 651/653/2
f 808/812/1 806/810/1 649/651/1
f 189/189/2 188/188/2 134/134/2
f 163/163/2 162/162/2 145/145/2
f 157/157/1 155/155/1 37/37/1
f 169/169/1 170/170/1 161/161/1
f 488/488/1 489/489/1 485/485/1
f 168/168/1 169/169/1 160/160/1
f 159/159/1 160/160/1 139/139/1
f 158/158/2 164/164/2 147/147/2
f 448/448/1 449/449/1 91/91/1
f 177/177/1 183/183/1 127/127/1
f 192/192/1 131/131/1 178/178/1
f 816/820/1 814/818/1 798/802/1
f 132/132/1 195/195/1 183/183/1
f 183/183/1 184/184/1 128/128/1
f 182/182/2 190/190/2 136/136/2
f 201/201/2 200/200/2 188/188/2
f 272/272/2 275/275/2 263/263/2
f 259/259/2 258/258/2 124/124/2
f 258/258/2 257/257/2 123/123/2
f 278/278/1 273/273/1 261/261/1
f 386/386/2 393/393/2 379/379/2
f 252/252/1 253/253/1 117/117/1
f 353/353/1 348/348/1 108/108/1
f 347/347/2 350/350/2 115/115/2
f 351/351/1 352/352/1 106/106/1
f 902/907/2 893/898/2 891/896/2
f 350/350/2 358/358/2 114/114/2
f 644/646/1 645/647/1 641/643/1
f 492/492/1 730/732/1 86/86/1
f 739/741/1 740/742/1 83/83/1
f 213/213/1 193/193/1 181/181/1
f 837/841/2 836/840/2 832/836/2
f 858/862/2 859/863/2 855/859/2
f 928/933/1 933/938/1 43/43/1
f 721/723/2 725/727/2 98/98/2
f 941/946/1 942/947/1 930/935/1
f 8/8/1 7/7/1 39/39/1
f 51/51/2 50/50/2 5/5/2
f 54/54/2 47/47/2 48/48/2
f 174/174/2 173/173/2 162/162/2
f 143/143/1 168/168/1 159/159/1
f 200/200/2 133/133/2 176/176/2
f 188/188/2 176/176/2 11/11/2
f 763/767/1 764/768/1 236/236/1
f 167/167/2 175/175/2 164/164/2
f 170/170/1 166/166/1 157/157/1
f 166/166/1 142/142/1 155/155/1
f 164/164/2 163/163/2 146/146/2
f 180/180/1 178/178/1 35/35/1
f 179/179/2 182/182/2 137/137/2
f 196/196/1 197/197/1 185/185/1
f 221/221/2 199/199/2 187/187/2
f 212/212/2 215/215/2 205/205/2
f 190/190/2 189/189/2 135/135/2
f 191/191/2 194/194/2 182/182/2
f 937/942/2 936/941/2 55/55/2
f 202/202/2 201/201/2 189/189/2
f 194/194/2 202/202/2 190/190/2
f 237/237/1 238/238/1 230/230/1
f 929/934/1 930/935/1 8/8/1
f 234/234/1 214/214/1 225/225/1
f 885/890/2 892/897/2 881/886/2
f 811/815/2 813/817/2 797/801/2
f 198/198/1 216/216/1 206/206/1
f 218/218/1 213/213/1 204/204/1
f 216/216/1 217/217/1 207/207/1
f 223/223/2 222/222/2 210/210/2
f 222/222/2 221/221/2 209/209/2
f 217/217/1 218/218/1 208/208/1
f 238/238/1 234/234/1 226/226/1
f 219/219/1 236/236/1 228/228/1
f 248/248/2 251/251/2 126/126/2
f 242/242/2 244/244/2 240/240/2
f 249/249/1 247/247/1 33/33/1
f 253/253/1 254/254/1 118/118/1
f 876/881/1 877/882/1 64/64/1
f 752/754/1 750/752/1 500/500/1
f 557/559/2 556/558/2 550/552/2
f 781/785/2 780/784/2 171/171/2
f 251/251/2 259/259/2 125/125/2
f 275/275/2 283/283/2 271/271/2
f 283/283/2 282/282/2 270/270/2
f 282/282/2 281/281/2 269/269/2
f 273/273/1 250/250/1 120/120/1
f 296/296/2 299/299/2 287/287/2
f 290/290/1 285/285/1 273/273/1
f 287/287/2 295/295/2 283/283/2
f 769/773/2 768/772/2 766/770/2
f 295/295/2 294/294/2 282/282/2
f 267/267/1 288/288/1 276/276/1
f 281/281/2 256/256/2 122/122/2
f 294/294/2 293/293/2 281/281/2
f 289/289/1 290/290/1 278/278/1
f 311/311/1 312/312/1 302/302/1
f 819/823/2 821/825/2 805/809/2
f 307/307/2 309/309/2 299/299/2
f 299/299/2 306/306/2 295/295/2
f 306/306/2 305/305/2 294/294/2
f 874/879/1 872/877/1 27/27/1
f 308/308/1 286/286/1 274/274/1
f 315/315/2 314/314/2 305/305/2
f 291/291/1 310/310/1 300/300/1
f 304/304/2 280/280/2 268/268/2
f 314/314/2 313/313/2 304/304/2
f 310/310/1 311/311/1 301/301/1
f 318/318/1 319/319/1 312/312/1
f 293/293/2 268/268/2 256/256/2
f 305/305/2 304/304/2 293/293/2
f 319/319/1 316/316/1 308/308/1
f 321/321/2 323/323/2 322/322/2
f 316/316/1 298/298/1 286/286/1
f 343/343/1 334/334/1 335/335/1
f 313/313/2 292/292/2 280/280/2
f 317/317/1 318/318/1 311/311/1
f 309/309/2 315/315/2 306/306/2
f 312/312/1 308/308/1 297/297/1
f 329/329/2 331/331/2 330/330/2
f 326/326/2 327/327/2 324/324/2
f 327/327/2 321/321/2 320/320/2
f 342/342/1 341/341/1 338/338/1
f 341/341/1 339/339/1 332/332/1
f 731/733/2 494/494/2 89/89/2
f 352/352/1 353/353/1 107/107/1
f 339/339/1 340/340/1 333/333/1
f 334/334/1 342/342/1 337/337/1
f 345/345/1 351/351/1 105/105/1
f 356/356/2 344/344/2 15/15/2
f 894/899/1 899/904/1 886/891/1
f 357/357/2 356/356/2 112/112/2
f 358/358/2 357/357/2 113/113/2
f 372/372/1 349/349/1 109/109/1
f 383/383/2 382/382/2 369/369/2
f 374/374/2 383/383/2 370/370/2
f 371/371/2 374/374/2 362/362/2
f 384/384/2 387/387/2 374/374/2
f 375/375/1 376/376/1 364/364/1
f 900/905/1 901/906/1 888/893/1
f 404/404/2 380/380/2 367/367/2
f 354/354/1 375/375/1 363/363/1
f 390/390/1 385/385/1 372/372/1
f 387/387/2 396/396/2 383/383/2
f 385/385/1 361/361/1 349/349/1
f 396/396/2 395/395/2 382/382/2
f 366/366/1 388/388/1 375/375/1
f 381/381/2 355/355/2 111/111/2
f 395/395/2 394/394/2 381/381/2
f 388/388/1 389/389/1 376/376/1
f 376/376/1 377/377/1 365/365/1
f 402/402/1 398/398/1 385/385/1
f 412/412/2 411/411/2 409/409/2
f 399/399/2 406/406/2 396/396/2
f 398/398/1 373/373/1 361/361/1
f 406/406/2 405/405/2 395/395/2
f 378/378/1 400/400/1 388/388/1
f 394/394/2 367/367/2 355/355/2
f 405/405/2 404/404/2 394/394/2
f 407/407/1 408/408/1 391/391/1
f 397/397/2 399/399/2 387/387/2
f 392/392/1 391/391/1 400/400/1
f 416/416/2 413/413/2 17/17/2
f 400/400/1 401/401/1 389/389/1
f 424/424/2 421/421/2 417/417/2
f 418/418/1 419/419/1 415/415/1
f 414/414/1 415/415/1 99/99/1
f 420/420/2 417/417/2 413/413/2
f 428/428/2 425/425/2 421/421/2
f 422/422/1 423/423/1 419/419/1
f 432/432/2 429/429/2 425/425/2
f 426/426/1 427/427/1 423/423/1
f 664/666/2 666/668/2 462/462/2
f 430/430/1 431/431/1 427/427/1
f 440/440/2 437/437/2 433/433/2
f 436/436/2 433/433/2 429/429/2
f 438/438/1 439/439/1 435/435/1
f 444/444/2 443/443/2 441/441/2
f 450/450/2 447/447/2 19/19/2
f 154/154/1 159/159/1 138/138/1
f 452/452/1 453/453/1 449/449/1
f 458/458/2 455/455/2 451/451/2
f 454/454/2 451/451/2 447/447/2
f 466/466/2 463/463/2 459/459/2
f 460/460/1 461/461/1 457/457/1
f 462/462/2 459/459/2 455/455/2
f 470/470/2 467/467/2 463/463/2
f 464/464/1 465/465/1 461/461/1
f 468/468/1 469/469/1 465/465/1
f 478/478/2 475/475/2 471/471/2
f 472/472/1 473/473/1 469/469/1
f 474/474/2 471/471/2 467/467/2
f 476/476/1 477/477/1 473/473/1
f 480/480/1 481/481/1 477/477/1
f 482/482/2 479/479/2 475/475/2
f 490/490/2 487/487/2 483/483/2
f 484/484/1 485/485/1 481/481/1
f 486/486/2 483/483/2 479/479/2
f 498/498/2 497/497/2 493/493/2
f 502/502/2 501/501/2 497/497/2
f 277/277/1 278/278/1 266/266/1
f 494/494/2 493/493/2 88/88/2
f 499/499/1 500/500/1 496/496/1
f 495/495/1 496/496/1 492/492/1
f 506/506/2 505/505/2 501/501/2
f 735/737/2 737/739/2 733/735/2
f 503/503/1 504/504/1 500/500/1
f 507/507/1 508/508/1 504/504/1
f 940/945/1 945/950/1 933/938/1
f 518/518/2 517/517/2 513/513/2
f 514/514/2 513/513/2 509/509/2
f 511/511/1 512/512/1 508/508/1
f 515/515/1 516/516/1 512/512/1
f 519/519/1 520/520/1 516/516/1
f 522/522/2 521/521/2 517/517/2
f 526/526/2 525/525/2 521/521/2
f 523/523/1 524/524/1 520/520/1
f 527/527/1 528/528/1 524/524/1
f 530/530/2 529/529/2 525/525/2
f 531/531/1 532/532/1 528/528/1
f 534/534/2 533/533/2 529/529/2
f 538/538/2 537/537/2 533/533/2
f 535/535/1 536/536/1 532/532/1
f 165/165/2 167/167/2 158/158/2
f 595/597/2 594/596/2 81/81/2
f 561/563/2 560/562/2 556/558/2
f 543/543/2 542/542/2 540/540/2
f 672/674/2 668/670/2 715/717/2
f 544/544/3 546/548/3 547/549/3
f 968/973/4 758/760/4 760/763/4
f 537/537/3 544/545/3 545/547/3
f 573/575/2 572/574/2 560/562/2
f 246/246/1 252/252/1 116/116/1
f 558/560/1 559/561/1 555/557/1
f 567/569/1 566/568/1 553/555/1
f 871/876/1 876/881/1 63/63/1
f 574/576/1 575/577/1 563/565/1
f 562/564/1 563/565/1 559/561/1
f 578/580/1 579/581/1 577/579/1
f 568/570/2 569/571/2 565/567/2
f 564/566/2 565/567/2 551/553/2
f 838/842/1 839/843/1 72/72/1
f 583/585/1 582/584/1 554/556/1
f 580/582/2 581/583/2 548/550/2
f 588/590/2 589/591/2 585/587/2
f 596/598/1 597/599/1 593/595/1
f 592/594/1 593/595/1 80/80/1
f 607/609/2 606/608/2 602/604/2
f 600/602/1 601/603/1 597/599/1
f 599/601/2 598/600/2 594/596/2
f 604/606/1 605/607/1 601/603/1
f 778/782/1 779/783/1 170/170/1
f 611/613/2 610/612/2 606/608/2
f 615/617/2 614/616/2 610/612/2
f 620/622/1 621/623/1 617/619/1
f 616/618/1 617/619/1 613/615/1
f 619/621/2 618/620/2 614/616/2
f 623/625/2 622/624/2 618/620/2
f 627/629/2 626/628/2 622/624/2
f 624/626/1 625/627/1 621/623/1
f 632/634/1 633/635/1 629/631/1
f 628/630/1 629/631/1 625/627/1
f 635/637/2 634/636/2 630/632/2
f 639/641/2 638/640/2 634/636/2
f 636/638/1 637/639/1 633/635/1
f 643/645/2 642/644/2 103/103/2
f 651/653/2 650/652/2 646/648/2
f 640/642/1 641/643/1 101/101/1
f 647/649/2 646/648/2 642/644/2
f 648/650/1 649/651/1 645/647/1
f 654/656/2 653/655/2 650/652/2
f 657/659/1 655/657/1 423/423/1
f 656/658/2 658/660/2 428/428/2
f 661/663/1 662/664/1 660/662/1
f 673/675/1 671/673/1 667/669/1
f 668/670/2 670/672/2 666/668/2
f 665/667/1 663/665/1 457/457/1
f 807/811/2 809/813/2 654/656/2
f 669/671/1 667/669/1 663/665/1
f 693/695/1 692/694/1 688/690/1
f 676/678/2 677/679/2 675/677/2
f 683/685/1 682/684/1 678/680/1
f 679/681/2 681/683/2 510/510/2
f 686/688/2 687/689/2 685/687/2
f 689/691/2 691/693/2 615/617/2
f 284/284/2 287/287/2 275/275/2
f 952/957/1 957/962/1 945/950/1
f 906/911/2 907/912/2 898/903/2
f 288/288/1 289/289/1 277/277/1
f 53/53/2 48/48/2 49/49/2
f 276/276/1 277/277/1 265/265/1
f 729/731/2 707/709/2 96/96/2
f 707/709/2 709/711/2 454/454/2
f 697/699/2 696/698/2 694/696/2
f 727/729/2 719/721/2 725/727/2
f 711/713/2 715/717/2 709/711/2
f 704/706/1 705/707/1 703/705/1
f 724/726/1 720/722/1 29/29/1
f 875/880/2 881/886/2 69/69/2
f 701/703/1 700/702/1 698/700/1
f 865/870/1 864/869/1 852/856/1
f 718/720/1 726/728/1 722/724/1
f 740/742/1 742/744/1 495/495/1
f 156/156/2 158/158/2 148/148/2
f 731/733/2 733/735/2 498/498/2
f 706/708/1 728/730/1 93/93/1
f 285/285/1 262/262/1 250/250/1
f 667/669/1 671/673/1 718/720/1
f 736/738/1 734/736/1 730/732/1
f 878/883/1 874/879/1 66/66/1
f 718/720/1 716/718/1 713/715/1
f 852/856/1 853/857/1 851/855/1
f 757/759/2 755/757/2 602/604/2
f 739/741/1 744/746/1 742/744/1
f 741/743/2 738/740/2 21/21/2
f 743/745/2 741/743/2 493/493/2
f 746/748/1 748/750/1 736/738/1
f 754/756/1 756/758/1 604/606/1
f 257/257/2 245/245/2 13/13/2
f 603/605/2 602/604/2 598/600/2
f 197/197/1 192/192/1 180/180/1
f 540/540/6 542/542/6 446/446/6
f 866/871/2 867/872/2 863/868/2
f 751/753/2 753/755/2 506/506/2
f 608/610/1 609/611/1 605/607/1
f 869/874/1 868/873/1 864/869/1
f 959/964/1 947/952/1 946/951/1
f 491/491/1 492/492/1 85/85/1
f 829/833/2 828/832/2 77/77/2
f 227/227/2 242/242/2 241/241/2
f 833/837/2 832/836/2 75/75/2
f 824/828/1 822/826/1 806/810/1
f 303/303/1 317/317/1 310/310/1
f 834/838/1 835/839/1 831/835/1
f 847/851/2 846/850/2 840/844/2
f 820/824/1 818/822/1 802/806/1
f 591/593/1 590/592/1 586/588/1
f 844/848/1 845/849/1 843/847/1
f 184/184/1 185/185/1 129/129/1
f 815/819/2 817/821/2 801/805/2
f 854/858/2 855/859/2 849/853/2
f 879/884/2 870/875/2 23/23/2
f 788/792/1 786/790/1 415/415/1
f 862/867/2 863/868/2 844/848/2
f 959/964/1 953/958/1 941/946/1
f 717/719/2 719/721/2 715/717/2
f 812/816/1 810/814/1 794/798/1
f 857/861/1 856/860/1 851/855/1
f 860/864/2 885/890/2 875/880/2
f 708/710/1 706/708/1 449/449/1
f 236/236/1 237/237/1 229/229/1
f 749/751/2 747/749/2 733/735/2
f 888/893/1 884/889/1 874/879/1
f 571/573/1 570/572/1 566/568/1
f 884/889/1 883/888/1 872/877/1
f 873/878/2 875/880/2 70/70/2
f 896/901/2 898/903/2 885/890/2
f 882/887/1 886/891/1 876/881/1
f 377/377/1 372/372/1 360/360/1
f 160/160/1 161/161/1 140/140/1
f 389/389/1 390/390/1 377/377/1
f 966/971/1 965/970/1 956/961/1
f 43/43/1 42/42/1 3/3/1
f 917/922/1 916/921/1 914/919/1
f 401/401/1 402/402/1 390/390/1
f 162/162/2 153/153/2 9/9/2
f 680/682/1 678/680/1 504/504/1
f 943/948/2 944/949/2 932/937/2
f 923/928/1 924/929/1 60/60/1
f 45/45/1 40/40/1 41/41/1
f 631/633/2 630/632/2 626/628/2
f 910/915/2 905/910/2 893/898/2
f 52/52/2 49/49/2 50/50/2
f 823/827/2 825/829/2 809/813/2
f 921/926/1 922/927/1 920/925/1
f 916/921/1 918/923/1 915/920/1
f 931/936/2 932/937/2 58/58/2
f 926/931/2 925/930/2 61/61/2
f 938/943/2 937/942/2 56/56/2
f 948/953/2 939/944/2 927/932/2
f 935/940/1 929/934/1 46/46/1
f 933/938/1 934/939/1 44/44/1
f 712/714/1 710/712/1 706/708/1
f 947/952/1 941/946/1 929/934/1
f 932/937/2 938/943/2 57/57/2
f 934/939/1 935/940/1 45/45/1
f 945/950/1 946/951/1 934/939/1
f 195/195/1 196/196/1 184/184/1
f 732/734/1 730/732/1 492/492/1
f 243/243/2 227/227/2 231/231/2
f 887/892/1 888/893/1 878/883/1
f 861/866/1 860/865/1 856/860/1
f 510/510/2 509/509/2 505/505/2
f 960/965/2 951/956/2 939/944/2
f 949/954/2 948/953/2 936/941/2
f 161/161/1 157/157/1 141/141/1
f 953/958/1 954/959/1 942/947/1
f 957/962/1 958/963/1 946/951/1
f 434/434/1 435/435/1 431/431/1
f 961/966/2 960/965/2 948/953/2
f 950/955/2 962/967/2 961/966/2
f 215/215/2 223/223/2 211/211/2
f 964/969/2 963/968/2 59/59/2
f 830/834/1 831/835/1 74/74/1
f 944/949/2 950/955/2 938/943/2
f 944/949/2 956/961/2 962/967/2
f 234/234/7 760/764/7 758/761/7
g SAFEGROUND_BASE_Mesh
v -2.500000 -0.000005 30.000000
v -2.500000 0.999995 30.000000
v -2.500000 0.000005 -30.000000
v 2.500000 -0.000005 30.000000
v 2.500000 0.999995 30.000000
v 2.500000 0.000005 -30.000000
v -2.500000 0.000005 -29.000000
v -2.500000 0.000005 -27.999998
v -2.500000 0.000004 -27.000000
v -2.500000 0.000004 -26.000000
v -2.500000 0.000004 -25.000000
v -2.500000 0.000004 -23.999998
v -2.500000 0.000004 -23.000000
v -2.500000 0.000004 -21.999998
v -2.500000 0.000003 -20.999998
v -2.500000 0.000003 -19.999998
v -2.500000 0.000003 -19.000000
v -2.500000 0.000003 -18.000000
v -2.500000 0.000003 -17.000000
v -2.500000 0.000003 -15.999999
v -2.500000 0.000002 -14.999999
v -2.500000 0.000002 -13.999999
v -2.500000 0.000002 -12.999999
v -2.500000 0.000002 -11.999999
v -2.500000 0.000002 -10.999999
v -2.500000 0.000002 -9.999999
v -2.500000 0.000001 -8.999999
v -2.500000 0.000001 -8.000000
v -2.500000 0.000001 -7.000000
v -2.500000 0.000001 -6.000000
v -2.500000 0.000001 -5.000000
v -2.500000 0.000001 -4.000000
v -2.500000 0.000000 -3.000000
v -2.500000 0.000000 -2.000000
v -2.500000 0.000000 -1.000000
v -2.500000 0.000000 0.000000
v -2.500000 -0.000000 1.000000
v -2.500000 -0.000000 2.000000
v -2.500000 -0.000000 3.000000
v -2.500000 -0.000001 4.000000
v -2.500000 -0.000001 5.000000
v -2.500000 -0.000001 6.000000
v -2.500000 -0.000001 7.000000
v -2.500000 -0.000001 8.000000
v -2.500000 -0.000001 8.999999
v -2.500000 -0.000002 9.999999
v -2.500000 -0.000002 10.999999
v -2.500000 -0.000002 11.999999
v -2.500000 -0.000002 12.999999
v -2.500000 -0.000002 13.999999
v -2.500000 -0.000002 14.999999
v -2.500000 -0.000003 15.999999
v -2.500000 -0.000003 17.000000
v -2.500000 -0.000003 18.000000
v -2.500000 -0.000003 19.000000
v -2.500000 -0.000003 20.000000
v -2.500000 -0.000003 21.000002
v -2.500000 -0.000004 22.000000
v -2.500000 -0.000004 23.000000
v -2.500000 -0.000004 24.000000
v -2.500000 -0.000004 25.000002
v -2.500000 -0.000004 26.000000
v -2.500000 -0.000004 27.000000
v -2.500000 -0.000005 28.000000
v -2.500000 -0.000005 29.000000
v -2.500000 0.999995 29.000000
v -2.500000 0.999995 27.999998
v -2.500000 0.999996 27.000000
v -2.500000 0.999996 25.000000
v -2.500000 0.999996 23.999998
v -2.500000 0.999996 23.000000
v -2.500000 0.999996 21.999998
v -2.500000 0.999997 19.999998
v -2.500000 0.999997 19.000000
v -2.500000 0.999997 18.000000
v -2.500000 0.999997 17.000000
v -2.500000 0.999997 15.999999
v -2.500000 0.999998 13.999999
v -2.500000 0.999998 12.999999
v -2.500000 0.999998 11.999999
v -2.500000 0.999998 10.999999
v -2.500000 0.999998 9.999999
v -2.500000 0.999999 8.999999
v -2.500000 0.999999 8.000000
v -2.500000 0.999999 6.000000
v -2.500000 0.999999 5.000000
v -2.500000 0.999999 4.000000
v -2.500000 1.000000 3.000000
v -2.500000 1.000000 2.000000
v -2.500000 1.000000 1.000000
v -2.500000 1.000000 0.000000
v -2.500000 1.000000 -1.000000
v -2.500000 1.000000 -2.000000
v -2.500000 1.000000 -3.000000
v -2.500000 1.000001 -4.000000
v -2.500000 1.000001 -5.000000
v -2.500000 1.000001 -6.000000
v -2.500000 1.000001 -7.000000
v -2.500000 1.000001 -8.000000
v -2.500000 1.000001 -8.999999
v -2.500000 1.000002 -9.999999
v -2.500000 1.000002 -10.999999
v -2.500000 1.000002 -11.999999
v -2.500000 1.000002 -12.999999
v -2.500000 1.000002 -13.999999
v -2.500000 1.000003 -14.999999
v -2.500000 1.000003 -15.999999
v -2.500000 1.000003 -17.000000
v -2.500000 1.000003 -18.000000
v -2.500000 1.000003 -19.000000
v -2.500000 1.000003 -20.000000
v -2.500000 1.000003 -21.000002
v -2.500000 1.000004 -22.000000
v -2.500000 1.000004 -23.000000
v -2.500000 1.000004 -24.000000
v -2.500000 1.000004 -25.000002
v -2.500000 1.000004 -26.000000
v -2.500000 1.000004 -27.000000
v -2.500000 1.000005 -28.000000
v -2.500000 1.000005 -29.000000
v 2.500000 -0.000005 29.000000
v 2.500000 -0.000005 27.999998
v 2.500000 -0.000004 27.000000
v 2.500000 -0.000004 26.000000
v 2.500000 -0.000004 25.000000
v 2.500000 -0.000004 23.999998
v 2.500000 -0.000004 23.000000
v 2.500000 -0.000004 21.999998
v 2.500000 -0.000003 20.999998
v 2.500000 -0.000003 19.999998
v 2.500000 -0.000003 19.000000
v 2.500000 -0.000003 18.000000
v 2.500000 -0.000003 17.000000
v 2.500000 -0.000003 15.999999
v 2.500000 -0.000002 14.999999
v 2.500000 -0.000002 13.999999
v 2.500000 -0.000002 12.999999
v 2.500000 -0.000002 11.999999
v 2.500000 -0.000002 10.999999
v 2.500000 -0.000002 9.999999
v 2.500000 -0.000001 8.999999
v 2.500000 -0.000001 8.000000
v 2.500000 -0.000001 7.000000
v 2.500000 -0.000001 6.000000
v 2.500000 -0.000001 5.000000
v 2.500000 -0.000001 4.000000
v 2.500000 -0.000000 3.000000
v 2.500000 -0.000000 2.000000
v 2.500000 -0.000000 1.000000
v 2.500000 0.000000 0.000000
v 2.500000 0.000000 -1.000000
v 2.500000 0.000000 -2.000000
v 2.500000 0.000000 -3.000000
v 2.500000 0.000001 -4.000000
v 2.500000 0.000001 -5.000000
v 2.500000 0.000001 -6.000000
v 2.500000 0.000001 -7.000000
v 2.500000 0.000001 -8.000000
v 2.500000 0.000001 -8.999999
v 2.500000 0.000002 -9.999999
v 2.500000 0.000002 -10.999999
v 2.500000 0.000002 -11.999999
v 2.500000 0.000002 -12.999999
v 2.500000 0.000002 -13.999999
v 2.500000 0.000002 -14.999999
v 2.500000 0.000003 -15.999999
v 2.500000 0.000003 -17.000000
v 2.500000 0.000003 -18.000000
v 2.500000 0.000003 -19.000000
v 2.500000 0.000003 -20.000000
v 2.500000 0.000003 -21.000002
v 2.500000 0.000004 -22.000000
v 2.500000 0.000004 -23.000000
v 2.500000 0.000004 -24.000000
v 2.500000 0.000004 -25.000002
v 2.500000 0.000004 -26.000000
v 2.500000 0.000004 -27.000000
v 2.500000 0.000005 -28.000000
v 2.500000 0.000005 -29.000000
v 2.500000 1.000005 -29.000000
v 2.500000 1.000005 -27.999998
v 2.500000 1.000004 -27.000000
v 2.500000 1.000004 -26.000000
v 2.500000 1.000004 -25.000000
v 2.500000 1.000004 -23.999998
v 2.500000 1.000004 -23.000000
v 2.500000 1.000004 -21.999998
v 2.500000 1.000003 -20.999998
v 2.500000 1.000003 -19.999998
v 2.500000 1.000003 -19.000000
v 2.500000 1.000003 -18.000000
v 2.500000 1.000003 -17.000000
v 2.500000 1.000003 -15.999999
v 2.500000 1.000003 -14.999999
v 2.500000 1.000002 -13.999999
v 2.500000 1.000002 -12.999999
v 2.500000 1.000002 -11.999999
v 2.500000 1.000002 -10.999999
v 2.500000 1.000002 -9.999999
v 2.500000 1.000001 -8.999999
v 2.500000 1.000001 -8.000000
v 2.500000 1.000001 -7.000000
v 2.500000 1.000001 -6.000000
v 2.500000 1.000001 -5.000000
v 2.500000 1.000001 -4.000000
v 2.500000 1.000000 -3.000000
v 2.500000 1.000000 -2.000000
v 2.500000 1.000000 -1.000000
v 2.500000 1.000000 0.000000
v 2.500000 1.000000 1.000000
v 2.500000 1.000000 2.000000
v 2.500000 1.000000 3.000000
v 2.500000 0.999999 4.000000
v 2.500000 0.999999 5.000000
v 2.500000 0.999999 6.000000
v 2.500000 0.999999 8.000000
v 2.500000 0.999999 8.999999
v 2.500000 0.999998 9.999999
v 2.500000 0.999998 10.999999
v 2.500000 0.999998 11.999999
v 2.500000 0.999998 12.999999
v 2.500000 0.999998 13.999999
v 2.500000 0.999997 15.999999
v 2.500000 0.999997 17.000000
v 2.500000 0.999997 18.000000
v 2.500000 0.999997 19.000000
v 2.500000 0.999997 20.000000
v 2.500000 0.999996 22.000000
v 2.500000 0.999996 23.000000
v 2.500000 0.999996 24.000000
v 2.500000 0.999996 25.000002
v 2.500000 0.999996 27.000000
v 2.500000 0.999995 28.000000
v 2.500000 0.999995 29.000000
v 1.500000 0.000005 -30.000000
v 0.500000 0.000005 -30.000000
v -0.500000 0.000005 -30.000000
v -1.500000 0.000005 -30.000000
v -1.500000 -0.000005 30.000000
v -0.500000 -0.000005 30.000000
v 0.500000 -0.000005 30.000000
v 1.500000 -0.000005 30.000000
v 1.500000 0.999995 30.000000
v 0.500000 0.999995 30.000000
v -0.500000 0.999995 30.000000
v -1.500000 0.999995 30.000000
v -1.500000 1.000005 -29.000000
v -0.500000 1.000005 -29.000000
v 0.500000 1.000005 -29.000000
v 1.500000 1.000005 -29.000000
v -1.500000 1.000005 -28.000000
v -0.500000 1.000005 -28.000000
v 0.500000 1.000005 -28.000000
v 1.500000 1.000005 -27.999998
v -1.500000 1.000004 -27.000000
v -0.500000 1.000004 -27.000000
v 0.500000 1.000004 -27.000000
v 1.500000 1.000004 -27.000000
v -1.500000 1.000004 -26.000000
v -0.500000 1.000004 -26.000000
v 0.500000 1.000004 -26.000000
v 1.500000 1.000004 -26.000000
v -1.500000 1.000004 -25.000002
v -0.500000 1.000004 -25.000002
v 0.500000 1.000004 -25.000002
v 1.500000 1.000004 -25.000002
v -1.500000 1.000004 -24.000000
v -0.500000 1.000004 -24.000000
v 0.500000 1.000004 -24.000000
v 1.500000 1.000004 -23.999998
v -1.500000 1.000004 -23.000000
v -0.500000 1.000004 -23.000000
v 0.500000 1.000004 -23.000000
v 1.500000 1.000004 -23.000000
v -1.500000 1.000004 -22.000000
v -0.500000 1.000004 -22.000000
v 0.500000 1.000004 -22.000000
v 1.500000 1.000004 -22.000000
v -1.500000 1.000003 -21.000002
v -0.500000 1.000003 -21.000002
v 0.500000 1.000003 -21.000000
v 1.500000 1.000003 -20.999998
v -1.500000 1.000003 -20.000000
v -0.500000 1.000003 -20.000000
v 0.500000 1.000003 -20.000000
v 1.500000 1.000003 -19.999998
v -1.500000 1.000003 -19.000000
v -0.500000 1.000003 -19.000000
v 0.500000 1.000003 -19.000000
v 1.500000 1.000003 -19.000000
v -1.500000 1.000003 -18.000000
v -0.500000 1.000003 -18.000000
v 0.500000 1.000003 -18.000000
v 1.500000 1.000003 -18.000000
v -1.500000 1.000003 -17.000000
v -0.500000 1.000003 -17.000000
v 0.500000 1.000003 -17.000000
v 1.500000 1.000003 -17.000000
v -1.500000 1.000003 -15.999999
v -0.500000 1.000003 -15.999999
v 0.500000 1.000003 -15.999999
v 1.500000 1.000003 -15.999999
v -1.500000 1.000003 -14.999999
v -0.500000 1.000003 -14.999999
v 0.500000 1.000003 -14.999999
v 1.500000 1.000003 -14.999999
v -1.500000 1.000002 -13.999999
v -0.500000 1.000002 -13.999999
v 0.500000 1.000002 -13.999999
v 1.500000 1.000002 -13.999999
v -1.500000 1.000002 -12.999999
v -0.500000 1.000002 -12.999999
v 0.500000 1.000002 -12.999999
v 1.500000 1.000002 -12.999999
v -1.500000 1.000002 -11.999999
v -0.500000 1.000002 -11.999999
v 0.500000 1.000002 -11.999999
v 1.500000 1.000002 -11.999999
v -1.500000 1.000002 -10.999999
v -0.500000 1.000002 -10.999999
v 0.500000 1.000002 -10.999999
v 1.500000 1.000002 -10.999999
v -1.500000 1.000002 -9.999999
v -0.500000 1.000002 -9.999999
v 0.500000 1.000002 -9.999999
v 1.500000 1.000002 -9.999999
v -1.500000 1.000001 -8.999999
v -0.500000 1.000001 -8.999999
v 0.500000 1.000001 -8.999999
v 1.500000 1.000001 -8.999999
v -1.500000 1.000001 -8.000000
v -0.500000 1.000001 -8.000000
v 0.500000 1.000001 -8.000000
v 1.500000 1.000001 -8.000000
v -1.500000 1.000001 -7.000000
v -0.500000 1.000001 -7.000000
v 0.500000 1.000001 -7.000000
v 1.500000 1.000001 -7.000000
v -1.500000 1.000001 -6.000000
v -0.500000 1.000001 -6.000000
v 0.500000 1.000001 -6.000000
v 1.500000 1.000001 -6.000000
v -1.500000 1.000001 -5.000000
v -0.500000 1.000001 -5.000000
v 0.500000 1.000001 -5.000000
v 1.500000 1.000001 -5.000000
v -1.500000 1.000001 -4.000000
v -0.500000 1.000001 -4.000000
v 0.500000 1.000001 -4.000000
v 1.500000 1.000001 -4.000000
v -1.500000 1.000000 -3.000000
v -0.500000 1.000000 -3.000000
v 0.500000 1.000000 -3.000000
v 1.500000 1.000000 -3.000000
v -1.500000 1.000000 -2.000000
v -0.500000 1.000000 -2.000000
v 0.500000 1.000000 -2.000000
v 1.500000 1.000000 -2.000000
v -1.500000 1.000000 -1.000000
v -0.500000 1.000000 -1.000000
v 0.500000 1.000000 -1.000000
v 1.500000 1.000000 -1.000000
v -1.500000 1.000000 0.000000
v -0.500000 1.000000 0.000000
v 0.500000 1.000000 0.000000
v 1.500000 1.000000 0.000000
v -1.500000 1.000000 1.000000
v -0.500000 1.000000 1.000000
v 0.500000 1.000000 1.000000
v 1.500000 1.000000 1.000000
v -1.500000 1.000000 2.000000
v -0.500000 1.000000 2.000000
v 0.500000 1.000000 2.000000
v 1.500000 1.000000 2.000000
v -1.500000 1.000000 3.000000
v -0.500000 1.000000 3.000000
v 0.500000 1.000000 3.000000
v 1.500000 1.000000 3.000000
v -1.500000 0.999999 4.000000
v -0.500000 0.999999 4.000000
v 0.500000 0.999999 4.000000
v 1.500000 0.999999 4.000000
v -1.500000 0.999999 5.000000
v -0.500000 0.999999 5.000000
v 0.500000 0.999999 5.000000
v 1.500000 0.999999 5.000000
v -1.500000 0.999999 6.000000
v -0.500000 0.999999 6.000000
v 0.500000 0.999999 6.000000
v 1.500000 0.999999 6.000000
v 2.500000 1.999999 6.000000
v -2.500000 1.999999 6.000000
v -2.500000 1.999999 7.000000
v -2.500000 1.999999 8.000000
v -1.500000 0.999999 8.000000
v -0.500000 0.999999 8.000000
v 0.500000 0.999999 8.000000
v 1.500000 0.999999 8.000000
v -1.500000 0.999999 8.999999
v -0.500000 0.999999 8.999999
v 0.500000 0.999999 8.999999
v 1.500000 0.999999 8.999999
v -1.500000 0.999998 9.999999
v -0.500000 0.999998 9.999999
v 0.500000 0.999998 9.999999
v 1.500000 0.999998 9.999999
v -1.500000 0.999998 10.999999
v -0.500000 0.999998 10.999999
v 0.500000 0.999998 10.999999
v 1.500000 0.999998 10.999999
v -1.500000 0.999998 11.999999
v -0.500000 0.999998 11.999999
v 0.500000 0.999998 11.999999
v 1.500000 0.999998 11.999999
v -1.500000 0.999998 12.999999
v -0.500000 0.999998 12.999999
v 0.500000 0.999998 12.999999
v 1.500000 0.999998 12.999999
v -1.500000 0.999998 13.999999
v -0.500000 0.999998 13.999999
v 0.500000 0.999998 13.999999
v 1.500000 0.999998 13.999999
v 2.500000 1.999998 13.999999
v -2.500000 1.999998 13.999999
v -2.500000 1.999997 14.999999
v -2.500000 1.999997 15.999999
v -1.500000 0.999997 15.999999
v -0.500000 0.999997 15.999999
v 0.500000 0.999997 15.999999
v 1.500000 0.999997 15.999999
v -1.500000 0.999997 17.000000
v -0.500000 0.999997 17.000000
v 0.500000 0.999997 17.000000
v 1.500000 0.999997 17.000000
v -1.500000 0.999997 18.000000
v -0.500000 0.999997 18.000000
v 0.500000 0.999997 18.000000
v 1.500000 0.999997 18.000000
v -1.500000 0.999997 19.000000
v -0.500000 0.999997 19.000000
v 0.500000 0.999997 19.000000
v 1.500000 0.999997 19.000000
v -1.500000 0.999997 19.999998
v -0.500000 0.999997 19.999998
v 0.500000 0.999997 19.999998
v 1.500000 0.999997 19.999998
v 2.500000 2.999997 20.000000
v -2.500000 2.999997 19.999998
v -2.500000 2.999997 20.999998
v -2.500000 2.999996 21.999998
v -1.500000 0.999996 21.999998
v -0.500000 0.999996 21.999998
v 0.500000 0.999996 21.999998
v 1.500000 0.999996 22.000000
v -1.500000 0.999996 23.000000
v -0.500000 0.999996 23.000000
v 0.500000 0.999996 23.000000
v 1.500000 0.999996 23.000000
v -1.500000 0.999996 23.999998
v -0.500000 0.999996 23.999998
v 0.500000 0.999996 23.999998
v 1.500000 0.999996 23.999998
v -1.500000 0.999996 25.000000
v -0.500000 0.999996 25.000000
v 0.500000 0.999996 25.000000
v 1.500000 0.999996 25.000002
v -1.500000 0.999996 27.000000
v -0.500000 0.999996 27.000000
v 0.500000 0.999996 27.000000
v 1.500000 0.999996 27.000000
v -1.500000 0.999995 27.999998
v -0.500000 0.999995 27.999998
v 0.500000 0.999995 27.999998
v 1.500000 0.999995 27.999998
v -1.500000 0.999995 29.000000
v -0.500000 0.999995 29.000000
v 0.500000 0.999995 29.000000
v 1.500000 0.999995 29.000000
v 1.500000 0.000005 -29.000000
v 0.500000 0.000005 -29.000000
v -0.500000 0.000005 -29.000000
v -1.500000 0.000005 -29.000000
v 1.500000 0.000005 -28.000000
v 0.500000 0.000005 -28.000000
v -0.500000 0.000005 -28.000000
v -1.500000 0.000005 -27.999998
v 1.500000 0.000004 -27.000000
v 0.500000 0.000004 -27.000000
v -0.500000 0.000004 -27.000000
v -1.500000 0.000004 -27.000000
v 1.500000 0.000004 -26.000000
v 0.500000 0.000004 -26.000000
v -0.500000 0.000004 -26.000000
v -1.500000 0.000004 -26.000000
v 1.500000 0.000004 -25.000002
v 0.500000 0.000004 -25.000002
v -0.500000 0.000004 -25.000002
v -1.500000 0.000004 -25.000002
v 1.500000 0.000004 -24.000000
v 0.500000 0.000004 -24.000000
v -0.500000 0.000004 -24.000000
v -1.500000 0.000004 -23.999998
v 1.500000 0.000004 -23.000000
v 0.500000 0.000004 -23.000000
v -0.500000 0.000004 -23.000000
v -1.500000 0.000004 -23.000000
v 1.500000 0.000004 -22.000000
v 0.500000 0.000004 -22.000000
v -0.500000 0.000004 -22.000000
v -1.500000 0.000004 -22.000000
v 1.500000 0.000003 -21.000002
v 0.500000 0.000003 -21.000002
v -0.500000 0.000003 -21.000000
v -1.500000 0.000003 -20.999998
v 1.500000 0.000003 -20.000000
v 0.500000 0.000003 -20.000000
v -0.500000 0.000003 -20.000000
v -1.500000 0.000003 -19.999998
v 1.500000 0.000003 -19.000000
v 0.500000 0.000003 -19.000000
v -0.500000 0.000003 -19.000000
v -1.500000 0.000003 -19.000000
v 1.500000 0.000003 -18.000000
v 0.500000 0.000003 -18.000000
v -0.500000 0.000003 -18.000000
v -1.500000 0.000003 -18.000000
v 1.500000 0.000003 -17.000000
v 0.500000 0.000003 -17.000000
v -0.500000 0.000003 -17.000000
v -1.500000 0.000003 -17.000000
v 1.500000 0.000003 -15.999999
v 0.500000 0.000003 -15.999999
v -0.500000 0.000003 -15.999999
v -1.500000 0.000003 -15.999999
v 1.500000 0.000002 -14.999999
v 0.500000 0.000002 -14.999999
v -0.500000 0.000002 -14.999999
v -1.500000 0.000002 -14.999999
v 1.500000 0.000002 -13.999999
v 0.500000 0.000002 -13.999999
v -0.500000 0.000002 -13.999999
v -1.500000 0.000002 -13.999999
v 1.500000 0.000002 -12.999999
v 0.500000 0.000002 -12.999999
v -0.500000 0.000002 -12.999999
v -1.500000 0.000002 -12.999999
v 1.500000 0.000002 -11.999999
v 0.500000 0.000002 -11.999999
v -0.500000 0.000002 -11.999999
v -1.500000 0.000002 -11.999999
v 1.500000 0.000002 -10.999999
v 0.500000 0.000002 -10.999999
v -0.500000 0.000002 -10.999999
v -1.500000 0.000002 -10.999999
v 1.500000 0.000002 -9.999999
v 0.500000 0.000002 -9.999999
v -0.500000 0.000002 -9.999999
v -1.500000 0.000002 -9.999999
v 1.500000 0.000001 -8.999999
v 0.500000 0.000001 -8.999999
v -0.500000 0.000001 -8.999999
v -1.500000 0.000001 -8.999999
v 1.500000 0.000001 -8.000000
v 0.500000 0.000001 -8.000000
v -0.500000 0.000001 -8.000000
v -1.500000 0.000001 -8.000000
v 1.500000 0.000001 -7.000000
v 0.500000 0.000001 -7.000000
v -0.500000 0.000001 -7.000000
v -1.500000 0.000001 -7.000000
v 1.500000 0.000001 -6.000000
v 0.500000 0.000001 -6.000000
v -0.500000 0.000001 -6.000000
v -1.500000 0.000001 -6.000000
v 1.500000 0.000001 -5.000000
v 0.500000 0.000001 -5.000000
v -0.500000 0.000001 -5.000000
v -1.500000 0.000001 -5.000000
v 1.500000 0.000001 -4.000000
v 0.500000 0.000001 -4.000000
v -0.500000 0.000001 -4.000000
v -1.500000 0.000001 -4.000000
v 1.500000 0.000000 -3.000000
v 0.500000 0.000000 -3.000000
v -0.500000 0.000000 -3.000000
v -1.500000 0.000000 -3.000000
v 1.500000 0.000000 -2.000000
v 0.500000 0.000000 -2.000000
v -0.500000 0.000000 -2.000000
v -1.500000 0.000000 -2.000000
v 1.500000 0.000000 -1.000000
v 0.500000 0.000000 -1.000000
v -0.500000 0.000000 -1.000000
v -1.500000 0.000000 -1.000000
v 1.500000 0.000000 0.000000
v 0.500000 0.000000 0.000000
v -0.500000 0.000000 0.000000
v -1.500000 0.000000 0.000000
v 1.500000 -0.000000 1.000000
v 0.500000 -0.000000 1.000000
v -0.500000 -0.000000 1.000000
v -1.500000 -0.000000 1.000000
v 1.500000 -0.000000 2.000000
v 0.500000 -0.000000 2.000000
v -0.500000 -0.000000 2.000000
v -1.500000 -0.000000 2.000000
v 1.500000 -0.000000 3.000000
v 0.500000 -0.000000 3.000000
v -0.500000 -0.000000 3.000000
v -1.500000 -0.000000 3.000000
v 1.500000 -0.000001 4.000000
v 0.500000 -0.000001 4.000000
v -0.500000 -0.000001 4.000000
v -1.500000 -0.000001 4.000000
v 1.500000 -0.000001 5.000000
v 0.500000 -0.000001 5.000000
v -0.500000 -0.000001 5.000000
v -1.500000 -0.000001 5.000000
v 1.500000 -0.000001 6.000000
v 0.500000 -0.000001 6.000000
v -0.500000 -0.000001 6.000000
v -1.500000 -0.000001 6.000000
v 1.500000 -0.000001 7.000000
v 0.500000 -0.000001 7.000000
v -0.500000 -0.000001 7.000000
v -1.500000 -0.000001 7.000000
v 1.500000 -0.000001 8.000000
v 0.500000 -0.000001 8.000000
v -0.500000 -0.000001 8.000000
v -1.500000 -0.000001 8.000000
v 1.500000 -0.000001 8.999999
v 0.500000 -0.000001 8.999999
v -0.500000 -0.000001 8.999999
v -1.500000 -0.000001 8.999999
v 1.500000 -0.000002 9.999999
v 0.500000 -0.000002 9.999999
v -0.500000 -0.000002 9.999999
v -1.500000 -0.000002 9.999999
v 1.500000 -0.000002 10.999999
v 0.500000 -0.000002 10.999999
v -0.500000 -0.000002 10.999999
v -1.500000 -0.000002 10.999999
v 1.500000 -0.000002 11.999999
v 0.500000 -0.000002 11.999999
v -0.500000 -0.000002 11.999999
v -1.500000 -0.000002 11.999999
v 1.500000 -0.000002 12.999999
v 0.500000 -0.000002 12.999999
v -0.500000 -0.000002 12.999999
v -1.500000 -0.000002 12.999999
v 1.500000 -0.000002 13.999999
v 0.500000 -0.000002 13.999999
v -0.500000 -0.000002 13.999999
v -1.500000 -0.000002 13.999999
v 1.500000 -0.000002 14.999999
v 0.500000 -0.000002 14.999999
v -0.500000 -0.000002 14.999999
v -1.500000 -0.000002 14.999999
v 1.500000 -0.000003 15.999999
v 0.500000 -0.000003 15.999999
v -0.500000 -0.000003 15.999999
v -1.500000 -0.000003 15.999999
v 1.500000 -0.000003 17.000000
v 0.500000 -0.000003 17.000000
v -0.500000 -0.000003 17.000000
v -1.500000 -0.000003 17.000000
v 1.500000 -0.000003 18.000000
v 0.500000 -0.000003 18.000000
v -0.500000 -0.000003 18.000000
v -1.500000 -0.000003 18.000000
v 1.500000 -0.000003 19.000000
v 0.500000 -0.000003 19.000000
v -0.500000 -0.000003 19.000000
v -1.500000 -0.000003 19.000000
v 1.500000 -0.000003 19.999998
v 0.500000 -0.000003 19.999998
v -0.500000 -0.000003 19.999998
v -1.500000 -0.000003 19.999998
v 1.500000 -0.000003 20.999998
v 0.500000 -0.000003 20.999998
v -0.500000 -0.000003 21.000000
v -1.500000 -0.000003 21.000002
v 1.500000 -0.000004 21.999998
v 0.500000 -0.000004 21.999998
v -0.500000 -0.000004 21.999998
v -1.500000 -0.000004 22.000000
v 1.500000 -0.000004 23.000000
v 0.500000 -0.000004 23.000000
v -0.500000 -0.000004 23.000000
v -1.500000 -0.000004 23.000000
v 1.500000 -0.000004 23.999998
v 0.500000 -0.000004 23.999998
v -0.500000 -0.000004 23.999998
v -1.500000 -0.000004 23.999998
v 1.500000 -0.000004 25.000000
v 0.500000 -0.000004 25.000000
v -0.500000 -0.000004 25.000000
v -1.500000 -0.000004 25.000002
v 1.500000 -0.000004 26.000000
v 0.500000 -0.000004 26.000000
v -0.500000 -0.000004 26.000000
v -1.500000 -0.000004 26.000000
v 1.500000 -0.000004 27.000000
v 0.500000 -0.000004 27.000000
v -0.500000 -0.000004 27.000000
v -1.500000 -0.000004 27.000000
v 1.500000 -0.000005 27.999998
v 0.500000 -0.000005 27.999998
v -0.500000 -0.000005 27.999998
v -1.500000 -0.000005 27.999998
v 1.500000 -0.000005 29.000000
v 0.500000 -0.000005 29.000000
v -0.500000 -0.000005 29.000000
v -1.500000 -0.000005 29.000000
v 2.500000 2.999997 20.000000
v -2.500000 2.999997 19.999998
v -2.500000 2.999997 20.999998
v -2.500000 2.999996 21.999998
v 2.500000 2.999997 21.000002
v 2.500000 2.999996 22.000000
v 1.500000 2.999997 19.999998
v 2.500000 3.999997 20.000000
v 1.500000 2.999996 22.000000
v -1.500000 2.999997 19.999998
v -0.500000 2.999997 19.999998
v 0.500000 2.999997 19.999998
v -2.500000 3.999997 19.999998
v -2.500000 3.999997 20.999998
v -2.500000 3.999996 21.999998
v -1.500000 2.999996 21.999998
v -0.500000 2.999996 21.999998
v 0.500000 2.999996 21.999998
v 2.500000 2.999997 21.000002
v 2.500000 2.999996 22.000000
v 1.500000 2.999997 19.999998
v 1.500000 2.999996 22.000000
v -1.500000 2.999997 19.999998
v -0.500000 2.999997 19.999998
v 0.500000 2.999997 19.999998
v -1.500000 2.999996 21.999998
v -0.500000 2.999996 21.999998
v 0.500000 2.999996 21.999998
v 2.500000 3.999997 21.000002
v 2.500000 3.999996 22.000000
v 1.500000 3.999997 19.999998
v 1.500000 3.999996 22.000000
v -1.500000 3.999997 19.999998
v -0.500000 3.999997 19.999998
v 0.500000 3.999997 19.999998
v -1.500000 3.999996 21.999998
v -0.500000 3.999996 21.999998
v 0.500000 3.999996 21.999998
v -2.500000 3.999996 21.999998
v -2.500000 3.999997 20.999998
v -2.500000 3.999997 19.999998
v 2.500000 3.999997 20.000000
v 2.500000 3.999997 21.000002
v 2.500000 3.999996 22.000000
v 1.500000 3.999997 19.999998
v 1.500000 3.999996 22.000000
v -1.500000 3.999997 19.999998
v -0.500000 3.999997 19.999998
v 0.500000 3.999997 19.999998
v 0.500000 3.999996 23.000000
v 2.500000 3.999996 23.000002
v 1.500000 3.999996 23.000002
v -1.500000 3.999996 21.999998
v -0.500000 3.999996 21.999998
v 0.500000 3.999996 21.999998
v -2.500000 3.999996 23.000000
v -1.500000 3.999996 23.000000
v -0.500000 3.999996 23.000000
v -2.500000 1.999997 15.999999
v -2.500000 1.999997 14.999999
v -2.500000 1.999998 13.999999
v 2.500000 1.999998 13.999999
v 2.500000 1.999997 14.999999
v 2.500000 1.999997 15.999999
v 1.500000 1.999998 13.999999
v 1.500000 1.999997 15.999999
v -1.500000 1.999998 13.999999
v -0.500000 1.999998 13.999999
v 0.500000 1.999998 13.999999
v -1.500000 1.999997 15.999999
v -0.500000 1.999997 15.999999
v 0.500000 1.999997 15.999999
v 2.500000 1.999997 14.999999
v 2.500000 1.999997 15.999999
v 1.500000 1.999998 13.999999
v 2.500000 3.999998 14.000000
v 1.500000 1.999997 15.999999
v -1.500000 1.999998 13.999999
v -0.500000 1.999998 13.999999
v 0.500000 1.999998 13.999999
v -2.500000 3.999998 14.000000
v -1.500000 1.999997 15.999999
v -0.500000 1.999997 15.999999
v 0.500000 1.999997 15.999999
v 1.500000 3.999998 14.000000
v -1.500000 3.999998 14.000000
v -0.500000 3.999998 14.000000
v 0.500000 3.999998 14.000000
v -2.500000 5.999998 16.000000
v 2.500000 5.999998 16.000000
v 1.500000 5.999998 16.000000
v -1.500000 5.999997 17.000002
v -0.500000 5.999997 17.000002
v -1.500000 5.999998 16.000000
v -0.500000 5.999998 16.000000
v 0.500000 5.999998 16.000000
v 0.500000 5.999997 17.000002
v 1.500000 5.999997 17.000002
v -0.500000 5.999997 18.000002
v -1.500000 5.999997 18.000002
v 0.500000 5.999997 18.000002
v 1.500000 5.999997 18.000002
v 1.500000 5.999997 17.000002
v 2.500000 5.999997 17.000002
v -1.500000 5.999997 17.000002
v -2.500000 5.999997 17.000002
v 1.500000 3.999998 13.000000
v 2.500000 3.999998 13.000000
v -1.500000 3.999998 13.000000
v -2.500000 3.999998 13.000000
v -0.500000 3.999998 13.000000
v 0.500000 3.999998 13.000000
v 1.500000 3.999998 12.000000
v 2.500000 3.999998 12.000000
v -1.500000 3.999998 12.000000
v -2.500000 3.999998 12.000000
v -0.500000 3.999998 12.000000
v 0.500000 3.999998 12.000000
v 1.500000 3.999998 11.000000
v 2.500000 3.999998 11.000000
v -1.500000 3.999998 11.000000
v -2.500000 3.999998 11.000000
v -0.500000 3.999998 11.000000
v 0.500000 3.999998 11.000000
v 1.500000 3.999998 10.000000
v 2.500000 3.999998 10.000000
v -1.500000 3.999998 10.000000
v -2.500000 3.999998 10.000000
v -0.500000 3.999998 10.000000
v 0.500000 3.999998 10.000000
v -2.500000 1.999999 8.000000
v -2.500000 1.999999 7.000000
v -2.500000 1.999999 6.000000
v 2.500000 1.999999 6.000000
v 2.500000 1.999999 7.000000
v 2.500000 1.999999 8.000000
v 1.500000 1.999999 6.000000
v 1.500000 1.999999 8.000000
v -1.500000 1.999999 6.000000
v -0.500000 1.999999 6.000000
v 0.500000 1.999999 6.000000
v -1.500000 1.999999 8.000000
v -0.500000 1.999999 8.000000
v 0.500000 1.999999 8.000000
v 2.500000 1.999999 7.000000
v 2.500000 1.999999 8.000000
v 1.500000 1.999999 6.000000
v 1.500000 1.999999 8.000000
v -1.500000 1.999999 6.000000
v -0.500000 1.999999 6.000000
v 0.500000 1.999999 6.000000
v -1.500000 1.999999 8.000000
v -0.500000 1.999999 8.000000
v 0.500000 1.999999 8.000000
v -2.500000 4.999999 7.000001
v -2.500000 4.999999 8.000001
v -1.500000 4.999999 7.000001
v -1.500000 4.999999 8.000001
v -1.500000 2.000000 2.000000
v -1.500000 2.000000 3.000000
v -1.500000 3.000000 2.000000
v -1.500000 3.000000 3.000000
v -1.500000 4.000000 2.000001
v -1.500000 4.000000 3.000001
v -2.500000 8.000000 3.000001
v -2.500000 8.000000 2.000001
v -1.500000 8.000000 2.000001
v -1.500000 8.000000 3.000001
v -2.500000 8.000000 4.000001
v -1.500000 8.000000 4.000001
v -2.500000 12.986753 -7.987292
v -1.500000 12.993377 -7.993644
v -1.500000 2.000001 -6.000000
v -1.500000 2.000001 -5.000000
v -1.500000 3.000001 -6.000000
v -1.500000 3.000001 -5.000000
v -1.500000 4.000001 -6.000000
v -1.500000 4.000001 -5.000000
v -2.500000 11.510186 -4.999998
v -2.500000 11.998380 -5.999998
v -1.500000 11.998380 -5.999998
v -1.500000 11.510186 -4.999998
v -0.500000 2.000002 -9.999999
v 0.500000 2.000002 -9.999999
v -0.500000 2.000001 -8.999999
v 0.500000 2.000001 -8.999999
v 0.500000 3.000002 -9.999998
v 0.500000 3.000001 -8.999998
v 0.500000 4.000001 -9.999998
v 0.500000 4.000001 -8.999998
v 0.500000 5.000001 -9.999998
v 0.500000 5.000001 -8.999998
v -0.500000 13.000002 -9.999997
v 0.500000 13.000002 -9.999997
v -0.500000 13.000002 -8.999997
v 0.500000 13.000002 -8.999997
v -0.500000 13.000001 -7.999998
v 0.500000 13.000001 -7.999998
v -1.500000 12.993378 -9.003748
v -2.500000 12.986753 -9.007498
v -0.500000 13.000002 -10.999997
v 0.500000 13.000002 -10.999997
v -0.500000 13.000002 -11.999997
v 0.500000 13.000002 -11.999997
v -0.500000 13.000002 -12.999997
v 0.500000 13.000002 -12.999997
v 1.500000 13.000002 -11.999997
v 1.500000 13.000002 -12.999997
v 2.500000 13.000002 -11.999997
v 2.500000 13.000002 -12.999997
v -0.500000 13.000002 -13.999997
v 0.500000 13.000002 -13.999997
v -0.500000 13.000003 -14.999997
v 0.500000 13.000003 -14.999997
v -0.500000 13.000003 -15.999997
v 0.500000 13.000003 -15.999997
v -1.500000 14.000002 -11.999997
v -1.500000 13.000002 -11.999997
v -1.500000 14.000002 -12.999997
v -1.500000 13.000002 -12.999997
v -1.500000 14.000002 -11.999997
v -1.500000 13.000002 -11.999997
v -1.500000 14.000002 -12.999997
v -1.500000 13.000002 -12.999997
v -2.500000 13.000002 -11.999997
v -2.500000 13.000002 -12.999997
v -0.500000 4.000002 -12.999998
v -0.500000 4.000002 -11.999998
v -0.500000 6.000002 -12.999998
v 0.500000 6.000002 -12.999998
v 0.500000 6.000002 -11.999998
v -0.500000 13.000002 -12.999997
v 0.500000 13.000002 -12.999997
v -0.500000 13.000002 -11.999997
v 0.500000 13.000002 -11.999997
v 0.500000 2.000000 2.000000
v 0.500000 2.000000 3.000000
v 0.500000 3.000000 2.000000
v 0.500000 3.000000 3.000000
v -0.500000 4.000000 2.000001
v 0.500000 4.000000 2.000001
v 0.500000 4.000000 3.000001
v -0.500000 4.000000 2.000001
v -0.500000 4.000000 3.000001
v -0.500000 4.000000 1.000001
v 0.500000 4.000000 1.000001
v -0.500000 4.000000 0.000001
v 0.500000 4.000000 0.000001
v -0.500000 4.000000 -0.999999
v 0.500000 4.000000 -0.999999
v -0.500000 4.000000 -1.999999
v 0.500000 4.000000 -1.999999
v -0.500000 4.000001 -6.000000
v -0.500000 4.000001 -5.000000
v 0.500000 4.000001 -6.000000
v 0.500000 4.000001 -5.000000
v 1.500000 4.000001 -6.000000
v 1.500000 4.000001 -5.000000
v 0.500000 4.000000 -3.999999
v 1.500000 4.000000 -3.999999
v 0.500000 4.000000 -2.999999
v 1.500000 4.000000 -2.999999
v 1.500000 5.000001 -9.999998
v 1.500000 5.000001 -8.999998
v 2.500000 5.000001 -9.999998
v 2.500000 5.000001 -8.999998
v 1.500000 5.000001 -7.999999
v 1.500000 6.000001 -7.999999
v 2.500000 5.000001 -7.999999
v 2.500000 6.000001 -7.999999
v 1.500000 5.000001 -7.999999
v 1.500000 6.000001 -7.999999
v 2.500000 5.000001 -7.999999
v 2.500000 6.000001 -7.999999
v 1.500000 5.000001 -6.999999
v 2.500000 5.000001 -6.999999
v 1.500000 6.000002 -12.999998
v 1.500000 6.000002 -11.999998
v 2.500000 6.000002 -12.999998
v 2.500000 6.000002 -11.999998
v 1.500000 6.000002 -10.999998
v 2.500000 6.000002 -10.999998
v -0.500000 6.000002 -13.999998
v 0.500000 6.000002 -13.999998
v 1.500000 6.000002 -13.999998
v -0.500000 6.000002 -14.999998
v 0.500000 6.000002 -14.999998
v -0.500000 6.000002 -15.999998
v 0.500000 6.000002 -15.999998
v -0.500000 2.000001 -6.000000
v -0.500000 2.000001 -5.000000
v -0.500000 3.000001 -6.000000
v -0.500000 3.000001 -5.000000
v 0.500000 2.000001 -6.000000
v 0.500000 2.000001 -5.000000
v 0.500000 3.000001 -6.000000
v 0.500000 2.000001 -6.000000
v 0.500000 2.000001 -5.000000
v 0.500000 3.000001 -5.000000
v 1.500000 2.000001 -6.000000
v 1.500000 2.000001 -5.000000
v 2.500000 2.000001 -6.000000
v 2.500000 2.000001 -5.000000
v 2.500000 2.000001 -6.000000
v 2.500000 2.000001 -5.000000
v 1.500000 2.000001 -6.000000
v 1.500000 2.000001 -5.000000
v 0.500000 2.000001 -6.000000
v 0.500000 2.000001 -5.000000
v 1.500000 2.000002 -9.999999
v 1.500000 2.000001 -8.999999
v 1.500000 3.000002 -9.999998
v 1.500000 3.000001 -8.999998
v 2.500000 2.000002 -9.999999
v 2.500000 2.000001 -8.999999
v -2.500000 2.000001 -8.999999
v -2.500000 2.000002 -9.999999
v -1.500000 2.000002 -9.999999
v -1.500000 2.000001 -9.000000
v 1.500000 4.000001 -9.999998
v 1.500000 4.000001 -8.999998
v 1.500000 5.000001 -9.999998
v 1.500000 5.000001 -8.999998
v -1.500000 4.000002 -12.999998
v -1.500000 4.000002 -11.999998
v 1.500000 3.999996 24.000002
v 2.500000 3.999996 24.000002
v -2.500000 3.999996 24.000000
v -1.500000 3.999996 24.000000
v -0.500000 1.000000 2.000000
v -0.500000 1.000000 3.000000
v -0.500000 2.000000 2.000000
v -0.500000 2.000000 3.000000
v -0.500000 2.000000 2.000000
v -0.500000 2.000000 3.000000
v -0.500000 3.000000 2.000000
v -0.500000 3.000000 3.000000
v -0.500000 3.000000 2.000000
v -0.500000 3.000000 3.000000
v -0.500000 4.000000 2.000001
v -0.500000 4.000000 3.000001
v 1.500000 1.000000 2.000000
v 1.500000 1.000000 3.000000
v 1.500000 2.000000 2.000000
v 1.500000 2.000000 3.000000
v 1.500000 2.000000 2.000000
v 1.500000 2.000000 3.000000
v 1.500000 3.000000 2.000000
v 1.500000 3.000000 3.000000
v 1.500000 3.000000 2.000000
v 1.500000 3.000000 3.000000
v 1.500000 4.000000 2.000001
v 1.500000 4.000000 3.000001
v 1.500000 4.000000 2.000001
v 1.500000 4.000000 3.000001
v 2.500000 1.000000 2.000000
v 2.500000 1.000000 3.000000
v 2.500000 2.000000 2.000000
v 2.500000 2.000000 3.000000
v 2.500000 2.000000 2.000000
v 2.500000 2.000000 3.000000
v 2.500000 3.000000 2.000000
v 2.500000 3.000000 3.000000
v 2.500000 3.000000 2.000000
v 2.500000 3.000000 3.000000
v 2.500000 4.000000 2.000001
v 2.500000 4.000000 3.000001
v 2.500000 4.000000 2.000001
v 2.500000 4.000000 3.000001
v -0.500000 2.000003 -19.000000
v 0.500000 2.000003 -19.000000
v -0.500000 2.000003 -20.000000
v 0.500000 2.000003 -20.000000
v -0.500000 2.000003 -21.000002
v 0.500000 2.000003 -21.000002
v -0.500000 3.000003 -21.000002
v 0.500000 3.000003 -21.000002
v -0.500000 3.000004 -22.000002
v 0.500000 3.000004 -22.000002
v 1.500000 3.000003 -21.000002
v 1.500000 3.000004 -22.000002
v 2.500000 3.000003 -21.000002
v 2.500000 3.000004 -22.000000
v -1.500000 3.000003 -21.000002
v -1.500000 3.000004 -22.000002
v -2.500000 3.000003 -21.000002
v -2.500000 3.000004 -22.000002
v -2.500000 4.000004 -23.000000
v 2.500000 4.000004 -23.000000
v 1.500000 4.000004 -23.000000
v -1.500000 4.000004 -23.000000
v -0.500000 4.000004 -23.000000
v 0.500000 4.000004 -23.000000
v 0.500000 4.000004 -24.000000
v 1.500000 4.000004 -24.000000
v 1.500000 4.000004 -24.000000
v 2.500000 4.000004 -24.000000
v -2.500000 4.000004 -24.000000
v -1.500000 4.000004 -24.000000
v -0.500000 4.000004 -24.000000
v 0.500000 4.000004 -25.000002
v 1.500000 4.000004 -25.000002
v 1.500000 4.000004 -25.000002
v 2.500000 4.000004 -25.000002
v -2.500000 4.000004 -25.000002
v -1.500000 4.000004 -25.000002
v -0.500000 4.000004 -25.000002
v 0.500000 4.000004 -26.000002
v 1.500000 4.000004 -26.000002
v 1.500000 4.000004 -26.000002
v 2.500000 4.000004 -26.000002
v -2.500000 4.000004 -26.000002
v -1.500000 4.000004 -26.000002
v -0.500000 4.000004 -26.000002
v 0.500000 4.000004 -27.000004
v 1.500000 4.000004 -27.000004
v 1.500000 4.000004 -27.000004
v 2.500000 4.000004 -27.000004
v -2.500000 4.000004 -27.000004
v -1.500000 4.000004 -27.000004
v -0.500000 4.000004 -27.000004
v 0.500000 4.000005 -28.000004
v 1.500000 4.000005 -28.000004
v 1.500000 4.000005 -28.000004
v 2.500000 4.000005 -28.000004
v -0.500000 3.000005 -30.000000
v 0.500000 3.000005 -30.000000
v -0.500000 3.000005 -29.000000
v 0.500000 3.000005 -29.000000
v 1.500000 4.000005 -29.000002
v 0.500000 4.000005 -29.000000
v 1.485392 4.996404 19.999208
v 2.485392 4.996404 19.999208
vn -0.0000 -1.0000 -0.0000
vn -0.0000 1.0000 -0.0000
vn -1.0000 -0.0000 -0.0000
vn 1.0000 0.0001 -0.0000
vn -0.0000 -0.0000 1.0000
vn -0.0000 -0.0000 -0.0000
vn -1.0000 -0.0001 -0.0000
vn -0.0000 -0.9483 -0.3173
vn 0.0066 -1.0000 -0.0000
vn 0.0028 -0.8939 -0.4483
vn 0.0046 -0.8945 -0.4471
vn -0.0001 1.0000 -0.0000
vn -0.0000 0.8986 0.4387
vn -0.0015 -0.8947 -0.4466
vn 0.0003 -0.8953 -0.4454
vt 0.125000 0.750000
vt 0.875000 0.750000
vt 0.125000 0.500000
vt 0.375000 0.750000
vt 0.625000 0.750000
vt 0.375000 0.500000
vt 0.125000 0.504167
vt 0.125000 0.508333
vt 0.125000 0.512500
vt 0.125000 0.516667
vt 0.125000 0.520833
vt 0.125000 0.525000
vt 0.125000 0.529167
vt 0.125000 0.533333
vt 0.125000 0.537500
vt 0.125000 0.541667
vt 0.125000 0.545833
vt 0.125000 0.550000
vt 0.125000 0.554167
vt 0.125000 0.558333
vt 0.125000 0.562500
vt 0.125000 0.566667
vt 0.125000 0.570833
vt 0.125000 0.575000
vt 0.125000 0.579167
vt 0.125000 0.583333
vt 0.125000 0.587500
vt 0.125000 0.591667
vt 0.125000 0.595833
vt 0.125000 0.600000
vt 0.125000 0.604167
vt 0.125000 0.608333
vt 0.125000 0.612500
vt 0.125000 0.616667
vt 0.125000 0.620833
vt 0.125000 0.625000
vt 0.125000 0.629167
vt 0.125000 0.633333
vt 0.125000 0.637500
vt 0.125000 0.641667
vt 0.125000 0.645833
vt 0.125000 0.650000
vt 0.125000 0.654167
vt 0.125000 0.658333
vt 0.125000 0.662500
vt 0.125000 0.666667
vt 0.125000 0.670833
vt 0.125000 0.675000
vt 0.125000 0.679167
vt 0.125000 0.683333
vt 0.125000 0.687500
vt 0.125000 0.691667
vt 0.125000 0.695833
vt 0.125000 0.700000
vt 0.125000 0.704167
vt 0.125000 0.708333
vt 0.125000 0.712500
vt 0.125000 0.716667
vt 0.125000 0.720833
vt 0.125000 0.725000
vt 0.125000 0.729167
vt 0.125000 0.733333
vt 0.125000 0.737500
vt 0.125000 0.741667
vt 0.125000 0.745833
vt 0.875000 0.745833
vt 0.875000 0.741667
vt 0.875000 0.737500
vt 0.875000 0.729167
vt 0.875000 0.725000
vt 0.875000 0.720833
vt 0.875000 0.716667
vt 0.875000 0.708333
vt 0.875000 0.704167
vt 0.875000 0.700000
vt 0.875000 0.695833
vt 0.875000 0.691667
vt 0.875000 0.683333
vt 0.875000 0.679167
vt 0.875000 0.675000
vt 0.875000 0.670833
vt 0.875000 0.666667
vt 0.875000 0.662500
vt 0.875000 0.658333
vt 0.875000 0.650000
vt 0.875000 0.645833
vt 0.875000 0.641667
vt 0.875000 0.637500
vt 0.875000 0.633333
vt 0.875000 0.629167
vt 0.875000 0.625000
vt 0.875000 0.620833
vt 0.875000 0.616667
vt 0.875000 0.612500
vt 0.875000 0.608333
vt 0.875000 0.604167
vt 0.875000 0.600000
vt 0.875000 0.595833
vt 0.875000 0.591667
vt 0.875000 0.587500
vt 0.875000 0.583333
vt 0.875000 0.579167
vt 0.875000 0.575000
vt 0.875000 0.570833
vt 0.875000 0.566667
vt 0.875000 0.562500
vt 0.875000 0.558333
vt 0.875000 0.554167
vt 0.875000 0.550000
vt 0.875000 0.545833
vt 0.875000 0.541667
vt 0.875000 0.537500
vt 0.875000 0.533333
vt 0.875000 0.529167
vt 0.875000 0.525000
vt 0.875000 0.520833
vt 0.875000 0.516667
vt 0.875000 0.512500
vt 0.875000 0.508333
vt 0.875000 0.504167
vt 0.375000 0.745833
vt 0.375000 0.741667
vt 0.375000 0.737500
vt 0.375000 0.733333
vt 0.375000 0.729167
vt 0.375000 0.725000
vt 0.375000 0.720833
vt 0.375000 0.716667
vt 0.375000 0.712500
vt 0.375000 0.708333
vt 0.375000 0.704167
vt 0.375000 0.700000
vt 0.375000 0.695833
vt 0.375000 0.691667
vt 0.375000 0.687500
vt 0.375000 0.683333
vt 0.375000 0.679167
vt 0.375000 0.675000
vt 0.375000 0.670833
vt 0.375000 0.666667
vt 0.375000 0.662500
vt 0.375000 0.658333
vt 0.375000 0.654167
vt 0.375000 0.650000
vt 0.375000 0.645833
vt 0.375000 0.641667
vt 0.375000 0.637500
vt 0.375000 0.633333
vt 0.375000 0.629167
vt 0.375000 0.625000
vt 0.375000 0.620833
vt 0.375000 0.616667
vt 0.375000 0.612500
vt 0.375000 0.608333
vt 0.375000 0.604167
vt 0.375000 0.600000
vt 0.375000 0.595833
vt 0.375000 0.591667
vt 0.375000 0.587500
vt 0.375000 0.583333
vt 0.375000 0.579167
vt 0.375000 0.575000
vt 0.375000 0.570833
vt 0.375000 0.566667
vt 0.375000 0.562500
vt 0.375000 0.558333
vt 0.375000 0.554167
vt 0.375000 0.550000
vt 0.375000 0.545833
vt 0.375000 0.541667
vt 0.375000 0.537500
vt 0.375000 0.533333
vt 0.375000 0.529167
vt 0.375000 0.525000
vt 0.375000 0.520833
vt 0.375000 0.516667
vt 0.375000 0.512500
vt 0.375000 0.508333
vt 0.375000 0.504167
vt 0.625000 0.504167
vt 0.625000 0.508333
vt 0.625000 0.512500
vt 0.625000 0.516667
vt 0.625000 0.520833
vt 0.625000 0.525000
vt 0.625000 0.529167
vt 0.625000 0.533333
vt 0.625000 0.537500
vt 0.625000 0.541667
vt 0.625000 0.545833
vt 0.625000 0.550000
vt 0.625000 0.554167
vt 0.625000 0.558333
vt 0.625000 0.562500
vt 0.625000 0.566667
vt 0.625000 0.570833
vt 0.625000 0.575000
vt 0.625000 0.579167
vt 0.625000 0.583333
vt 0.625000 0.587500
vt 0.625000 0.591667
vt 0.625000 0.595833
vt 0.625000 0.600000
vt 0.625000 0.604167
vt 0.625000 0.608333
vt 0.625000 0.612500
vt 0.625000 0.616667
vt 0.625000 0.620833
vt 0.625000 0.625000
vt 0.625000 0.629167
vt 0.625000 0.633333
vt 0.625000 0.637500
vt 0.625000 0.641667
vt 0.625000 0.645833
vt 0.625000 0.650000
vt 0.625000 0.658333
vt 0.625000 0.662500
vt 0.625000 0.666667
vt 0.625000 0.670833
vt 0.625000 0.675000
vt 0.625000 0.679167
vt 0.625000 0.683333
vt 0.625000 0.691667
vt 0.625000 0.695833
vt 0.625000 0.700000
vt 0.625000 0.704167
vt 0.625000 0.708333
vt 0.625000 0.716667
vt 0.625000 0.720833
vt 0.625000 0.725000
vt 0.625000 0.729167
vt 0.625000 0.737500
vt 0.625000 0.741667
vt 0.625000 0.745833
vt 0.325000 0.500000
vt 0.275000 0.500000
vt 0.225000 0.500000
vt 0.175000 0.500000
vt 0.175000 0.750000
vt 0.225000 0.750000
vt 0.275000 0.750000
vt 0.325000 0.750000
vt 0.675000 0.750000
vt 0.725000 0.750000
vt 0.775000 0.750000
vt 0.825000 0.750000
vt 0.825000 0.504167
vt 0.775000 0.504167
vt 0.725000 0.504167
vt 0.675000 0.504167
vt 0.825000 0.508333
vt 0.775000 0.508333
vt 0.725000 0.508333
vt 0.675000 0.508333
vt 0.825000 0.512500
vt 0.775000 0.512500
vt 0.725000 0.512500
vt 0.675000 0.512500
vt 0.825000 0.516667
vt 0.775000 0.516667
vt 0.725000 0.516667
vt 0.675000 0.516667
vt 0.825000 0.520833
vt 0.775000 0.520833
vt 0.725000 0.520833
vt 0.675000 0.520833
vt 0.825000 0.525000
vt 0.775000 0.525000
vt 0.725000 0.525000
vt 0.675000 0.525000
vt 0.825000 0.529167
vt 0.775000 0.529167
vt 0.725000 0.529167
vt 0.675000 0.529167
vt 0.825000 0.533333
vt 0.775000 0.533333
vt 0.725000 0.533333
vt 0.675000 0.533333
vt 0.825000 0.537500
vt 0.775000 0.537500
vt 0.725000 0.537500
vt 0.675000 0.537500
vt 0.825000 0.541667
vt 0.775000 0.541667
vt 0.725000 0.541667
vt 0.675000 0.541667
vt 0.825000 0.545833
vt 0.775000 0.545833
vt 0.725000 0.545833
vt 0.675000 0.545833
vt 0.825000 0.550000
vt 0.775000 0.550000
vt 0.725000 0.550000
vt 0.675000 0.550000
vt 0.825000 0.554167
vt 0.775000 0.554167
vt 0.725000 0.554167
vt 0.675000 0.554167
vt 0.825000 0.558333
vt 0.775000 0.558333
vt 0.725000 0.558333
vt 0.675000 0.558333
vt 0.825000 0.562500
vt 0.775000 0.562500
vt 0.725000 0.562500
vt 0.675000 0.562500
vt 0.825000 0.566667
vt 0.775000 0.566667
vt 0.725000 0.566667
vt 0.675000 0.566667
vt 0.825000 0.570833
vt 0.775000 0.570833
vt 0.725000 0.570833
vt 0.675000 0.570833
vt 0.825000 0.575000
vt 0.775000 0.575000
vt 0.725000 0.575000
vt 0.675000 0.575000
vt 0.825000 0.579167
vt 0.775000 0.579167
vt 0.725000 0.579167
vt 0.675000 0.579167
vt 0.825000 0.583333
vt 0.775000 0.583333
vt 0.725000 0.583333
vt 0.675000 0.583333
vt 0.825000 0.587500
vt 0.775000 0.587500
vt 0.725000 0.587500
vt 0.675000 0.587500
vt 0.825000 0.591667
vt 0.775000 0.591667
vt 0.725000 0.591667
vt 0.675000 0.591667
vt 0.825000 0.595833
vt 0.775000 0.595833
vt 0.725000 0.595833
vt 0.675000 0.595833
vt 0.825000 0.600000
vt 0.775000 0.600000
vt 0.725000 0.600000
vt 0.675000 0.600000
vt 0.825000 0.604167
vt 0.775000 0.604167
vt 0.725000 0.604167
vt 0.675000 0.604167
vt 0.825000 0.608333
vt 0.775000 0.608333
vt 0.725000 0.608333
vt 0.675000 0.608333
vt 0.825000 0.612500
vt 0.775000 0.612500
vt 0.725000 0.612500
vt 0.675000 0.612500
vt 0.825000 0.616667
vt 0.775000 0.616667
vt 0.725000 0.616667
vt 0.675000 0.616667
vt 0.825000 0.620833
vt 0.775000 0.620833
vt 0.725000 0.620833
vt 0.675000 0.620833
vt 0.825000 0.625000
vt 0.775000 0.625000
vt 0.725000 0.625000
vt 0.675000 0.625000
vt 0.825000 0.629167
vt 0.775000 0.629167
vt 0.725000 0.629167
vt 0.675000 0.629167
vt 0.825000 0.633333
vt 0.775000 0.633333
vt 0.725000 0.633333
vt 0.675000 0.633333
vt 0.825000 0.637500
vt 0.775000 0.637500
vt 0.725000 0.637500
vt 0.675000 0.637500
vt 0.825000 0.641667
vt 0.775000 0.641667
vt 0.725000 0.641667
vt 0.675000 0.641667
vt 0.825000 0.645833
vt 0.775000 0.645833
vt 0.725000 0.645833
vt 0.675000 0.645833
vt 0.825000 0.650000
vt 0.775000 0.650000
vt 0.725000 0.650000
vt 0.675000 0.650000
vt 0.625000 0.650000
vt 0.625000 0.100000
vt 0.875000 0.650000
vt 0.625000 0.095833
vt 0.875000 0.658333
vt 0.625000 0.091667
vt 0.825000 0.658333
vt 0.775000 0.658333
vt 0.725000 0.658333
vt 0.675000 0.658333
vt 0.825000 0.662500
vt 0.775000 0.662500
vt 0.725000 0.662500
vt 0.675000 0.662500
vt 0.825000 0.666667
vt 0.775000 0.666667
vt 0.725000 0.666667
vt 0.675000 0.666667
vt 0.825000 0.670833
vt 0.775000 0.670833
vt 0.725000 0.670833
vt 0.675000 0.670833
vt 0.825000 0.675000
vt 0.775000 0.675000
vt 0.725000 0.675000
vt 0.675000 0.675000
vt 0.825000 0.679167
vt 0.775000 0.679167
vt 0.725000 0.679167
vt 0.675000 0.679167
vt 0.825000 0.683333
vt 0.775000 0.683333
vt 0.725000 0.683333
vt 0.675000 0.683333
vt 0.625000 0.683333
vt 0.625000 0.066667
vt 0.875000 0.683333
vt 0.625000 0.062500
vt 0.875000 0.691667
vt 0.625000 0.058333
vt 0.825000 0.691667
vt 0.775000 0.691667
vt 0.725000 0.691667
vt 0.675000 0.691667
vt 0.825000 0.695833
vt 0.775000 0.695833
vt 0.725000 0.695833
vt 0.675000 0.695833
vt 0.825000 0.700000
vt 0.775000 0.700000
vt 0.725000 0.700000
vt 0.675000 0.700000
vt 0.825000 0.704167
vt 0.775000 0.704167
vt 0.725000 0.704167
vt 0.675000 0.704167
vt 0.825000 0.708333
vt 0.775000 0.708333
vt 0.725000 0.708333
vt 0.675000 0.708333
vt 0.625000 0.708333
vt 0.625000 0.041667
vt 0.875000 0.708333
vt 0.625000 0.037500
vt 0.875000 0.716667
vt 0.625000 0.033333
vt 0.825000 0.716667
vt 0.775000 0.716667
vt 0.725000 0.716667
vt 0.675000 0.716667
vt 0.825000 0.720833
vt 0.775000 0.720833
vt 0.725000 0.720833
vt 0.675000 0.720833
vt 0.825000 0.725000
vt 0.775000 0.725000
vt 0.725000 0.725000
vt 0.675000 0.725000
vt 0.825000 0.729167
vt 0.775000 0.729167
vt 0.725000 0.729167
vt 0.675000 0.729167
vt 0.825000 0.737500
vt 0.775000 0.737500
vt 0.725000 0.737500
vt 0.675000 0.737500
vt 0.825000 0.741667
vt 0.775000 0.741667
vt 0.725000 0.741667
vt 0.675000 0.741667
vt 0.825000 0.745833
vt 0.775000 0.745833
vt 0.725000 0.745833
vt 0.675000 0.745833
vt 0.325000 0.504167
vt 0.275000 0.504167
vt 0.225000 0.504167
vt 0.175000 0.504167
vt 0.325000 0.508333
vt 0.275000 0.508333
vt 0.225000 0.508333
vt 0.175000 0.508333
vt 0.325000 0.512500
vt 0.275000 0.512500
vt 0.225000 0.512500
vt 0.175000 0.512500
vt 0.325000 0.516667
vt 0.275000 0.516667
vt 0.225000 0.516667
vt 0.175000 0.516667
vt 0.325000 0.520833
vt 0.275000 0.520833
vt 0.225000 0.520833
vt 0.175000 0.520833
vt 0.325000 0.525000
vt 0.275000 0.525000
vt 0.225000 0.525000
vt 0.175000 0.525000
vt 0.325000 0.529167
vt 0.275000 0.529167
vt 0.225000 0.529167
vt 0.175000 0.529167
vt 0.325000 0.533333
vt 0.275000 0.533333
vt 0.225000 0.533333
vt 0.175000 0.533333
vt 0.325000 0.537500
vt 0.275000 0.537500
vt 0.225000 0.537500
vt 0.175000 0.537500
vt 0.325000 0.541667
vt 0.275000 0.541667
vt 0.225000 0.541667
vt 0.175000 0.541667
vt 0.325000 0.545833
vt 0.275000 0.545833
vt 0.225000 0.545833
vt 0.175000 0.545833
vt 0.325000 0.550000
vt 0.275000 0.550000
vt 0.225000 0.550000
vt 0.175000 0.550000
vt 0.325000 0.554167
vt 0.275000 0.554167
vt 0.225000 0.554167
vt 0.175000 0.554167
vt 0.325000 0.558333
vt 0.275000 0.558333
vt 0.225000 0.558333
vt 0.175000 0.558333
vt 0.325000 0.562500
vt 0.275000 0.562500
vt 0.225000 0.562500
vt 0.175000 0.562500
vt 0.325000 0.566667
vt 0.275000 0.566667
vt 0.225000 0.566667
vt 0.175000 0.566667
vt 0.325000 0.570833
vt 0.275000 0.570833
vt 0.225000 0.570833
vt 0.175000 0.570833
vt 0.325000 0.575000
vt 0.275000 0.575000
vt 0.225000 0.575000
vt 0.175000 0.575000
vt 0.325000 0.579167
vt 0.275000 0.579167
vt 0.225000 0.579167
vt 0.175000 0.579167
vt 0.325000 0.583333
vt 0.275000 0.583333
vt 0.225000 0.583333
vt 0.175000 0.583333
vt 0.325000 0.587500
vt 0.275000 0.587500
vt 0.225000 0.587500
vt 0.175000 0.587500
vt 0.325000 0.591667
vt 0.275000 0.591667
vt 0.225000 0.591667
vt 0.175000 0.591667
vt 0.325000 0.595833
vt 0.275000 0.595833
vt 0.225000 0.595833
vt 0.175000 0.595833
vt 0.325000 0.600000
vt 0.275000 0.600000
vt 0.225000 0.600000
vt 0.175000 0.600000
vt 0.325000 0.604167
vt 0.275000 0.604167
vt 0.225000 0.604167
vt 0.175000 0.604167
vt 0.325000 0.608333
vt 0.275000 0.608333
vt 0.225000 0.608333
vt 0.175000 0.608333
vt 0.325000 0.612500
vt 0.275000 0.612500
vt 0.225000 0.612500
vt 0.175000 0.612500
vt 0.325000 0.616667
vt 0.275000 0.616667
vt 0.225000 0.616667
vt 0.175000 0.616667
vt 0.325000 0.620833
vt 0.275000 0.620833
vt 0.225000 0.620833
vt 0.175000 0.620833
vt 0.325000 0.625000
vt 0.275000 0.625000
vt 0.225000 0.625000
vt 0.175000 0.625000
vt 0.325000 0.629167
vt 0.275000 0.629167
vt 0.225000 0.629167
vt 0.175000 0.629167
vt 0.325000 0.633333
vt 0.275000 0.633333
vt 0.225000 0.633333
vt 0.175000 0.633333
vt 0.325000 0.637500
vt 0.275000 0.637500
vt 0.225000 0.637500
vt 0.175000 0.637500
vt 0.325000 0.641667
vt 0.275000 0.641667
vt 0.225000 0.641667
vt 0.175000 0.641667
vt 0.325000 0.645833
vt 0.275000 0.645833
vt 0.225000 0.645833
vt 0.175000 0.645833
vt 0.325000 0.650000
vt 0.275000 0.650000
vt 0.225000 0.650000
vt 0.175000 0.650000
vt 0.325000 0.654167
vt 0.275000 0.654167
vt 0.225000 0.654167
vt 0.175000 0.654167
vt 0.325000 0.658333
vt 0.275000 0.658333
vt 0.225000 0.658333
vt 0.175000 0.658333
vt 0.325000 0.662500
vt 0.275000 0.662500
vt 0.225000 0.662500
vt 0.175000 0.662500
vt 0.325000 0.666667
vt 0.275000 0.666667
vt 0.225000 0.666667
vt 0.175000 0.666667
vt 0.325000 0.670833
vt 0.275000 0.670833
vt 0.225000 0.670833
vt 0.175000 0.670833
vt 0.325000 0.675000
vt 0.275000 0.675000
vt 0.225000 0.675000
vt 0.175000 0.675000
vt 0.325000 0.679167
vt 0.275000 0.679167
vt 0.225000 0.679167
vt 0.175000 0.679167
vt 0.325000 0.683333
vt 0.275000 0.683333
vt 0.225000 0.683333
vt 0.175000 0.683333
vt 0.325000 0.687500
vt 0.275000 0.687500
vt 0.225000 0.687500
vt 0.175000 0.687500
vt 0.325000 0.691667
vt 0.275000 0.691667
vt 0.225000 0.691667
vt 0.175000 0.691667
vt 0.325000 0.695833
vt 0.275000 0.695833
vt 0.225000 0.695833
vt 0.175000 0.695833
vt 0.325000 0.700000
vt 0.275000 0.700000
vt 0.225000 0.700000
vt 0.175000 0.700000
vt 0.325000 0.704167
vt 0.275000 0.704167
vt 0.225000 0.704167
vt 0.175000 0.704167
vt 0.325000 0.708333
vt 0.275000 0.708333
vt 0.225000 0.708333
vt 0.175000 0.708333
vt 0.325000 0.712500
vt 0.275000 0.712500
vt 0.225000 0.712500
vt 0.175000 0.712500
vt 0.325000 0.716667
vt 0.275000 0.716667
vt 0.225000 0.716667
vt 0.175000 0.716667
vt 0.325000 0.720833
vt 0.275000 0.720833
vt 0.225000 0.720833
vt 0.175000 0.720833
vt 0.325000 0.725000
vt 0.275000 0.725000
vt 0.225000 0.725000
vt 0.175000 0.725000
vt 0.325000 0.729167
vt 0.275000 0.729167
vt 0.225000 0.729167
vt 0.175000 0.729167
vt 0.325000 0.733333
vt 0.275000 0.733333
vt 0.225000 0.733333
vt 0.175000 0.733333
vt 0.325000 0.737500
vt 0.275000 0.737500
vt 0.225000 0.737500
vt 0.175000 0.737500
vt 0.325000 0.741667
vt 0.275000 0.741667
vt 0.225000 0.741667
vt 0.175000 0.741667
vt 0.325000 0.745833
vt 0.275000 0.745833
vt 0.225000 0.745833
vt 0.175000 0.745833
vt 0.625000 0.708333
vt 0.625000 0.041667
vt 0.875000 0.708333
vt 0.625000 0.037500
vt 0.875000 0.716667
vt 0.625000 0.033333
vt 0.625000 0.712500
vt 0.625000 0.716667
vt 0.675000 0.708333
vt 0.625000 0.708333
vt 0.675000 0.716667
vt 0.825000 0.708333
vt 0.775000 0.708333
vt 0.725000 0.708333
vt 0.625000 0.041667
vt 0.875000 0.708333
vt 0.625000 0.037500
vt 0.875000 0.716667
vt 0.625000 0.033333
vt 0.825000 0.716667
vt 0.775000 0.716667
vt 0.725000 0.716667
vt 0.625000 0.712500
vt 0.625000 0.716667
vt 0.675000 0.708333
vt 0.675000 0.716667
vt 0.825000 0.708333
vt 0.775000 0.708333
vt 0.725000 0.708333
vt 0.825000 0.716667
vt 0.775000 0.716667
vt 0.725000 0.716667
vt 0.625000 0.712500
vt 0.625000 0.716667
vt 0.675000 0.708333
vt 0.675000 0.716667
vt 0.825000 0.708333
vt 0.775000 0.708333
vt 0.725000 0.708333
vt 0.825000 0.716667
vt 0.775000 0.716667
vt 0.725000 0.716667
vt 0.875000 0.716667
vt 0.625000 0.033333
vt 0.625000 0.037500
vt 0.625000 0.041667
vt 0.875000 0.708333
vt 0.625000 0.708333
vt 0.625000 0.712500
vt 0.625000 0.716667
vt 0.675000 0.708333
vt 0.675000 0.716667
vt 0.825000 0.708333
vt 0.775000 0.708333
vt 0.725000 0.708333
vt 0.725000 0.716667
vt 0.625000 0.716667
vt 0.675000 0.716667
vt 0.825000 0.716667
vt 0.775000 0.716667
vt 0.725000 0.716667
vt 0.875000 0.716667
vt 0.825000 0.716667
vt 0.775000 0.716667
vt 0.875000 0.691667
vt 0.625000 0.058333
vt 0.625000 0.062500
vt 0.625000 0.066667
vt 0.875000 0.683333
vt 0.625000 0.683333
vt 0.625000 0.687500
vt 0.625000 0.691667
vt 0.675000 0.683333
vt 0.675000 0.691667
vt 0.825000 0.683333
vt 0.775000 0.683333
vt 0.725000 0.683333
vt 0.825000 0.691667
vt 0.775000 0.691667
vt 0.725000 0.691667
vt 0.625000 0.687500
vt 0.625000 0.691667
vt 0.675000 0.683333
vt 0.625000 0.683333
vt 0.675000 0.691667
vt 0.825000 0.683333
vt 0.775000 0.683333
vt 0.725000 0.683333
vt 0.875000 0.683333
vt 0.825000 0.691667
vt 0.775000 0.691667
vt 0.725000 0.691667
vt 0.675000 0.683333
vt 0.825000 0.683333
vt 0.775000 0.683333
vt 0.725000 0.683333
vt 0.875000 0.691667
vt 0.625000 0.691667
vt 0.675000 0.691667
vt 0.825000 0.691667
vt 0.775000 0.691667
vt 0.825000 0.691667
vt 0.775000 0.691667
vt 0.725000 0.691667
vt 0.725000 0.691667
vt 0.675000 0.691667
vt 0.775000 0.691667
vt 0.825000 0.691667
vt 0.725000 0.691667
vt 0.675000 0.691667
vt 0.675000 0.691667
vt 0.625000 0.691667
vt 0.825000 0.691667
vt 0.875000 0.691667
vt 0.675000 0.683333
vt 0.625000 0.683333
vt 0.825000 0.683333
vt 0.875000 0.683333
vt 0.775000 0.683333
vt 0.725000 0.683333
vt 0.675000 0.683333
vt 0.625000 0.683333
vt 0.825000 0.683333
vt 0.875000 0.683333
vt 0.775000 0.683333
vt 0.725000 0.683333
vt 0.675000 0.683333
vt 0.625000 0.683333
vt 0.825000 0.683333
vt 0.875000 0.683333
vt 0.775000 0.683333
vt 0.725000 0.683333
vt 0.675000 0.683333
vt 0.625000 0.683333
vt 0.825000 0.683333
vt 0.875000 0.683333
vt 0.775000 0.683333
vt 0.725000 0.683333
vt 0.625000 0.091667
vt 0.875000 0.658333
vt 0.625000 0.095833
vt 0.625000 0.100000
vt 0.875000 0.650000
vt 0.625000 0.650000
vt 0.625000 0.654167
vt 0.625000 0.658333
vt 0.675000 0.650000
vt 0.675000 0.658333
vt 0.825000 0.650000
vt 0.775000 0.650000
vt 0.725000 0.650000
vt 0.825000 0.658333
vt 0.775000 0.658333
vt 0.725000 0.658333
vt 0.625000 0.654167
vt 0.625000 0.658333
vt 0.675000 0.650000
vt 0.675000 0.658333
vt 0.825000 0.650000
vt 0.775000 0.650000
vt 0.725000 0.650000
vt 0.825000 0.658333
vt 0.775000 0.658333
vt 0.725000 0.658333
vt 0.875000 0.654167
vt 0.875000 0.658333
vt 0.825000 0.654167
vt 0.825000 0.658333
vt 0.825000 0.633333
vt 0.825000 0.637500
vt 0.825000 0.633333
vt 0.825000 0.637500
vt 0.825000 0.633333
vt 0.825000 0.637500
vt 0.875000 0.637500
vt 0.875000 0.633333
vt 0.825000 0.633333
vt 0.825000 0.637500
vt 0.875000 0.637500
vt 0.825000 0.637500
vt 0.875000 0.633333
vt 0.775000 0.587500
vt 0.825000 0.633333
vt 0.825000 0.600000
vt 0.825000 0.604167
vt 0.825000 0.600000
vt 0.825000 0.604167
vt 0.825000 0.600000
vt 0.825000 0.604167
vt 0.875000 0.604167
vt 0.875000 0.600000
vt 0.825000 0.600000
vt 0.825000 0.604167
vt 0.775000 0.583333
vt 0.725000 0.583333
vt 0.775000 0.587500
vt 0.725000 0.587500
vt 0.725000 0.583333
vt 0.725000 0.587500
vt 0.725000 0.583333
vt 0.725000 0.587500
vt 0.725000 0.583333
vt 0.725000 0.587500
vt 0.775000 0.583333
vt 0.725000 0.583333
vt 0.775000 0.587500
vt 0.725000 0.587500
vt 0.775000 0.587500
vt 0.725000 0.587500
vt 0.825000 0.633333
vt 0.775000 0.587500
vt 0.875000 0.633333
vt 0.775000 0.583333
vt 0.725000 0.583333
vt 0.775000 0.583333
vt 0.725000 0.583333
vt 0.775000 0.583333
vt 0.725000 0.583333
vt 0.725000 0.583333
vt 0.725000 0.583333
vt 0.725000 0.583333
vt 0.725000 0.583333
vt 0.775000 0.583333
vt 0.725000 0.583333
vt 0.775000 0.583333
vt 0.725000 0.583333
vt 0.775000 0.583333
vt 0.725000 0.583333
vt 0.775000 0.583333
vt 0.775000 0.583333
vt 0.775000 0.583333
vt 0.775000 0.583333
vt 0.775000 0.583333
vt 0.775000 0.583333
vt 0.775000 0.583333
vt 0.775000 0.583333
vt 0.775000 0.583333
vt 0.775000 0.583333
vt 0.775000 0.570833
vt 0.775000 0.575000
vt 0.775000 0.570833
vt 0.725000 0.570833
vt 0.725000 0.575000
vt 0.775000 0.570833
vt 0.725000 0.570833
vt 0.775000 0.575000
vt 0.725000 0.575000
vt 0.725000 0.633333
vt 0.725000 0.637500
vt 0.725000 0.633333
vt 0.725000 0.637500
vt 0.775000 0.633333
vt 0.725000 0.633333
vt 0.725000 0.637500
vt 0.825000 0.633333
vt 0.825000 0.637500
vt 0.775000 0.633333
vt 0.725000 0.633333
vt 0.775000 0.633333
vt 0.725000 0.633333
vt 0.775000 0.633333
vt 0.725000 0.633333
vt 0.775000 0.633333
vt 0.725000 0.633333
vt 0.825000 0.600000
vt 0.825000 0.604167
vt 0.825000 0.600000
vt 0.825000 0.604167
vt 0.825000 0.600000
vt 0.825000 0.604167
vt 0.825000 0.604167
vt 0.825000 0.604167
vt 0.825000 0.604167
vt 0.825000 0.604167
vt 0.725000 0.583333
vt 0.725000 0.587500
vt 0.725000 0.583333
vt 0.725000 0.587500
vt 0.725000 0.587500
vt 0.725000 0.587500
vt 0.725000 0.587500
vt 0.725000 0.587500
vt 0.725000 0.587500
vt 0.725000 0.587500
vt 0.725000 0.587500
vt 0.725000 0.587500
vt 0.725000 0.587500
vt 0.725000 0.587500
vt 0.725000 0.570833
vt 0.725000 0.575000
vt 0.725000 0.570833
vt 0.725000 0.575000
vt 0.725000 0.575000
vt 0.725000 0.575000
vt 0.775000 0.570833
vt 0.725000 0.570833
vt 0.725000 0.570833
vt 0.775000 0.570833
vt 0.725000 0.570833
vt 0.775000 0.570833
vt 0.725000 0.570833
vt 0.800000 0.600000
vt 0.800000 0.604167
vt 0.825000 0.600000
vt 0.825000 0.604167
vt 0.825000 0.600000
vt 0.825000 0.604167
vt 0.825000 0.600000
vt 0.825000 0.600000
vt 0.825000 0.604167
vt 0.825000 0.604167
vt 0.825000 0.600000
vt 0.825000 0.604167
vt 0.625000 0.600000
vt 0.625000 0.604167
vt 0.625000 0.600000
vt 0.625000 0.604167
vt 0.675000 0.600000
vt 0.675000 0.604167
vt 0.725000 0.600000
vt 0.725000 0.604167
vt 0.700000 0.583333
vt 0.700000 0.587500
vt 0.725000 0.583333
vt 0.725000 0.587500
vt 0.725000 0.583333
vt 0.725000 0.587500
vt 0.750000 0.375000
vt 0.750000 0.375000
vt 0.800000 0.583333
vt 0.800000 0.587500
vt 0.725000 0.583333
vt 0.725000 0.587500
vt 0.725000 0.583333
vt 0.725000 0.587500
vt 0.775000 0.570833
vt 0.775000 0.575000
vt 0.675000 0.716667
vt 0.625000 0.716667
vt 0.875000 0.716667
vt 0.825000 0.716667
vt 0.825000 0.633333
vt 0.825000 0.637500
vt 0.825000 0.633333
vt 0.825000 0.637500
vt 0.825000 0.633333
vt 0.825000 0.637500
vt 0.825000 0.633333
vt 0.825000 0.637500
vt 0.825000 0.633333
vt 0.825000 0.637500
vt 0.825000 0.633333
vt 0.825000 0.637500
vt 0.725000 0.633333
vt 0.725000 0.637500
vt 0.725000 0.633333
vt 0.725000 0.637500
vt 0.725000 0.633333
vt 0.725000 0.637500
vt 0.725000 0.633333
vt 0.725000 0.637500
vt 0.725000 0.633333
vt 0.725000 0.637500
vt 0.725000 0.633333
vt 0.725000 0.637500
vt 0.725000 0.633333
vt 0.725000 0.637500
vt 0.725000 0.633333
vt 0.725000 0.637500
vt 0.725000 0.633333
vt 0.725000 0.637500
vt 0.725000 0.633333
vt 0.725000 0.637500
vt 0.725000 0.633333
vt 0.725000 0.637500
vt 0.725000 0.633333
vt 0.725000 0.637500
vt 0.725000 0.633333
vt 0.725000 0.637500
vt 0.725000 0.633333
vt 0.725000 0.637500
vt 0.775000 0.545833
vt 0.725000 0.545833
vt 0.775000 0.545833
vt 0.725000 0.545833
vt 0.775000 0.545833
vt 0.725000 0.545833
vt 0.775000 0.545833
vt 0.725000 0.545833
vt 0.775000 0.545833
vt 0.725000 0.545833
vt 0.725000 0.545833
vt 0.725000 0.545833
vt 0.725000 0.545833
vt 0.725000 0.545833
vt 0.775000 0.545833
vt 0.775000 0.545833
vt 0.775000 0.545833
vt 0.775000 0.545833
vt 0.875000 0.529167
vt 0.625000 0.529167
vt 0.675000 0.529167
vt 0.825000 0.529167
vt 0.775000 0.529167
vt 0.725000 0.529167
vt 0.725000 0.529167
vt 0.675000 0.529167
vt 0.675000 0.529167
vt 0.625000 0.529167
vt 0.875000 0.529167
vt 0.825000 0.529167
vt 0.775000 0.529167
vt 0.725000 0.529167
vt 0.675000 0.529167
vt 0.675000 0.529167
vt 0.625000 0.529167
vt 0.875000 0.529167
vt 0.825000 0.529167
vt 0.775000 0.529167
vt 0.725000 0.529167
vt 0.675000 0.529167
vt 0.675000 0.529167
vt 0.625000 0.529167
vt 0.875000 0.529167
vt 0.825000 0.529167
vt 0.775000 0.529167
vt 0.725000 0.529167
vt 0.675000 0.529167
vt 0.675000 0.529167
vt 0.625000 0.529167
vt 0.875000 0.529167
vt 0.825000 0.529167
vt 0.775000 0.529167
vt 0.725000 0.529167
vt 0.675000 0.529167
vt 0.675000 0.529167
vt 0.625000 0.529167
vt 0.775000 0.500000
vt 0.700000 0.425000
vt 0.775000 0.504167
vt 0.750000 0.504167
vt 0.675000 0.516667
vt 0.750000 0.516667
vt 0.675000 0.691667
vt 0.625000 0.691667
s 0
g off
g SAFEGROUND_BASE_SAFEGROUND
usemtl SAFEGROUND
f 2009/2032/8 1734/1751/8 1733/1750/8
f 1999/2022/9 2001/2024/9 2000/2023/9
f 1230/1235/9 1150/1155/9 1226/1231/9
f 2020/2043/8 1844/1865/8 1843/1864/8
f 1233/1238/9 1230/1235/9 1229/1234/9
f 1240/1245/9 1237/1242/9 1236/1241/9
f 1239/1244/9 1236/1241/9 1235/1240/9
f 2023/2046/9 1845/1866/9 1846/1867/9
f 1236/1241/9 1233/1238/9 1232/1237/9
f 2031/2054/9 1920/1943/9 1921/1944/9
f 2032/2055/8 1921/1944/8 1920/1943/8
f 1265/1270/9 1262/1267/9 1261/1266/9
f 1272/1277/9 1269/1274/9 1268/1273/9
f 1271/1276/9 1268/1273/9 1267/1272/9
f 1285/1290/9 1282/1287/9 1281/1286/9
f 1276/1281/9 1273/1278/9 1272/1277/9
f 1294/1299/9 1166/1171/9 1290/1295/9
f 1304/1309/9 1301/1306/9 1300/1305/9
f 1303/1308/9 1300/1305/9 1299/1304/9
f 1810/1829/8 1803/1822/8 1804/1823/8
f 1326/1331/9 1174/1179/9 1322/1327/9
f 1883/1906/8 1876/1898/8 1875/1897/8
f 1329/1334/9 1326/1331/9 1325/1330/9
f 1336/1341/9 1333/1338/9 1332/1337/9
f 1335/1340/9 1332/1337/9 1331/1336/9
f 2028/2051/8 1919/1942/8 1918/1941/8
f 1358/1363/9 1182/1187/9 1354/1359/9
f 1368/1375/9 1365/1372/9 1364/1371/9
f 1378/1385/9 1186/1191/9 1374/1381/9
f 1381/1388/9 1378/1385/9 1377/1384/9
f 1423/1434/9 1420/1431/9 1419/1430/9
f 1387/1394/9 1384/1391/9 1383/1390/9
f 1401/1410/9 1398/1407/9 1397/1406/9
f 1408/1417/9 1405/1414/9 1404/1413/9
f 1407/1416/9 1404/1413/9 1403/1412/9
f 1440/1451/9 1437/1448/9 1436/1447/9
f 1427/1438/9 1424/1435/9 1423/1434/9
f 1147/1152/8 1203/1208/8 974/979/8
f 1452/1463/8 1449/1460/8 1448/1459/8
f 1443/1454/9 1440/1451/9 1439/1450/9
f 1141/1146/8 1467/1478/8 1142/1147/8
f 1451/1462/8 1448/1459/8 1447/1458/8
f 1462/1473/8 977/982/8 1458/1469/8
f 1465/1476/8 1462/1473/8 1461/1472/8
f 1456/1467/8 1453/1464/8 1452/1463/8
f 1471/1482/8 1468/1479/8 1467/1478/8
f 1477/1488/8 1474/1485/8 1473/1484/8
f 1483/1494/8 1480/1491/8 1479/1490/8
f 1494/1505/8 985/990/8 1490/1501/8
f 1617/1628/8 1614/1625/8 1613/1624/8
f 1496/1507/8 1493/1504/8 1492/1503/8
f 1503/1514/8 1500/1511/8 1499/1510/8
f 1510/1521/8 989/994/8 1506/1517/8
f 1509/1520/8 1506/1517/8 1505/1516/8
f 1516/1527/8 1513/1524/8 1512/1523/8
f 1515/1526/8 1512/1523/8 1511/1522/8
f 1526/1537/8 993/998/8 1522/1533/8
f 1529/1540/8 1526/1537/8 1525/1536/8
f 1528/1539/8 1525/1536/8 1524/1535/8
f 1535/1546/8 1532/1543/8 1531/1542/8
f 1542/1553/8 997/1002/8 1538/1549/8
f 1541/1552/8 1538/1549/8 1537/1548/8
f 1548/1559/8 1545/1556/8 1544/1555/8
f 1547/1558/8 1544/1555/8 1543/1554/8
f 1558/1569/8 1001/1006/8 1554/1565/8
f 1561/1572/8 1558/1569/8 1557/1568/8
f 1560/1571/8 1557/1568/8 1556/1567/8
f 1567/1578/8 1564/1575/8 1563/1574/8
f 1574/1585/8 1005/1010/8 1570/1581/8
f 1573/1584/8 1570/1581/8 1569/1580/8
f 1580/1591/8 1577/1588/8 1576/1587/8
f 1579/1590/8 1576/1587/8 1575/1586/8
f 1590/1601/8 1009/1014/8 1586/1597/8
f 1593/1604/8 1590/1601/8 1589/1600/8
f 1592/1603/8 1589/1600/8 1588/1599/8
f 1599/1610/8 1596/1607/8 1595/1606/8
f 1606/1617/8 1013/1018/8 1602/1613/8
f 1605/1616/8 1602/1613/8 1601/1612/8
f 1612/1623/8 1609/1620/8 1608/1619/8
f 1611/1622/8 1608/1619/8 1607/1618/8
f 1622/1633/8 1017/1022/8 1618/1629/8
f 1624/1635/8 1621/1632/8 1620/1631/8
f 1631/1642/8 1628/1639/8 1627/1638/8
f 1638/1649/8 1021/1026/8 1634/1645/8
f 1637/1648/8 1634/1645/8 1633/1644/8
f 1644/1655/8 1641/1652/8 1640/1651/8
f 1643/1654/8 1640/1651/8 1639/1650/8
f 1654/1665/8 1025/1030/8 1650/1661/8
f 1464/1475/8 1461/1472/8 1460/1471/8
f 1663/1674/8 1660/1671/8 1659/1670/8
f 1670/1681/8 1029/1034/8 1666/1677/8
f 1266/1271/9 1159/1164/9 1262/1267/9
f 1676/1687/8 1673/1684/8 1672/1683/8
f 1675/1686/8 1672/1683/8 1671/1682/8
f 1665/1676/8 1662/1673/8 1661/1672/8
f 2078/2101/8 2071/2094/8 2072/2095/8
f 1479/1490/8 1476/1487/8 1475/1486/8
f 1208/1213/8 1682/1693/8 1681/1692/8
f 1482/1493/8 982/987/8 1478/1489/8
f 1448/1459/8 1205/1210/8 1204/1209/8
f 2038/2061/8 2025/2048/8 2024/2047/8
f 1671/1682/8 1668/1679/8 1667/1678/8
f 1454/1465/8 975/980/8 1450/1461/8
f 1664/1675/8 1661/1672/8 1660/1671/8
f 1679/1690/8 1676/1687/8 1675/1686/8
f 1680/1691/8 1677/1688/8 1676/1687/8
f 1666/1677/8 1028/1033/8 1662/1673/8
f 1091/1096/8 1667/1678/8 1092/1097/8
f 1090/1095/8 1671/1682/8 1091/1096/8
f 1649/1660/8 1646/1657/8 1645/1656/8
f 1086/1091/9 1219/1224/9 1087/1092/9
f 1674/1685/8 1030/1035/8 1670/1681/8
f 1652/1663/8 1649/1660/8 1648/1659/8
f 1313/1318/9 1310/1315/9 1309/1314/9
f 1668/1679/8 1665/1676/8 1664/1675/8
f 1667/1678/8 1664/1675/8 1663/1674/8
f 1659/1670/8 1656/1667/8 1655/1666/8
f 1650/1661/8 1024/1029/8 1646/1657/8
f 1038/1043/9 1423/1434/9 1039/1044/9
f 1094/1099/8 1655/1666/8 1095/1100/8
f 1404/1413/9 1401/1410/9 1400/1409/9
f 1484/1495/8 1481/1492/8 1480/1491/8
f 1658/1669/8 1026/1031/8 1654/1665/8
f 1480/1491/8 1477/1488/8 1476/1487/8
f 1657/1668/8 1654/1665/8 1653/1664/8
f 1434/1445/9 1198/1203/9 1430/1441/9
f 1655/1666/8 1652/1663/8 1651/1662/8
f 1433/1444/9 1430/1441/9 1429/1440/9
f 1071/1076/9 1279/1284/9 1072/1077/9
f 1356/1361/9 1353/1358/9 1352/1357/9
f 1651/1662/8 1648/1659/8 1647/1658/8
f 1639/1650/8 1636/1647/8 1635/1646/8
f 1472/1483/8 1469/1480/8 1468/1479/8
f 1647/1658/8 1644/1655/8 1643/1654/8
f 1093/1098/8 1659/1670/8 1094/1099/8
f 1645/1656/8 1642/1653/8 1641/1652/8
f 1099/1104/8 1635/1646/8 1100/1105/8
f 1098/1103/8 1639/1650/8 1099/1104/8
f 1100/1105/8 1631/1642/8 1101/1106/8
f 1641/1652/8 1638/1649/8 1637/1648/8
f 1486/1497/8 983/988/8 1482/1493/8
f 1642/1653/8 1022/1027/8 1638/1649/8
f 1628/1639/8 1625/1636/8 1624/1635/8
f 1636/1647/8 1633/1644/8 1632/1643/8
f 1635/1646/8 1632/1643/8 1631/1642/8
f 1627/1638/8 1624/1635/8 1623/1634/8
f 1633/1644/8 1630/1641/8 1629/1640/8
f 1087/1092/9 1215/1220/9 1088/1093/9
f 1102/1107/8 1623/1634/8 1103/1108/8
f 1097/1102/8 1643/1654/8 1098/1103/8
f 1634/1645/8 1020/1025/8 1630/1641/8
f 1630/1641/8 1019/1024/8 1626/1637/8
f 1626/1637/8 1018/1023/8 1622/1633/8
f 1104/1109/8 1615/1626/8 1105/1110/8
f 1497/1508/8 1494/1505/8 1493/1504/8
f 1103/1108/8 1619/1630/8 1104/1109/8
f 1623/1634/8 1620/1631/8 1619/1630/8
f 1616/1627/8 1613/1624/8 1612/1623/8
f 1621/1632/8 1618/1629/8 1617/1628/8
f 1620/1631/8 1617/1628/8 1616/1627/8
f 1619/1630/8 1616/1627/8 1615/1626/8
f 1607/1618/8 1604/1615/8 1603/1614/8
f 1618/1629/8 1016/1021/8 1614/1625/8
f 1614/1625/8 1015/1020/8 1610/1621/8
f 1615/1626/8 1612/1623/8 1611/1622/8
f 1893/1916/8 1888/1911/8 1887/1910/8
f 1613/1624/8 1610/1621/8 1609/1620/8
f 1107/1112/8 1603/1614/8 1108/1113/8
f 1106/1111/8 1607/1618/8 1107/1112/8
f 1108/1113/8 1599/1610/8 1109/1114/8
f 1609/1620/8 1606/1617/8 1605/1616/8
f 1608/1619/8 1605/1616/8 1604/1615/8
f 1610/1621/8 1014/1019/8 1606/1617/8
f 1596/1607/8 1593/1604/8 1592/1603/8
f 1604/1615/8 1601/1612/8 1600/1611/8
f 1603/1614/8 1600/1611/8 1599/1610/8
f 1595/1606/8 1592/1603/8 1591/1602/8
f 1600/1611/8 1597/1608/8 1596/1607/8
f 1110/1115/8 1591/1602/8 1111/1116/8
f 1105/1110/8 1611/1622/8 1106/1111/8
f 1602/1613/8 1012/1017/8 1598/1609/8
f 1598/1609/8 1011/1016/8 1594/1605/8
f 1594/1605/8 1010/1015/8 1590/1601/8
f 1112/1117/8 1583/1594/8 1113/1118/8
f 1789/1808/8 1758/1777/8 1767/1786/8
f 1111/1116/8 1587/1598/8 1112/1117/8
f 1591/1602/8 1588/1599/8 1587/1598/8
f 1584/1595/8 1581/1592/8 1580/1591/8
f 1589/1600/8 1586/1597/8 1585/1596/8
f 1588/1599/8 1585/1596/8 1584/1595/8
f 1587/1598/8 1584/1595/8 1583/1594/8
f 1575/1586/8 1572/1583/8 1571/1582/8
f 1586/1597/8 1008/1013/8 1582/1593/8
f 1582/1593/8 1007/1012/8 1578/1589/8
f 1583/1594/8 1580/1591/8 1579/1590/8
f 1109/1114/8 1595/1606/8 1110/1115/8
f 1581/1592/8 1578/1589/8 1577/1588/8
f 1115/1120/8 1571/1582/8 1116/1121/8
f 1114/1119/8 1575/1586/8 1115/1120/8
f 1116/1121/8 1567/1578/8 1117/1122/8
f 1577/1588/8 1574/1585/8 1573/1584/8
f 1576/1587/8 1573/1584/8 1572/1583/8
f 1578/1589/8 1006/1011/8 1574/1585/8
f 1564/1575/8 1561/1572/8 1560/1571/8
f 1976/1999/8 1973/1996/8 1972/1995/8
f 1572/1583/8 1569/1580/8 1568/1579/8
f 1571/1582/8 1568/1579/8 1567/1578/8
f 1563/1574/8 1560/1571/8 1559/1570/8
f 1569/1580/8 1566/1577/8 1565/1576/8
f 1568/1579/8 1565/1576/8 1564/1575/8
f 1118/1123/8 1559/1570/8 1119/1124/8
f 1113/1118/8 1579/1590/8 1114/1119/8
f 1570/1581/8 1004/1009/8 1566/1577/8
f 1566/1577/8 1003/1008/8 1562/1573/8
f 1562/1573/8 1002/1007/8 1558/1569/8
f 1120/1125/8 1551/1562/8 1121/1126/8
f 1927/1950/8 1923/1946/8 1922/1945/8
f 1119/1124/8 1555/1566/8 1120/1125/8
f 1559/1570/8 1556/1567/8 1555/1566/8
f 1552/1563/8 1549/1560/8 1548/1559/8
f 1557/1568/8 1554/1565/8 1553/1564/8
f 1556/1567/8 1553/1564/8 1552/1563/8
f 1555/1566/8 1552/1563/8 1551/1562/8
f 1543/1554/8 1540/1551/8 1539/1550/8
f 1554/1565/8 1000/1005/8 1550/1561/8
f 1550/1561/8 999/1004/8 1546/1557/8
f 1551/1562/8 1548/1559/8 1547/1558/8
f 1117/1122/8 1563/1574/8 1118/1123/8
f 1549/1560/8 1546/1557/8 1545/1556/8
f 1123/1128/8 1539/1550/8 1124/1129/8
f 1122/1127/8 1543/1554/8 1123/1128/8
f 1124/1129/8 1535/1546/8 1125/1130/8
f 1545/1556/8 1542/1553/8 1541/1552/8
f 1544/1555/8 1541/1552/8 1540/1551/8
f 1546/1557/8 998/1003/8 1542/1553/8
f 1532/1543/8 1529/1540/8 1528/1539/8
f 1973/1996/9 1990/2013/9 1972/1995/9
f 1540/1551/8 1537/1548/8 1536/1547/8
f 1539/1550/8 1536/1547/8 1535/1546/8
f 1531/1542/8 1528/1539/8 1527/1538/8
f 1537/1548/8 1534/1545/8 1533/1544/8
f 1536/1547/8 1533/1544/8 1532/1543/8
f 1126/1131/8 1527/1538/8 1127/1132/8
f 1538/1549/8 996/1001/8 1534/1545/8
f 1534/1545/8 995/1000/8 1530/1541/8
f 1530/1541/8 994/999/8 1526/1537/8
f 1128/1133/8 1519/1530/8 1129/1134/8
f 1127/1132/8 1523/1534/8 1128/1133/8
f 1527/1538/8 1524/1535/8 1523/1534/8
f 1525/1536/8 1522/1533/8 1521/1532/8
f 1524/1535/8 1521/1532/8 1520/1531/8
f 1523/1534/8 1520/1531/8 1519/1530/8
f 1511/1522/8 1508/1519/8 1507/1518/8
f 1522/1533/8 992/997/8 1518/1529/8
f 1518/1529/8 991/996/8 1514/1525/8
f 1519/1530/8 1516/1527/8 1515/1526/8
f 1125/1130/8 1531/1542/8 1126/1131/8
f 1292/1297/9 1289/1294/9 1288/1293/9
f 1131/1136/8 1507/1518/8 1132/1137/8
f 1779/1798/8 1777/1796/8 1778/1797/8
f 1132/1137/8 1503/1514/8 1133/1138/8
f 1513/1524/8 1510/1521/8 1509/1520/8
f 1512/1523/8 1509/1520/8 1508/1519/8
f 1514/1525/8 990/995/8 1510/1521/8
f 1500/1511/8 1497/1508/8 1496/1507/8
f 2066/2089/8 2060/2083/8 2058/2081/8
f 1508/1519/8 1505/1516/8 1504/1515/8
f 1130/1135/8 1511/1522/8 1131/1136/8
f 1499/1510/8 1496/1507/8 1495/1506/8
f 1405/1414/9 1402/1411/9 1401/1410/9
f 1504/1515/8 1501/1512/8 1500/1511/8
f 1134/1139/8 1495/1506/8 1135/1140/8
f 1129/1134/8 1515/1526/8 1130/1135/8
f 1506/1517/8 988/993/8 1502/1513/8
f 1502/1513/8 987/992/8 1498/1509/8
f 1498/1509/8 986/991/8 1494/1505/8
f 1136/1141/8 1487/1498/8 1137/1142/8
f 1135/1140/8 1491/1502/8 1136/1141/8
f 1495/1506/8 1492/1503/8 1491/1502/8
f 1488/1499/8 1485/1496/8 1484/1495/8
f 1442/1453/9 1200/1205/9 1438/1449/9
f 1491/1502/8 1488/1499/8 1487/1498/8
f 1457/1468/8 1454/1465/8 1453/1464/8
f 2113/2136/8 2105/2128/8 2104/2127/8
f 1253/1258/9 1250/1255/9 1249/1254/9
f 1487/1498/8 1484/1495/8 1483/1494/8
f 1430/1441/9 1197/1202/9 1426/1437/9
f 1298/1303/9 1167/1172/9 1294/1299/9
f 1139/1144/8 1475/1486/8 1140/1145/8
f 1140/1145/8 1471/1482/8 1141/1146/8
f 1481/1492/8 1478/1489/8 1477/1488/8
f 1096/1101/8 1647/1658/8 1097/1102/8
f 1248/1253/9 1245/1250/9 1244/1249/9
f 1257/1262/9 1254/1259/9 1253/1258/9
f 1475/1486/8 1472/1483/8 1471/1482/8
f 1414/1423/9 1194/1199/9 1410/1419/9
f 1916/1939/9 1915/1938/9 1914/1937/9
f 1143/1148/8 1459/1470/8 1144/1149/8
f 1142/1147/8 1463/1474/8 1143/1148/8
f 1474/1485/8 980/985/8 1470/1481/8
f 1332/1337/9 1329/1334/9 1328/1333/9
f 1380/1387/9 1377/1384/9 1376/1383/9
f 1144/1149/8 1455/1466/8 1145/1150/8
f 2065/2088/8 2062/2085/8 2063/2086/8
f 1673/1684/8 1670/1681/8 1669/1680/8
f 1463/1474/8 1460/1471/8 1459/1470/8
f 1681/1692/8 1678/1689/8 1677/1688/8
f 1446/1457/9 1201/1206/9 1442/1453/9
f 1460/1471/8 1457/1468/8 1456/1467/8
f 1459/1470/8 1456/1467/8 1455/1466/8
f 2007/2030/8 1909/1932/8 1910/1933/8
f 1222/1227/9 1148/1153/9 1218/1223/9
f 2054/2077/8 2053/2076/8 2052/2075/8
f 2015/2038/9 1841/1862/9 1842/1863/9
f 1212/1217/9 1446/1457/9 1445/1456/9
f 1466/1477/8 978/983/8 1462/1473/8
f 2068/2091/8 2067/2090/8 2066/2089/8
f 1455/1466/8 1452/1463/8 1451/1462/8
f 1469/1480/8 1466/1477/8 1465/1476/8
f 1035/1040/9 1435/1446/9 1036/1041/9
f 1034/1039/9 1439/1450/9 1035/1040/9
f 1234/1239/9 1151/1156/9 1230/1235/9
f 1553/1564/8 1550/1561/8 1549/1560/8
f 2081/2104/8 2074/2097/8 2073/2096/8
f 1095/1100/8 1651/1662/8 1096/1101/8
f 1252/1257/9 1249/1254/9 1248/1253/9
f 1432/1443/9 1429/1440/9 1428/1439/9
f 1473/1484/8 1470/1481/8 1469/1480/8
f 2109/2132/8 2110/2133/8 2108/2131/8
f 1137/1142/8 1483/1494/8 1138/1143/8
f 1656/1667/8 1653/1664/8 1652/1663/8
f 1041/1046/9 1407/1416/9 1042/1047/9
f 1424/1435/9 1421/1432/9 1420/1431/9
f 1047/1052/9 1379/1386/9 1048/1053/9
f 1413/1422/9 1410/1419/9 1409/1418/9
f 1207/1212/8 1033/1038/8 1682/1693/8
f 2106/2129/8 2100/2123/8 2099/2122/8
f 1629/1640/8 1626/1637/8 1625/1636/8
f 1043/1048/9 1399/1408/9 1044/1049/9
f 2104/2127/8 2098/2121/8 2097/2120/8
f 2102/2125/8 2096/2119/8 2095/2118/8
f 2099/2122/8 2093/2116/8 2092/2115/8
f 2097/2120/8 2091/2114/8 2090/2113/8
f 1254/1259/9 1156/1161/9 1250/1255/9
f 1223/1228/9 1220/1225/9 1219/1224/9
f 1384/1391/9 1381/1388/9 1380/1387/9
f 1389/1396/9 1386/1393/9 1385/1392/9
f 1467/1478/8 1464/1475/8 1463/1474/8
f 2094/2117/8 2088/2111/8 2087/2110/8
f 1375/1382/9 1372/1379/9 1371/1378/9
f 1386/1393/9 1188/1193/9 1382/1389/9
f 1382/1389/9 1187/1192/9 1378/1385/9
f 1399/1408/9 1396/1405/9 1395/1404/9
f 1049/1054/9 1371/1378/9 1050/1055/9
f 2090/2113/8 2084/2107/8 2083/2106/8
f 2087/2110/8 2081/2104/8 2080/2103/8
f 1377/1384/9 1374/1381/9 1373/1380/9
f 1050/1055/9 1367/1374/9 1051/1056/9
f 1355/1360/9 1352/1357/9 1351/1356/9
f 2083/2106/8 2077/2100/8 2076/2099/8
f 1348/1353/9 1345/1350/9 1344/1349/9
f 1371/1378/9 1368/1375/9 1367/1374/9
f 1053/1058/9 1351/1356/9 1054/1059/9
f 2085/2108/8 2079/2102/8 2078/2101/8
f 1353/1358/9 1350/1355/9 1349/1354/9
f 1357/1362/9 1354/1359/9 1353/1358/9
f 1660/1671/8 1657/1668/8 1656/1667/8
f 1054/1059/9 1347/1352/9 1055/1060/9
f 1352/1357/9 1349/1354/9 1348/1353/9
f 1726/1743/8 1734/1751/8 1728/1745/8
f 1351/1356/9 1348/1353/9 1347/1352/9
f 1343/1348/9 1340/1345/9 1339/1344/9
f 1256/1261/9 1253/1258/9 1252/1257/9
f 1347/1352/9 1344/1349/9 1343/1348/9
f 1057/1062/9 1335/1340/9 1058/1063/9
f 1350/1355/9 1180/1185/9 1346/1351/9
f 1346/1351/9 1179/1184/9 1342/1347/9
f 1342/1347/9 1178/1183/9 1338/1343/9
f 1341/1346/9 1338/1343/9 1337/1342/9
f 1944/1967/8 1941/1964/8 1942/1965/8
f 1468/1479/8 1465/1476/8 1464/1475/8
f 1339/1344/9 1336/1341/9 1335/1340/9
f 1337/1342/9 1334/1339/9 1333/1338/9
f 1059/1064/9 1327/1332/9 1060/1065/9
f 1058/1063/9 1331/1336/9 1059/1064/9
f 1323/1328/9 1320/1325/9 1319/1324/9
f 1334/1339/9 1176/1181/9 1330/1335/9
f 1084/1089/9 1227/1232/9 1085/1090/9
f 1331/1336/9 1328/1333/9 1327/1332/9
f 1061/1066/9 1319/1324/9 1062/1067/9
f 1060/1065/9 1323/1328/9 1061/1066/9
f 1328/1333/9 1325/1330/9 1324/1329/9
f 1327/1332/9 1324/1329/9 1323/1328/9
f 1076/1081/9 1259/1264/9 1077/1082/9
f 1062/1067/9 1315/1320/9 1063/1068/9
f 1319/1324/9 1316/1321/9 1315/1320/9
f 1311/1316/9 1308/1313/9 1307/1312/9
f 1214/1219/9 1444/1455/9 1443/1454/9
f 1315/1320/9 1312/1317/9 1311/1316/9
f 1065/1070/9 1303/1308/9 1066/1071/9
f 2060/2083/8 2059/2082/8 2058/2081/8
f 2063/2086/8 2059/2082/8 2061/2084/8
f 1310/1315/9 1170/1175/9 1306/1311/9
f 1309/1314/9 1306/1311/9 1305/1310/9
f 972/977/8 1679/1690/8 1089/1094/8
f 1461/1472/8 1458/1469/8 1457/1468/8
f 1307/1312/9 1304/1309/9 1303/1308/9
f 1493/1504/8 1490/1501/8 1489/1500/8
f 1066/1071/9 1299/1304/9 1067/1072/9
f 1291/1296/9 1288/1293/9 1287/1292/9
f 1302/1307/9 1168/1173/9 1298/1303/9
f 1517/1528/8 1514/1525/8 1513/1524/8
f 1299/1304/9 1296/1301/9 1295/1300/9
f 1069/1074/9 1287/1292/9 1070/1075/9
f 1305/1310/9 1302/1307/9 1301/1306/9
f 1067/1072/9 1295/1300/9 1068/1073/9
f 1295/1300/9 1292/1297/9 1291/1296/9
f 1289/1294/9 1286/1291/9 1285/1290/9
f 1293/1298/9 1290/1295/9 1289/1294/9
f 1070/1075/9 1283/1288/9 1071/1076/9
f 1280/1285/9 1277/1282/9 1276/1281/9
f 1288/1293/9 1285/1290/9 1284/1289/9
f 1279/1284/9 1276/1281/9 1275/1280/9
f 1072/1077/9 1275/1280/9 1073/1078/9
f 1092/1097/8 1663/1674/8 1093/1098/8
f 1283/1288/9 1280/1285/9 1279/1284/9
f 2045/2068/9 2030/2053/9 2031/2054/9
f 1286/1291/9 1164/1169/9 1282/1287/9
f 1282/1287/9 1163/1168/9 1278/1283/9
f 1278/1283/9 1162/1167/9 1274/1279/9
f 1964/1987/8 1960/1983/8 1962/1985/8
f 1775/1794/8 1776/1795/8 1777/1796/8
f 1275/1280/9 1272/1277/9 1271/1276/9
f 1677/1688/8 1674/1685/8 1673/1684/8
f 1273/1278/9 1270/1275/9 1269/1274/9
f 1074/1079/9 1267/1272/9 1075/1080/9
f 1259/1264/9 1256/1261/9 1255/1260/9
f 2036/2059/8 1924/1947/8 1923/1946/8
f 1267/1272/9 1264/1269/9 1263/1268/9
f 1077/1082/9 1255/1260/9 1078/1083/9
f 1241/1246/9 1238/1243/9 1237/1242/9
f 1075/1080/9 1263/1268/9 1076/1081/9
f 1263/1268/9 1260/1265/9 1259/1264/9
f 2024/2047/8 1345/1350/8 1341/1346/8
f 1728/1745/8 1732/1749/8 1737/1754/8
f 1669/1680/8 1666/1677/8 1665/1676/8
f 1078/1083/9 1251/1256/9 1079/1084/9
f 1662/1673/8 1027/1032/8 1658/1669/8
f 1237/1242/9 1234/1239/9 1233/1238/9
f 1250/1255/9 1155/1160/9 1246/1251/9
f 1255/1260/9 1252/1257/9 1251/1256/9
f 2035/2058/9 1923/1946/9 1924/1947/9
f 1225/1230/9 1222/1227/9 1221/1226/9
f 2016/2039/8 1842/1863/8 1841/1862/8
f 1247/1252/9 1244/1249/9 1243/1248/9
f 1678/1689/8 1031/1036/8 1674/1685/8
f 1646/1657/8 1023/1028/8 1642/1653/8
f 1735/1752/8 1738/1755/8 1721/1736/8
f 2019/2042/9 1843/1864/9 1844/1865/9
f 1083/1088/9 1231/1236/9 1084/1089/9
f 1227/1232/9 1224/1229/9 1223/1228/9
f 1981/2004/9 1974/1997/9 1975/1998/9
f 1037/1042/9 1427/1438/9 1038/1043/9
f 2012/2035/8 1343/1348/8 1339/1344/8
f 1324/1329/9 1321/1326/9 1320/1325/9
f 1238/1243/9 1152/1157/9 1234/1239/9
f 1085/1090/9 1223/1228/9 1086/1091/9
f 1146/1151/8 1447/1458/8 1147/1152/8
f 1232/1237/9 1229/1234/9 1228/1233/9
f 1300/1305/9 1297/1302/9 1296/1301/9
f 1505/1516/8 1502/1513/8 1501/1512/8
f 1780/1799/8 1778/1797/8 1773/1792/8
f 1935/1958/8 1860/1882/8 1859/1881/8
f 1345/1350/9 1342/1347/9 1341/1346/9
f 1133/1138/8 1499/1510/8 1134/1139/8
f 1885/1908/8 1884/1907/8 1883/1906/8
f 2080/2103/8 2073/2096/8 2070/2093/8
f 1489/1500/8 1486/1497/8 1485/1496/8
f 1213/1218/9 1445/1456/9 1444/1455/9
f 1698/1713/10 1709/1724/11 1708/1723/12
f 1416/1425/13 1685/1697/13 1684/1695/13
f 1693/1706/10 1705/1720/14 1706/1721/12
f 1418/1428/10 1708/1723/11 1686/1698/12
f 1417/1427/13 1686/1699/13 1685/1697/13
f 1692/1705/10 1684/1696/14 1705/1720/12
f 1691/1704/10 1702/1717/11 1704/1719/12
f 1415/1424/10 1703/1718/14 1683/1694/12
f 1700/1715/10 1704/1719/11 1710/1725/12
f 1688/1701/13 1701/1716/13 1702/1717/13
f 1694/1707/10 1706/1721/14 1707/1722/12
f 1687/1700/13 1683/1694/13 1701/1716/13
f 1699/1714/10 1710/1725/11 1709/1724/12
f 1689/1702/10 1707/1722/14 1703/1718/12
f 1711/1726/13 1724/1741/13 1725/1742/13
f 1717/1732/10 1730/1747/14 1731/1748/12
f 1718/1733/10 1736/1753/11 1735/1752/12
f 1695/1708/13 1722/1738/13 1723/1739/13
f 1716/1731/10 1729/1746/14 1730/1747/12
f 1697/1711/10 1735/1752/11 1721/1736/12
f 1696/1710/13 1721/1737/13 1722/1738/13
f 1715/1730/10 1723/1740/14 1729/1746/12
f 1714/1729/10 1726/1743/11 1728/1745/12
f 1690/1703/10 1727/1744/14 1724/1741/12
f 1485/1496/8 1482/1493/8 1481/1492/8
f 1501/1512/8 1498/1509/8 1497/1508/8
f 1719/1734/10 1737/1754/11 1736/1753/12
f 1713/1728/10 1731/1748/14 1727/1744/12
f 1712/1727/13 1725/1742/13 1726/1743/13
f 1720/1735/10 1728/1745/11 1737/1754/12
f 1640/1651/8 1637/1648/8 1636/1647/8
f 1653/1664/8 1650/1661/8 1649/1660/8
f 1470/1481/8 979/984/8 1466/1477/8
f 2050/2073/8 2037/2060/8 2036/2059/8
f 1453/1464/8 1450/1461/8 1449/1460/8
f 1425/1436/9 1422/1433/9 1421/1432/9
f 1372/1379/9 1369/1376/9 1368/1375/9
f 2046/2069/8 2033/2056/8 2032/2055/8
f 1269/1274/9 1266/1271/9 1265/1270/9
f 1736/1753/8 1739/1756/8 1735/1752/8
f 1079/1084/9 1247/1252/9 1080/1085/9
f 1745/1764/13 1391/1398/13 1755/1774/13
f 1751/1770/10 1761/1780/14 1762/1781/12
f 1752/1771/10 1765/1784/11 1764/1783/12
f 1743/1761/13 1393/1401/13 1392/1399/13
f 1750/1769/10 1760/1779/14 1761/1780/12
f 1741/1758/10 1764/1783/11 1394/1402/12
f 1742/1760/13 1394/1403/13 1393/1401/13
f 1749/1768/10 1392/1400/14 1760/1779/12
f 1748/1767/10 1756/1775/11 1759/1778/12
f 1744/1763/10 1757/1776/14 1391/1398/12
f 1753/1772/10 1766/1785/11 1765/1784/12
f 1747/1766/10 1762/1781/14 1757/1776/12
f 1746/1765/13 1755/1774/13 1756/1775/13
f 1754/1773/10 1759/1778/11 1766/1785/12
f 1799/1818/8 1794/1813/8 1793/1812/8
f 1793/1812/8 1770/1789/8 1769/1788/8
f 1797/1816/8 1793/1812/8 1791/1810/8
f 1792/1811/8 1768/1787/8 1763/1782/8
f 1209/1214/8 1681/1692/8 1680/1691/8
f 1625/1636/8 1622/1633/8 1621/1632/8
f 1783/1802/8 1775/1794/8 1779/1798/8
f 1787/1806/8 1771/1790/8 1776/1795/8
f 2095/2118/8 2089/2112/8 2088/2111/8
f 1992/2015/8 1868/1890/8 1866/1888/8
f 1786/1805/8 1773/1792/8 1772/1791/8
f 1383/1390/9 1380/1387/9 1379/1386/9
f 1791/1810/8 1769/1788/8 1768/1787/8
f 1785/1804/15 2115/2138/15 2114/2137/15
f 1798/1817/8 1791/1810/8 1792/1811/8
f 1794/1813/8 1767/1786/8 1770/1789/8
f 1805/1824/8 1800/1819/8 1799/1818/8
f 1800/1819/8 1789/1808/8 1794/1813/8
f 1795/1814/8 1790/1809/8 1789/1808/8
f 1121/1126/8 1547/1558/8 1122/1127/8
f 1804/1823/8 1797/1816/8 1798/1817/8
f 1803/1822/8 1799/1818/8 1797/1816/8
f 1138/1143/8 1479/1490/8 1139/1144/8
f 1801/1820/8 1796/1815/8 1795/1814/8
f 1806/1825/8 1795/1814/8 1800/1819/8
f 1811/1830/8 1806/1825/8 1805/1824/8
f 1281/1286/9 1278/1283/9 1277/1282/9
f 1809/1828/8 1805/1824/8 1803/1822/8
f 1812/1831/8 1801/1820/8 1806/1825/8
f 1807/1826/8 1802/1821/8 1801/1820/8
f 1089/1094/8 1675/1686/8 1090/1095/8
f 1369/1376/9 1366/1373/9 1365/1372/9
f 1816/1837/10 1829/1850/14 1359/1364/12
f 1826/1847/10 1830/1851/11 1836/1857/12
f 1818/1839/13 1827/1848/13 1828/1849/13
f 1819/1840/10 1833/1854/14 1829/1850/12
f 1825/1846/10 1836/1857/11 1835/1856/12
f 1817/1838/13 1359/1364/13 1827/1848/13
f 1823/1844/10 1832/1853/14 1833/1854/12
f 1824/1845/10 1835/1856/11 1834/1855/12
f 1815/1835/13 1361/1367/13 1360/1365/13
f 1822/1843/10 1831/1852/14 1832/1853/12
f 1820/1841/10 1828/1849/11 1830/1851/12
f 1821/1842/10 1360/1366/14 1831/1852/12
f 1814/1834/13 1362/1369/13 1361/1367/13
f 1813/1833/10 1834/1855/11 1362/1368/12
f 1412/1421/9 1409/1418/9 1408/1417/9
f 1838/1859/9 1839/1860/9 1837/1858/9
f 1852/1873/8 1847/1868/8 1850/1871/8
f 1388/1395/9 1385/1392/9 1384/1391/9
f 1211/1216/9 1202/1207/9 1446/1457/9
f 1476/1487/8 1473/1484/8 1472/1483/8
f 1055/1060/9 1343/1348/9 1056/1061/9
f 1258/1263/9 1157/1162/9 1254/1259/9
f 1242/1247/9 1153/1158/9 1238/1243/9
f 1632/1643/8 1629/1640/8 1628/1639/8
f 1982/2005/8 1980/2003/8 1979/2002/8
f 1370/1377/9 1184/1189/9 1366/1373/9
f 1597/1608/8 1594/1605/8 1593/1604/8
f 1648/1659/8 1645/1656/8 1644/1655/8
f 1887/1910/8 1886/1909/8 1885/1908/8
f 1892/1915/8 1889/1912/8 1890/1913/8
f 1441/1452/9 1438/1449/9 1437/1448/9
f 1879/1901/16 1881/1904/16 1877/1899/16
f 1849/1870/17 1853/1874/18 1854/1876/18
f 1521/1532/8 1518/1529/8 1517/1528/8
f 1895/1918/8 1894/1917/8 1893/1916/8
f 1897/1920/8 1896/1919/8 1895/1918/8
f 1907/1930/8 1906/1929/8 1904/1927/8
f 1447/1458/8 1204/1209/8 1203/1208/8
f 1402/1411/9 1191/1196/9 1398/1407/9
f 1101/1106/8 1627/1638/8 1102/1107/8
f 1445/1456/9 1442/1453/9 1441/1452/9
f 1333/1338/9 1330/1335/9 1329/1334/9
f 1900/1923/8 1887/1910/8 1885/1908/8
f 1902/1925/13 1904/1927/13 1906/1929/13
f 1601/1612/8 1598/1609/8 1597/1608/8
f 1490/1501/8 984/989/8 1486/1497/8
f 1901/1924/9 1906/1929/9 1905/1928/12
f 1899/1922/13 1905/1928/13 1903/1926/13
f 1900/1923/9 1903/1926/19 1904/1927/12
f 1931/1954/8 1930/1953/8 1929/1952/8
f 1968/1991/8 1966/1989/8 1965/1988/8
f 1226/1231/9 1149/1154/9 1222/1227/9
f 1274/1279/9 1161/1166/9 1270/1275/9
f 1270/1275/9 1160/1165/9 1266/1271/9
f 1925/1948/8 1846/1867/8 1845/1866/8
f 1929/1952/8 1928/1951/8 1927/1950/8
f 1458/1469/8 976/981/8 1454/1465/8
f 2092/2115/8 2086/2109/8 2085/2108/8
f 1942/1965/8 1938/1961/8 1940/1963/8
f 1939/1962/8 1938/1961/8 1937/1960/8
f 1937/1960/8 1936/1959/8 1935/1958/8
f 1947/1970/8 1946/1969/8 1945/1968/8
f 1945/1968/8 1874/1896/8 1873/1895/8
f 1301/1306/9 1298/1303/9 1297/1302/9
f 1317/1322/9 1314/1319/9 1313/1318/9
f 1958/1981/8 1953/1976/8 1955/1978/8
f 1219/1224/9 1216/1221/9 1215/1220/9
f 1949/1972/10 1955/1978/11 1953/1976/12
f 1965/1988/8 1912/1935/8 1911/1934/8
f 1950/1973/9 1953/1976/9 1954/1977/12
f 1952/1975/10 1954/1977/14 1956/1979/12
f 1951/1974/9 1956/1979/19 1955/1978/12
f 1972/1995/8 1856/1878/8 1855/1877/8
f 1961/1984/8 1960/1983/8 1959/1982/8
f 1966/1989/8 1959/1982/8 1912/1935/8
f 1277/1282/9 1274/1279/9 1273/1278/9
f 1970/1993/8 1969/1992/8 1968/1991/8
f 2005/2028/9 1873/1895/9 1874/1896/9
f 1975/1998/9 1857/1879/9 1858/1880/9
f 1428/1439/9 1425/1436/9 1424/1435/9
f 1565/1576/8 1562/1573/8 1561/1572/8
f 1261/1266/9 1258/1263/9 1257/1262/9
f 1995/2018/9 1869/1891/9 1870/1892/9
f 1976/1999/9 1978/2001/19 1979/2002/12
f 1080/1085/9 1243/1248/9 1081/1086/9
f 1533/1544/8 1530/1541/8 1529/1540/8
f 1977/2000/13 1979/2002/13 1980/2003/13
f 1981/2004/19 1977/2000/12 1980/2003/9
f 2076/2099/8 2072/2095/8 2075/2098/8
f 1989/2012/14 1985/2008/12 1987/2010/10
f 1985/2008/13 1986/2009/13 1987/2010/13
f 1984/2007/10 1988/2011/14 1986/2009/12
f 1737/1754/8 1740/1757/8 1736/1753/8
f 1996/2019/8 1993/2016/8 1992/2015/8
f 1585/1596/8 1582/1593/8 1581/1592/8
f 1449/1460/8 1206/1211/8 1205/1210/8
f 2001/2024/8 1865/1887/8 1867/1889/8
f 1450/1461/8 971/976/8 1206/1211/8
f 1781/1800/8 1774/1793/8 1775/1794/8
f 1229/1234/9 1226/1231/9 1225/1230/9
f 1672/1683/8 1669/1680/8 1668/1679/8
f 1861/1883/20 1863/1885/20 1862/1884/20
f 1039/1044/9 1419/1430/9 1040/1045/9
f 2002/2025/8 1872/1894/8 1871/1893/8
f 1231/1236/9 1228/1233/9 1227/1232/9
f 1235/1240/9 1232/1237/9 1231/1236/9
f 1082/1087/9 1235/1240/9 1083/1088/9
f 1251/1256/9 1248/1253/9 1247/1252/9
f 2049/2072/9 2034/2057/9 2035/2058/9
f 2027/2050/9 1918/1941/9 1919/1942/9
f 1316/1321/9 1313/1318/9 1312/1317/9
f 1262/1267/9 1158/1163/9 1258/1263/9
f 1340/1345/9 1337/1342/9 1336/1341/9
f 2041/2064/9 2026/2049/9 2027/2050/9
f 1507/1518/8 1504/1515/8 1503/1514/8
f 1073/1078/9 1271/1276/9 1074/1079/9
f 1290/1295/9 1165/1170/9 1286/1291/9
f 1306/1311/9 1169/1174/9 1302/1307/9
f 1287/1292/9 1284/1289/9 1283/1288/9
f 2056/2079/8 2055/2078/8 2054/2077/8
f 1520/1531/8 1517/1528/8 1516/1527/8
f 1322/1327/9 1173/1178/9 1318/1323/9
f 1890/1913/8 1886/1909/8 1888/1911/8
f 2011/2034/8 1738/1755/8 1739/1756/8
f 1321/1326/9 1318/1323/9 1317/1322/9
f 1318/1323/9 1172/1177/9 1314/1319/9
f 1338/1343/9 1177/1182/9 1334/1339/9
f 1320/1325/9 1317/1322/9 1316/1321/9
f 1385/1392/9 1382/1389/9 1381/1388/9
f 1478/1489/8 981/986/8 1474/1485/8
f 1325/1330/9 1322/1327/9 1321/1326/9
f 1661/1672/8 1658/1669/8 1657/1668/8
f 1145/1150/8 1451/1462/8 1146/1151/8
f 1349/1354/9 1346/1351/9 1345/1350/9
f 1354/1359/9 1181/1186/9 1350/1355/9
f 1249/1254/9 1246/1251/9 1245/1250/9
f 2088/2111/8 2082/2105/8 2081/2104/8
f 1951/1974/8 1946/1969/8 1948/1971/8
f 1959/1982/8 1913/1936/8 1912/1935/8
f 970/975/9 1443/1454/9 1034/1039/9
f 1330/1335/9 1175/1180/9 1326/1331/9
f 1374/1381/9 1185/1190/9 1370/1377/9
f 1373/1380/9 1370/1377/9 1369/1376/9
f 1379/1386/9 1376/1383/9 1375/1382/9
f 1492/1503/8 1489/1500/8 1488/1499/8
f 1367/1374/9 1364/1371/9 1363/1370/9
f 1051/1056/9 1363/1370/9 1052/1057/9
f 1210/1215/8 1680/1691/8 1679/1690/8
f 2042/2065/8 2029/2052/8 2028/2051/8
f 1063/1068/9 1311/1316/9 1064/1069/9
f 1406/1415/9 1192/1197/9 1402/1411/9
f 1403/1412/9 1400/1409/9 1399/1408/9
f 1048/1053/9 1375/1382/9 1049/1054/9
f 1933/1956/8 1932/1955/8 1931/1954/8
f 1376/1383/9 1373/1380/9 1372/1379/9
f 1390/1397/9 1189/1194/9 1386/1393/9
f 1411/1420/9 1408/1417/9 1407/1416/9
f 1400/1409/9 1397/1406/9 1396/1405/9
f 2101/2124/8 2095/2118/8 2094/2117/8
f 1046/1051/9 1383/1390/9 1047/1052/9
f 1410/1419/9 1193/1198/9 1406/1415/9
f 1042/1047/9 1403/1412/9 1043/1048/9
f 1044/1049/9 1395/1404/9 1045/1050/9
f 1228/1233/9 1225/1230/9 1224/1229/9
f 1409/1418/9 1406/1415/9 1405/1414/9
f 1426/1437/9 1196/1201/9 1422/1433/9
f 1784/1803/8 1779/1798/8 1780/1799/8
f 1221/1226/9 1218/1223/9 1217/1222/9
f 1682/1693/8 1032/1037/8 1678/1689/8
f 1429/1440/9 1426/1437/9 1425/1436/9
f 1308/1313/9 1305/1310/9 1304/1309/9
f 1439/1450/9 1436/1447/9 1435/1446/9
f 1854/1876/16 1882/1905/16 1881/1903/16
f 1698/1713/14 1699/1714/12 1709/1724/10
f 1416/1425/13 1417/1427/13 1685/1697/13
f 1693/1706/11 1692/1705/12 1705/1720/10
f 1418/1428/14 1698/1713/12 1708/1723/10
f 1417/1427/13 1418/1429/13 1686/1699/13
f 1692/1705/11 1416/1426/12 1684/1696/10
f 1691/1704/14 1688/1701/12 1702/1717/10
f 1415/1424/11 1689/1702/12 1703/1718/10
f 1700/1715/14 1691/1704/12 1704/1719/10
f 1688/1701/13 1687/1700/13 1701/1716/13
f 1694/1707/11 1693/1706/12 1706/1721/10
f 1687/1700/13 1415/1424/13 1683/1694/13
f 1699/1714/14 1700/1715/12 1710/1725/10
f 1689/1702/11 1694/1707/12 1707/1722/10
f 1711/1726/13 1690/1703/13 1724/1741/13
f 1717/1732/11 1716/1731/12 1730/1747/10
f 1718/1733/14 1719/1734/12 1736/1753/10
f 1695/1708/13 1696/1710/13 1722/1738/13
f 1716/1731/11 1715/1730/12 1729/1746/10
f 1697/1711/14 1718/1733/12 1735/1752/10
f 1696/1710/13 1697/1712/13 1721/1737/13
f 1715/1730/11 1695/1709/12 1723/1740/10
f 1714/1729/14 1712/1727/12 1726/1743/10
f 1690/1703/11 1713/1728/12 1727/1744/10
f 1719/1734/14 1720/1735/12 1737/1754/10
f 1713/1728/11 1717/1732/12 1731/1748/10
f 1712/1727/13 1711/1726/13 1725/1742/13
f 1720/1735/14 1714/1729/12 1728/1745/10
f 1745/1764/13 1744/1763/13 1391/1398/13
f 1751/1770/11 1750/1769/12 1761/1780/10
f 1752/1771/14 1753/1772/12 1765/1784/10
f 1743/1761/13 1742/1760/13 1393/1401/13
f 1750/1769/11 1749/1768/12 1760/1779/10
f 1741/1758/14 1752/1771/12 1764/1783/10
f 1742/1760/13 1741/1759/13 1394/1403/13
f 1749/1768/11 1743/1762/12 1392/1400/10
f 1748/1767/14 1746/1765/12 1756/1775/10
f 1744/1763/11 1747/1766/12 1757/1776/10
f 1753/1772/14 1754/1773/12 1766/1785/10
f 1747/1766/11 1751/1770/12 1762/1781/10
f 1746/1765/13 1745/1764/13 1755/1774/13
f 1754/1773/14 1748/1767/12 1759/1778/10
f 1816/1837/11 1819/1840/12 1829/1850/10
f 1826/1847/14 1820/1841/12 1830/1851/10
f 1818/1839/13 1817/1838/13 1827/1848/13
f 1819/1840/11 1823/1844/12 1833/1854/10
f 1825/1846/14 1826/1847/12 1836/1857/10
f 1817/1838/13 1816/1837/13 1359/1364/13
f 1823/1844/11 1822/1843/12 1832/1853/10
f 1824/1845/14 1825/1846/12 1835/1856/10
f 1815/1835/13 1814/1834/13 1361/1367/13
f 1822/1843/11 1821/1842/12 1831/1852/10
f 1820/1841/14 1818/1839/12 1828/1849/10
f 1821/1842/11 1815/1836/12 1360/1366/10
f 1814/1834/13 1813/1832/13 1362/1369/13
f 1813/1833/14 1824/1845/12 1834/1855/10
f 1902/1925/13 1900/1923/13 1904/1927/13
f 1901/1924/19 1902/1925/12 1906/1929/9
f 1899/1922/13 1901/1924/13 1905/1928/13
f 1900/1923/9 1899/1922/12 1903/1926/9
f 1949/1972/14 1951/1974/12 1955/1978/10
f 1950/1973/19 1949/1972/12 1953/1976/9
f 1952/1975/11 1950/1973/12 1954/1977/10
f 1951/1974/9 1952/1975/12 1956/1979/9
f 1977/2000/13 1976/1999/13 1979/2002/13
f 1985/2008/13 1984/2007/13 1986/2009/13
f 1880/1902/8 1877/1899/8 1878/1900/8
f 2009/2032/8 2008/2031/8 1734/1751/8
f 1999/2022/9 1998/2021/9 2001/2024/9
f 1230/1235/9 1151/1156/9 1150/1155/9
f 2020/2043/8 2021/2044/8 1844/1865/8
f 1233/1238/9 1234/1239/9 1230/1235/9
f 1240/1245/9 1241/1246/9 1237/1242/9
f 1239/1244/9 1240/1245/9 1236/1241/9
f 2023/2046/9 2022/2045/9 1845/1866/9
f 1236/1241/9 1237/1242/9 1233/1238/9
f 2031/2054/9 2030/2053/9 1920/1943/9
f 2032/2055/8 2033/2056/8 1921/1944/8
f 1265/1270/9 1266/1271/9 1262/1267/9
f 1272/1277/9 1273/1278/9 1269/1274/9
f 1271/1276/9 1272/1277/9 1268/1273/9
f 1285/1290/9 1286/1291/9 1282/1287/9
f 1276/1281/9 1277/1282/9 1273/1278/9
f 1294/1299/9 1167/1172/9 1166/1171/9
f 1304/1309/9 1305/1310/9 1301/1306/9
f 1303/1308/9 1304/1309/9 1300/1305/9
f 1810/1829/8 1809/1828/8 1803/1822/8
f 1326/1331/9 1175/1180/9 1174/1179/9
f 1883/1906/8 1884/1907/8 1876/1898/8
f 1329/1334/9 1330/1335/9 1326/1331/9
f 1336/1341/9 1337/1342/9 1333/1338/9
f 1335/1340/9 1336/1341/9 1332/1337/9
f 2028/2051/8 2029/2052/8 1919/1942/8
f 1358/1363/9 1183/1188/9 1182/1187/9
f 1368/1375/9 1369/1376/9 1365/1372/9
f 1378/1385/9 1187/1192/9 1186/1191/9
f 1381/1388/9 1382/1389/9 1378/1385/9
f 1423/1434/9 1424/1435/9 1420/1431/9
f 1387/1394/9 1388/1395/9 1384/1391/9
f 1401/1410/9 1402/1411/9 1398/1407/9
f 1408/1417/9 1409/1418/9 1405/1414/9
f 1407/1416/9 1408/1417/9 1404/1413/9
f 1440/1451/9 1441/1452/9 1437/1448/9
f 1427/1438/9 1428/1439/9 1424/1435/9
f 1147/1152/8 1447/1458/8 1203/1208/8
f 1452/1463/8 1453/1464/8 1449/1460/8
f 1443/1454/9 1444/1455/9 1440/1451/9
f 1141/1146/8 1471/1482/8 1467/1478/8
f 1451/1462/8 1452/1463/8 1448/1459/8
f 1462/1473/8 978/983/8 977/982/8
f 1465/1476/8 1466/1477/8 1462/1473/8
f 1456/1467/8 1457/1468/8 1453/1464/8
f 1471/1482/8 1472/1483/8 1468/1479/8
f 1477/1488/8 1478/1489/8 1474/1485/8
f 1483/1494/8 1484/1495/8 1480/1491/8
f 1494/1505/8 986/991/8 985/990/8
f 1617/1628/8 1618/1629/8 1614/1625/8
f 1496/1507/8 1497/1508/8 1493/1504/8
f 1503/1514/8 1504/1515/8 1500/1511/8
f 1510/1521/8 990/995/8 989/994/8
f 1509/1520/8 1510/1521/8 1506/1517/8
f 1516/1527/8 1517/1528/8 1513/1524/8
f 1515/1526/8 1516/1527/8 1512/1523/8
f 1526/1537/8 994/999/8 993/998/8
f 1529/1540/8 1530/1541/8 1526/1537/8
f 1528/1539/8 1529/1540/8 1525/1536/8
f 1535/1546/8 1536/1547/8 1532/1543/8
f 1542/1553/8 998/1003/8 997/1002/8
f 1541/1552/8 1542/1553/8 1538/1549/8
f 1548/1559/8 1549/1560/8 1545/1556/8
f 1547/1558/8 1548/1559/8 1544/1555/8
f 1558/1569/8 1002/1007/8 1001/1006/8
f 1561/1572/8 1562/1573/8 1558/1569/8
f 1560/1571/8 1561/1572/8 1557/1568/8
f 1567/1578/8 1568/1579/8 1564/1575/8
f 1574/1585/8 1006/1011/8 1005/1010/8
f 1573/1584/8 1574/1585/8 1570/1581/8
f 1580/1591/8 1581/1592/8 1577/1588/8
f 1579/1590/8 1580/1591/8 1576/1587/8
f 1590/1601/8 1010/1015/8 1009/1014/8
f 1593/1604/8 1594/1605/8 1590/1601/8
f 1592/1603/8 1593/1604/8 1589/1600/8
f 1599/1610/8 1600/1611/8 1596/1607/8
f 1606/1617/8 1014/1019/8 1013/1018/8
f 1605/1616/8 1606/1617/8 1602/1613/8
f 1612/1623/8 1613/1624/8 1609/1620/8
f 1611/1622/8 1612/1623/8 1608/1619/8
f 1622/1633/8 1018/1023/8 1017/1022/8
f 1624/1635/8 1625/1636/8 1621/1632/8
f 1631/1642/8 1632/1643/8 1628/1639/8
f 1638/1649/8 1022/1027/8 1021/1026/8
f 1637/1648/8 1638/1649/8 1634/1645/8
f 1644/1655/8 1645/1656/8 1641/1652/8
f 1643/1654/8 1644/1655/8 1640/1651/8
f 1654/1665/8 1026/1031/8 1025/1030/8
f 1464/1475/8 1465/1476/8 1461/1472/8
f 1663/1674/8 1664/1675/8 1660/1671/8
f 1670/1681/8 1030/1035/8 1029/1034/8
f 1266/1271/9 1160/1165/9 1159/1164/9
f 1676/1687/8 1677/1688/8 1673/1684/8
f 1675/1686/8 1676/1687/8 1672/1683/8
f 1665/1676/8 1666/1677/8 1662/1673/8
f 2078/2101/8 2079/2102/8 2071/2094/8
f 1479/1490/8 1480/1491/8 1476/1487/8
f 1208/1213/8 1207/1212/8 1682/1693/8
f 1482/1493/8 983/988/8 982/987/8
f 1448/1459/8 1449/1460/8 1205/1210/8
f 2038/2061/8 2039/2062/8 2025/2048/8
f 1671/1682/8 1672/1683/8 1668/1679/8
f 1454/1465/8 976/981/8 975/980/8
f 1664/1675/8 1665/1676/8 1661/1672/8
f 1679/1690/8 1680/1691/8 1676/1687/8
f 1680/1691/8 1681/1692/8 1677/1688/8
f 1666/1677/8 1029/1034/8 1028/1033/8
f 1091/1096/8 1671/1682/8 1667/1678/8
f 1090/1095/8 1675/1686/8 1671/1682/8
f 1649/1660/8 1650/1661/8 1646/1657/8
f 1086/1091/9 1223/1228/9 1219/1224/9
f 1674/1685/8 1031/1036/8 1030/1035/8
f 1652/1663/8 1653/1664/8 1649/1660/8
f 1313/1318/9 1314/1319/9 1310/1315/9
f 1668/1679/8 1669/1680/8 1665/1676/8
f 1667/1678/8 1668/1679/8 1664/1675/8
f 1659/1670/8 1660/1671/8 1656/1667/8
f 1650/1661/8 1025/1030/8 1024/1029/8
f 1038/1043/9 1427/1438/9 1423/1434/9
f 1094/1099/8 1659/1670/8 1655/1666/8
f 1404/1413/9 1405/1414/9 1401/1410/9
f 1484/1495/8 1485/1496/8 1481/1492/8
f 1658/1669/8 1027/1032/8 1026/1031/8
f 1480/1491/8 1481/1492/8 1477/1488/8
f 1657/1668/8 1658/1669/8 1654/1665/8
f 1434/1445/9 1199/1204/9 1198/1203/9
f 1655/1666/8 1656/1667/8 1652/1663/8
f 1433/1444/9 1434/1445/9 1430/1441/9
f 1071/1076/9 1283/1288/9 1279/1284/9
f 1356/1361/9 1357/1362/9 1353/1358/9
f 1651/1662/8 1652/1663/8 1648/1659/8
f 1639/1650/8 1640/1651/8 1636/1647/8
f 1472/1483/8 1473/1484/8 1469/1480/8
f 1647/1658/8 1648/1659/8 1644/1655/8
f 1093/1098/8 1663/1674/8 1659/1670/8
f 1645/1656/8 1646/1657/8 1642/1653/8
f 1099/1104/8 1639/1650/8 1635/1646/8
f 1098/1103/8 1643/1654/8 1639/1650/8
f 1100/1105/8 1635/1646/8 1631/1642/8
f 1641/1652/8 1642/1653/8 1638/1649/8
f 1486/1497/8 984/989/8 983/988/8
f 1642/1653/8 1023/1028/8 1022/1027/8
f 1628/1639/8 1629/1640/8 1625/1636/8
f 1636/1647/8 1637/1648/8 1633/1644/8
f 1635/1646/8 1636/1647/8 1632/1643/8
f 1627/1638/8 1628/1639/8 1624/1635/8
f 1633/1644/8 1634/1645/8 1630/1641/8
f 1087/1092/9 1219/1224/9 1215/1220/9
f 1102/1107/8 1627/1638/8 1623/1634/8
f 1097/1102/8 1647/1658/8 1643/1654/8
f 1634/1645/8 1021/1026/8 1020/1025/8
f 1630/1641/8 1020/1025/8 1019/1024/8
f 1626/1637/8 1019/1024/8 1018/1023/8
f 1104/1109/8 1619/1630/8 1615/1626/8
f 1497/1508/8 1498/1509/8 1494/1505/8
f 1103/1108/8 1623/1634/8 1619/1630/8
f 1623/1634/8 1624/1635/8 1620/1631/8
f 1616/1627/8 1617/1628/8 1613/1624/8
f 1621/1632/8 1622/1633/8 1618/1629/8
f 1620/1631/8 1621/1632/8 1617/1628/8
f 1619/1630/8 1620/1631/8 1616/1627/8
f 1607/1618/8 1608/1619/8 1604/1615/8
f 1618/1629/8 1017/1022/8 1016/1021/8
f 1614/1625/8 1016/1021/8 1015/1020/8
f 1615/1626/8 1616/1627/8 1612/1623/8
f 1893/1916/8 1894/1917/8 1888/1911/8
f 1613/1624/8 1614/1625/8 1610/1621/8
f 1107/1112/8 1607/1618/8 1603/1614/8
f 1106/1111/8 1611/1622/8 1607/1618/8
f 1108/1113/8 1603/1614/8 1599/1610/8
f 1609/1620/8 1610/1621/8 1606/1617/8
f 1608/1619/8 1609/1620/8 1605/1616/8
f 1610/1621/8 1015/1020/8 1014/1019/8
f 1596/1607/8 1597/1608/8 1593/1604/8
f 1604/1615/8 1605/1616/8 1601/1612/8
f 1603/1614/8 1604/1615/8 1600/1611/8
f 1595/1606/8 1596/1607/8 1592/1603/8
f 1600/1611/8 1601/1612/8 1597/1608/8
f 1110/1115/8 1595/1606/8 1591/1602/8
f 1105/1110/8 1615/1626/8 1611/1622/8
f 1602/1613/8 1013/1018/8 1012/1017/8
f 1598/1609/8 1012/1017/8 1011/1016/8
f 1594/1605/8 1011/1016/8 1010/1015/8
f 1112/1117/8 1587/1598/8 1583/1594/8
f 1789/1808/8 1790/1809/8 1758/1777/8
f 1111/1116/8 1591/1602/8 1587/1598/8
f 1591/1602/8 1592/1603/8 1588/1599/8
f 1584/1595/8 1585/1596/8 1581/1592/8
f 1589/1600/8 1590/1601/8 1586/1597/8
f 1588/1599/8 1589/1600/8 1585/1596/8
f 1587/1598/8 1588/1599/8 1584/1595/8
f 1575/1586/8 1576/1587/8 1572/1583/8
f 1586/1597/8 1009/1014/8 1008/1013/8
f 1582/1593/8 1008/1013/8 1007/1012/8
f 1583/1594/8 1584/1595/8 1580/1591/8
f 1109/1114/8 1599/1610/8 1595/1606/8
f 1581/1592/8 1582/1593/8 1578/1589/8
f 1115/1120/8 1575/1586/8 1571/1582/8
f 1114/1119/8 1579/1590/8 1575/1586/8
f 1116/1121/8 1571/1582/8 1567/1578/8
f 1577/1588/8 1578/1589/8 1574/1585/8
f 1576/1587/8 1577/1588/8 1573/1584/8
f 1578/1589/8 1007/1012/8 1006/1011/8
f 1564/1575/8 1565/1576/8 1561/1572/8
f 1976/1999/8 1977/2000/8 1973/1996/8
f 1572/1583/8 1573/1584/8 1569/1580/8
f 1571/1582/8 1572/1583/8 1568/1579/8
f 1563/1574/8 1564/1575/8 1560/1571/8
f 1569/1580/8 1570/1581/8 1566/1577/8
f 1568/1579/8 1569/1580/8 1565/1576/8
f 1118/1123/8 1563/1574/8 1559/1570/8
f 1113/1118/8 1583/1594/8 1579/1590/8
f 1570/1581/8 1005/1010/8 1004/1009/8
f 1566/1577/8 1004/1009/8 1003/1008/8
f 1562/1573/8 1003/1008/8 1002/1007/8
f 1120/1125/8 1555/1566/8 1551/1562/8
f 1927/1950/8 1928/1951/8 1923/1946/8
f 1119/1124/8 1559/1570/8 1555/1566/8
f 1559/1570/8 1560/1571/8 1556/1567/8
f 1552/1563/8 1553/1564/8 1549/1560/8
f 1557/1568/8 1558/1569/8 1554/1565/8
f 1556/1567/8 1557/1568/8 1553/1564/8
f 1555/1566/8 1556/1567/8 1552/1563/8
f 1543/1554/8 1544/1555/8 1540/1551/8
f 1554/1565/8 1001/1006/8 1000/1005/8
f 1550/1561/8 1000/1005/8 999/1004/8
f 1551/1562/8 1552/1563/8 1548/1559/8
f 1117/1122/8 1567/1578/8 1563/1574/8
f 1549/1560/8 1550/1561/8 1546/1557/8
f 1123/1128/8 1543/1554/8 1539/1550/8
f 1122/1127/8 1547/1558/8 1543/1554/8
f 1124/1129/8 1539/1550/8 1535/1546/8
f 1545/1556/8 1546/1557/8 1542/1553/8
f 1544/1555/8 1545/1556/8 1541/1552/8
f 1546/1557/8 999/1004/8 998/1003/8
f 1532/1543/8 1533/1544/8 1529/1540/8
f 1973/1996/9 1991/2014/9 1990/2013/9
f 1540/1551/8 1541/1552/8 1537/1548/8
f 1539/1550/8 1540/1551/8 1536/1547/8
f 1531/1542/8 1532/1543/8 1528/1539/8
f 1537/1548/8 1538/1549/8 1534/1545/8
f 1536/1547/8 1537/1548/8 1533/1544/8
f 1126/1131/8 1531/1542/8 1527/1538/8
f 1538/1549/8 997/1002/8 996/1001/8
f 1534/1545/8 996/1001/8 995/1000/8
f 1530/1541/8 995/1000/8 994/999/8
f 1128/1133/8 1523/1534/8 1519/1530/8
f 1127/1132/8 1527/1538/8 1523/1534/8
f 1527/1538/8 1528/1539/8 1524/1535/8
f 1525/1536/8 1526/1537/8 1522/1533/8
f 1524/1535/8 1525/1536/8 1521/1532/8
f 1523/1534/8 1524/1535/8 1520/1531/8
f 1511/1522/8 1512/1523/8 1508/1519/8
f 1522/1533/8 993/998/8 992/997/8
f 1518/1529/8 992/997/8 991/996/8
f 1519/1530/8 1520/1531/8 1516/1527/8
f 1125/1130/8 1535/1546/8 1531/1542/8
f 1292/1297/9 1293/1298/9 1289/1294/9
f 1131/1136/8 1511/1522/8 1507/1518/8
f 1779/1798/8 1775/1794/8 1777/1796/8
f 1132/1137/8 1507/1518/8 1503/1514/8
f 1513/1524/8 1514/1525/8 1510/1521/8
f 1512/1523/8 1513/1524/8 1509/1520/8
f 1514/1525/8 991/996/8 990/995/8
f 1500/1511/8 1501/1512/8 1497/1508/8
f 2066/2089/8 2067/2090/8 2060/2083/8
f 1508/1519/8 1509/1520/8 1505/1516/8
f 1130/1135/8 1515/1526/8 1511/1522/8
f 1499/1510/8 1500/1511/8 1496/1507/8
f 1405/1414/9 1406/1415/9 1402/1411/9
f 1504/1515/8 1505/1516/8 1501/1512/8
f 1134/1139/8 1499/1510/8 1495/1506/8
f 1129/1134/8 1519/1530/8 1515/1526/8
f 1506/1517/8 989/994/8 988/993/8
f 1502/1513/8 988/993/8 987/992/8
f 1498/1509/8 987/992/8 986/991/8
f 1136/1141/8 1491/1502/8 1487/1498/8
f 1135/1140/8 1495/1506/8 1491/1502/8
f 1495/1506/8 1496/1507/8 1492/1503/8
f 1488/1499/8 1489/1500/8 1485/1496/8
f 1442/1453/9 1201/1206/9 1200/1205/9
f 1491/1502/8 1492/1503/8 1488/1499/8
f 1457/1468/8 1458/1469/8 1454/1465/8
f 2113/2136/8 2112/2135/8 2105/2128/8
f 1253/1258/9 1254/1259/9 1250/1255/9
f 1487/1498/8 1488/1499/8 1484/1495/8
f 1430/1441/9 1198/1203/9 1197/1202/9
f 1298/1303/9 1168/1173/9 1167/1172/9
f 1139/1144/8 1479/1490/8 1475/1486/8
f 1140/1145/8 1475/1486/8 1471/1482/8
f 1481/1492/8 1482/1493/8 1478/1489/8
f 1096/1101/8 1651/1662/8 1647/1658/8
f 1248/1253/9 1249/1254/9 1245/1250/9
f 1257/1262/9 1258/1263/9 1254/1259/9
f 1475/1486/8 1476/1487/8 1472/1483/8
f 1414/1423/9 1195/1200/9 1194/1199/9
f 1916/1939/9 1917/1940/9 1915/1938/9
f 1143/1148/8 1463/1474/8 1459/1470/8
f 1142/1147/8 1467/1478/8 1463/1474/8
f 1474/1485/8 981/986/8 980/985/8
f 1332/1337/9 1333/1338/9 1329/1334/9
f 1380/1387/9 1381/1388/9 1377/1384/9
f 1144/1149/8 1459/1470/8 1455/1466/8
f 2065/2088/8 2064/2087/8 2062/2085/8
f 1673/1684/8 1674/1685/8 1670/1681/8
f 1463/1474/8 1464/1475/8 1460/1471/8
f 1681/1692/8 1682/1693/8 1678/1689/8
f 1446/1457/9 1202/1207/9 1201/1206/9
f 1460/1471/8 1461/1472/8 1457/1468/8
f 1459/1470/8 1460/1471/8 1456/1467/8
f 2007/2030/8 2006/2029/8 1909/1932/8
f 1222/1227/9 1149/1154/9 1148/1153/9
f 2054/2077/8 2055/2078/8 2053/2076/8
f 2015/2038/9 2014/2037/9 1841/1862/9
f 1212/1217/9 1211/1216/9 1446/1457/9
f 1466/1477/8 979/984/8 978/983/8
f 2068/2091/8 2069/2092/8 2067/2090/8
f 1455/1466/8 1456/1467/8 1452/1463/8
f 1469/1480/8 1470/1481/8 1466/1477/8
f 1035/1040/9 1439/1450/9 1435/1446/9
f 1034/1039/9 1443/1454/9 1439/1450/9
f 1234/1239/9 1152/1157/9 1151/1156/9
f 1553/1564/8 1554/1565/8 1550/1561/8
f 2081/2104/8 2082/2105/8 2074/2097/8
f 1095/1100/8 1655/1666/8 1651/1662/8
f 1252/1257/9 1253/1258/9 1249/1254/9
f 1432/1443/9 1433/1444/9 1429/1440/9
f 1473/1484/8 1474/1485/8 1470/1481/8
f 2109/2132/8 2111/2134/8 2110/2133/8
f 1137/1142/8 1487/1498/8 1483/1494/8
f 1656/1667/8 1657/1668/8 1653/1664/8
f 1041/1046/9 1411/1420/9 1407/1416/9
f 1424/1435/9 1425/1436/9 1421/1432/9
f 1047/1052/9 1383/1390/9 1379/1386/9
f 1413/1422/9 1414/1423/9 1410/1419/9
f 1207/1212/8 969/974/8 1033/1038/8
f 2106/2129/8 2107/2130/8 2100/2123/8
f 1629/1640/8 1630/1641/8 1626/1637/8
f 1043/1048/9 1403/1412/9 1399/1408/9
f 2104/2127/8 2105/2128/8 2098/2121/8
f 2102/2125/8 2103/2126/8 2096/2119/8
f 2099/2122/8 2100/2123/8 2093/2116/8
f 2097/2120/8 2098/2121/8 2091/2114/8
f 1254/1259/9 1157/1162/9 1156/1161/9
f 1223/1228/9 1224/1229/9 1220/1225/9
f 1384/1391/9 1385/1392/9 1381/1388/9
f 1389/1396/9 1390/1397/9 1386/1393/9
f 1467/1478/8 1468/1479/8 1464/1475/8
f 2094/2117/8 2095/2118/8 2088/2111/8
f 1375/1382/9 1376/1383/9 1372/1379/9
f 1386/1393/9 1189/1194/9 1188/1193/9
f 1382/1389/9 1188/1193/9 1187/1192/9
f 1399/1408/9 1400/1409/9 1396/1405/9
f 1049/1054/9 1375/1382/9 1371/1378/9
f 2090/2113/8 2091/2114/8 2084/2107/8
f 2087/2110/8 2088/2111/8 2081/2104/8
f 1377/1384/9 1378/1385/9 1374/1381/9
f 1050/1055/9 1371/1378/9 1367/1374/9
f 1355/1360/9 1356/1361/9 1352/1357/9
f 2083/2106/8 2084/2107/8 2077/2100/8
f 1348/1353/9 1349/1354/9 1345/1350/9
f 1371/1378/9 1372/1379/9 1368/1375/9
f 1053/1058/9 1355/1360/9 1351/1356/9
f 2085/2108/8 2086/2109/8 2079/2102/8
f 1353/1358/9 1354/1359/9 1350/1355/9
f 1357/1362/9 1358/1363/9 1354/1359/9
f 1660/1671/8 1661/1672/8 1657/1668/8
f 1054/1059/9 1351/1356/9 1347/1352/9
f 1352/1357/9 1353/1358/9 1349/1354/9
f 1726/1743/8 1733/1750/8 1734/1751/8
f 1351/1356/9 1352/1357/9 1348/1353/9
f 1343/1348/9 1344/1349/9 1340/1345/9
f 1256/1261/9 1257/1262/9 1253/1258/9
f 1347/1352/9 1348/1353/9 1344/1349/9
f 1057/1062/9 1339/1344/9 1335/1340/9
f 1350/1355/9 1181/1186/9 1180/1185/9
f 1346/1351/9 1180/1185/9 1179/1184/9
f 1342/1347/9 1179/1184/9 1178/1183/9
f 1341/1346/9 1342/1347/9 1338/1343/9
f 1944/1967/8 1943/1966/8 1941/1964/8
f 1468/1479/8 1469/1480/8 1465/1476/8
f 1339/1344/9 1340/1345/9 1336/1341/9
f 1337/1342/9 1338/1343/9 1334/1339/9
f 1059/1064/9 1331/1336/9 1327/1332/9
f 1058/1063/9 1335/1340/9 1331/1336/9
f 1323/1328/9 1324/1329/9 1320/1325/9
f 1334/1339/9 1177/1182/9 1176/1181/9
f 1084/1089/9 1231/1236/9 1227/1232/9
f 1331/1336/9 1332/1337/9 1328/1333/9
f 1061/1066/9 1323/1328/9 1319/1324/9
f 1060/1065/9 1327/1332/9 1323/1328/9
f 1328/1333/9 1329/1334/9 1325/1330/9
f 1327/1332/9 1328/1333/9 1324/1329/9
f 1076/1081/9 1263/1268/9 1259/1264/9
f 1062/1067/9 1319/1324/9 1315/1320/9
f 1319/1324/9 1320/1325/9 1316/1321/9
f 1311/1316/9 1312/1317/9 1308/1313/9
f 1214/1219/9 1213/1218/9 1444/1455/9
f 1315/1320/9 1316/1321/9 1312/1317/9
f 1065/1070/9 1307/1312/9 1303/1308/9
f 2060/2083/8 2061/2084/8 2059/2082/8
f 2063/2086/8 2062/2085/8 2059/2082/8
f 1310/1315/9 1171/1176/9 1170/1175/9
f 1309/1314/9 1310/1315/9 1306/1311/9
f 972/977/8 1210/1215/8 1679/1690/8
f 1461/1472/8 1462/1473/8 1458/1469/8
f 1307/1312/9 1308/1313/9 1304/1309/9
f 1493/1504/8 1494/1505/8 1490/1501/8
f 1066/1071/9 1303/1308/9 1299/1304/9
f 1291/1296/9 1292/1297/9 1288/1293/9
f 1302/1307/9 1169/1174/9 1168/1173/9
f 1517/1528/8 1518/1529/8 1514/1525/8
f 1299/1304/9 1300/1305/9 1296/1301/9
f 1069/1074/9 1291/1296/9 1287/1292/9
f 1305/1310/9 1306/1311/9 1302/1307/9
f 1067/1072/9 1299/1304/9 1295/1300/9
f 1295/1300/9 1296/1301/9 1292/1297/9
f 1289/1294/9 1290/1295/9 1286/1291/9
f 1293/1298/9 1294/1299/9 1290/1295/9
f 1070/1075/9 1287/1292/9 1283/1288/9
f 1280/1285/9 1281/1286/9 1277/1282/9
f 1288/1293/9 1289/1294/9 1285/1290/9
f 1279/1284/9 1280/1285/9 1276/1281/9
f 1072/1077/9 1279/1284/9 1275/1280/9
f 1092/1097/8 1667/1678/8 1663/1674/8
f 1283/1288/9 1284/1289/9 1280/1285/9
f 2045/2068/9 2044/2067/9 2030/2053/9
f 1286/1291/9 1165/1170/9 1164/1169/9
f 1282/1287/9 1164/1169/9 1163/1168/9
f 1278/1283/9 1163/1168/9 1162/1167/9
f 1964/1987/8 1963/1986/8 1960/1983/8
f 1775/1794/8 1774/1793/8 1776/1795/8
f 1275/1280/9 1276/1281/9 1272/1277/9
f 1677/1688/8 1678/1689/8 1674/1685/8
f 1273/1278/9 1274/1279/9 1270/1275/9
f 1074/1079/9 1271/1276/9 1267/1272/9
f 1259/1264/9 1260/1265/9 1256/1261/9
f 2036/2059/8 2037/2060/8 1924/1947/8
f 1267/1272/9 1268/1273/9 1264/1269/9
f 1077/1082/9 1259/1264/9 1255/1260/9
f 1241/1246/9 1242/1247/9 1238/1243/9
f 1075/1080/9 1267/1272/9 1263/1268/9
f 1263/1268/9 1264/1269/9 1260/1265/9
f 2024/2047/8 2025/2048/8 1345/1350/8
f 1728/1745/8 1734/1751/8 1732/1749/8
f 1669/1680/8 1670/1681/8 1666/1677/8
f 1078/1083/9 1255/1260/9 1251/1256/9
f 1662/1673/8 1028/1033/8 1027/1032/8
f 1237/1242/9 1238/1243/9 1234/1239/9
f 1250/1255/9 1156/1161/9 1155/1160/9
f 1255/1260/9 1256/1261/9 1252/1257/9
f 2035/2058/9 2034/2057/9 1923/1946/9
f 1225/1230/9 1226/1231/9 1222/1227/9
f 2016/2039/8 2017/2040/8 1842/1863/8
f 1247/1252/9 1248/1253/9 1244/1249/9
f 1678/1689/8 1032/1037/8 1031/1036/8
f 1646/1657/8 1024/1029/8 1023/1028/8
f 1735/1752/8 1739/1756/8 1738/1755/8
f 2019/2042/9 2018/2041/9 1843/1864/9
f 1083/1088/9 1235/1240/9 1231/1236/9
f 1227/1232/9 1228/1233/9 1224/1229/9
f 1981/2004/9 1978/2001/9 1974/1997/9
f 1037/1042/9 1431/1442/9 1427/1438/9
f 2012/2035/8 2013/2036/8 1343/1348/8
f 1324/1329/9 1325/1330/9 1321/1326/9
f 1238/1243/9 1153/1158/9 1152/1157/9
f 1085/1090/9 1227/1232/9 1223/1228/9
f 1146/1151/8 1451/1462/8 1447/1458/8
f 1232/1237/9 1233/1238/9 1229/1234/9
f 1300/1305/9 1301/1306/9 1297/1302/9
f 1505/1516/8 1506/1517/8 1502/1513/8
f 1780/1799/8 1779/1798/8 1778/1797/8
f 1935/1958/8 1936/1959/8 1860/1882/8
f 1345/1350/9 1346/1351/9 1342/1347/9
f 1133/1138/8 1503/1514/8 1499/1510/8
f 1885/1908/8 1886/1909/8 1884/1907/8
f 2080/2103/8 2081/2104/8 2073/2096/8
f 1489/1500/8 1490/1501/8 1486/1497/8
f 1213/1218/9 1212/1217/9 1445/1456/9
f 1485/1496/8 1486/1497/8 1482/1493/8
f 1501/1512/8 1502/1513/8 1498/1509/8
f 1640/1651/8 1641/1652/8 1637/1648/8
f 1653/1664/8 1654/1665/8 1650/1661/8
f 1470/1481/8 980/985/8 979/984/8
f 2050/2073/8 2051/2074/8 2037/2060/8
f 1453/1464/8 1454/1465/8 1450/1461/8
f 1425/1436/9 1426/1437/9 1422/1433/9
f 1372/1379/9 1373/1380/9 1369/1376/9
f 2046/2069/8 2047/2070/8 2033/2056/8
f 1269/1274/9 1270/1275/9 1266/1271/9
f 1736/1753/8 1740/1757/8 1739/1756/8
f 1079/1084/9 1251/1256/9 1247/1252/9
f 1799/1818/8 1800/1819/8 1794/1813/8
f 1793/1812/8 1794/1813/8 1770/1789/8
f 1797/1816/8 1799/1818/8 1793/1812/8
f 1792/1811/8 1791/1810/8 1768/1787/8
f 1209/1214/8 1208/1213/8 1681/1692/8
f 1625/1636/8 1626/1637/8 1622/1633/8
f 1783/1802/8 1781/1800/8 1775/1794/8
f 1787/1806/8 1788/1807/8 1771/1790/8
f 2095/2118/8 2096/2119/8 2089/2112/8
f 1992/2015/8 1993/2016/8 1868/1890/8
f 1786/1805/8 1785/1804/8 1773/1792/8
f 1383/1390/9 1384/1391/9 1380/1387/9
f 1791/1810/8 1793/1812/8 1769/1788/8
f 1785/1804/15 1786/1805/15 2115/2138/15
f 1798/1817/8 1797/1816/8 1791/1810/8
f 1794/1813/8 1789/1808/8 1767/1786/8
f 1805/1824/8 1806/1825/8 1800/1819/8
f 1800/1819/8 1795/1814/8 1789/1808/8
f 1795/1814/8 1796/1815/8 1790/1809/8
f 1121/1126/8 1551/1562/8 1547/1558/8
f 1804/1823/8 1803/1822/8 1797/1816/8
f 1803/1822/8 1805/1824/8 1799/1818/8
f 1138/1143/8 1483/1494/8 1479/1490/8
f 1801/1820/8 1802/1821/8 1796/1815/8
f 1806/1825/8 1801/1820/8 1795/1814/8
f 1811/1830/8 1812/1831/8 1806/1825/8
f 1281/1286/9 1282/1287/9 1278/1283/9
f 1809/1828/8 1811/1830/8 1805/1824/8
f 1812/1831/8 1807/1826/8 1801/1820/8
f 1807/1826/8 1808/1827/8 1802/1821/8
f 1089/1094/8 1679/1690/8 1675/1686/8
f 1369/1376/9 1370/1377/9 1366/1373/9
f 1412/1421/9 1413/1422/9 1409/1418/9
f 1838/1859/9 1840/1861/9 1839/1860/9
f 1852/1873/8 1851/1872/8 1847/1868/8
f 1388/1395/9 1389/1396/9 1385/1392/9
f 1211/1216/9 973/978/9 1202/1207/9
f 1476/1487/8 1477/1488/8 1473/1484/8
f 1055/1060/9 1347/1352/9 1343/1348/9
f 1258/1263/9 1158/1163/9 1157/1162/9
f 1242/1247/9 1154/1159/9 1153/1158/9
f 1632/1643/8 1633/1644/8 1629/1640/8
f 1982/2005/8 1983/2006/8 1980/2003/8
f 1370/1377/9 1185/1190/9 1184/1189/9
f 1597/1608/8 1598/1609/8 1594/1605/8
f 1648/1659/8 1649/1660/8 1645/1656/8
f 1887/1910/8 1888/1911/8 1886/1909/8
f 1892/1915/8 1891/1914/8 1889/1912/8
f 1441/1452/9 1442/1453/9 1438/1449/9
f 1879/1901/16 1854/1875/16 1881/1904/16
f 1849/1870/21 1848/1869/21 1853/1874/22
f 1521/1532/8 1522/1533/8 1518/1529/8
f 1895/1918/8 1896/1919/8 1894/1917/8
f 1897/1920/8 1898/1921/8 1896/1919/8
f 1907/1930/8 1908/1931/8 1906/1929/8
f 1447/1458/8 1448/1459/8 1204/1209/8
f 1402/1411/9 1192/1197/9 1191/1196/9
f 1101/1106/8 1631/1642/8 1627/1638/8
f 1445/1456/9 1446/1457/9 1442/1453/9
f 1333/1338/9 1334/1339/9 1330/1335/9
f 1900/1923/8 1902/1925/8 1887/1910/8
f 1601/1612/8 1602/1613/8 1598/1609/8
f 1490/1501/8 985/990/8 984/989/8
f 1931/1954/8 1932/1955/8 1930/1953/8
f 1968/1991/8 1969/1992/8 1966/1989/8
f 1226/1231/9 1150/1155/9 1149/1154/9
f 1274/1279/9 1162/1167/9 1161/1166/9
f 1270/1275/9 1161/1166/9 1160/1165/9
f 1925/1948/8 1926/1949/8 1846/1867/8
f 1929/1952/8 1930/1953/8 1928/1951/8
f 1458/1469/8 977/982/8 976/981/8
f 2092/2115/8 2093/2116/8 2086/2109/8
f 1942/1965/8 1941/1964/8 1938/1961/8
f 1939/1962/8 1940/1963/8 1938/1961/8
f 1937/1960/8 1938/1961/8 1936/1959/8
f 1947/1970/8 1948/1971/8 1946/1969/8
f 1945/1968/8 1946/1969/8 1874/1896/8
f 1301/1306/9 1302/1307/9 1298/1303/9
f 1317/1322/9 1318/1323/9 1314/1319/9
f 1958/1981/8 1957/1980/8 1953/1976/8
f 1219/1224/9 1220/1225/9 1216/1221/9
f 1965/1988/8 1966/1989/8 1912/1935/8
f 1972/1995/8 1973/1996/8 1856/1878/8
f 1961/1984/8 1962/1985/8 1960/1983/8
f 1966/1989/8 1967/1990/8 1959/1982/8
f 1277/1282/9 1278/1283/9 1274/1279/9
f 1970/1993/8 1971/1994/8 1969/1992/8
f 2005/2028/9 2004/2027/9 1873/1895/9
f 1975/1998/9 1974/1997/9 1857/1879/9
f 1428/1439/9 1429/1440/9 1425/1436/9
f 1565/1576/8 1566/1577/8 1562/1573/8
f 1261/1266/9 1262/1267/9 1258/1263/9
f 1995/2018/9 1994/2017/9 1869/1891/9
f 1080/1085/9 1247/1252/9 1243/1248/9
f 1533/1544/8 1534/1545/8 1530/1541/8
f 2076/2099/8 2077/2100/8 2072/2095/8
f 1737/1754/8 1732/1749/8 1740/1757/8
f 1996/2019/8 1997/2020/8 1993/2016/8
f 1585/1596/8 1586/1597/8 1582/1593/8
f 1449/1460/8 1450/1461/8 1206/1211/8
f 2001/2024/8 2000/2023/8 1865/1887/8
f 1450/1461/8 975/980/8 971/976/8
f 1781/1800/8 1782/1801/8 1774/1793/8
f 1229/1234/9 1230/1235/9 1226/1231/9
f 1672/1683/8 1673/1684/8 1669/1680/8
f 1861/1883/20 1864/1886/20 1863/1885/20
f 1039/1044/9 1423/1434/9 1419/1430/9
f 2002/2025/8 2003/2026/8 1872/1894/8
f 1231/1236/9 1232/1237/9 1228/1233/9
f 1235/1240/9 1236/1241/9 1232/1237/9
f 1082/1087/9 1239/1244/9 1235/1240/9
f 1251/1256/9 1252/1257/9 1248/1253/9
f 2049/2072/9 2048/2071/9 2034/2057/9
f 2027/2050/9 2026/2049/9 1918/1941/9
f 1316/1321/9 1317/1322/9 1313/1318/9
f 1262/1267/9 1159/1164/9 1158/1163/9
f 1340/1345/9 1341/1346/9 1337/1342/9
f 2041/2064/9 2040/2063/9 2026/2049/9
f 1507/1518/8 1508/1519/8 1504/1515/8
f 1073/1078/9 1275/1280/9 1271/1276/9
f 1290/1295/9 1166/1171/9 1165/1170/9
f 1306/1311/9 1170/1175/9 1169/1174/9
f 1287/1292/9 1288/1293/9 1284/1289/9
f 2056/2079/8 2057/2080/8 2055/2078/8
f 1520/1531/8 1521/1532/8 1517/1528/8
f 1322/1327/9 1174/1179/9 1173/1178/9
f 1890/1913/8 1889/1912/8 1886/1909/8
f 2011/2034/8 2010/2033/8 1738/1755/8
f 1321/1326/9 1322/1327/9 1318/1323/9
f 1318/1323/9 1173/1178/9 1172/1177/9
f 1338/1343/9 1178/1183/9 1177/1182/9
f 1320/1325/9 1321/1326/9 1317/1322/9
f 1385/1392/9 1386/1393/9 1382/1389/9
f 1478/1489/8 982/987/8 981/986/8
f 1325/1330/9 1326/1331/9 1322/1327/9
f 1661/1672/8 1662/1673/8 1658/1669/8
f 1145/1150/8 1455/1466/8 1451/1462/8
f 1349/1354/9 1350/1355/9 1346/1351/9
f 1354/1359/9 1182/1187/9 1181/1186/9
f 1249/1254/9 1250/1255/9 1246/1251/9
f 2088/2111/8 2089/2112/8 2082/2105/8
f 1951/1974/8 1949/1972/8 1946/1969/8
f 1959/1982/8 1960/1983/8 1913/1936/8
f 970/975/9 1214/1219/9 1443/1454/9
f 1330/1335/9 1176/1181/9 1175/1180/9
f 1374/1381/9 1186/1191/9 1185/1190/9
f 1373/1380/9 1374/1381/9 1370/1377/9
f 1379/1386/9 1380/1387/9 1376/1383/9
f 1492/1503/8 1493/1504/8 1489/1500/8
f 1367/1374/9 1368/1375/9 1364/1371/9
f 1051/1056/9 1367/1374/9 1363/1370/9
f 1210/1215/8 1209/1214/8 1680/1691/8
f 2042/2065/8 2043/2066/8 2029/2052/8
f 1063/1068/9 1315/1320/9 1311/1316/9
f 1406/1415/9 1193/1198/9 1192/1197/9
f 1403/1412/9 1404/1413/9 1400/1409/9
f 1048/1053/9 1379/1386/9 1375/1382/9
f 1933/1956/8 1934/1957/8 1932/1955/8
f 1376/1383/9 1377/1384/9 1373/1380/9
f 1390/1397/9 1190/1195/9 1189/1194/9
f 1411/1420/9 1412/1421/9 1408/1417/9
f 1400/1409/9 1401/1410/9 1397/1406/9
f 2101/2124/8 2102/2125/8 2095/2118/8
f 1046/1051/9 1387/1394/9 1383/1390/9
f 1410/1419/9 1194/1199/9 1193/1198/9
f 1042/1047/9 1407/1416/9 1403/1412/9
f 1044/1049/9 1399/1408/9 1395/1404/9
f 1228/1233/9 1229/1234/9 1225/1230/9
f 1409/1418/9 1410/1419/9 1406/1415/9
f 1426/1437/9 1197/1202/9 1196/1201/9
f 1784/1803/8 1783/1802/8 1779/1798/8
f 1221/1226/9 1222/1227/9 1218/1223/9
f 1682/1693/8 1033/1038/8 1032/1037/8
f 1429/1440/9 1430/1441/9 1426/1437/9
f 1308/1313/9 1309/1314/9 1305/1310/9
f 1439/1450/9 1440/1451/9 1436/1447/9
f 1854/1876/16 1853/1874/16 1882/1905/16
f 1880/1902/8 1879/1901/8 1877/1899/8
g SAFEGROUND_TOP_Mesh
v -1.500000 0.999996 23.999998
v -0.500000 0.999996 23.999998
v -1.500000 0.999996 25.000000
v -0.500000 0.999996 25.000000
v 2.500000 2.999996 25.000002
v -2.500000 2.999996 25.000000
v -2.500000 2.999996 26.000000
v -2.500000 2.999996 27.000000
v 2.500000 2.999996 26.000000
v 2.500000 2.999996 27.000000
v 1.500000 2.999996 25.000002
v 1.500000 2.999996 26.000000
v 1.500000 2.999996 27.000000
v -1.500000 2.999996 25.000000
v -0.500000 2.999996 25.000000
v 0.500000 2.999996 25.000000
v -1.500000 2.999996 26.000000
v -0.500000 2.999996 26.000000
v 0.500000 2.999996 26.000000
v -1.500000 2.999996 27.000000
v -0.500000 2.999996 27.000000
v 0.500000 2.999996 27.000000
v -2.500000 4.999997 20.999998
v -2.500000 4.999996 21.999998
v 0.500000 4.999996 23.000000
v 2.500000 4.999997 21.000002
v 2.500000 4.999996 22.000000
v 1.500000 4.999997 19.999998
v 1.500000 4.999997 21.000002
v 1.500000 4.999996 22.000000
v -1.500000 4.999997 19.999998
v -0.500000 4.999997 19.999998
v 0.500000 4.999997 19.999998
v -1.500000 4.999997 20.999998
v -0.500000 4.999997 20.999998
v 0.500000 4.999997 21.000000
v -1.500000 4.999996 21.999998
v -0.500000 4.999996 21.999998
v 0.500000 4.999996 21.999998
v -0.500000 4.999996 23.000000
v 1.500000 4.999996 23.000002
v 2.500000 4.999996 23.000002
v -2.500000 4.999996 23.000000
v -1.500000 4.999996 23.000000
v 2.500000 4.999998 14.000000
v -2.500000 4.999998 14.000000
v 1.500000 4.999998 14.000000
v 2.500000 6.999998 14.000000
v -1.500000 4.999998 14.000000
v -0.500000 4.999998 14.000000
v 0.500000 4.999998 14.000000
v -2.500000 6.999998 14.000000
v -2.500000 6.999998 15.000000
v -2.500000 6.999998 16.000000
v -1.500000 6.999997 17.000002
v -0.500000 6.999997 17.000002
v 2.500000 6.999998 15.000000
v 2.500000 6.999998 16.000000
v 1.500000 6.999998 14.000000
v 1.500000 6.999998 15.000000
v 1.500000 6.999998 16.000000
v -1.500000 6.999998 14.000000
v -0.500000 6.999998 14.000000
v 0.500000 6.999998 14.000000
v -1.500000 6.999998 15.000000
v -0.500000 6.999998 15.000000
v 0.500000 6.999998 15.000000
v -1.500000 6.999998 16.000000
v -0.500000 6.999998 16.000000
v 0.500000 6.999998 16.000000
v 1.500000 6.999997 17.000002
v 0.500000 6.999997 17.000002
v -0.500000 6.999997 18.000002
v -1.500000 6.999997 18.000002
v 1.500000 6.999997 18.000002
v 0.500000 6.999997 18.000002
v -1.500000 6.999997 17.000002
v -2.500000 6.999997 17.000002
v 1.500000 6.999997 17.000002
v 2.500000 6.999997 17.000002
v -1.500000 4.999998 13.000000
v 1.500000 4.999998 13.000000
v 2.500000 4.999998 13.000000
v 0.500000 4.999998 13.000000
v -0.500000 4.999998 13.000000
v -2.500000 4.999998 13.000000
v -1.500000 4.999998 12.000000
v 1.500000 4.999998 12.000000
v 2.500000 4.999998 12.000000
v 0.500000 4.999998 12.000000
v -0.500000 4.999998 12.000000
v -2.500000 4.999998 12.000000
v -1.500000 4.999998 11.000000
v 1.500000 4.999998 11.000000
v 2.500000 4.999998 11.000000
v 0.500000 4.999998 11.000000
v -0.500000 4.999998 11.000000
v -2.500000 4.999998 11.000000
v -1.500000 4.999999 10.000000
v 1.500000 4.999999 10.000000
v 2.500000 4.999999 10.000000
v 0.500000 4.999999 10.000000
v -0.500000 4.999999 10.000000
v -2.500000 4.999999 10.000000
v 2.500000 4.999999 6.000001
v -1.500000 5.999999 7.000001
v -2.500000 5.999999 7.000001
v 2.500000 4.999999 7.000001
v 2.500000 4.999999 8.000001
v 1.500000 4.999999 6.000001
v 1.500000 4.999999 7.000001
v 1.500000 4.999999 8.000001
v -1.500000 4.999999 6.000001
v -0.500000 4.999999 6.000001
v 0.500000 4.999999 6.000001
v -1.500000 4.999999 7.000001
v -0.500000 4.999999 7.000001
v 0.500000 4.999999 7.000001
v -1.500000 4.999999 8.000001
v -0.500000 4.999999 8.000001
v 0.500000 4.999999 8.000001
v -2.500000 6.999999 7.000001
v -2.500000 6.999999 6.000001
v -1.500000 6.999999 6.000001
v -1.500000 6.999999 7.000001
v -2.500000 5.999999 8.000001
v -1.500000 5.999999 8.000001
v -2.500000 6.999999 8.000001
v -1.500000 6.999999 8.000001
v -1.500000 5.000000 2.000001
v -1.500000 5.000000 3.000001
v -2.500000 8.999999 3.000001
v -2.500000 9.000000 2.000001
v -1.500000 9.000000 2.000001
v -1.500000 8.999999 3.000001
v -2.500000 8.999999 4.000001
v -1.500000 8.999999 4.000001
v -2.500000 13.986753 -7.987292
v -1.500000 13.993377 -7.993644
v -1.500000 5.000001 -5.999999
v -1.500000 5.000001 -4.999999
v -0.500000 3.000002 -9.999998
v -0.500000 3.000001 -8.999998
v 0.500000 6.000001 -9.999998
v 0.500000 6.000001 -8.999998
v -0.500000 14.000002 -9.999997
v 0.500000 14.000002 -9.999997
v -0.500000 14.000002 -8.999997
v 0.500000 14.000002 -8.999997
v -0.500000 14.000001 -7.999998
v 0.500000 14.000001 -7.999998
v -1.500000 13.993378 -9.003748
v -2.500000 13.986753 -9.007498
v -0.500000 14.000002 -10.999997
v 0.500000 14.000002 -10.999997
v -0.500000 14.000002 -11.999997
v 0.500000 14.000002 -11.999997
v -0.500000 14.000002 -12.999997
v 0.500000 14.000002 -12.999997
v 1.500000 14.000002 -11.999997
v 1.500000 14.000002 -12.999997
v 2.500000 14.000002 -11.999997
v 2.500000 14.000002 -12.999997
v -0.500000 17.000002 -11.999996
v 0.500000 17.000002 -11.999996
v -0.500000 17.000002 -12.999996
v 0.500000 17.000002 -12.999996
v -0.500000 14.000002 -13.999997
v 0.500000 14.000002 -13.999997
v -0.500000 14.000003 -14.999997
v 0.500000 14.000003 -14.999997
v -0.500000 14.000003 -15.999997
v 0.500000 14.000003 -15.999997
v -1.500000 14.000002 -11.999997
v -1.500000 14.000002 -12.999997
v -1.500000 14.000002 -11.999997
v -1.500000 14.000002 -12.999997
v -2.500000 14.000002 -11.999997
v -2.500000 14.000002 -12.999997
v -0.500000 5.000002 -12.999998
v -0.500000 5.000002 -11.999998
v -0.500000 7.000002 -12.999998
v 0.500000 7.000002 -12.999998
v 0.500000 7.000002 -11.999998
v -0.500000 5.000000 2.000001
v 0.500000 5.000000 2.000001
v -0.500000 5.000000 3.000001
v 0.500000 5.000000 3.000001
v -0.500000 5.000000 2.000001
v -0.500000 5.000000 3.000001
v -0.500000 5.000000 1.000001
v 0.500000 5.000000 1.000001
v -0.500000 5.000000 0.000001
v 0.500000 5.000000 0.000001
v -0.500000 5.000000 -0.999999
v 0.500000 5.000000 -0.999999
v -0.500000 5.000000 -1.999999
v 0.500000 5.000000 -1.999999
v -0.500000 5.000001 -5.999999
v -0.500000 5.000001 -4.999999
v 0.500000 5.000001 -5.999999
v 0.500000 5.000001 -4.999999
v 1.500000 5.000001 -5.999999
v 1.500000 5.000001 -4.999999
v 0.500000 5.000000 -3.999999
v 1.500000 5.000000 -3.999999
v 0.500000 5.000000 -2.999999
v 1.500000 5.000000 -2.999999
v 1.500000 6.000001 -9.999998
v 1.500000 6.000001 -8.999998
v 2.500000 6.000001 -9.999998
v 2.500000 6.000001 -8.999998
v 1.500000 6.000001 -7.999999
v 2.500000 6.000001 -7.999999
v 1.500000 6.000001 -7.999999
v 2.500000 6.000001 -7.999999
v 1.500000 6.000001 -6.999999
v 2.500000 6.000001 -6.999999
v 1.500000 7.000002 -12.999998
v 1.500000 7.000002 -11.999998
v 2.500000 7.000002 -12.999998
v 2.500000 7.000002 -11.999998
v 1.500000 7.000002 -10.999998
v 2.500000 7.000002 -10.999998
v -0.500000 7.000002 -13.999998
v 0.500000 7.000002 -13.999998
v 1.500000 7.000002 -13.999998
v -0.500000 7.000002 -14.999998
v 0.500000 7.000002 -14.999998
v -0.500000 7.000002 -15.999998
v 0.500000 7.000002 -15.999998
v 1.500000 3.000001 -6.000000
v 1.500000 3.000001 -5.000000
v 2.500000 3.000001 -6.000000
v 2.500000 3.000001 -5.000000
v -1.500000 3.000002 -9.999998
v -1.500000 3.000001 -8.999998
v -2.500000 3.000002 -9.999998
v -2.500000 3.000001 -8.999998
v 1.500000 4.000001 -9.999998
v 1.500000 4.000001 -8.999998
v 2.500000 4.000001 -9.999998
v 2.500000 4.000001 -8.999998
v -1.500000 5.000002 -12.999998
v -1.500000 5.000002 -11.999998
v 2.492696 5.998199 19.999607
v 2.500000 5.999997 21.000004
v 1.492696 5.998199 19.999605
v 1.500000 5.999997 21.000004
v -2.500000 5.999997 21.000000
v -2.500000 5.999997 20.000000
v -1.500000 5.999997 20.000000
v -1.500000 5.999997 21.000000
v 1.500000 4.999996 24.000002
v 2.500000 4.999996 24.000002
v -2.500000 4.999996 24.000000
v -1.500000 4.999996 24.000000
v -0.500000 1.999995 27.999998
v 0.500000 1.999995 27.999998
v -0.500000 1.999995 29.000000
v 0.500000 1.999995 29.000000
v -0.500000 3.999996 25.000000
v 0.500000 3.999996 25.000000
v -0.500000 3.999996 26.000000
v 0.500000 3.999996 26.000000
v 1.500000 5.000000 2.000001
v 1.500000 5.000000 3.000001
v 2.500000 5.000000 2.000001
v 2.500000 5.000000 3.000001
v -0.500000 2.000003 -17.000000
v 0.500000 2.000003 -17.000000
v -0.500000 2.000003 -15.999999
v 0.500000 2.000003 -15.999999
v -0.500000 3.000003 -18.000000
v 0.500000 3.000003 -18.000000
v -0.500000 3.000003 -17.000000
v 0.500000 3.000003 -17.000000
v -0.500000 3.000003 -19.000000
v 0.500000 3.000003 -19.000000
v -0.500000 3.000003 -20.000000
v 0.500000 3.000003 -20.000000
v -0.500000 4.000003 -20.000000
v 0.500000 4.000003 -20.000000
v -0.500000 4.000003 -21.000002
v 0.500000 4.000003 -21.000002
v -0.500000 4.000004 -22.000002
v 0.500000 4.000004 -22.000002
v 1.500000 4.000003 -21.000002
v 1.500000 4.000004 -22.000002
v 2.500000 4.000003 -21.000002
v 2.500000 4.000004 -22.000002
v -1.500000 4.000003 -21.000002
v -1.500000 4.000004 -22.000002
v -2.500000 4.000003 -21.000002
v -2.500000 4.000004 -22.000002
v -2.500000 5.000004 -22.000000
v -2.500000 5.000004 -23.000000
v 2.500000 5.000004 -23.000000
v 2.500000 5.000004 -21.999998
v 1.500000 5.000004 -23.000000
v 1.500000 5.000004 -22.000000
v -1.500000 5.000004 -23.000000
v -0.500000 5.000004 -23.000000
v 0.500000 5.000004 -23.000000
v -1.500000 5.000004 -22.000000
v -0.500000 5.000004 -22.000000
v 0.500000 5.000004 -22.000000
v 1.500000 5.000004 -24.000000
v 0.500000 5.000004 -24.000000
v 1.500000 5.000004 -24.000000
v 2.500000 5.000004 -24.000000
v -1.500000 5.000004 -24.000000
v -2.500000 5.000004 -24.000000
v -0.500000 5.000004 -24.000000
v 1.500000 5.000004 -25.000002
v 0.500000 5.000004 -25.000002
v 1.500000 5.000004 -25.000002
v 2.500000 5.000004 -25.000002
v -1.500000 5.000004 -25.000002
v -2.500000 5.000004 -25.000002
v -0.500000 5.000004 -25.000002
v 1.500000 5.000004 -26.000002
v 0.500000 5.000004 -26.000002
v 1.500000 5.000004 -26.000002
v 2.500000 5.000004 -26.000002
v -1.500000 5.000004 -26.000002
v -2.500000 5.000004 -26.000002
v -0.500000 5.000004 -26.000002
v 1.500000 5.000004 -27.000004
v 0.500000 5.000004 -27.000004
v 1.500000 5.000004 -27.000004
v 2.500000 5.000004 -27.000004
v -1.500000 5.000004 -27.000004
v -2.500000 5.000004 -27.000004
v -0.500000 5.000004 -27.000004
v 1.500000 5.000005 -28.000004
v 0.500000 5.000005 -28.000004
v 1.500000 5.000005 -28.000004
v 2.500000 5.000005 -28.000004
v -0.500000 2.000005 -28.000000
v 0.500000 2.000005 -28.000000
v -0.500000 2.000004 -27.000000
v 0.500000 2.000004 -27.000000
v -0.500000 2.000005 -30.000000
v 0.500000 2.000005 -30.000000
v -0.500000 2.000005 -29.000000
v 0.500000 2.000005 -29.000000
v -2.500000 4.000005 -29.000000
v -2.500000 4.000005 -30.000000
v 1.500000 4.000005 -30.000000
v 2.500000 4.000005 -30.000000
v 2.500000 4.000005 -29.000000
v 1.500000 4.000005 -29.000002
v -1.500000 4.000005 -30.000000
v -0.500000 4.000005 -30.000000
v 0.500000 4.000005 -30.000000
v -1.500000 4.000005 -29.000000
v -0.500000 4.000005 -29.000000
v 0.500000 4.000005 -29.000000
v -0.500000 2.000005 -28.000000
v 0.500000 2.000005 -28.000000
v 1.500000 5.000005 -29.000004
v 0.500000 5.000005 -29.000004
vn -0.0000 1.0000 -0.0000
vn -0.0000 0.9485 0.3168
vn -0.0000 -1.0000 -0.0000
vn -0.0000 1.0000 -0.0018
vn -0.0015 0.8946 0.4468
vn 0.0003 0.8940 0.4480
vn 0.0015 0.8947 0.4466
vn -0.0066 1.0000 -0.0000
vn -0.0034 0.8952 0.4457
vn -0.0046 0.8945 0.4471
vn -0.0016 0.8946 0.4468
vt 0.825000 0.725000
vt 0.775000 0.725000
vt 0.825000 0.729167
vt 0.775000 0.729167
vt 0.625000 0.729167
vt 0.875000 0.729167
vt 0.875000 0.733333
vt 0.875000 0.737500
vt 0.625000 0.733333
vt 0.625000 0.737500
vt 0.675000 0.729167
vt 0.675000 0.733333
vt 0.675000 0.737500
vt 0.825000 0.729167
vt 0.775000 0.729167
vt 0.725000 0.729167
vt 0.825000 0.733333
vt 0.775000 0.733333
vt 0.725000 0.733333
vt 0.825000 0.737500
vt 0.775000 0.737500
vt 0.725000 0.737500
vt 0.875000 0.712500
vt 0.875000 0.716667
vt 0.725000 0.716667
vt 0.625000 0.712500
vt 0.625000 0.716667
vt 0.675000 0.708333
vt 0.675000 0.712500
vt 0.675000 0.716667
vt 0.825000 0.708333
vt 0.775000 0.708333
vt 0.725000 0.708333
vt 0.825000 0.712500
vt 0.775000 0.712500
vt 0.725000 0.712500
vt 0.825000 0.716667
vt 0.775000 0.716667
vt 0.725000 0.716667
vt 0.775000 0.716667
vt 0.675000 0.716667
vt 0.625000 0.716667
vt 0.875000 0.716667
vt 0.825000 0.716667
vt 0.625000 0.683333
vt 0.875000 0.683333
vt 0.675000 0.683333
vt 0.625000 0.683333
vt 0.825000 0.683333
vt 0.775000 0.683333
vt 0.725000 0.683333
vt 0.875000 0.683333
vt 0.875000 0.687500
vt 0.875000 0.691667
vt 0.825000 0.691667
vt 0.775000 0.691667
vt 0.625000 0.687500
vt 0.625000 0.691667
vt 0.675000 0.683333
vt 0.675000 0.687500
vt 0.675000 0.691667
vt 0.825000 0.683333
vt 0.775000 0.683333
vt 0.725000 0.683333
vt 0.825000 0.687500
vt 0.775000 0.687500
vt 0.725000 0.687500
vt 0.825000 0.691667
vt 0.775000 0.691667
vt 0.725000 0.691667
vt 0.675000 0.691667
vt 0.725000 0.691667
vt 0.775000 0.691667
vt 0.825000 0.691667
vt 0.675000 0.691667
vt 0.725000 0.691667
vt 0.825000 0.691667
vt 0.875000 0.691667
vt 0.675000 0.691667
vt 0.625000 0.691667
vt 0.825000 0.683333
vt 0.675000 0.683333
vt 0.625000 0.683333
vt 0.725000 0.683333
vt 0.775000 0.683333
vt 0.875000 0.683333
vt 0.825000 0.683333
vt 0.675000 0.683333
vt 0.625000 0.683333
vt 0.725000 0.683333
vt 0.775000 0.683333
vt 0.875000 0.683333
vt 0.825000 0.683333
vt 0.675000 0.683333
vt 0.625000 0.683333
vt 0.725000 0.683333
vt 0.775000 0.683333
vt 0.875000 0.683333
vt 0.825000 0.683333
vt 0.675000 0.683333
vt 0.625000 0.683333
vt 0.725000 0.683333
vt 0.775000 0.683333
vt 0.875000 0.683333
vt 0.625000 0.650000
vt 0.825000 0.654167
vt 0.875000 0.654167
vt 0.625000 0.654167
vt 0.625000 0.658333
vt 0.675000 0.650000
vt 0.675000 0.654167
vt 0.675000 0.658333
vt 0.825000 0.650000
vt 0.775000 0.650000
vt 0.725000 0.650000
vt 0.825000 0.654167
vt 0.775000 0.654167
vt 0.725000 0.654167
vt 0.825000 0.658333
vt 0.775000 0.658333
vt 0.725000 0.658333
vt 0.875000 0.654167
vt 0.875000 0.650000
vt 0.825000 0.650000
vt 0.825000 0.654167
vt 0.875000 0.654167
vt 0.825000 0.654167
vt 0.875000 0.654167
vt 0.825000 0.654167
vt 0.825000 0.633333
vt 0.825000 0.637500
vt 0.875000 0.637500
vt 0.875000 0.633333
vt 0.825000 0.633333
vt 0.825000 0.637500
vt 0.875000 0.637500
vt 0.825000 0.637500
vt 0.875000 0.633333
vt 0.775000 0.587500
vt 0.825000 0.633333
vt 0.825000 0.600000
vt 0.825000 0.604167
vt 0.775000 0.583333
vt 0.775000 0.587500
vt 0.725000 0.583333
vt 0.725000 0.587500
vt 0.775000 0.583333
vt 0.725000 0.583333
vt 0.775000 0.587500
vt 0.725000 0.587500
vt 0.775000 0.587500
vt 0.725000 0.587500
vt 0.775000 0.587500
vt 0.825000 0.633333
vt 0.875000 0.633333
vt 0.775000 0.583333
vt 0.725000 0.583333
vt 0.775000 0.583333
vt 0.725000 0.583333
vt 0.775000 0.583333
vt 0.725000 0.583333
vt 0.725000 0.583333
vt 0.725000 0.583333
vt 0.725000 0.583333
vt 0.725000 0.583333
vt 0.775000 0.583333
vt 0.725000 0.583333
vt 0.775000 0.583333
vt 0.725000 0.583333
vt 0.775000 0.583333
vt 0.725000 0.583333
vt 0.775000 0.583333
vt 0.725000 0.583333
vt 0.775000 0.583333
vt 0.725000 0.583333
vt 0.775000 0.583333
vt 0.775000 0.583333
vt 0.775000 0.583333
vt 0.775000 0.583333
vt 0.775000 0.583333
vt 0.775000 0.583333
vt 0.775000 0.570833
vt 0.775000 0.575000
vt 0.775000 0.570833
vt 0.725000 0.570833
vt 0.725000 0.575000
vt 0.775000 0.633333
vt 0.725000 0.633333
vt 0.775000 0.637500
vt 0.725000 0.637500
vt 0.825000 0.633333
vt 0.825000 0.637500
vt 0.775000 0.633333
vt 0.725000 0.633333
vt 0.775000 0.633333
vt 0.725000 0.633333
vt 0.775000 0.633333
vt 0.725000 0.633333
vt 0.775000 0.633333
vt 0.725000 0.633333
vt 0.825000 0.600000
vt 0.825000 0.604167
vt 0.825000 0.600000
vt 0.825000 0.604167
vt 0.825000 0.600000
vt 0.825000 0.604167
vt 0.825000 0.604167
vt 0.825000 0.604167
vt 0.825000 0.604167
vt 0.825000 0.604167
vt 0.725000 0.583333
vt 0.725000 0.587500
vt 0.725000 0.583333
vt 0.725000 0.587500
vt 0.725000 0.587500
vt 0.725000 0.587500
vt 0.725000 0.587500
vt 0.725000 0.587500
vt 0.725000 0.587500
vt 0.725000 0.587500
vt 0.725000 0.570833
vt 0.725000 0.575000
vt 0.725000 0.570833
vt 0.725000 0.575000
vt 0.725000 0.575000
vt 0.725000 0.575000
vt 0.775000 0.570833
vt 0.725000 0.570833
vt 0.725000 0.570833
vt 0.775000 0.570833
vt 0.725000 0.570833
vt 0.775000 0.570833
vt 0.725000 0.570833
vt 0.750000 0.600000
vt 0.750000 0.604167
vt 0.625000 0.600000
vt 0.625000 0.604167
vt 0.775000 0.583333
vt 0.775000 0.587500
vt 0.775000 0.583333
vt 0.775000 0.587500
vt 0.725000 0.583333
vt 0.725000 0.587500
vt 0.725000 0.583333
vt 0.725000 0.587500
vt 0.775000 0.570833
vt 0.775000 0.575000
vt 0.625000 0.691667
vt 0.625000 0.708333
vt 0.625000 0.712500
vt 0.675000 0.691667
vt 0.675000 0.708333
vt 0.675000 0.712500
vt 0.875000 0.712500
vt 0.875000 0.708333
vt 0.825000 0.708333
vt 0.825000 0.712500
vt 0.675000 0.716667
vt 0.625000 0.716667
vt 0.875000 0.716667
vt 0.825000 0.716667
vt 0.775000 0.741667
vt 0.725000 0.741667
vt 0.775000 0.745833
vt 0.725000 0.745833
vt 0.775000 0.729167
vt 0.725000 0.729167
vt 0.775000 0.733333
vt 0.725000 0.733333
vt 0.725000 0.633333
vt 0.725000 0.637500
vt 0.725000 0.633333
vt 0.725000 0.637500
vt 0.775000 0.554167
vt 0.725000 0.554167
vt 0.775000 0.558333
vt 0.725000 0.558333
vt 0.775000 0.550000
vt 0.725000 0.550000
vt 0.775000 0.554167
vt 0.725000 0.554167
vt 0.775000 0.545833
vt 0.725000 0.545833
vt 0.775000 0.545833
vt 0.725000 0.545833
vt 0.775000 0.545833
vt 0.725000 0.545833
vt 0.775000 0.545833
vt 0.725000 0.545833
vt 0.775000 0.545833
vt 0.725000 0.545833
vt 0.725000 0.545833
vt 0.725000 0.545833
vt 0.725000 0.545833
vt 0.725000 0.545833
vt 0.775000 0.545833
vt 0.775000 0.545833
vt 0.775000 0.545833
vt 0.775000 0.545833
vt 0.875000 0.533333
vt 0.875000 0.529167
vt 0.625000 0.529167
vt 0.625000 0.533333
vt 0.675000 0.529167
vt 0.675000 0.533333
vt 0.825000 0.529167
vt 0.775000 0.529167
vt 0.725000 0.529167
vt 0.825000 0.533333
vt 0.775000 0.533333
vt 0.725000 0.533333
vt 0.675000 0.529167
vt 0.725000 0.529167
vt 0.675000 0.529167
vt 0.625000 0.529167
vt 0.825000 0.529167
vt 0.875000 0.529167
vt 0.775000 0.529167
vt 0.675000 0.529167
vt 0.725000 0.529167
vt 0.675000 0.529167
vt 0.625000 0.529167
vt 0.825000 0.529167
vt 0.875000 0.529167
vt 0.775000 0.529167
vt 0.675000 0.529167
vt 0.725000 0.529167
vt 0.675000 0.529167
vt 0.625000 0.529167
vt 0.825000 0.529167
vt 0.875000 0.529167
vt 0.775000 0.529167
vt 0.675000 0.529167
vt 0.725000 0.529167
vt 0.675000 0.529167
vt 0.625000 0.529167
vt 0.825000 0.529167
vt 0.875000 0.529167
vt 0.775000 0.529167
vt 0.675000 0.529167
vt 0.725000 0.529167
vt 0.675000 0.529167
vt 0.625000 0.529167
vt 0.775000 0.508333
vt 0.725000 0.508333
vt 0.775000 0.512500
vt 0.725000 0.512500
vt 0.775000 0.500000
vt 0.725000 0.500000
vt 0.775000 0.504167
vt 0.725000 0.504167
vt 0.875000 0.504167
vt 0.875000 0.500000
vt 0.675000 0.500000
vt 0.625000 0.500000
vt 0.625000 0.504167
vt 0.675000 0.516667
vt 0.825000 0.500000
vt 0.775000 0.500000
vt 0.700000 0.425000
vt 0.825000 0.504167
vt 0.775000 0.504167
vt 0.750000 0.516667
vt 0.775000 0.508333
vt 0.725000 0.508333
vt 0.675000 0.529167
vt 0.725000 0.529167
s 0
g off
g SAFEGROUND_TOP_LighterTopColorSAFEGROUND
usemtl LighterTopColorSAFEGROUND
f 2369/2396/23 2157/2180/23 2156/2179/23
f 2384/2411/23 2381/2408/23 2382/2409/23
f 2396/2423/23 2393/2420/23 2394/2421/23
f 2402/2429/23 2399/2426/23 2400/2427/23
f 2422/2449/23 2415/2442/23 2419/2446/23
f 2440/2467/23 2432/2459/23 2433/2460/23
f 2441/2468/23 2435/2462/23 2434/2461/23
f 2159/2182/23 2153/2176/23 2152/2175/23
f 2400/2427/23 2397/2424/23 2398/2425/23
f 2433/2460/23 2425/2452/23 2426/2453/23
f 2184/2207/23 2182/2205/23 2181/2204/23
f 2475/2502/23 2462/2489/23 2461/2488/23
f 2236/2259/23 2226/2249/23 2233/2256/23
f 2123/2146/23 2132/2155/23 2122/2145/23
f 2416/2443/23 2413/2440/23 2415/2442/23
f 2140/2163/23 2145/2168/23 2154/2177/23
f 2176/2199/23 2172/2195/23 2175/2198/23
f 2451/2478/23 2445/2472/23 2444/2471/23
f 2275/2300/23 2274/2299/23 2272/2297/23
f 2290/2315/23 2271/2296/23 2273/2298/23
f 2199/2222/23 2165/2188/23 2166/2189/23
f 2284/2309/23 2273/2298/23 2274/2299/23
f 2389/2416/23 2394/2421/23 2393/2420/23
f 2151/2174/23 2143/2166/23 2148/2171/23
f 2194/2217/24 2361/2386/24 2195/2218/24
f 2149/2172/23 2147/2170/23 2146/2169/23
f 2145/2168/23 2141/2164/23 2144/2167/23
f 2265/2289/23 2264/2288/23 2263/2287/23
f 2454/2481/23 2446/2473/23 2447/2474/23
f 2443/2470/23 2434/2461/23 2436/2463/23
f 2471/2498/23 2468/2495/23 2465/2492/23
f 2359/2384/23 2296/2321/23 2295/2320/23
f 2468/2495/23 2466/2493/23 2465/2492/23
f 2474/2501/23 2470/2497/23 2473/2500/23
f 2118/2141/23 2117/2140/23 2116/2139/23
f 2461/2488/23 2460/2487/23 2459/2486/23
f 2202/2225/23 2201/2224/23 2196/2219/23
f 2156/2179/23 2142/2165/23 2145/2168/23
f 2270/2295/23 2261/2285/23 2262/2286/23
f 2444/2471/23 2438/2465/23 2437/2464/23
f 2447/2474/23 2439/2466/23 2440/2467/23
f 2437/2464/23 2431/2458/23 2430/2457/23
f 2180/2203/23 2178/2201/23 2177/2200/23
f 2434/2461/23 2428/2455/23 2427/2454/23
f 2429/2456/23 2417/2444/23 2418/2445/23
f 2427/2454/23 2412/2439/23 2417/2444/23
f 2423/2450/23 2419/2446/23 2415/2442/23
f 2351/2376/23 2258/2282/23 2257/2281/23
f 2408/2435/23 2399/2426/23 2401/2428/23
f 2410/2437/23 2407/2434/23 2408/2435/23
f 2181/2204/23 2179/2202/23 2178/2201/23
f 2322/2347/23 2321/2346/23 2320/2345/23
f 2237/2260/23 2239/2262/23 2238/2261/23
f 2387/2414/23 2386/2413/23 2385/2412/23
f 2150/2173/23 2148/2171/23 2147/2170/23
f 2405/2432/23 2404/2431/23 2403/2430/23
f 2379/2406/23 2378/2405/23 2377/2404/23
f 2375/2402/23 2374/2401/23 2373/2400/23
f 2463/2490/23 2469/2496/23 2464/2491/23
f 2153/2176/23 2151/2174/23 2150/2173/23
f 2335/2360/23 2298/2323/23 2299/2324/23
f 2127/2150/23 2120/2143/23 2126/2149/23
f 2132/2155/23 2130/2153/23 2129/2152/23
f 2477/2504/23 2452/2479/23 2451/2478/23
f 2426/2453/23 2415/2442/23 2413/2440/23
f 2247/2270/23 2249/2272/23 2248/2271/23
f 2154/2177/23 2144/2167/23 2151/2174/23
f 2139/2162/23 2149/2172/23 2138/2161/23
f 2155/2178/23 2154/2177/23 2153/2176/23
f 2136/2159/23 2134/2157/23 2133/2156/23
f 2182/2205/23 2174/2197/23 2179/2202/23
f 2203/2226/23 2199/2222/23 2197/2220/23
f 2200/2223/23 2164/2187/23 2165/2188/23
f 2191/2214/23 2186/2209/23 2187/2210/23
f 2185/2208/23 2175/2198/23 2182/2205/23
f 2187/2210/23 2176/2199/23 2185/2208/23
f 2171/2194/23 2185/2208/23 2184/2207/23
f 2189/2212/23 2171/2194/23 2170/2193/23
f 2227/2250/23 2223/2246/23 2226/2249/23
f 2170/2193/23 2184/2207/23 2183/2206/23
f 2169/2192/23 2180/2203/23 2168/2191/23
f 2188/2211/23 2187/2210/23 2171/2194/23
f 2198/2221/23 2162/2185/23 2160/2183/23
f 2194/2217/23 2173/2196/23 2176/2199/23
f 2168/2191/23 2177/2200/23 2167/2190/23
f 2193/2216/23 2183/2206/23 2169/2192/23
f 2197/2220/23 2166/2189/23 2162/2185/23
f 2204/2227/23 2197/2220/23 2198/2221/23
f 2209/2232/23 2205/2228/23 2203/2226/23
f 2205/2228/23 2200/2223/23 2199/2222/23
f 2206/2229/23 2196/2219/23 2200/2223/23
f 2210/2233/23 2203/2226/23 2204/2227/23
f 2215/2238/23 2211/2234/23 2209/2232/23
f 2208/2231/23 2207/2230/23 2202/2225/23
f 2211/2234/23 2206/2229/23 2205/2228/23
f 2212/2235/23 2202/2225/23 2206/2229/23
f 2216/2239/23 2209/2232/23 2210/2233/23
f 2358/2383/23 2355/2380/23 2356/2381/23
f 2214/2237/23 2213/2236/23 2208/2231/23
f 2217/2240/23 2212/2235/23 2211/2234/23
f 2218/2241/23 2208/2231/23 2212/2235/23
f 2226/2249/23 2220/2243/23 2225/2248/23
f 2457/2484/23 2456/2483/23 2455/2482/23
f 2251/2274/23 2250/2273/23 2247/2270/23
f 2175/2198/23 2163/2186/23 2174/2197/23
f 2231/2254/23 2229/2252/23 2228/2251/23
f 2235/2258/23 2233/2256/23 2232/2255/23
f 2436/2463/23 2427/2454/23 2429/2456/23
f 2234/2257/23 2232/2255/23 2231/2254/23
f 2158/2181/23 2152/2175/23 2139/2162/23
f 2242/2265/25 2222/2245/25 2221/2244/25
f 2243/2266/23 2240/2263/23 2237/2260/23
f 2371/2398/23 2159/2182/23 2158/2181/23
f 2361/2387/26 2364/2391/26 2362/2388/26
f 2391/2418/23 2390/2417/23 2389/2416/23
f 2249/2272/27 2253/2276/28 2248/2271/29
f 2277/2302/23 2276/2301/23 2275/2300/23
f 2265/2289/30 2267/2291/30 2254/2277/30
f 2254/2278/30 2268/2293/30 2253/2276/30
f 2411/2438/23 2417/2444/23 2412/2439/23
f 2288/2313/23 2285/2310/23 2286/2311/23
f 2307/2332/23 2300/2325/23 2301/2326/23
f 2286/2311/23 2283/2308/23 2284/2309/23
f 2309/2334/23 2306/2331/23 2307/2332/23
f 2311/2336/23 2308/2333/23 2309/2334/23
f 2272/2297/23 2269/2294/23 2270/2295/23
f 2294/2319/23 2291/2316/23 2292/2317/23
f 2305/2330/23 2245/2268/23 2246/2269/23
f 2313/2338/23 2310/2335/23 2311/2336/23
f 2319/2344/23 2316/2341/23 2317/2342/23
f 2315/2340/23 2255/2279/23 2256/2280/23
f 2317/2342/23 2314/2339/23 2315/2340/23
f 2337/2362/23 2334/2359/23 2335/2360/23
f 2420/2447/23 2418/2445/23 2417/2444/23
f 2320/2345/23 2319/2344/23 2317/2342/23
f 2421/2448/23 2419/2446/23 2418/2445/23
f 2327/2352/23 2324/2349/23 2325/2350/23
f 2328/2353/23 2327/2352/23 2325/2350/23
f 2332/2357/23 2331/2356/23 2330/2355/23
f 2342/2367/23 2298/2323/23 2334/2359/23
f 2341/2366/23 2297/2322/23 2298/2323/23
f 2338/2363/23 2337/2362/23 2335/2360/23
f 2344/2369/23 2340/2365/23 2341/2366/23
f 2353/2378/23 2352/2377/23 2351/2376/23
f 2365/2392/23 2367/2394/23 2366/2393/23
f 2232/2255/23 2230/2253/23 2229/2252/23
f 2325/2350/23 2259/2283/23 2260/2284/23
f 2346/2371/23 2343/2368/23 2344/2369/23
f 2152/2175/23 2150/2173/23 2149/2172/23
f 2137/2160/23 2127/2150/23 2134/2157/23
f 2382/2409/23 2301/2326/23 2303/2328/23
f 2183/2206/23 2181/2204/23 2180/2203/23
f 2302/2327/23 2301/2326/23 2300/2325/23
f 2403/2430/23 2402/2429/23 2400/2427/23
f 2135/2158/23 2133/2156/23 2132/2155/23
f 2348/2373/23 2349/2374/23 2347/2372/23
f 2430/2457/23 2424/2451/23 2423/2450/23
f 2128/2151/23 2124/2147/23 2127/2150/23
f 2282/2307/23 2279/2304/23 2280/2305/23
f 2450/2477/23 2441/2468/23 2443/2470/23
f 2122/2145/23 2129/2152/23 2121/2144/23
f 2196/2219/23 2161/2184/23 2164/2187/23
f 2263/2287/23 2262/2286/23 2261/2285/23
f 2233/2256/23 2225/2248/23 2230/2253/23
f 2448/2475/23 2442/2469/23 2441/2468/23
f 2134/2157/23 2126/2149/23 2131/2154/23
f 2472/2499/23 2470/2497/23 2469/2496/23
f 2369/2396/23 2370/2397/23 2157/2180/23
f 2384/2411/23 2383/2410/23 2381/2408/23
f 2396/2423/23 2395/2422/23 2393/2420/23
f 2402/2429/23 2401/2428/23 2399/2426/23
f 2422/2449/23 2416/2443/23 2415/2442/23
f 2440/2467/23 2439/2466/23 2432/2459/23
f 2441/2468/23 2442/2469/23 2435/2462/23
f 2159/2182/23 2155/2178/23 2153/2176/23
f 2400/2427/23 2399/2426/23 2397/2424/23
f 2433/2460/23 2432/2459/23 2425/2452/23
f 2184/2207/23 2185/2208/23 2182/2205/23
f 2475/2502/23 2476/2503/23 2462/2489/23
f 2236/2259/23 2227/2250/23 2226/2249/23
f 2123/2146/23 2135/2158/23 2132/2155/23
f 2416/2443/23 2414/2441/23 2413/2440/23
f 2140/2163/23 2156/2179/23 2145/2168/23
f 2176/2199/23 2173/2196/23 2172/2195/23
f 2451/2478/23 2452/2479/23 2445/2472/23
f 2275/2300/23 2276/2301/23 2274/2299/23
f 2290/2315/23 2289/2314/23 2271/2296/23
f 2199/2222/23 2200/2223/23 2165/2188/23
f 2284/2309/23 2283/2308/23 2273/2298/23
f 2389/2416/23 2390/2417/23 2394/2421/23
f 2151/2174/23 2144/2167/23 2143/2166/23
f 2194/2217/24 2363/2389/24 2361/2386/24
f 2149/2172/23 2150/2173/23 2147/2170/23
f 2145/2168/23 2142/2165/23 2141/2164/23
f 2265/2289/23 2266/2290/23 2264/2288/23
f 2454/2481/23 2453/2480/23 2446/2473/23
f 2443/2470/23 2441/2468/23 2434/2461/23
f 2471/2498/23 2474/2501/23 2468/2495/23
f 2359/2384/23 2360/2385/23 2296/2321/23
f 2468/2495/23 2467/2494/23 2466/2493/23
f 2474/2501/23 2471/2498/23 2470/2497/23
f 2118/2141/23 2119/2142/23 2117/2140/23
f 2461/2488/23 2462/2489/23 2460/2487/23
f 2202/2225/23 2207/2230/23 2201/2224/23
f 2156/2179/23 2157/2180/23 2142/2165/23
f 2270/2295/23 2269/2294/23 2261/2285/23
f 2444/2471/23 2445/2472/23 2438/2465/23
f 2447/2474/23 2446/2473/23 2439/2466/23
f 2437/2464/23 2438/2465/23 2431/2458/23
f 2180/2203/23 2181/2204/23 2178/2201/23
f 2434/2461/23 2435/2462/23 2428/2455/23
f 2429/2456/23 2427/2454/23 2417/2444/23
f 2427/2454/23 2428/2455/23 2412/2439/23
f 2423/2450/23 2424/2451/23 2419/2446/23
f 2351/2376/23 2352/2377/23 2258/2282/23
f 2408/2435/23 2407/2434/23 2399/2426/23
f 2410/2437/23 2409/2436/23 2407/2434/23
f 2181/2204/23 2182/2205/23 2179/2202/23
f 2322/2347/23 2323/2348/23 2321/2346/23
f 2237/2260/23 2240/2263/23 2239/2262/23
f 2387/2414/23 2388/2415/23 2386/2413/23
f 2150/2173/23 2151/2174/23 2148/2171/23
f 2405/2432/23 2406/2433/23 2404/2431/23
f 2379/2406/23 2380/2407/23 2378/2405/23
f 2375/2402/23 2376/2403/23 2374/2401/23
f 2463/2490/23 2472/2499/23 2469/2496/23
f 2153/2176/23 2154/2177/23 2151/2174/23
f 2335/2360/23 2334/2359/23 2298/2323/23
f 2127/2150/23 2124/2147/23 2120/2143/23
f 2132/2155/23 2133/2156/23 2130/2153/23
f 2477/2504/23 2478/2505/23 2452/2479/23
f 2426/2453/23 2425/2452/23 2415/2442/23
f 2247/2270/23 2250/2273/23 2249/2272/23
f 2154/2177/23 2145/2168/23 2144/2167/23
f 2139/2162/23 2152/2175/23 2149/2172/23
f 2155/2178/23 2140/2163/23 2154/2177/23
f 2136/2159/23 2137/2160/23 2134/2157/23
f 2182/2205/23 2175/2198/23 2174/2197/23
f 2203/2226/23 2205/2228/23 2199/2222/23
f 2200/2223/23 2196/2219/23 2164/2187/23
f 2191/2214/23 2190/2213/23 2186/2209/23
f 2185/2208/23 2176/2199/23 2175/2198/23
f 2187/2210/23 2186/2209/23 2176/2199/23
f 2171/2194/23 2187/2210/23 2185/2208/23
f 2189/2212/23 2188/2211/23 2171/2194/23
f 2227/2250/23 2224/2247/23 2223/2246/23
f 2170/2193/23 2171/2194/23 2184/2207/23
f 2169/2192/23 2183/2206/23 2180/2203/23
f 2188/2211/23 2191/2214/23 2187/2210/23
f 2198/2221/23 2197/2220/23 2162/2185/23
f 2194/2217/23 2195/2218/23 2173/2196/23
f 2168/2191/23 2180/2203/23 2177/2200/23
f 2193/2216/23 2192/2215/23 2183/2206/23
f 2197/2220/23 2199/2222/23 2166/2189/23
f 2204/2227/23 2203/2226/23 2197/2220/23
f 2209/2232/23 2211/2234/23 2205/2228/23
f 2205/2228/23 2206/2229/23 2200/2223/23
f 2206/2229/23 2202/2225/23 2196/2219/23
f 2210/2233/23 2209/2232/23 2203/2226/23
f 2215/2238/23 2217/2240/23 2211/2234/23
f 2208/2231/23 2213/2236/23 2207/2230/23
f 2211/2234/23 2212/2235/23 2206/2229/23
f 2212/2235/23 2208/2231/23 2202/2225/23
f 2216/2239/23 2215/2238/23 2209/2232/23
f 2358/2383/23 2357/2382/23 2355/2380/23
f 2214/2237/23 2219/2242/23 2213/2236/23
f 2217/2240/23 2218/2241/23 2212/2235/23
f 2218/2241/23 2214/2237/23 2208/2231/23
f 2226/2249/23 2223/2246/23 2220/2243/23
f 2457/2484/23 2458/2485/23 2456/2483/23
f 2251/2274/23 2252/2275/23 2250/2273/23
f 2175/2198/23 2172/2195/23 2163/2186/23
f 2231/2254/23 2232/2255/23 2229/2252/23
f 2235/2258/23 2236/2259/23 2233/2256/23
f 2436/2463/23 2434/2461/23 2427/2454/23
f 2234/2257/23 2235/2258/23 2232/2255/23
f 2158/2181/23 2159/2182/23 2152/2175/23
f 2242/2265/25 2241/2264/25 2222/2245/25
f 2243/2266/23 2244/2267/23 2240/2263/23
f 2371/2398/23 2372/2399/23 2159/2182/23
f 2361/2387/26 2363/2390/26 2364/2391/26
f 2391/2418/23 2392/2419/23 2390/2417/23
f 2249/2272/31 2254/2278/32 2253/2276/33
f 2277/2302/23 2278/2303/23 2276/2301/23
f 2265/2289/30 2263/2287/30 2267/2291/30
f 2254/2278/30 2267/2292/30 2268/2293/30
f 2411/2438/23 2420/2447/23 2417/2444/23
f 2288/2313/23 2287/2312/23 2285/2310/23
f 2307/2332/23 2306/2331/23 2300/2325/23
f 2286/2311/23 2285/2310/23 2283/2308/23
f 2309/2334/23 2308/2333/23 2306/2331/23
f 2311/2336/23 2310/2335/23 2308/2333/23
f 2272/2297/23 2271/2296/23 2269/2294/23
f 2294/2319/23 2293/2318/23 2291/2316/23
f 2305/2330/23 2304/2329/23 2245/2268/23
f 2313/2338/23 2312/2337/23 2310/2335/23
f 2319/2344/23 2318/2343/23 2316/2341/23
f 2315/2340/23 2314/2339/23 2255/2279/23
f 2317/2342/23 2316/2341/23 2314/2339/23
f 2337/2362/23 2336/2361/23 2334/2359/23
f 2420/2447/23 2421/2448/23 2418/2445/23
f 2320/2345/23 2321/2346/23 2319/2344/23
f 2421/2448/23 2422/2449/23 2419/2446/23
f 2327/2352/23 2326/2351/23 2324/2349/23
f 2328/2353/23 2329/2354/23 2327/2352/23
f 2332/2357/23 2333/2358/23 2331/2356/23
f 2342/2367/23 2341/2366/23 2298/2323/23
f 2341/2366/23 2340/2365/23 2297/2322/23
f 2338/2363/23 2339/2364/23 2337/2362/23
f 2344/2369/23 2343/2368/23 2340/2365/23
f 2353/2378/23 2354/2379/23 2352/2377/23
f 2365/2392/23 2368/2395/23 2367/2394/23
f 2232/2255/23 2233/2256/23 2230/2253/23
f 2325/2350/23 2324/2349/23 2259/2283/23
f 2346/2371/23 2345/2370/23 2343/2368/23
f 2152/2175/23 2153/2176/23 2150/2173/23
f 2137/2160/23 2128/2151/23 2127/2150/23
f 2382/2409/23 2381/2408/23 2301/2326/23
f 2183/2206/23 2184/2207/23 2181/2204/23
f 2302/2327/23 2303/2328/23 2301/2326/23
f 2403/2430/23 2404/2431/23 2402/2429/23
f 2135/2158/23 2136/2159/23 2133/2156/23
f 2348/2373/23 2350/2375/23 2349/2374/23
f 2430/2457/23 2431/2458/23 2424/2451/23
f 2128/2151/23 2125/2148/23 2124/2147/23
f 2282/2307/23 2281/2306/23 2279/2304/23
f 2450/2477/23 2448/2475/23 2441/2468/23
f 2122/2145/23 2132/2155/23 2129/2152/23
f 2196/2219/23 2201/2224/23 2161/2184/23
f 2263/2287/23 2264/2288/23 2262/2286/23
f 2233/2256/23 2226/2249/23 2225/2248/23
f 2448/2475/23 2449/2476/23 2442/2469/23
f 2134/2157/23 2127/2150/23 2126/2149/23
f 2472/2499/23 2473/2500/23 2470/2497/23
g INSTAKILL_SIDES_Mesh
v -2.500000 -0.000005 30.000000
v -2.500000 0.999995 30.000000
v -2.500000 0.000005 -30.000000
v -2.500000 1.000005 -30.000000
v 2.500000 -0.000005 30.000000
v 2.500000 0.999995 30.000000
v 2.500000 0.000005 -30.000000
v 2.500000 1.000005 -30.000000
v -2.500000 0.000005 -29.000000
v -2.500000 0.000005 -27.999998
v -2.500000 0.000004 -27.000000
v -2.500000 0.000004 -26.000000
v -2.500000 0.000004 -25.000000
v -2.500000 0.000004 -23.999998
v -2.500000 0.000004 -23.000000
v -2.500000 0.000004 -21.999998
v -2.500000 0.000003 -20.999998
v -2.500000 0.000003 -19.999998
v -2.500000 0.000003 -19.000000
v -2.500000 0.000003 -18.000000
v -2.500000 0.000003 -17.000000
v -2.500000 0.000003 -15.999999
v -2.500000 0.000002 -14.999999
v -2.500000 0.000002 -13.999999
v -2.500000 0.000002 -12.999999
v -2.500000 0.000002 -11.999999
v -2.500000 0.000002 -10.999999
v -2.500000 0.000002 -9.999999
v -2.500000 0.000001 -8.999999
v -2.500000 0.000001 -8.000000
v -2.500000 0.000001 -7.000000
v -2.500000 0.000001 -6.000000
v -2.500000 0.000001 -5.000000
v -2.500000 0.000001 -4.000000
v -2.500000 0.000000 -3.000000
v -2.500000 0.000000 -2.000000
v -2.500000 0.000000 -1.000000
v -2.500000 0.000000 0.000000
v -2.500000 -0.000000 1.000000
v -2.500000 -0.000000 2.000000
v -2.500000 -0.000000 3.000000
v -2.500000 -0.000001 4.000000
v -2.500000 -0.000001 5.000000
v -2.500000 -0.000001 6.000000
v -2.500000 -0.000001 7.000000
v -2.500000 -0.000001 8.000000
v -2.500000 -0.000001 8.999999
v -2.500000 -0.000002 9.999999
v -2.500000 -0.000002 10.999999
v -2.500000 -0.000002 11.999999
v -2.500000 -0.000002 12.999999
v -2.500000 -0.000002 13.999999
v -2.500000 -0.000002 14.999999
v -2.500000 -0.000003 15.999999
v -2.500000 -0.000003 17.000000
v -2.500000 -0.000003 18.000000
v -2.500000 -0.000003 19.000000
v -2.500000 -0.000003 20.000000
v -2.500000 -0.000003 21.000002
v -2.500000 -0.000004 22.000000
v -2.500000 -0.000004 23.000000
v -2.500000 -0.000004 24.000000
v -2.500000 -0.000004 25.000002
v -2.500000 -0.000004 26.000000
v -2.500000 -0.000004 27.000000
v -2.500000 -0.000005 28.000000
v -2.500000 -0.000005 29.000000
v -2.500000 0.999995 29.000000
v -2.500000 0.999995 27.999998
v -2.500000 0.999996 27.000000
v -2.500000 0.999996 26.000000
v -2.500000 0.999996 25.000000
v -2.500000 0.999996 23.999998
v -2.500000 0.999996 23.000000
v -2.500000 0.999996 21.999998
v -2.500000 0.999997 20.999998
v -2.500000 0.999997 19.999998
v -2.500000 0.999997 19.000000
v -2.500000 0.999997 18.000000
v -2.500000 0.999997 17.000000
v -2.500000 0.999997 15.999999
v -2.500000 0.999998 14.999999
v -2.500000 0.999998 13.999999
v -2.500000 0.999998 12.999999
v -2.500000 0.999998 11.999999
v -2.500000 0.999998 10.999999
v -2.500000 0.999998 9.999999
v -2.500000 0.999999 8.999999
v -2.500000 0.999999 8.000000
v -2.500000 0.999999 7.000000
v -2.500000 0.999999 6.000000
v -2.500000 0.999999 5.000000
v -2.500000 0.999999 4.000000
v -2.500000 1.000000 3.000000
v -2.500000 1.000000 2.000000
v -2.500000 1.000000 1.000000
v -2.500000 1.000000 0.000000
v -2.500000 1.000000 -1.000000
v -2.500000 1.000000 -2.000000
v -2.500000 1.000000 -3.000000
v -2.500000 1.000001 -4.000000
v -2.500000 1.000001 -5.000000
v -2.500000 1.000001 -6.000000
v -2.500000 1.000001 -7.000000
v -2.500000 1.000001 -8.000000
v -2.500000 1.000001 -8.999999
v -2.500000 1.000002 -9.999999
v -2.500000 1.000002 -10.999999
v -2.500000 1.000002 -11.999999
v -2.500000 1.000002 -12.999999
v -2.500000 1.000002 -13.999999
v -2.500000 1.000003 -14.999999
v -2.500000 1.000003 -15.999999
v -2.500000 1.000003 -17.000000
v -2.500000 1.000003 -18.000000
v -2.500000 1.000003 -19.000000
v -2.500000 1.000003 -20.000000
v -2.500000 1.000003 -21.000002
v -2.500000 1.000004 -22.000000
v -2.500000 1.000004 -23.000000
v -2.500000 1.000004 -24.000000
v -2.500000 1.000004 -25.000002
v -2.500000 1.000004 -26.000000
v -2.500000 1.000004 -27.000000
v -2.500000 1.000005 -28.000000
v -2.500000 1.000005 -29.000000
v 2.500000 -0.000005 29.000000
v 2.500000 -0.000005 27.999998
v 2.500000 -0.000004 27.000000
v 2.500000 -0.000004 26.000000
v 2.500000 -0.000004 25.000000
v 2.500000 -0.000004 23.999998
v 2.500000 -0.000004 23.000000
v 2.500000 -0.000004 21.999998
v 2.500000 -0.000003 20.999998
v 2.500000 -0.000003 19.999998
v 2.500000 -0.000003 19.000000
v 2.500000 -0.000003 18.000000
v 2.500000 -0.000003 17.000000
v 2.500000 -0.000003 15.999999
v 2.500000 -0.000002 14.999999
v 2.500000 -0.000002 13.999999
v 2.500000 -0.000002 12.999999
v 2.500000 -0.000002 11.999999
v 2.500000 -0.000002 10.999999
v 2.500000 -0.000002 9.999999
v 2.500000 -0.000001 8.999999
v 2.500000 -0.000001 8.000000
v 2.500000 -0.000001 7.000000
v 2.500000 -0.000001 6.000000
v 2.500000 -0.000001 5.000000
v 2.500000 -0.000001 4.000000
v 2.500000 -0.000000 3.000000
v 2.500000 -0.000000 2.000000
v 2.500000 -0.000000 1.000000
v 2.500000 0.000000 0.000000
v 2.500000 0.000000 -1.000000
v 2.500000 0.000000 -2.000000
v 2.500000 0.000000 -3.000000
v 2.500000 0.000001 -4.000000
v 2.500000 0.000001 -5.000000
v 2.500000 0.000001 -6.000000
v 2.500000 0.000001 -7.000000
v 2.500000 0.000001 -8.000000
v 2.500000 0.000001 -8.999999
v 2.500000 0.000002 -9.999999
v 2.500000 0.000002 -10.999999
v 2.500000 0.000002 -11.999999
v 2.500000 0.000002 -12.999999
v 2.500000 0.000002 -13.999999
v 2.500000 0.000002 -14.999999
v 2.500000 0.000003 -15.999999
v 2.500000 0.000003 -17.000000
v 2.500000 0.000003 -18.000000
v 2.500000 0.000003 -19.000000
v 2.500000 0.000003 -20.000000
v 2.500000 0.000003 -21.000002
v 2.500000 0.000004 -22.000000
v 2.500000 0.000004 -23.000000
v 2.500000 0.000004 -24.000000
v 2.500000 0.000004 -25.000002
v 2.500000 0.000004 -26.000000
v 2.500000 0.000004 -27.000000
v 2.500000 0.000005 -28.000000
v 2.500000 0.000005 -29.000000
v 2.500000 1.000005 -29.000000
v 2.500000 1.000005 -27.999998
v 2.500000 1.000004 -27.000000
v 2.500000 1.000004 -26.000000
v 2.500000 1.000004 -25.000000
v 2.500000 1.000004 -23.999998
v 2.500000 1.000004 -23.000000
v 2.500000 1.000004 -21.999998
v 2.500000 1.000003 -20.999998
v 2.500000 1.000003 -19.999998
v 2.500000 1.000003 -19.000000
v 2.500000 1.000003 -18.000000
v 2.500000 1.000003 -17.000000
v 2.500000 1.000003 -15.999999
v 2.500000 1.000003 -14.999999
v 2.500000 1.000002 -13.999999
v 2.500000 1.000002 -12.999999
v 2.500000 1.000002 -11.999999
v 2.500000 1.000002 -10.999999
v 2.500000 1.000002 -9.999999
v 2.500000 1.000001 -8.999999
v 2.500000 1.000001 -8.000000
v 2.500000 1.000001 -7.000000
v 2.500000 1.000001 -6.000000
v 2.500000 1.000001 -5.000000
v 2.500000 1.000001 -4.000000
v 2.500000 1.000000 -3.000000
v 2.500000 1.000000 -2.000000
v 2.500000 1.000000 -1.000000
v 2.500000 1.000000 0.000000
v 2.500000 1.000000 1.000000
v 2.500000 1.000000 2.000000
v 2.500000 1.000000 3.000000
v 2.500000 0.999999 4.000000
v 2.500000 0.999999 5.000000
v 2.500000 0.999999 6.000000
v 2.500000 0.999999 7.000000
v 2.500000 0.999999 8.000000
v 2.500000 0.999999 8.999999
v 2.500000 0.999998 9.999999
v 2.500000 0.999998 10.999999
v 2.500000 0.999998 11.999999
v 2.500000 0.999998 12.999999
v 2.500000 0.999998 13.999999
v 2.500000 0.999998 14.999999
v 2.500000 0.999997 15.999999
v 2.500000 0.999997 17.000000
v 2.500000 0.999997 18.000000
v 2.500000 0.999997 19.000000
v 2.500000 0.999997 20.000000
v 2.500000 0.999997 21.000002
v 2.500000 0.999996 22.000000
v 2.500000 0.999996 23.000000
v 2.500000 0.999996 24.000000
v 2.500000 0.999996 25.000002
v 2.500000 0.999996 26.000000
v 2.500000 0.999996 27.000000
v 2.500000 0.999995 28.000000
v 2.500000 0.999995 29.000000
v -0.500000 1.000005 -29.000000
v 0.500000 1.000005 -29.000000
v -0.500000 1.000005 -28.000000
v 0.500000 1.000005 -28.000000
v -0.500000 1.000004 -27.000000
v 0.500000 1.000004 -27.000000
v -0.500000 1.000003 -19.000000
v 0.500000 1.000003 -19.000000
v -0.500000 1.000003 -18.000000
v 0.500000 1.000003 -18.000000
v -0.500000 1.000003 -17.000000
v 0.500000 1.000003 -17.000000
v -0.500000 1.000003 -15.999999
v 0.500000 1.000003 -15.999999
v -0.500000 1.000002 -12.999999
v 0.500000 1.000002 -12.999999
v -0.500000 1.000002 -11.999999
v 0.500000 1.000002 -11.999999
v -1.500000 1.000002 -9.999999
v -0.500000 1.000002 -9.999999
v 0.500000 1.000002 -9.999999
v 1.500000 1.000002 -9.999999
v -1.500000 1.000001 -8.999999
v -0.500000 1.000001 -8.999999
v 0.500000 1.000001 -8.999999
v 1.500000 1.000001 -8.999999
v -1.500000 1.000001 -6.000000
v -0.500000 1.000001 -6.000000
v 0.500000 1.000001 -6.000000
v 1.500000 1.000001 -6.000000
v -1.500000 1.000001 -5.000000
v -0.500000 1.000001 -5.000000
v 0.500000 1.000001 -5.000000
v 1.500000 1.000001 -5.000000
v -0.500000 1.000000 2.000000
v -0.500000 1.000000 3.000000
v 2.500000 1.999999 6.000000
v -2.500000 1.999999 6.000000
v -2.500000 1.999999 7.000000
v -2.500000 1.999999 8.000000
v 2.500000 1.999998 13.999999
v -2.500000 1.999998 13.999999
v -2.500000 1.999997 14.999999
v -2.500000 1.999997 15.999999
v 2.500000 2.999997 20.000000
v -2.500000 2.999997 19.999998
v -2.500000 2.999997 20.999998
v -2.500000 2.999996 21.999998
v 2.500000 2.999996 25.000002
v -2.500000 2.999996 25.000000
v -2.500000 2.999996 26.000000
v -2.500000 2.999996 27.000000
v -0.500000 0.999995 27.999998
v 0.500000 0.999995 27.999998
v -0.500000 0.999995 29.000000
v 0.500000 0.999995 29.000000
v -2.500000 1.999996 27.000000
v -2.500000 1.999996 26.000000
v -2.500000 1.999996 25.000000
v 2.500000 1.999996 25.000002
v 2.500000 1.999996 26.000000
v 2.500000 1.999996 27.000000
v 2.500000 2.999996 26.000000
v 2.500000 2.999996 27.000000
v -0.500000 2.999996 25.000000
v 0.500000 2.999996 25.000000
v -0.500000 2.999996 26.000000
v 0.500000 2.999996 26.000000
v -2.500000 1.999996 21.999998
v -2.500000 1.999997 20.999998
v -2.500000 1.999997 19.999998
v 2.500000 1.999997 20.000000
v 2.500000 1.999997 21.000002
v 2.500000 1.999996 22.000000
v 2.500000 2.999997 20.000000
v -2.500000 2.999997 19.999998
v -2.500000 2.999997 20.999998
v -2.500000 2.999996 21.999998
v 2.500000 2.999997 21.000002
v 2.500000 2.999996 22.000000
v 2.500000 3.999997 20.000000
v -2.500000 3.999997 19.999998
v -2.500000 3.999997 20.999998
v -2.500000 3.999996 21.999998
v 2.500000 2.999997 21.000002
v 2.500000 2.999996 22.000000
v 2.500000 3.999997 21.000002
v 2.500000 3.999996 22.000000
v 2.500000 4.999997 20.000000
v -2.500000 4.999997 19.999998
v -2.500000 4.999997 20.999998
v -2.500000 4.999996 21.999998
v -2.500000 3.999996 21.999998
v -2.500000 3.999997 20.999998
v -2.500000 3.999997 19.999998
v 2.500000 3.999997 20.000000
v 2.500000 3.999997 21.000002
v 2.500000 3.999996 22.000000
v 2.500000 3.999996 23.000002
v 1.500000 3.999996 23.000002
v 2.500000 4.999997 21.000002
v 2.500000 4.999996 22.000000
v 1.500000 4.999997 19.999998
v 1.500000 4.999997 21.000002
v -1.500000 4.999997 19.999998
v -1.500000 4.999997 20.999998
v -2.500000 3.999996 23.000000
v -1.500000 3.999996 23.000000
v 1.500000 4.999996 23.000002
v 2.500000 4.999996 23.000002
v -2.500000 4.999996 23.000000
v -1.500000 4.999996 23.000000
v -2.500000 1.999997 15.999999
v -2.500000 1.999997 14.999999
v -2.500000 1.999998 13.999999
v 2.500000 1.999998 13.999999
v 2.500000 1.999997 14.999999
v 2.500000 1.999997 15.999999
v 2.500000 2.999998 14.000000
v -2.500000 2.999998 14.000000
v -2.500000 2.999998 15.000000
v -2.500000 2.999997 16.000000
v 2.500000 1.999997 14.999999
v 2.500000 1.999997 15.999999
v 2.500000 3.999998 14.000000
v -2.500000 3.999998 14.000000
v -2.500000 3.999998 15.000000
v -2.500000 3.999997 16.000000
v 2.500000 2.999998 15.000000
v 2.500000 2.999997 16.000000
v 2.500000 4.999998 14.000000
v -2.500000 4.999998 14.000000
v -2.500000 4.999998 15.000000
v -2.500000 4.999998 16.000000
v 2.500000 3.999998 15.000000
v 2.500000 3.999997 16.000000
v 2.500000 5.999998 14.000000
v -2.500000 5.999998 14.000000
v -2.500000 5.999998 15.000000
v -2.500000 5.999998 16.000000
v 2.500000 4.999998 15.000000
v 2.500000 4.999998 16.000000
v 2.500000 6.999998 14.000000
v -2.500000 6.999998 14.000000
v -2.500000 6.999998 15.000000
v -2.500000 6.999998 16.000000
v 2.500000 5.999998 15.000000
v 2.500000 5.999998 16.000000
v -1.500000 6.999997 17.000002
v 1.500000 5.999998 16.000000
v -1.500000 5.999997 17.000002
v -1.500000 5.999998 16.000000
v 2.500000 6.999998 15.000000
v 2.500000 6.999998 16.000000
v 1.500000 6.999998 16.000000
v -1.500000 6.999998 16.000000
v 1.500000 5.999997 17.000002
v 1.500000 6.999997 17.000002
v -1.500000 5.999997 18.000002
v -1.500000 6.999997 18.000002
v 1.500000 5.999997 18.000002
v 1.500000 6.999997 18.000002
v 1.500000 5.999997 17.000002
v 2.500000 5.999997 17.000002
v -1.500000 5.999997 17.000002
v -1.500000 6.999997 17.000002
v -2.500000 5.999997 17.000002
v -2.500000 6.999997 17.000002
v 1.500000 6.999997 17.000002
v 2.500000 6.999997 17.000002
v 2.500000 3.999998 13.000000
v -2.500000 3.999998 13.000000
v 2.500000 4.999998 13.000000
v -2.500000 4.999998 13.000000
v 2.500000 3.999998 12.000000
v -2.500000 3.999998 12.000000
v 2.500000 4.999998 12.000000
v -2.500000 4.999998 12.000000
v 2.500000 3.999998 11.000000
v -2.500000 3.999998 11.000000
v 2.500000 4.999998 11.000000
v -2.500000 4.999998 11.000000
v 2.500000 3.999998 10.000000
v -2.500000 3.999998 10.000000
v 2.500000 4.999999 10.000000
v -2.500000 4.999999 10.000000
v -2.500000 1.999999 8.000000
v -2.500000 1.999999 7.000000
v -2.500000 1.999999 6.000000
v 2.500000 1.999999 6.000000
v 2.500000 1.999999 7.000000
v 2.500000 1.999999 8.000000
v 2.500000 2.999999 6.000000
v -2.500000 2.999999 6.000000
v -2.500000 2.999999 7.000000
v -2.500000 2.999999 8.000001
v 2.500000 1.999999 7.000000
v 2.500000 1.999999 8.000000
v 2.500000 3.999999 6.000000
v -2.500000 3.999999 6.000000
v -2.500000 3.999999 7.000000
v -2.500000 3.999999 8.000001
v 2.500000 2.999999 7.000000
v 2.500000 2.999999 8.000001
v 2.500000 4.999999 6.000001
v -2.500000 4.999999 6.000001
v -2.500000 4.999999 7.000001
v -2.500000 4.999999 8.000001
v 2.500000 3.999999 7.000000
v 2.500000 3.999999 8.000001
v -1.500000 5.999999 7.000001
v -1.500000 5.999999 6.000001
v -2.500000 5.999999 6.000001
v -2.500000 5.999999 7.000001
v 2.500000 4.999999 7.000001
v 2.500000 4.999999 8.000001
v -1.500000 4.999999 6.000001
v -1.500000 4.999999 7.000001
v -2.500000 6.999999 7.000001
v -2.500000 6.999999 6.000001
v -1.500000 6.999999 6.000001
v -1.500000 6.999999 7.000001
v -2.500000 5.999999 8.000001
v -1.500000 5.999999 8.000001
v -2.500000 6.999999 8.000001
v -1.500000 6.999999 8.000001
v -2.500000 2.000000 3.000000
v -2.500000 2.000000 2.000000
v -2.500000 3.000000 3.000000
v -2.500000 3.000000 2.000000
v -2.500000 4.000000 3.000001
v -2.500000 4.000000 2.000001
v -2.500000 5.000000 3.000001
v -2.500000 5.000000 2.000001
v -1.500000 5.000000 2.000001
v -1.500000 5.000000 3.000001
v -2.500000 6.000000 3.000001
v -2.500000 6.000000 2.000001
v -1.500000 6.000000 2.000001
v -1.500000 6.000000 3.000001
v -2.500000 7.000000 3.000001
v -2.500000 7.000000 2.000001
v -1.500000 7.000000 2.000001
v -1.500000 7.000000 3.000001
v -2.500000 8.000000 3.000001
v -2.500000 8.000000 2.000001
v -1.500000 8.000000 2.000001
v -1.500000 8.000000 3.000001
v -2.500000 8.999999 3.000001
v -2.500000 9.000000 2.000001
v -1.500000 9.000000 2.000001
v -1.500000 8.999999 3.000001
v -2.500000 8.000000 4.000001
v -1.500000 8.000000 4.000001
v -2.500000 8.999999 4.000001
v -1.500000 8.999999 4.000001
v -2.500000 12.986753 -7.987292
v -1.500000 12.993377 -7.993644
v -2.500000 13.986753 -7.987292
v -1.500000 13.993377 -7.993644
v -2.500000 2.000001 -5.000000
v -2.500000 2.000001 -6.000000
v -1.500000 2.000001 -6.000000
v -1.500000 2.000001 -5.000000
v -2.500000 3.000001 -5.000000
v -2.500000 3.000001 -6.000000
v -1.500000 3.000001 -6.000000
v -1.500000 3.000001 -5.000000
v -2.500000 4.000001 -5.000000
v -2.500000 4.000001 -6.000000
v -1.500000 4.000001 -6.000000
v -1.500000 4.000001 -5.000000
v -2.500000 5.000001 -4.999999
v -2.500000 5.000001 -5.999999
v -1.500000 5.000001 -5.999999
v -1.500000 5.000001 -4.999999
v -2.500000 6.000001 -4.999999
v -2.500000 6.000001 -5.999999
v -1.500000 6.000001 -5.999999
v -1.500000 6.000001 -4.999999
v -2.500000 7.000001 -4.999999
v -2.500000 7.000001 -5.999999
v -1.500000 7.000001 -5.999999
v -1.500000 7.000001 -4.999999
v -2.500000 8.000001 -4.999999
v -2.500000 8.000001 -5.999999
v -1.500000 8.000001 -5.999999
v -1.500000 8.000001 -4.999999
v -2.500000 9.000001 -4.999999
v -2.500000 9.000001 -5.999999
v -1.500000 9.000001 -5.999999
v -1.500000 9.000001 -4.999999
v -2.500000 10.000001 -4.999999
v -2.500000 10.000001 -5.999999
v -1.500000 10.000001 -5.999999
v -1.500000 10.000001 -4.999999
v -2.500000 11.000001 -4.999998
v -2.500000 11.000001 -5.999998
v -1.500000 11.000001 -5.999998
v -1.500000 11.000001 -4.999998
v -2.500000 11.510186 -4.999998
v -2.500000 11.998380 -5.999998
v -1.500000 11.998380 -5.999998
v -1.500000 11.510186 -4.999998
v -0.500000 2.000002 -9.999999
v 0.500000 2.000002 -9.999999
v -0.500000 2.000001 -8.999999
v 0.500000 2.000001 -8.999999
v -0.500000 3.000002 -9.999998
v 0.500000 3.000002 -9.999998
v -0.500000 3.000001 -8.999998
v 0.500000 3.000001 -8.999998
v -0.500000 4.000001 -9.999998
v 0.500000 4.000001 -9.999998
v -0.500000 4.000001 -8.999998
v 0.500000 4.000001 -8.999998
v -0.500000 5.000001 -9.999998
v -0.500000 5.000001 -8.999998
v -0.500000 6.000001 -9.999998
v 0.500000 6.000001 -9.999998
v -0.500000 6.000001 -8.999998
v 0.500000 6.000001 -8.999998
v -0.500000 7.000001 -9.999998
v 0.500000 7.000001 -9.999998
v -0.500000 7.000001 -8.999998
v 0.500000 7.000001 -8.999998
v -0.500000 8.000002 -9.999998
v 0.500000 8.000002 -9.999998
v -0.500000 8.000002 -8.999998
v 0.500000 8.000002 -8.999998
v -0.500000 9.000002 -9.999997
v 0.500000 9.000002 -9.999997
v -0.500000 9.000002 -8.999997
v 0.500000 9.000002 -8.999997
v -0.500000 10.000002 -9.999997
v 0.500000 10.000002 -9.999997
v -0.500000 10.000002 -8.999997
v 0.500000 10.000002 -8.999997
v -0.500000 11.000002 -9.999997
v 0.500000 11.000002 -9.999997
v -0.500000 11.000002 -8.999997
v 0.500000 11.000002 -8.999997
v -0.500000 12.000002 -9.999997
v 0.500000 12.000002 -9.999997
v -0.500000 12.000002 -8.999997
v 0.500000 12.000002 -8.999997
v -0.500000 13.000002 -9.999997
v 0.500000 13.000002 -9.999997
v -0.500000 13.000002 -8.999997
v 0.500000 13.000002 -8.999997
v -0.500000 14.000002 -9.999997
v 0.500000 14.000002 -9.999997
v -0.500000 14.000002 -8.999997
v 0.500000 14.000002 -8.999997
v 0.500000 13.000001 -7.999998
v 0.500000 14.000001 -7.999998
v -1.500000 12.993378 -9.003748
v -1.500000 13.993378 -9.003748
v -2.500000 12.986753 -9.007498
v -2.500000 13.986753 -9.007498
v -0.500000 13.000002 -10.999997
v 0.500000 13.000002 -10.999997
v -0.500000 14.000002 -10.999997
v 0.500000 14.000002 -10.999997
v -0.500000 13.000002 -11.999997
v 0.500000 13.000002 -11.999997
v -0.500000 14.000002 -11.999997
v 0.500000 14.000002 -11.999997
v -0.500000 13.000002 -12.999997
v 0.500000 13.000002 -12.999997
v -0.500000 14.000002 -12.999997
v 0.500000 14.000002 -12.999997
v -0.500000 15.000002 -11.999996
v 0.500000 15.000002 -11.999996
v -0.500000 15.000002 -12.999996
v 0.500000 15.000002 -12.999996
v -0.500000 16.000002 -11.999996
v 0.500000 16.000002 -11.999996
v -0.500000 16.000002 -12.999996
v 0.500000 16.000002 -12.999996
v 2.500000 13.000002 -11.999997
v 2.500000 14.000002 -11.999997
v 2.500000 13.000002 -12.999997
v 2.500000 14.000002 -12.999997
v -0.500000 17.000002 -11.999996
v 0.500000 17.000002 -11.999996
v -0.500000 17.000002 -12.999996
v 0.500000 17.000002 -12.999996
v -0.500000 13.000002 -13.999997
v 0.500000 13.000002 -13.999997
v -0.500000 14.000002 -13.999997
v 0.500000 14.000002 -13.999997
v -0.500000 13.000003 -14.999997
v 0.500000 13.000003 -14.999997
v -0.500000 14.000003 -14.999997
v 0.500000 14.000003 -14.999997
v -0.500000 13.000003 -15.999997
v 0.500000 13.000003 -15.999997
v -0.500000 14.000003 -15.999997
v 0.500000 14.000003 -15.999997
v -2.500000 14.000002 -11.999997
v -2.500000 13.000002 -11.999997
v -2.500000 14.000002 -12.999997
v -2.500000 13.000002 -12.999997
v -0.500000 2.000002 -12.999999
v 0.500000 2.000002 -12.999999
v -0.500000 2.000002 -11.999999
v 0.500000 2.000002 -11.999999
v -0.500000 3.000002 -12.999998
v 0.500000 3.000002 -12.999998
v -0.500000 3.000002 -11.999998
v 0.500000 3.000002 -11.999998
v -0.500000 4.000002 -12.999998
v 0.500000 4.000002 -12.999998
v -0.500000 4.000002 -11.999998
v 0.500000 4.000002 -11.999998
v -0.500000 5.000002 -12.999998
v 0.500000 5.000002 -12.999998
v -0.500000 5.000002 -11.999998
v 0.500000 5.000002 -11.999998
v -0.500000 6.000002 -12.999998
v 0.500000 6.000002 -12.999998
v -0.500000 6.000002 -11.999998
v 0.500000 6.000002 -11.999998
v -0.500000 7.000002 -12.999998
v 0.500000 7.000002 -12.999998
v -0.500000 7.000002 -11.999998
v 0.500000 7.000002 -11.999998
v -0.500000 8.000002 -12.999998
v 0.500000 8.000002 -12.999998
v -0.500000 8.000002 -11.999998
v 0.500000 8.000002 -11.999998
v -0.500000 9.000002 -12.999997
v 0.500000 9.000002 -12.999997
v -0.500000 9.000002 -11.999997
v 0.500000 9.000002 -11.999997
v -0.500000 10.000002 -12.999997
v 0.500000 10.000002 -12.999997
v -0.500000 10.000002 -11.999997
v 0.500000 10.000002 -11.999997
v -0.500000 11.000002 -12.999997
v 0.500000 11.000002 -12.999997
v -0.500000 11.000002 -11.999997
v 0.500000 11.000002 -11.999997
v -0.500000 12.000002 -12.999997
v 0.500000 12.000002 -12.999997
v -0.500000 12.000002 -11.999997
v 0.500000 12.000002 -11.999997
v -0.500000 13.000002 -12.999997
v 0.500000 13.000002 -12.999997
v -0.500000 13.000002 -11.999997
v 0.500000 13.000002 -11.999997
v -0.500000 2.000000 2.000000
v -0.500000 2.000000 3.000000
v -0.500000 3.000000 2.000000
v -0.500000 3.000000 3.000000
v -0.500000 4.000000 2.000001
v 0.500000 4.000000 2.000001
v -0.500000 4.000000 3.000001
v -0.500000 5.000000 2.000001
v 0.500000 5.000000 2.000001
v -0.500000 5.000000 3.000001
v -0.500000 4.000000 2.000001
v -0.500000 4.000000 3.000001
v -0.500000 5.000000 2.000001
v -0.500000 5.000000 3.000001
v -0.500000 4.000000 1.000001
v 0.500000 4.000000 1.000001
v -0.500000 5.000000 1.000001
v 0.500000 5.000000 1.000001
v -0.500000 4.000000 0.000001
v 0.500000 4.000000 0.000001
v -0.500000 5.000000 0.000001
v 0.500000 5.000000 0.000001
v -0.500000 4.000000 -0.999999
v 0.500000 4.000000 -0.999999
v -0.500000 5.000000 -0.999999
v 0.500000 5.000000 -0.999999
v -0.500000 4.000000 -1.999999
v 0.500000 4.000000 -1.999999
v -0.500000 5.000000 -1.999999
v 0.500000 5.000000 -1.999999
v 0.500000 4.000001 -6.000000
v 0.500000 4.000001 -5.000000
v 0.500000 5.000001 -4.999999
v 1.500000 4.000001 -6.000000
v 1.500000 4.000001 -5.000000
v 1.500000 5.000001 -5.999999
v 1.500000 5.000001 -4.999999
v 0.500000 4.000000 -3.999999
v 0.500000 5.000000 -3.999999
v 1.500000 4.000000 -3.999999
v 1.500000 5.000000 -3.999999
v 0.500000 4.000000 -2.999999
v 0.500000 5.000000 -2.999999
v 1.500000 4.000000 -2.999999
v 1.500000 5.000000 -2.999999
v 1.500000 5.000001 -8.999998
v 1.500000 6.000001 -8.999998
v 2.500000 5.000001 -9.999998
v 2.500000 5.000001 -8.999998
v 2.500000 6.000001 -9.999998
v 2.500000 6.000001 -8.999998
v 1.500000 5.000001 -7.999999
v 1.500000 6.000001 -7.999999
v 2.500000 5.000001 -7.999999
v 2.500000 6.000001 -7.999999
v 1.500000 5.000001 -7.999999
v 1.500000 6.000001 -7.999999
v 2.500000 5.000001 -7.999999
v 2.500000 6.000001 -7.999999
v 1.500000 5.000001 -6.999999
v 1.500000 6.000001 -6.999999
v 2.500000 5.000001 -6.999999
v 2.500000 6.000001 -6.999999
v 1.500000 6.000002 -12.999998
v 1.500000 6.000002 -11.999998
v 1.500000 7.000002 -12.999998
v 1.500000 7.000002 -11.999998
v 2.500000 6.000002 -12.999998
v 2.500000 6.000002 -11.999998
v 2.500000 7.000002 -12.999998
v 2.500000 7.000002 -11.999998
v 1.500000 7.000002 -10.999998
v 1.500000 6.000002 -10.999998
v 2.500000 7.000002 -10.999998
v 2.500000 6.000002 -10.999998
v -0.500000 6.000002 -13.999998
v 0.500000 6.000002 -13.999998
v -0.500000 7.000002 -13.999998
v 0.500000 7.000002 -13.999998
v 1.500000 6.000002 -13.999998
v 1.500000 7.000002 -13.999998
v -0.500000 6.000002 -14.999998
v 0.500000 6.000002 -14.999998
v -0.500000 7.000002 -14.999998
v 0.500000 7.000002 -14.999998
v -0.500000 6.000002 -15.999998
v 0.500000 6.000002 -15.999998
v -0.500000 7.000002 -15.999998
v 0.500000 7.000002 -15.999998
v -0.500000 2.000001 -6.000000
v -0.500000 2.000001 -5.000000
v 0.500000 3.000001 -6.000000
v 0.500000 3.000001 -5.000000
v 1.500000 2.000001 -6.000000
v 1.500000 2.000001 -5.000000
v 1.500000 3.000001 -6.000000
v 1.500000 3.000001 -5.000000
v 2.500000 2.000001 -6.000000
v 2.500000 2.000001 -5.000000
v 2.500000 2.000001 -6.000000
v 2.500000 2.000001 -5.000000
v 1.500000 2.000001 -6.000000
v 1.500000 2.000001 -5.000000
v 2.500000 3.000001 -6.000000
v 2.500000 3.000001 -5.000000
v 0.500000 2.000001 -6.000000
v 0.500000 2.000001 -5.000000
v 1.500000 2.000002 -9.999999
v 1.500000 2.000001 -8.999999
v 1.500000 3.000002 -9.999998
v 1.500000 3.000001 -8.999998
v 2.500000 2.000002 -9.999999
v 2.500000 2.000001 -8.999999
v 2.500000 3.000002 -9.999998
v 2.500000 3.000001 -8.999998
v -2.500000 2.000001 -8.999999
v -2.500000 2.000002 -9.999999
v -1.500000 2.000002 -9.999999
v -1.500000 2.000001 -9.000000
v -2.500000 3.000002 -9.999998
v -2.500000 3.000001 -8.999998
v 1.500000 4.000001 -9.999998
v 1.500000 4.000001 -8.999998
v 2.500000 4.000001 -9.999998
v 2.500000 4.000001 -8.999998
v 1.500000 4.000001 -9.999998
v 1.500000 4.000001 -8.999998
v 1.500000 5.000001 -9.999998
v 1.500000 5.000001 -8.999998
v -1.500000 4.000002 -12.999998
v -1.500000 4.000002 -11.999998
v -1.500000 5.000002 -12.999998
v -1.500000 5.000002 -11.999998
v 2.492696 5.998199 19.999607
v 2.500000 5.999997 21.000004
v 1.492696 5.998199 19.999605
v 1.500000 5.999997 21.000004
v -2.500000 5.999997 21.000000
v -2.500000 5.999997 20.000000
v -1.500000 5.999997 20.000000
v -1.500000 5.999997 21.000000
v 1.500000 3.999996 24.000002
v 2.500000 3.999996 24.000002
v 1.500000 4.999996 24.000002
v 2.500000 4.999996 24.000002
v -2.500000 3.999996 24.000000
v -1.500000 3.999996 24.000000
v -2.500000 4.999996 24.000000
v -1.500000 4.999996 24.000000
v -0.500000 1.999995 27.999998
v 0.500000 1.999995 27.999998
v -0.500000 1.999995 29.000000
v 0.500000 1.999995 29.000000
v -0.500000 3.999996 25.000000
v 0.500000 3.999996 25.000000
v -0.500000 3.999996 26.000000
v 0.500000 3.999996 26.000000
v -0.500000 1.000000 2.000000
v -0.500000 1.000000 3.000000
v -0.500000 2.000000 2.000000
v -0.500000 2.000000 3.000000
v -0.500000 2.000000 2.000000
v -0.500000 2.000000 3.000000
v -0.500000 3.000000 2.000000
v -0.500000 3.000000 3.000000
v -0.500000 3.000000 2.000000
v -0.500000 3.000000 3.000000
v -0.500000 4.000000 2.000001
v -0.500000 4.000000 3.000001
v 2.500000 1.000000 2.000000
v 2.500000 1.000000 3.000000
v 2.500000 2.000000 2.000000
v 2.500000 2.000000 3.000000
v 2.500000 2.000000 2.000000
v 2.500000 2.000000 3.000000
v 2.500000 3.000000 2.000000
v 2.500000 3.000000 3.000000
v 2.500000 3.000000 2.000000
v 2.500000 3.000000 3.000000
v 2.500000 4.000000 2.000001
v 2.500000 4.000000 3.000001
v 2.500000 4.000000 2.000001
v 2.500000 4.000000 3.000001
v 2.500000 5.000000 2.000001
v 2.500000 5.000000 3.000001
v -0.500000 2.000003 -17.000000
v 0.500000 2.000003 -17.000000
v -0.500000 2.000003 -15.999999
v 0.500000 2.000003 -15.999999
v -0.500000 2.000003 -18.000000
v 0.500000 2.000003 -18.000000
v -0.500000 2.000003 -17.000000
v 0.500000 2.000003 -17.000000
v -0.500000 3.000003 -18.000000
v 0.500000 3.000003 -18.000000
v -0.500000 3.000003 -17.000000
v 0.500000 3.000003 -17.000000
v -0.500000 2.000003 -19.000000
v 0.500000 2.000003 -19.000000
v -0.500000 3.000003 -19.000000
v 0.500000 3.000003 -19.000000
v -0.500000 2.000003 -20.000000
v 0.500000 2.000003 -20.000000
v -0.500000 3.000003 -20.000000
v 0.500000 3.000003 -20.000000
v -0.500000 2.000003 -21.000002
v 0.500000 2.000003 -21.000002
v -0.500000 3.000003 -21.000002
v 0.500000 3.000003 -21.000002
v -0.500000 4.000003 -20.000000
v 0.500000 4.000003 -20.000000
v -0.500000 4.000003 -21.000002
v 0.500000 4.000003 -21.000002
v 2.500000 3.000003 -21.000002
v 2.500000 4.000003 -21.000002
v 2.500000 3.000004 -22.000000
v 2.500000 4.000004 -22.000002
v -2.500000 4.000003 -21.000002
v -2.500000 3.000003 -21.000002
v -2.500000 4.000004 -22.000002
v -2.500000 3.000004 -22.000002
v -2.500000 2.000004 -22.000000
v -2.500000 2.000004 -23.000000
v 2.500000 2.000004 -23.000000
v 2.500000 2.000004 -21.999998
v -2.500000 3.000004 -23.000000
v 2.500000 3.000004 -23.000000
v -2.500000 3.000004 -22.000000
v -2.500000 4.000004 -22.000000
v -2.500000 4.000004 -23.000000
v 2.500000 4.000004 -23.000000
v 2.500000 4.000004 -21.999998
v 1.500000 4.000004 -23.000000
v -0.500000 4.000004 -23.000000
v 0.500000 4.000004 -23.000000
v -2.500000 5.000004 -22.000000
v -2.500000 5.000004 -23.000000
v 2.500000 5.000004 -23.000000
v 2.500000 5.000004 -21.999998
v 1.500000 5.000004 -23.000000
v -0.500000 5.000004 -23.000000
v 0.500000 5.000004 -23.000000
v 0.500000 4.000004 -24.000000
v 1.500000 4.000004 -24.000000
v 1.500000 5.000004 -24.000000
v 0.500000 5.000004 -24.000000
v 1.500000 4.000004 -24.000000
v 2.500000 4.000004 -24.000000
v 1.500000 5.000004 -24.000000
v 2.500000 5.000004 -24.000000
v -2.500000 4.000004 -24.000000
v -0.500000 4.000004 -24.000000
v -2.500000 5.000004 -24.000000
v -0.500000 5.000004 -24.000000
v 0.500000 4.000004 -25.000002
v 1.500000 4.000004 -25.000002
v 1.500000 5.000004 -25.000002
v 0.500000 5.000004 -25.000002
v 1.500000 4.000004 -25.000002
v 2.500000 4.000004 -25.000002
v 1.500000 5.000004 -25.000002
v 2.500000 5.000004 -25.000002
v -2.500000 4.000004 -25.000002
v -0.500000 4.000004 -25.000002
v -2.500000 5.000004 -25.000002
v -0.500000 5.000004 -25.000002
v 0.500000 4.000004 -26.000002
v 1.500000 4.000004 -26.000002
v 1.500000 5.000004 -26.000002
v 0.500000 5.000004 -26.000002
v 1.500000 4.000004 -26.000002
v 2.500000 4.000004 -26.000002
v 1.500000 5.000004 -26.000002
v 2.500000 5.000004 -26.000002
v -2.500000 4.000004 -26.000002
v -0.500000 4.000004 -26.000002
v -2.500000 5.000004 -26.000002
v -0.500000 5.000004 -26.000002
v 0.500000 4.000004 -27.000004
v 1.500000 4.000004 -27.000004
v 1.500000 5.000004 -27.000004
v 0.500000 5.000004 -27.000004
v 1.500000 4.000004 -27.000004
v 2.500000 4.000004 -27.000004
v 1.500000 5.000004 -27.000004
v 2.500000 5.000004 -27.000004
v -2.500000 4.000004 -27.000004
v -0.500000 4.000004 -27.000004
v -2.500000 5.000004 -27.000004
v -0.500000 5.000004 -27.000004
v 0.500000 4.000005 -28.000004
v 1.500000 4.000005 -28.000004
v 1.500000 5.000005 -28.000004
v 0.500000 5.000005 -28.000004
v 1.500000 4.000005 -28.000004
v 2.500000 4.000005 -28.000004
v 1.500000 5.000005 -28.000004
v 2.500000 5.000005 -28.000004
v -0.500000 2.000005 -28.000000
v 0.500000 2.000005 -28.000000
v -0.500000 2.000004 -27.000000
v 0.500000 2.000004 -27.000000
v -2.500000 2.000005 -29.000000
v -2.500000 2.000005 -30.000000
v 2.500000 2.000005 -30.000000
v 2.500000 2.000005 -29.000000
v -0.500000 2.000005 -30.000000
v 0.500000 2.000005 -30.000000
v -0.500000 2.000005 -29.000000
v 0.500000 2.000005 -29.000000
v -2.500000 3.000005 -29.000000
v -2.500000 3.000005 -30.000000
v 2.500000 3.000005 -30.000000
v 2.500000 3.000005 -29.000000
v -0.500000 3.000005 -30.000000
v 0.500000 3.000005 -30.000000
v -0.500000 3.000005 -29.000000
v 0.500000 3.000005 -29.000000
v -2.500000 4.000005 -29.000000
v -2.500000 4.000005 -30.000000
v 2.500000 4.000005 -30.000000
v 2.500000 4.000005 -29.000000
v 1.500000 4.000005 -29.000002
v 0.500000 4.000005 -30.000000
v 0.500000 4.000005 -29.000000
v -0.500000 2.000005 -28.000000
v 0.500000 2.000005 -28.000000
v 1.500000 5.000005 -29.000004
v 0.500000 5.000005 -29.000004
v 1.485392 4.996404 19.999208
v 2.485392 4.996404 19.999208
vn 1.0000 -0.0000 -0.0000
vn -1.0000 -0.0000 -0.0000
vn -1.0000 -0.0022 0.0007
vn -0.9999 -0.0105 -0.0041
vn -0.9999 -0.0110 -0.0037
vn 1.0000 0.0032 -0.0032
vn 1.0000 -0.0051 -0.0080
vn 0.9999 -0.0036 -0.0109
vn 1.0000 -0.0073 0.0061
vn 0.9999 -0.0109 0.0024
vn 0.9999 -0.0110 0.0024
vn -1.0000 0.0037 -0.0024
vn -1.0000 -0.0000 -0.0061
vn -1.0000 -0.0036 -0.0024
vn -0.9999 0.0031 0.0114
vn -0.9999 0.0037 0.0110
vn -1.0000 -0.0051 0.0066
vn 0.9999 0.0125 0.0007
vn 0.9999 0.0110 0.0037
vn 1.0000 0.0042 -0.0041
vn 1.0000 0.0036 0.0024
vn 1.0000 0.0037 0.0024
vn 1.0000 -0.0000 -0.0012
vn -1.0000 0.0073 0.0013
vn -0.9999 0.0109 -0.0024
vn -1.0000 0.0036 -0.0024
vt 0.375000 0.000000
vt 0.625000 0.000000
vt 0.375000 0.250000
vt 0.625000 0.250000
vt 0.375000 0.750000
vt 0.625000 0.750000
vt 0.375000 0.500000
vt 0.625000 0.500000
vt 0.375000 0.245833
vt 0.375000 0.241667
vt 0.375000 0.237500
vt 0.375000 0.233333
vt 0.375000 0.229167
vt 0.375000 0.225000
vt 0.375000 0.220833
vt 0.375000 0.216667
vt 0.375000 0.212500
vt 0.375000 0.208333
vt 0.375000 0.204167
vt 0.375000 0.200000
vt 0.375000 0.195833
vt 0.375000 0.191667
vt 0.375000 0.187500
vt 0.375000 0.183333
vt 0.375000 0.179167
vt 0.375000 0.175000
vt 0.375000 0.170833
vt 0.375000 0.166667
vt 0.375000 0.162500
vt 0.375000 0.158333
vt 0.375000 0.154167
vt 0.375000 0.150000
vt 0.375000 0.145833
vt 0.375000 0.141667
vt 0.375000 0.137500
vt 0.375000 0.133333
vt 0.375000 0.129167
vt 0.375000 0.125000
vt 0.375000 0.120833
vt 0.375000 0.116667
vt 0.375000 0.112500
vt 0.375000 0.108333
vt 0.375000 0.104167
vt 0.375000 0.100000
vt 0.375000 0.095833
vt 0.375000 0.091667
vt 0.375000 0.087500
vt 0.375000 0.083333
vt 0.375000 0.079167
vt 0.375000 0.075000
vt 0.375000 0.070833
vt 0.375000 0.066667
vt 0.375000 0.062500
vt 0.375000 0.058333
vt 0.375000 0.054167
vt 0.375000 0.050000
vt 0.375000 0.045833
vt 0.375000 0.041667
vt 0.375000 0.037500
vt 0.375000 0.033333
vt 0.375000 0.029167
vt 0.375000 0.025000
vt 0.375000 0.020833
vt 0.375000 0.016667
vt 0.375000 0.012500
vt 0.375000 0.008333
vt 0.375000 0.004167
vt 0.625000 0.004167
vt 0.625000 0.008333
vt 0.625000 0.012500
vt 0.625000 0.016667
vt 0.625000 0.020833
vt 0.625000 0.025000
vt 0.625000 0.029167
vt 0.625000 0.033333
vt 0.625000 0.037500
vt 0.625000 0.041667
vt 0.625000 0.045833
vt 0.625000 0.050000
vt 0.625000 0.054167
vt 0.625000 0.058333
vt 0.625000 0.062500
vt 0.625000 0.066667
vt 0.625000 0.070833
vt 0.625000 0.075000
vt 0.625000 0.079167
vt 0.625000 0.083333
vt 0.625000 0.087500
vt 0.625000 0.091667
vt 0.625000 0.095833
vt 0.625000 0.100000
vt 0.625000 0.104167
vt 0.625000 0.108333
vt 0.625000 0.112500
vt 0.625000 0.116667
vt 0.625000 0.120833
vt 0.625000 0.125000
vt 0.625000 0.129167
vt 0.625000 0.133333
vt 0.625000 0.137500
vt 0.625000 0.141667
vt 0.625000 0.145833
vt 0.625000 0.150000
vt 0.625000 0.154167
vt 0.625000 0.158333
vt 0.625000 0.162500
vt 0.625000 0.166667
vt 0.625000 0.170833
vt 0.625000 0.175000
vt 0.625000 0.179167
vt 0.625000 0.183333
vt 0.625000 0.187500
vt 0.625000 0.191667
vt 0.625000 0.195833
vt 0.625000 0.200000
vt 0.625000 0.204167
vt 0.625000 0.208333
vt 0.625000 0.212500
vt 0.625000 0.216667
vt 0.625000 0.220833
vt 0.625000 0.225000
vt 0.625000 0.229167
vt 0.625000 0.233333
vt 0.625000 0.237500
vt 0.625000 0.241667
vt 0.625000 0.245833
vt 0.375000 0.745833
vt 0.375000 0.741667
vt 0.375000 0.737500
vt 0.375000 0.733333
vt 0.375000 0.729167
vt 0.375000 0.725000
vt 0.375000 0.720833
vt 0.375000 0.716667
vt 0.375000 0.712500
vt 0.375000 0.708333
vt 0.375000 0.704167
vt 0.375000 0.700000
vt 0.375000 0.695833
vt 0.375000 0.691667
vt 0.375000 0.687500
vt 0.375000 0.683333
vt 0.375000 0.679167
vt 0.375000 0.675000
vt 0.375000 0.670833
vt 0.375000 0.666667
vt 0.375000 0.662500
vt 0.375000 0.658333
vt 0.375000 0.654167
vt 0.375000 0.650000
vt 0.375000 0.645833
vt 0.375000 0.641667
vt 0.375000 0.637500
vt 0.375000 0.633333
vt 0.375000 0.629167
vt 0.375000 0.625000
vt 0.375000 0.620833
vt 0.375000 0.616667
vt 0.375000 0.612500
vt 0.375000 0.608333
vt 0.375000 0.604167
vt 0.375000 0.600000
vt 0.375000 0.595833
vt 0.375000 0.591667
vt 0.375000 0.587500
vt 0.375000 0.583333
vt 0.375000 0.579167
vt 0.375000 0.575000
vt 0.375000 0.570833
vt 0.375000 0.566667
vt 0.375000 0.562500
vt 0.375000 0.558333
vt 0.375000 0.554167
vt 0.375000 0.550000
vt 0.375000 0.545833
vt 0.375000 0.541667
vt 0.375000 0.537500
vt 0.375000 0.533333
vt 0.375000 0.529167
vt 0.375000 0.525000
vt 0.375000 0.520833
vt 0.375000 0.516667
vt 0.375000 0.512500
vt 0.375000 0.508333
vt 0.375000 0.504167
vt 0.625000 0.504167
vt 0.625000 0.508333
vt 0.625000 0.512500
vt 0.625000 0.516667
vt 0.625000 0.520833
vt 0.625000 0.525000
vt 0.625000 0.529167
vt 0.625000 0.533333
vt 0.625000 0.537500
vt 0.625000 0.541667
vt 0.625000 0.545833
vt 0.625000 0.550000
vt 0.625000 0.554167
vt 0.625000 0.558333
vt 0.625000 0.562500
vt 0.625000 0.566667
vt 0.625000 0.570833
vt 0.625000 0.575000
vt 0.625000 0.579167
vt 0.625000 0.583333
vt 0.625000 0.587500
vt 0.625000 0.591667
vt 0.625000 0.595833
vt 0.625000 0.600000
vt 0.625000 0.604167
vt 0.625000 0.608333
vt 0.625000 0.612500
vt 0.625000 0.616667
vt 0.625000 0.620833
vt 0.625000 0.625000
vt 0.625000 0.629167
vt 0.625000 0.633333
vt 0.625000 0.637500
vt 0.625000 0.641667
vt 0.625000 0.645833
vt 0.625000 0.650000
vt 0.625000 0.654167
vt 0.625000 0.658333
vt 0.625000 0.662500
vt 0.625000 0.666667
vt 0.625000 0.670833
vt 0.625000 0.675000
vt 0.625000 0.679167
vt 0.625000 0.683333
vt 0.625000 0.687500
vt 0.625000 0.691667
vt 0.625000 0.695833
vt 0.625000 0.700000
vt 0.625000 0.704167
vt 0.625000 0.708333
vt 0.625000 0.712500
vt 0.625000 0.716667
vt 0.625000 0.720833
vt 0.625000 0.725000
vt 0.625000 0.729167
vt 0.625000 0.733333
vt 0.625000 0.737500
vt 0.625000 0.741667
vt 0.625000 0.745833
vt 0.775000 0.504167
vt 0.725000 0.504167
vt 0.775000 0.508333
vt 0.725000 0.508333
vt 0.775000 0.512500
vt 0.725000 0.512500
vt 0.775000 0.545833
vt 0.725000 0.545833
vt 0.775000 0.550000
vt 0.725000 0.550000
vt 0.775000 0.554167
vt 0.725000 0.554167
vt 0.775000 0.558333
vt 0.725000 0.558333
vt 0.775000 0.570833
vt 0.725000 0.570833
vt 0.775000 0.575000
vt 0.725000 0.575000
vt 0.825000 0.583333
vt 0.775000 0.583333
vt 0.725000 0.583333
vt 0.675000 0.583333
vt 0.825000 0.587500
vt 0.775000 0.587500
vt 0.725000 0.587500
vt 0.675000 0.587500
vt 0.825000 0.600000
vt 0.775000 0.600000
vt 0.725000 0.600000
vt 0.675000 0.600000
vt 0.825000 0.604167
vt 0.775000 0.604167
vt 0.725000 0.604167
vt 0.675000 0.604167
vt 0.775000 0.633333
vt 0.775000 0.637500
vt 0.625000 0.650000
vt 0.625000 0.100000
vt 0.625000 0.095833
vt 0.625000 0.091667
vt 0.625000 0.683333
vt 0.625000 0.066667
vt 0.625000 0.062500
vt 0.625000 0.058333
vt 0.625000 0.708333
vt 0.625000 0.041667
vt 0.625000 0.037500
vt 0.625000 0.033333
vt 0.625000 0.729167
vt 0.625000 0.020833
vt 0.625000 0.016667
vt 0.625000 0.012500
vt 0.775000 0.741667
vt 0.725000 0.741667
vt 0.775000 0.745833
vt 0.725000 0.745833
vt 0.625000 0.012500
vt 0.625000 0.016667
vt 0.625000 0.020833
vt 0.625000 0.729167
vt 0.625000 0.733333
vt 0.625000 0.737500
vt 0.625000 0.733333
vt 0.625000 0.737500
vt 0.775000 0.729167
vt 0.725000 0.729167
vt 0.775000 0.733333
vt 0.725000 0.733333
vt 0.625000 0.033333
vt 0.625000 0.037500
vt 0.625000 0.041667
vt 0.625000 0.708333
vt 0.625000 0.712500
vt 0.625000 0.716667
vt 0.625000 0.708333
vt 0.625000 0.041667
vt 0.625000 0.037500
vt 0.625000 0.033333
vt 0.625000 0.712500
vt 0.625000 0.716667
vt 0.625000 0.708333
vt 0.625000 0.041667
vt 0.625000 0.037500
vt 0.625000 0.033333
vt 0.625000 0.712500
vt 0.625000 0.716667
vt 0.625000 0.712500
vt 0.625000 0.716667
vt 0.625000 0.708333
vt 0.625000 0.041667
vt 0.625000 0.037500
vt 0.625000 0.033333
vt 0.625000 0.033333
vt 0.625000 0.037500
vt 0.625000 0.041667
vt 0.625000 0.708333
vt 0.625000 0.712500
vt 0.625000 0.716667
vt 0.625000 0.716667
vt 0.675000 0.716667
vt 0.625000 0.712500
vt 0.625000 0.716667
vt 0.675000 0.708333
vt 0.675000 0.712500
vt 0.825000 0.708333
vt 0.825000 0.712500
vt 0.625000 0.033333
vt 0.825000 0.716667
vt 0.675000 0.716667
vt 0.625000 0.716667
vt 0.625000 0.033333
vt 0.825000 0.716667
vt 0.625000 0.058333
vt 0.625000 0.062500
vt 0.625000 0.066667
vt 0.625000 0.683333
vt 0.625000 0.687500
vt 0.625000 0.691667
vt 0.625000 0.683333
vt 0.625000 0.066667
vt 0.625000 0.062500
vt 0.625000 0.058333
vt 0.625000 0.687500
vt 0.625000 0.691667
vt 0.625000 0.683333
vt 0.625000 0.066667
vt 0.625000 0.062500
vt 0.625000 0.058333
vt 0.625000 0.687500
vt 0.625000 0.691667
vt 0.625000 0.683333
vt 0.625000 0.066667
vt 0.625000 0.062500
vt 0.625000 0.058333
vt 0.625000 0.687500
vt 0.625000 0.691667
vt 0.625000 0.683333
vt 0.625000 0.066667
vt 0.625000 0.062500
vt 0.625000 0.058333
vt 0.625000 0.687500
vt 0.625000 0.691667
vt 0.625000 0.683333
vt 0.625000 0.066667
vt 0.625000 0.062500
vt 0.625000 0.058333
vt 0.625000 0.687500
vt 0.625000 0.691667
vt 0.825000 0.691667
vt 0.675000 0.691667
vt 0.825000 0.691667
vt 0.825000 0.691667
vt 0.625000 0.687500
vt 0.625000 0.691667
vt 0.675000 0.691667
vt 0.825000 0.691667
vt 0.675000 0.691667
vt 0.675000 0.691667
vt 0.825000 0.691667
vt 0.825000 0.691667
vt 0.675000 0.691667
vt 0.675000 0.691667
vt 0.675000 0.691667
vt 0.625000 0.691667
vt 0.825000 0.691667
vt 0.825000 0.691667
vt 0.625000 0.058333
vt 0.625000 0.058333
vt 0.675000 0.691667
vt 0.625000 0.691667
vt 0.625000 0.683333
vt 0.625000 0.066667
vt 0.625000 0.683333
vt 0.625000 0.066667
vt 0.625000 0.683333
vt 0.625000 0.066667
vt 0.625000 0.683333
vt 0.625000 0.066667
vt 0.625000 0.683333
vt 0.625000 0.066667
vt 0.625000 0.683333
vt 0.625000 0.066667
vt 0.625000 0.683333
vt 0.625000 0.066667
vt 0.625000 0.683333
vt 0.625000 0.066667
vt 0.625000 0.091667
vt 0.625000 0.095833
vt 0.625000 0.100000
vt 0.625000 0.650000
vt 0.625000 0.654167
vt 0.625000 0.658333
vt 0.625000 0.650000
vt 0.625000 0.100000
vt 0.625000 0.095833
vt 0.625000 0.091667
vt 0.625000 0.654167
vt 0.625000 0.658333
vt 0.625000 0.650000
vt 0.625000 0.100000
vt 0.625000 0.095833
vt 0.625000 0.091667
vt 0.625000 0.654167
vt 0.625000 0.658333
vt 0.625000 0.650000
vt 0.625000 0.100000
vt 0.625000 0.095833
vt 0.625000 0.091667
vt 0.625000 0.654167
vt 0.625000 0.658333
vt 0.825000 0.654167
vt 0.825000 0.650000
vt 0.625000 0.100000
vt 0.625000 0.095833
vt 0.625000 0.654167
vt 0.625000 0.658333
vt 0.825000 0.650000
vt 0.825000 0.654167
vt 0.625000 0.095833
vt 0.625000 0.100000
vt 0.825000 0.650000
vt 0.825000 0.654167
vt 0.625000 0.095833
vt 0.825000 0.654167
vt 0.625000 0.095833
vt 0.825000 0.654167
vt 0.625000 0.112500
vt 0.625000 0.116667
vt 0.625000 0.112500
vt 0.625000 0.116667
vt 0.625000 0.112500
vt 0.625000 0.116667
vt 0.625000 0.112500
vt 0.625000 0.116667
vt 0.825000 0.633333
vt 0.825000 0.637500
vt 0.625000 0.112500
vt 0.625000 0.116667
vt 0.825000 0.633333
vt 0.825000 0.637500
vt 0.625000 0.112500
vt 0.625000 0.116667
vt 0.825000 0.633333
vt 0.825000 0.637500
vt 0.625000 0.112500
vt 0.625000 0.116667
vt 0.825000 0.633333
vt 0.825000 0.637500
vt 0.625000 0.112500
vt 0.625000 0.116667
vt 0.825000 0.633333
vt 0.825000 0.637500
vt 0.625000 0.112500
vt 0.825000 0.637500
vt 0.625000 0.112500
vt 0.825000 0.637500
vt 0.625000 0.116667
vt 0.825000 0.633333
vt 0.775000 0.587500
vt 0.625000 0.116667
vt 0.825000 0.633333
vt 0.775000 0.587500
vt 0.625000 0.145833
vt 0.625000 0.150000
vt 0.825000 0.600000
vt 0.825000 0.604167
vt 0.625000 0.145833
vt 0.625000 0.150000
vt 0.825000 0.600000
vt 0.825000 0.604167
vt 0.625000 0.145833
vt 0.625000 0.150000
vt 0.825000 0.600000
vt 0.825000 0.604167
vt 0.625000 0.145833
vt 0.625000 0.150000
vt 0.825000 0.600000
vt 0.825000 0.604167
vt 0.625000 0.145833
vt 0.625000 0.150000
vt 0.825000 0.600000
vt 0.825000 0.604167
vt 0.625000 0.145833
vt 0.625000 0.150000
vt 0.825000 0.600000
vt 0.825000 0.604167
vt 0.625000 0.145833
vt 0.625000 0.150000
vt 0.825000 0.600000
vt 0.825000 0.604167
vt 0.625000 0.145833
vt 0.625000 0.150000
vt 0.825000 0.600000
vt 0.825000 0.604167
vt 0.625000 0.145833
vt 0.625000 0.150000
vt 0.825000 0.600000
vt 0.825000 0.604167
vt 0.625000 0.145833
vt 0.625000 0.150000
vt 0.825000 0.600000
vt 0.825000 0.604167
vt 0.625000 0.145833
vt 0.625000 0.150000
vt 0.825000 0.600000
vt 0.825000 0.604167
vt 0.775000 0.583333
vt 0.725000 0.583333
vt 0.775000 0.587500
vt 0.725000 0.587500
vt 0.775000 0.583333
vt 0.725000 0.583333
vt 0.775000 0.587500
vt 0.725000 0.587500
vt 0.775000 0.583333
vt 0.725000 0.583333
vt 0.775000 0.587500
vt 0.725000 0.587500
vt 0.775000 0.583333
vt 0.775000 0.587500
vt 0.775000 0.583333
vt 0.725000 0.583333
vt 0.775000 0.587500
vt 0.725000 0.587500
vt 0.775000 0.583333
vt 0.725000 0.583333
vt 0.775000 0.587500
vt 0.725000 0.587500
vt 0.775000 0.583333
vt 0.725000 0.583333
vt 0.775000 0.587500
vt 0.725000 0.587500
vt 0.775000 0.583333
vt 0.725000 0.583333
vt 0.775000 0.587500
vt 0.725000 0.587500
vt 0.775000 0.583333
vt 0.725000 0.583333
vt 0.775000 0.587500
vt 0.725000 0.587500
vt 0.775000 0.583333
vt 0.725000 0.583333
vt 0.775000 0.587500
vt 0.725000 0.587500
vt 0.775000 0.583333
vt 0.725000 0.583333
vt 0.775000 0.587500
vt 0.725000 0.587500
vt 0.775000 0.583333
vt 0.725000 0.583333
vt 0.775000 0.587500
vt 0.725000 0.587500
vt 0.775000 0.583333
vt 0.725000 0.583333
vt 0.775000 0.587500
vt 0.725000 0.587500
vt 0.725000 0.587500
vt 0.725000 0.587500
vt 0.775000 0.587500
vt 0.775000 0.587500
vt 0.625000 0.116667
vt 0.625000 0.116667
vt 0.775000 0.583333
vt 0.725000 0.583333
vt 0.775000 0.583333
vt 0.725000 0.583333
vt 0.775000 0.583333
vt 0.725000 0.583333
vt 0.775000 0.583333
vt 0.725000 0.583333
vt 0.775000 0.583333
vt 0.725000 0.583333
vt 0.775000 0.583333
vt 0.725000 0.583333
vt 0.775000 0.583333
vt 0.725000 0.583333
vt 0.775000 0.583333
vt 0.725000 0.583333
vt 0.775000 0.583333
vt 0.725000 0.583333
vt 0.775000 0.583333
vt 0.725000 0.583333
vt 0.725000 0.583333
vt 0.725000 0.583333
vt 0.725000 0.583333
vt 0.725000 0.583333
vt 0.775000 0.583333
vt 0.725000 0.583333
vt 0.775000 0.583333
vt 0.725000 0.583333
vt 0.775000 0.583333
vt 0.725000 0.583333
vt 0.775000 0.583333
vt 0.725000 0.583333
vt 0.775000 0.583333
vt 0.725000 0.583333
vt 0.775000 0.583333
vt 0.725000 0.583333
vt 0.775000 0.583333
vt 0.725000 0.583333
vt 0.775000 0.583333
vt 0.725000 0.583333
vt 0.775000 0.583333
vt 0.775000 0.583333
vt 0.775000 0.583333
vt 0.775000 0.583333
vt 0.775000 0.570833
vt 0.725000 0.570833
vt 0.775000 0.575000
vt 0.725000 0.575000
vt 0.775000 0.570833
vt 0.725000 0.570833
vt 0.775000 0.575000
vt 0.725000 0.575000
vt 0.775000 0.570833
vt 0.725000 0.570833
vt 0.775000 0.575000
vt 0.725000 0.575000
vt 0.775000 0.570833
vt 0.725000 0.570833
vt 0.775000 0.575000
vt 0.725000 0.575000
vt 0.775000 0.570833
vt 0.725000 0.570833
vt 0.775000 0.575000
vt 0.725000 0.575000
vt 0.775000 0.570833
vt 0.725000 0.570833
vt 0.775000 0.575000
vt 0.725000 0.575000
vt 0.775000 0.570833
vt 0.725000 0.570833
vt 0.775000 0.575000
vt 0.725000 0.575000
vt 0.775000 0.570833
vt 0.725000 0.570833
vt 0.775000 0.575000
vt 0.725000 0.575000
vt 0.775000 0.570833
vt 0.725000 0.570833
vt 0.775000 0.575000
vt 0.725000 0.575000
vt 0.775000 0.570833
vt 0.725000 0.570833
vt 0.775000 0.575000
vt 0.725000 0.575000
vt 0.775000 0.570833
vt 0.725000 0.570833
vt 0.775000 0.575000
vt 0.725000 0.575000
vt 0.775000 0.570833
vt 0.725000 0.570833
vt 0.775000 0.575000
vt 0.725000 0.575000
vt 0.775000 0.633333
vt 0.775000 0.637500
vt 0.775000 0.633333
vt 0.775000 0.637500
vt 0.775000 0.633333
vt 0.725000 0.633333
vt 0.775000 0.637500
vt 0.775000 0.633333
vt 0.725000 0.633333
vt 0.775000 0.637500
vt 0.825000 0.633333
vt 0.825000 0.637500
vt 0.825000 0.633333
vt 0.825000 0.637500
vt 0.775000 0.633333
vt 0.725000 0.633333
vt 0.775000 0.633333
vt 0.725000 0.633333
vt 0.775000 0.633333
vt 0.725000 0.633333
vt 0.775000 0.633333
vt 0.725000 0.633333
vt 0.775000 0.633333
vt 0.725000 0.633333
vt 0.775000 0.633333
vt 0.725000 0.633333
vt 0.775000 0.633333
vt 0.725000 0.633333
vt 0.775000 0.633333
vt 0.725000 0.633333
vt 0.825000 0.600000
vt 0.825000 0.604167
vt 0.825000 0.604167
vt 0.825000 0.600000
vt 0.825000 0.604167
vt 0.825000 0.600000
vt 0.825000 0.604167
vt 0.825000 0.604167
vt 0.825000 0.604167
vt 0.825000 0.604167
vt 0.825000 0.604167
vt 0.825000 0.604167
vt 0.825000 0.604167
vt 0.825000 0.604167
vt 0.825000 0.604167
vt 0.725000 0.587500
vt 0.725000 0.587500
vt 0.725000 0.583333
vt 0.725000 0.587500
vt 0.725000 0.583333
vt 0.725000 0.587500
vt 0.725000 0.587500
vt 0.725000 0.587500
vt 0.725000 0.587500
vt 0.725000 0.587500
vt 0.725000 0.587500
vt 0.725000 0.587500
vt 0.725000 0.587500
vt 0.725000 0.587500
vt 0.725000 0.587500
vt 0.725000 0.587500
vt 0.725000 0.587500
vt 0.725000 0.587500
vt 0.725000 0.570833
vt 0.725000 0.575000
vt 0.725000 0.570833
vt 0.725000 0.575000
vt 0.725000 0.570833
vt 0.725000 0.575000
vt 0.725000 0.570833
vt 0.725000 0.575000
vt 0.725000 0.575000
vt 0.725000 0.575000
vt 0.725000 0.575000
vt 0.725000 0.575000
vt 0.775000 0.570833
vt 0.725000 0.570833
vt 0.775000 0.570833
vt 0.725000 0.570833
vt 0.725000 0.570833
vt 0.725000 0.570833
vt 0.775000 0.570833
vt 0.725000 0.570833
vt 0.775000 0.570833
vt 0.725000 0.570833
vt 0.775000 0.570833
vt 0.725000 0.570833
vt 0.775000 0.570833
vt 0.725000 0.570833
vt 0.800000 0.600000
vt 0.800000 0.604167
vt 0.825000 0.600000
vt 0.825000 0.604167
vt 0.825000 0.600000
vt 0.825000 0.604167
vt 0.750000 0.600000
vt 0.750000 0.604167
vt 0.625000 0.600000
vt 0.625000 0.604167
vt 0.625000 0.600000
vt 0.625000 0.604167
vt 0.675000 0.600000
vt 0.675000 0.604167
vt 0.625000 0.600000
vt 0.625000 0.604167
vt 0.725000 0.600000
vt 0.725000 0.604167
vt 0.700000 0.583333
vt 0.700000 0.587500
vt 0.725000 0.583333
vt 0.725000 0.587500
vt 0.725000 0.583333
vt 0.725000 0.587500
vt 0.725000 0.583333
vt 0.725000 0.587500
vt 0.750000 0.375000
vt 0.750000 0.375000
vt 0.800000 0.583333
vt 0.800000 0.587500
vt 0.775000 0.583333
vt 0.775000 0.587500
vt 0.725000 0.583333
vt 0.725000 0.587500
vt 0.725000 0.583333
vt 0.725000 0.587500
vt 0.725000 0.583333
vt 0.725000 0.587500
vt 0.725000 0.583333
vt 0.725000 0.587500
vt 0.775000 0.570833
vt 0.775000 0.575000
vt 0.775000 0.570833
vt 0.775000 0.575000
vt 0.625000 0.708333
vt 0.625000 0.691667
vt 0.625000 0.712500
vt 0.675000 0.708333
vt 0.675000 0.691667
vt 0.675000 0.712500
vt 0.625000 0.037500
vt 0.625000 0.041667
vt 0.825000 0.708333
vt 0.825000 0.712500
vt 0.675000 0.716667
vt 0.625000 0.716667
vt 0.675000 0.716667
vt 0.625000 0.716667
vt 0.625000 0.033333
vt 0.825000 0.716667
vt 0.625000 0.033333
vt 0.825000 0.716667
vt 0.775000 0.741667
vt 0.725000 0.741667
vt 0.775000 0.745833
vt 0.725000 0.745833
vt 0.775000 0.729167
vt 0.725000 0.729167
vt 0.775000 0.733333
vt 0.725000 0.733333
vt 0.825000 0.633333
vt 0.825000 0.637500
vt 0.825000 0.633333
vt 0.825000 0.637500
vt 0.825000 0.633333
vt 0.825000 0.637500
vt 0.825000 0.633333
vt 0.825000 0.637500
vt 0.825000 0.633333
vt 0.825000 0.637500
vt 0.825000 0.633333
vt 0.825000 0.637500
vt 0.725000 0.633333
vt 0.725000 0.637500
vt 0.725000 0.633333
vt 0.725000 0.637500
vt 0.725000 0.633333
vt 0.725000 0.637500
vt 0.725000 0.633333
vt 0.725000 0.637500
vt 0.725000 0.633333
vt 0.725000 0.637500
vt 0.725000 0.633333
vt 0.725000 0.637500
vt 0.725000 0.633333
vt 0.725000 0.637500
vt 0.725000 0.633333
vt 0.725000 0.637500
vt 0.775000 0.554167
vt 0.725000 0.554167
vt 0.775000 0.558333
vt 0.725000 0.558333
vt 0.775000 0.550000
vt 0.725000 0.550000
vt 0.775000 0.554167
vt 0.725000 0.554167
vt 0.775000 0.550000
vt 0.725000 0.550000
vt 0.775000 0.554167
vt 0.725000 0.554167
vt 0.775000 0.545833
vt 0.725000 0.545833
vt 0.775000 0.545833
vt 0.725000 0.545833
vt 0.775000 0.545833
vt 0.725000 0.545833
vt 0.775000 0.545833
vt 0.725000 0.545833
vt 0.775000 0.545833
vt 0.725000 0.545833
vt 0.775000 0.545833
vt 0.725000 0.545833
vt 0.775000 0.545833
vt 0.725000 0.545833
vt 0.775000 0.545833
vt 0.725000 0.545833
vt 0.725000 0.545833
vt 0.725000 0.545833
vt 0.725000 0.545833
vt 0.625000 0.533333
vt 0.725000 0.545833
vt 0.775000 0.545833
vt 0.775000 0.545833
vt 0.775000 0.545833
vt 0.775000 0.545833
vt 0.625000 0.216667
vt 0.625000 0.220833
vt 0.625000 0.529167
vt 0.625000 0.533333
vt 0.625000 0.220833
vt 0.625000 0.529167
vt 0.625000 0.216667
vt 0.625000 0.216667
vt 0.625000 0.220833
vt 0.625000 0.529167
vt 0.625000 0.533333
vt 0.675000 0.529167
vt 0.775000 0.529167
vt 0.725000 0.529167
vt 0.625000 0.216667
vt 0.625000 0.220833
vt 0.625000 0.529167
vt 0.625000 0.533333
vt 0.675000 0.529167
vt 0.775000 0.529167
vt 0.725000 0.529167
vt 0.725000 0.529167
vt 0.675000 0.529167
vt 0.675000 0.529167
vt 0.725000 0.529167
vt 0.675000 0.529167
vt 0.625000 0.529167
vt 0.675000 0.529167
vt 0.625000 0.529167
vt 0.625000 0.220833
vt 0.775000 0.529167
vt 0.625000 0.220833
vt 0.775000 0.529167
vt 0.725000 0.529167
vt 0.675000 0.529167
vt 0.675000 0.529167
vt 0.725000 0.529167
vt 0.675000 0.529167
vt 0.625000 0.529167
vt 0.675000 0.529167
vt 0.625000 0.529167
vt 0.625000 0.220833
vt 0.775000 0.529167
vt 0.625000 0.220833
vt 0.775000 0.529167
vt 0.725000 0.529167
vt 0.675000 0.529167
vt 0.675000 0.529167
vt 0.725000 0.529167
vt 0.675000 0.529167
vt 0.625000 0.529167
vt 0.675000 0.529167
vt 0.625000 0.529167
vt 0.625000 0.220833
vt 0.775000 0.529167
vt 0.625000 0.220833
vt 0.775000 0.529167
vt 0.725000 0.529167
vt 0.675000 0.529167
vt 0.675000 0.529167
vt 0.725000 0.529167
vt 0.675000 0.529167
vt 0.625000 0.529167
vt 0.675000 0.529167
vt 0.625000 0.529167
vt 0.625000 0.220833
vt 0.775000 0.529167
vt 0.625000 0.220833
vt 0.775000 0.529167
vt 0.725000 0.529167
vt 0.675000 0.529167
vt 0.675000 0.529167
vt 0.725000 0.529167
vt 0.675000 0.529167
vt 0.625000 0.529167
vt 0.675000 0.529167
vt 0.625000 0.529167
vt 0.775000 0.508333
vt 0.725000 0.508333
vt 0.775000 0.512500
vt 0.725000 0.512500
vt 0.625000 0.245833
vt 0.625000 0.250000
vt 0.625000 0.500000
vt 0.625000 0.504167
vt 0.775000 0.500000
vt 0.725000 0.500000
vt 0.775000 0.504167
vt 0.725000 0.504167
vt 0.625000 0.245833
vt 0.625000 0.250000
vt 0.625000 0.500000
vt 0.625000 0.504167
vt 0.775000 0.500000
vt 0.700000 0.425000
vt 0.775000 0.504167
vt 0.750000 0.504167
vt 0.625000 0.245833
vt 0.625000 0.250000
vt 0.625000 0.500000
vt 0.625000 0.504167
vt 0.675000 0.516667
vt 0.700000 0.425000
vt 0.750000 0.516667
vt 0.775000 0.508333
vt 0.725000 0.508333
vt 0.675000 0.529167
vt 0.725000 0.529167
vt 0.675000 0.691667
vt 0.625000 0.691667
s 0
g off
g INSTAKILL_SIDES_SideDarkerINSTAKILL
usemtl SideDarkerINSTAKILL
f 3251/3280/34 3148/3177/34 3144/3173/34
f 3438/3470/34 3428/3460/34 3426/3458/34
f 3432/3464/35 3417/3449/35 3420/3452/35
f 2678/2705/34 2650/2677/34 2677/2704/34
f 2965/2992/34 2962/2989/34 2961/2988/34
f 2923/2950/35 2916/2943/35 2917/2944/35
f 2839/2866/34 2709/2736/34 2708/2735/34
f 2801/2828/34 2796/2823/34 2795/2822/34
f 2546/2573/35 2544/2571/35 2545/2572/35
f 2597/2624/35 2493/2520/35 2494/2521/35
f 2602/2629/35 2488/2515/35 2489/2516/35
f 2550/2577/35 2540/2567/35 2541/2568/35
f 2598/2625/35 2492/2519/35 2493/2520/35
f 2595/2622/35 2495/2522/35 2496/2523/35
f 2671/2698/34 2655/2682/34 2656/2683/34
f 2665/2692/34 2661/2688/34 2662/2689/34
f 2684/2711/34 2644/2671/34 2683/2710/34
f 2685/2712/34 2643/2670/34 2684/2711/34
f 2690/2717/34 2638/2665/34 2689/2716/34
f 3403/3435/35 3400/3432/35 3402/3434/35
f 2693/2720/34 2635/2662/34 2692/2719/34
f 2694/2721/34 2634/2661/34 2693/2720/34
f 2681/2708/34 2647/2674/34 2680/2707/34
f 2700/2727/34 2628/2655/34 2699/2726/34
f 2702/2729/34 2626/2653/34 2701/2728/34
f 2703/2730/34 2625/2652/34 2702/2729/34
f 3412/3444/34 3406/3438/34 3405/3437/34
f 2706/2733/34 2622/2649/34 2705/2732/34
f 2710/2737/34 2618/2645/34 2709/2736/34
f 3423/3455/35 3407/3439/35 3414/3446/35
f 2814/2841/35 2816/2843/35 2815/2842/35
f 3330/3361/35 2787/2814/35 2789/2816/35
f 3346/3377/34 3345/3376/34 3344/3375/34
f 3422/3454/34 3412/3444/34 3405/3437/34
f 2669/2696/34 2657/2684/34 2658/2685/34
f 2672/2699/34 2654/2681/34 2655/2682/34
f 2554/2581/35 2536/2563/35 2537/2564/35
f 3405/3437/34 3390/3422/34 3401/3433/34
f 2718/2745/34 2608/2635/34 2609/2636/34
f 2599/2626/35 2491/2518/35 2492/2519/35
f 3390/3421/34 3389/3420/34 3388/3419/34
f 2603/2630/35 2487/2514/35 2488/2515/35
f 2664/2691/34 2662/2689/34 2663/2690/34
f 2664/2691/34 2485/2512/34 2486/2513/34
f 2594/2621/35 2496/2523/35 2497/2524/35
f 2721/2748/34 2605/2632/34 2606/2633/34
f 3302/3331/34 3301/3330/34 3300/3329/34
f 2555/2582/35 2535/2562/35 2536/2563/35
f 3468/3500/35 3499/3531/35 3465/3497/35
f 2670/2697/34 2656/2683/34 2657/2684/34
f 2712/2739/34 2614/2641/34 2615/2642/34
f 2713/2740/34 2613/2640/34 2614/2641/34
f 2596/2623/35 2494/2521/35 2495/2522/35
f 2720/2747/34 2606/2633/34 2607/2634/34
f 3418/3450/34 3414/3446/34 3407/3439/34
f 2767/2794/34 2795/2822/34 2794/2821/34
f 2568/2595/35 2524/2551/35 2567/2594/35
f 2569/2596/35 2523/2550/35 2568/2595/35
f 2570/2597/35 2522/2549/35 2569/2596/35
f 2572/2599/35 2520/2547/35 2571/2598/35
f 2557/2584/35 2535/2562/35 2556/2583/35
f 3329/3360/34 2790/2817/34 2788/2815/34
f 2575/2602/35 2517/2544/35 2574/2601/35
f 2576/2603/35 2516/2543/35 2575/2602/35
f 2578/2605/35 2514/2541/35 2577/2604/35
f 2579/2606/35 2513/2540/35 2578/2605/35
f 2580/2607/35 2512/2539/35 2579/2606/35
f 2582/2609/35 2510/2537/35 2581/2608/35
f 2583/2610/35 2509/2536/35 2582/2609/35
f 2587/2614/35 2505/2532/35 2586/2613/35
f 2593/2620/35 2499/2526/35 2592/2619/35
f 3198/3227/34 3196/3225/34 3194/3223/34
f 3471/3503/35 3457/3489/35 3459/3491/35
f 3277/3306/35 2752/2779/35 2756/2783/35
f 2602/2629/35 2490/2517/35 2601/2628/35
f 2715/2742/34 2611/2638/34 2612/2639/34
f 2714/2741/34 2612/2639/34 2613/2640/34
f 2826/2853/36 3310/3340/37 2825/2852/38
f 2549/2576/35 2541/2568/35 2542/2569/35
f 2716/2743/34 2610/2637/34 2611/2638/34
f 2668/2695/34 2658/2685/34 2659/2686/34
f 2552/2579/35 2538/2565/35 2539/2566/35
f 2482/2509/35 2487/2514/35 2604/2631/35
f 2551/2578/35 2539/2566/35 2540/2567/35
f 3497/3529/34 3467/3499/34 3466/3498/34
f 2566/2593/35 2526/2553/35 2565/2592/35
f 2667/2694/34 2661/2688/34 2666/2693/34
f 2851/2878/34 2846/2873/34 2845/2872/34
f 3084/3113/34 3074/3103/34 3070/3099/34
f 2930/2957/35 2923/2950/35 2924/2951/35
f 2918/2945/35 2761/2788/35 2762/2789/35
f 2917/2944/35 2760/2787/35 2761/2788/35
f 3271/3300/35 3276/3305/35 3277/3306/35
f 3046/3075/34 3044/3073/34 3042/3071/34
f 3136/3165/34 3134/3163/34 3132/3161/34
f 2675/2702/34 2653/2680/34 2674/2701/34
f 2849/2876/35 2842/2869/35 2843/2870/35
f 3137/3166/35 3131/3160/35 3133/3162/35
f 3500/3532/35 2723/2750/35 2725/2752/35
f 3487/3519/34 3480/3512/34 3479/3511/34
f 2780/2807/35 2550/2577/35 2549/2576/35
f 3029/3058/35 2742/2769/35 2746/2773/35
f 3446/3478/34 3436/3468/34 3434/3466/34
f 3477/3509/35 2482/2509/35 2604/2631/35
f 3468/3500/35 3453/3485/35 3456/3488/35
f 3248/3277/34 3243/3272/34 3245/3274/34
f 3426/3458/34 3415/3447/34 3408/3440/34
f 2792/2819/35 2555/2582/35 2554/2581/35
f 2791/2818/35 2554/2581/35 2553/2580/35
f 2783/2810/34 2720/2747/34 2719/2746/34
f 2771/2798/34 2783/2810/34 2782/2809/34
f 3434/3466/34 3424/3456/34 3422/3454/34
f 2785/2812/34 2784/2811/34 2783/2810/34
f 3085/3114/35 3069/3098/35 3073/3102/35
f 2770/2797/35 2792/2819/35 2791/2818/35
f 2805/2832/35 2798/2825/35 2799/2826/35
f 2806/2833/35 2799/2826/35 2800/2827/35
f 2809/2836/34 2808/2835/34 2807/2834/34
f 2559/2586/35 2533/2560/35 2558/2585/35
f 2567/2594/35 2525/2552/35 2566/2593/35
f 2813/2840/35 2817/2844/35 2816/2843/35
f 2794/2821/34 2714/2741/34 2713/2740/34
f 2795/2822/34 2715/2742/34 2714/2741/34
f 2549/2576/35 2543/2570/35 2548/2575/35
f 3361/3392/34 2736/2763/34 2734/2761/34
f 3319/3350/34 2821/2848/34 2832/2859/34
f 2779/2806/35 2549/2576/35 2548/2575/35
f 2829/2856/35 2814/2841/35 2815/2842/35
f 2484/2511/34 2605/2632/34 2722/2749/34
f 3427/3459/35 3404/3436/35 3411/3443/35
f 2823/2850/39 3308/3337/40 3309/3339/41
f 2692/2719/34 2636/2663/34 2691/2718/34
f 2835/2862/35 2560/2587/35 2559/2586/35
f 2836/2863/35 2561/2588/35 2560/2587/35
f 2838/2865/34 2708/2735/34 2707/2734/34
f 2841/2868/34 2845/2872/34 2763/2790/34
f 2844/2871/35 2765/2792/35 2766/2793/35
f 2847/2874/34 2851/2878/34 2841/2868/34
f 3463/3495/35 3449/3481/35 3451/3483/35
f 2857/2884/34 2852/2879/34 2851/2878/34
f 2850/2877/35 2843/2870/35 2844/2871/35
f 3435/3467/35 3421/3453/35 3423/3455/35
f 3252/3281/35 3143/3172/35 3147/3176/35
f 2853/2880/34 2857/2884/34 2847/2874/34
f 2863/2890/34 2858/2885/34 2857/2884/34
f 3258/3287/35 3250/3279/35 3252/3281/35
f 2862/2889/35 2855/2882/35 2856/2883/35
f 3262/3291/35 3256/3285/35 3258/3287/35
f 2867/2894/35 2860/2887/35 2861/2888/35
f 2859/2886/34 2863/2890/34 2853/2880/34
f 2868/2895/35 2861/2888/35 2862/2889/35
f 2869/2896/34 2864/2891/34 2863/2890/34
f 2861/2888/35 2854/2881/35 2855/2882/35
f 2873/2900/35 2878/2905/35 2874/2901/35
f 2901/2928/34 2899/2926/34 2897/2924/34
f 2900/2927/35 2894/2921/35 2896/2923/35
f 2884/2911/34 2879/2906/34 2880/2907/34
f 2885/2912/35 2877/2904/35 2872/2899/35
f 2875/2902/34 2870/2897/34 2869/2896/34
f 2865/2892/34 2869/2896/34 2859/2886/34
f 2880/2907/34 2872/2899/34 2877/2904/34
f 2881/2908/35 2871/2898/35 2873/2900/35
f 2889/2916/35 2868/2895/35 2862/2889/35
f 2888/2915/34 2874/2901/34 2878/2905/34
f 2892/2919/34 2870/2897/34 2876/2903/34
f 2904/2931/35 2898/2925/35 2900/2927/35
f 2896/2923/35 2848/2875/35 2854/2881/35
f 2905/2932/34 2903/2930/34 2901/2928/34
f 2908/2935/35 2902/2929/35 2904/2931/35
f 2897/2924/34 2895/2922/34 2893/2920/34
f 2913/2940/34 2701/2728/34 2700/2727/34
f 2912/2939/34 2700/2727/34 2699/2726/34
f 2909/2936/35 2568/2595/35 2567/2594/35
f 2910/2937/35 2569/2596/35 2568/2595/35
f 2924/2951/35 2917/2944/35 2918/2945/35
f 2929/2956/35 2922/2949/35 2923/2950/35
f 2921/2948/34 2925/2952/34 2915/2942/34
f 2937/2964/34 2932/2959/34 2931/2958/34
f 2936/2963/35 2928/2955/35 2929/2956/35
f 2925/2952/34 2920/2947/34 2919/2946/34
f 2696/2723/34 2632/2659/34 2695/2722/34
f 2931/2958/34 2926/2953/34 2925/2952/34
f 2949/2976/35 2573/2600/35 2572/2599/35
f 2927/2954/34 2931/2958/34 2921/2948/34
f 3410/3442/35 3404/3436/35 3403/3435/35
f 2961/2988/34 2958/2985/34 2957/2984/34
f 2943/2970/34 2933/2960/34 2934/2961/34
f 2948/2975/34 2933/2960/34 2944/2971/34
f 2945/2972/35 2941/2968/35 2936/2963/35
f 3021/3050/34 3018/3047/34 3017/3046/34
f 2941/2968/35 2935/2962/35 2936/2963/35
f 2934/2961/34 2940/2967/34 2939/2966/34
f 2951/2978/35 2950/2977/35 2949/2976/35
f 2953/2980/35 2952/2979/35 2951/2978/35
f 2955/2982/35 2954/2981/35 2953/2980/35
f 2959/2986/35 2956/2983/35 2955/2982/35
f 3499/3531/35 3490/3522/35 3492/3524/35
f 2963/2990/35 2960/2987/35 2959/2986/35
f 2971/2998/35 2968/2995/35 2967/2994/35
f 2967/2994/35 2964/2991/35 2963/2990/35
f 2969/2996/34 2966/2993/34 2965/2992/34
f 3447/3479/35 3433/3465/35 3435/3467/35
f 2973/3000/34 2970/2997/34 2969/2996/34
f 3005/3034/34 3002/3031/34 3001/3030/34
f 2978/3005/34 2970/2997/34 2974/3001/34
f 3234/3263/35 3231/3260/35 3230/3259/35
f 2987/3016/35 2984/3013/35 2983/3012/35
f 2975/3002/35 2971/2998/35 2967/2994/35
f 2985/3014/34 2753/2780/34 2749/2776/34
f 3095/3124/35 3093/3122/35 3089/3118/35
f 2973/3000/34 2980/3007/34 2982/3010/34
f 2991/3020/35 2988/3017/35 2987/3016/35
f 2995/3024/35 2992/3021/35 2991/3020/35
f 2999/3028/35 2996/3025/35 2995/3024/35
f 3001/3030/34 2998/3027/34 2997/3026/34
f 3009/3038/34 3006/3035/34 3005/3034/34
f 3003/3032/35 3000/3029/35 2999/3028/35
f 3007/3036/35 3004/3033/35 3003/3032/35
f 3015/3044/35 3012/3041/35 3011/3040/35
f 3011/3040/35 3008/3037/35 3007/3036/35
f 3013/3042/34 3010/3039/34 3009/3038/34
f 3451/3483/35 3437/3469/35 3439/3471/35
f 3017/3046/34 3014/3043/34 3013/3042/34
f 3019/3048/35 3016/3045/35 3015/3044/35
f 3037/3066/35 3031/3060/35 3033/3062/35
f 2856/2883/35 2849/2876/35 2850/2877/35
f 3439/3471/35 3425/3457/35 3427/3459/35
f 2782/2809/34 2719/2746/34 2718/2745/34
f 3028/3057/34 2747/2774/34 2743/2770/34
f 3021/3050/34 3026/3055/34 3022/3051/34
f 2886/2913/42 3308/3338/43 3505/3537/44
f 3036/3065/34 3034/3063/34 3032/3061/34
f 3050/3079/34 3048/3077/34 3046/3075/34
f 3047/3076/35 3041/3070/35 3043/3072/35
f 3043/3072/35 3039/3068/35 3040/3069/35
f 2697/2724/34 2631/2658/34 2696/2723/34
f 3054/3083/34 3052/3081/34 3050/3079/34
f 3247/3276/35 3241/3270/35 3239/3268/35
f 3051/3080/35 3045/3074/35 3047/3076/35
f 3059/3088/35 3053/3082/35 3055/3084/35
f 3055/3084/35 3049/3078/35 3051/3080/35
f 3062/3091/34 3060/3089/34 3058/3087/34
f 3058/3087/34 3056/3085/34 3054/3083/34
f 3066/3095/34 3064/3093/34 3062/3091/34
f 3063/3092/35 3057/3086/35 3059/3088/35
f 3071/3100/35 3065/3094/35 3067/3096/35
f 3067/3096/35 3061/3090/35 3063/3092/35
f 3074/3103/34 3072/3101/34 3070/3099/34
f 3396/3428/35 2598/2625/35 2597/2624/35
f 3105/3134/34 3104/3133/34 3103/3132/34
f 3075/3104/35 3069/3098/35 3071/3100/35
f 3098/3127/34 3090/3119/34 3094/3123/34
f 3082/3111/35 2979/3006/35 2981/3009/35
f 3402/3434/35 3397/3429/35 3396/3428/35
f 2980/3008/35 3080/3109/35 3079/3108/35
f 2832/2859/34 2820/2847/34 2824/2851/34
f 3099/3128/35 3097/3126/35 3095/3124/35
f 3398/3430/34 2671/2698/34 2670/2697/34
f 3117/3146/35 3111/3140/35 3113/3142/35
f 3102/3131/34 3096/3125/34 3098/3127/34
f 3325/3356/34 2778/2805/34 2776/2803/34
f 3125/3154/35 3124/3153/35 3123/3152/35
f 3110/3139/34 3100/3129/34 3102/3131/34
f 3120/3149/34 3118/3147/34 3116/3145/34
f 3107/3136/35 3101/3130/35 3099/3128/35
f 3307/3336/35 3304/3333/35 3305/3334/35
f 3116/3145/34 3114/3143/34 3112/3141/34
f 3113/3142/35 3091/3120/35 3093/3122/35
f 3132/3161/34 3130/3159/34 3128/3157/34
f 3088/3117/34 3086/3115/34 3084/3113/34
f 3133/3162/35 3127/3156/35 3129/3158/35
f 3492/3524/35 3482/3514/35 3484/3516/35
f 3128/3157/34 2740/2767/34 2738/2765/34
f 3089/3118/35 3083/3112/35 3085/3114/35
f 3144/3173/34 3142/3171/34 3140/3169/34
f 3140/3169/34 3138/3167/34 3136/3165/34
f 3149/3178/35 3143/3172/35 3145/3174/35
f 3145/3174/35 3139/3168/35 3141/3170/35
f 3152/3181/34 3150/3179/34 3148/3177/34
f 3156/3185/34 3154/3183/34 3152/3181/34
f 3153/3182/35 3147/3176/35 3149/3178/35
f 3161/3190/35 3155/3184/35 3157/3186/35
f 3157/3186/35 3151/3180/35 3153/3182/35
f 3164/3193/34 3162/3191/34 3160/3189/34
f 3160/3189/34 3158/3187/34 3156/3185/34
f 3165/3194/35 3159/3188/35 3161/3190/35
f 3444/3476/35 3429/3461/35 3432/3464/35
f 3173/3202/35 3167/3196/35 3169/3198/35
f 3169/3198/35 3163/3192/35 3165/3194/35
f 3168/3197/34 3166/3195/34 3164/3193/34
f 3194/3223/34 3192/3221/34 3190/3219/34
f 3172/3201/34 3170/3199/34 3168/3197/34
f 3181/3210/35 3177/3206/35 3178/3207/35
f 3176/3205/35 2757/2784/35 2758/2785/35
f 3190/3219/34 3183/3212/34 3180/3209/34
f 3178/3207/35 3175/3204/35 3176/3205/35
f 3184/3213/35 3179/3208/35 3181/3210/35
f 2586/2613/35 2506/2533/35 2585/2612/35
f 2592/2619/35 2500/2527/35 2591/2618/35
f 3187/3216/34 3186/3215/34 3185/3214/34
f 3191/3220/35 3179/3208/35 3182/3211/35
f 3215/3244/34 3209/3238/34 3211/3240/34
f 3199/3228/35 3193/3222/35 3195/3224/35
f 3195/3224/35 3189/3218/35 3191/3220/35
f 3210/3239/34 3209/3238/34 3208/3237/34
f 2589/2616/35 2503/2530/35 2588/2615/35
f 3203/3232/35 3197/3226/35 3199/3228/35
f 3202/3231/34 3200/3229/34 3198/3227/34
f 3212/3241/35 3207/3236/35 3206/3235/35
f 3216/3245/35 3213/3242/35 3212/3241/35
f 3226/3255/35 3221/3250/35 3220/3249/35
f 3430/3462/34 3419/3451/34 3418/3450/34
f 3229/3258/34 3223/3252/34 3225/3254/34
f 3224/3253/34 3223/3252/34 3222/3251/34
f 3257/3286/34 3253/3282/34 3251/3280/34
f 2855/2882/35 2848/2875/35 2849/2876/35
f 2983/3012/35 2581/2608/35 2580/2607/35
f 3244/3273/34 3243/3272/34 3242/3271/34
f 3265/3294/35 2750/2777/35 2754/2781/35
f 3280/3309/34 2755/2782/34 2751/2778/34
f 3254/3283/34 3240/3269/34 3238/3267/34
f 3362/3393/35 2733/2760/35 2735/2762/35
f 3474/3506/34 2728/2755/34 2726/2753/34
f 3272/3301/34 2688/2715/34 2687/2714/34
f 3206/3235/35 3266/3295/35 3267/3296/35
f 3112/3141/34 3094/3123/34 3092/3121/34
f 3350/3381/34 3349/3380/34 3348/3379/34
f 3282/3311/34 2748/2775/34 2744/2771/34
f 2561/2588/35 2531/2558/35 2560/2587/35
f 3208/3237/34 3271/3300/34 3270/3299/34
f 3270/3299/34 3269/3298/34 3268/3297/34
f 3290/3319/35 2585/2612/35 2584/2611/35
f 3489/3521/34 3483/3515/34 3481/3513/34
f 2705/2732/34 2623/2650/34 2704/2731/34
f 2769/2796/35 2793/2820/35 2792/2819/35
f 2893/2920/34 2853/2880/34 2847/2874/34
f 2673/2700/34 2653/2680/34 2654/2681/34
f 3297/3326/35 3284/3313/35 3285/3314/35
f 3298/3327/34 3289/3318/34 3288/3317/34
f 3278/3307/34 3275/3304/34 3274/3303/34
f 2773/2800/35 2781/2808/35 2780/2807/35
f 2581/2608/35 2511/2538/35 2580/2607/35
f 3295/3324/35 3291/3320/35 3290/3319/35
f 2546/2573/35 2479/2506/35 2480/2507/35
f 3020/3049/35 3023/3052/35 3024/3053/35
f 3338/3369/34 3337/3368/34 3336/3367/34
f 2558/2585/35 2534/2561/35 2557/2584/35
f 3314/3345/34 2828/2855/34 2827/2854/34
f 2560/2587/35 2532/2559/35 2559/2586/35
f 3323/3354/34 2830/2857/34 2834/2861/34
f 2562/2589/35 2530/2557/35 2561/2588/35
f 2563/2590/35 2529/2556/35 2562/2589/35
f 2564/2591/35 2528/2555/35 2563/2590/35
f 3121/3150/35 3115/3144/35 3117/3146/35
f 2571/2598/35 2521/2548/35 2570/2597/35
f 2843/2870/35 2764/2791/35 2765/2792/35
f 2574/2601/35 2518/2545/35 2573/2600/35
f 2577/2604/35 2515/2542/35 2576/2603/35
f 3334/3365/34 3333/3364/34 3332/3363/34
f 2803/2830/34 2807/2834/34 2797/2824/34
f 3320/3351/35 2833/2860/35 2829/2856/35
f 2584/2611/35 2508/2535/35 2583/2610/35
f 2585/2612/35 2507/2534/35 2584/2611/35
f 2588/2615/35 2504/2531/35 2587/2614/35
f 3342/3373/34 3341/3372/34 3340/3371/34
f 2591/2618/35 2501/2528/35 2590/2617/35
f 2590/2617/35 2502/2529/35 2589/2616/35
f 2689/2716/34 2639/2666/34 2688/2715/34
f 2594/2621/35 2498/2525/35 2593/2620/35
f 3369/3400/34 3367/3398/34 3365/3396/34
f 3219/3248/34 3214/3243/34 3215/3244/34
f 3358/3389/34 3357/3388/34 3356/3387/34
f 2679/2706/34 2649/2676/34 2678/2705/34
f 3365/3396/34 2734/2761/34 2732/2759/34
f 2823/2850/34 2820/2847/34 2819/2846/34
f 3373/3404/34 2732/2759/34 2730/2757/34
f 3366/3397/35 2731/2758/35 2733/2760/35
f 3377/3408/34 3375/3406/34 3373/3404/34
f 3375/3406/34 3365/3396/34 3373/3404/34
f 3382/3413/35 3376/3407/35 3378/3409/35
f 3368/3399/35 3372/3403/35 3364/3395/35
f 3378/3409/35 3372/3403/35 3374/3405/35
f 3364/3395/35 2729/2756/35 2731/2758/35
f 3381/3412/34 3379/3410/34 3377/3408/34
f 3387/3418/34 3379/3410/34 3383/3414/34
f 3370/3401/35 3364/3395/35 3366/3397/35
f 3384/3415/35 3382/3413/35 3378/3409/35
f 3288/3317/34 3287/3316/34 3286/3315/34
f 2600/2627/35 2490/2517/35 2491/2518/35
f 3394/3426/35 3393/3425/35 3392/3424/35
f 3354/3385/34 3353/3384/34 3352/3383/34
f 3316/3347/35 2831/2858/35 2822/2849/35
f 2573/2600/35 2519/2546/35 2572/2599/35
f 2677/2704/34 2651/2678/34 2676/2703/34
f 2683/2710/34 2645/2672/34 2682/2709/34
f 2688/2715/34 2640/2667/34 2687/2714/34
f 2547/2574/35 2543/2570/35 2544/2571/35
f 3070/3099/34 3068/3097/34 3066/3095/34
f 2676/2703/34 2652/2679/34 2675/2702/34
f 2687/2714/34 2641/2668/34 2686/2713/34
f 2682/2709/34 2646/2673/34 2681/2708/34
f 2686/2713/34 2642/2669/34 2685/2712/34
f 3078/3107/34 3072/3101/34 3076/3105/34
f 2680/2707/34 2648/2675/34 2679/2706/34
f 3326/3357/35 2775/2802/35 2777/2804/35
f 2915/2942/34 2919/2946/34 2759/2786/34
f 2667/2694/34 2659/2686/34 2660/2687/34
f 2698/2725/34 2630/2657/34 2697/2724/34
f 2993/3022/34 2990/3019/34 2989/3018/34
f 2704/2731/34 2624/2651/34 2703/2730/34
f 2709/2736/34 2619/2646/34 2708/2735/34
f 2691/2718/34 2637/2664/34 2690/2717/34
f 2701/2728/34 2627/2654/34 2700/2727/34
f 2699/2726/34 2629/2656/34 2698/2725/34
f 2811/2838/34 2819/2846/34 2818/2845/34
f 2695/2722/34 2633/2660/34 2694/2721/34
f 2720/2747/34 2608/2635/34 2719/2746/34
f 2712/2739/34 2616/2643/34 2711/2738/34
f 2707/2734/34 2621/2648/34 2706/2733/34
f 3420/3452/35 3409/3441/35 3416/3448/35
f 2711/2738/34 2617/2644/34 2710/2737/34
f 3450/3482/34 3440/3472/34 3438/3470/34
f 3442/3474/34 3431/3463/34 3430/3462/34
f 3459/3491/35 3445/3477/35 3447/3479/35
f 2774/2801/35 2780/2807/35 2779/2806/35
f 2741/2768/34 3293/3322/34 2745/2772/34
f 3454/3486/34 3443/3475/34 3442/3474/34
f 3040/3069/35 3035/3064/35 3037/3066/35
f 3458/3490/34 3448/3480/34 3446/3478/34
f 3462/3494/34 3452/3484/34 3450/3482/34
f 3466/3498/34 3455/3487/34 3454/3486/34
f 2553/2580/35 2537/2564/35 2538/2565/35
f 3470/3502/34 3460/3492/34 3458/3490/34
f 3475/3507/35 2725/2752/35 2727/2754/35
f 3312/3343/35 2812/2839/35 2813/2840/35
f 3129/3158/35 2737/2764/35 2739/2766/35
f 2708/2735/34 2620/2647/34 2707/2734/34
f 3485/3517/35 3478/3510/35 3477/3509/35
f 3456/3488/35 3441/3473/35 3444/3476/35
f 3493/3525/35 3486/3518/35 3485/3517/35
f 3495/3527/34 3488/3520/34 3487/3519/34
f 3484/3516/34 2726/2753/34 2724/2751/34
f 3237/3266/34 3232/3261/34 3233/3262/34
f 2565/2592/35 2527/2554/35 2564/2591/35
f 2717/2744/34 2609/2636/34 2610/2637/34
f 3479/3511/34 2664/2691/34 2486/2513/34
f 3398/3430/34 3390/3422/34 3399/3431/34
f 2972/2999/35 2979/3006/35 2968/2995/35
f 2885/2912/45 3310/3341/46 2891/2918/47
f 3261/3290/34 3259/3288/34 3257/3286/34
f 3251/3280/34 3253/3282/34 3148/3177/34
f 3438/3470/34 3440/3472/34 3428/3460/34
f 3432/3464/35 3429/3461/35 3417/3449/35
f 2678/2705/34 2649/2676/34 2650/2677/34
f 2965/2992/34 2966/2993/34 2962/2989/34
f 2923/2950/35 2922/2949/35 2916/2943/35
f 2839/2866/34 2840/2867/34 2709/2736/34
f 2801/2828/34 2802/2829/34 2796/2823/34
f 2546/2573/35 2547/2574/35 2544/2571/35
f 2597/2624/35 2598/2625/35 2493/2520/35
f 2602/2629/35 2603/2630/35 2488/2515/35
f 2550/2577/35 2551/2578/35 2540/2567/35
f 2598/2625/35 2599/2626/35 2492/2519/35
f 2595/2622/35 2596/2623/35 2495/2522/35
f 2671/2698/34 2672/2699/34 2655/2682/34
f 2665/2692/34 2666/2693/34 2661/2688/34
f 2684/2711/34 2643/2670/34 2644/2671/34
f 2685/2712/34 2642/2669/34 2643/2670/34
f 2690/2717/34 2637/2664/34 2638/2665/34
f 3403/3435/35 3404/3436/35 3400/3432/35
f 2693/2720/34 2634/2661/34 2635/2662/34
f 2694/2721/34 2633/2660/34 2634/2661/34
f 2681/2708/34 2646/2673/34 2647/2674/34
f 2700/2727/34 2627/2654/34 2628/2655/34
f 2702/2729/34 2625/2652/34 2626/2653/34
f 2703/2730/34 2624/2651/34 2625/2652/34
f 3412/3444/34 3413/3445/34 3406/3438/34
f 2706/2733/34 2621/2648/34 2622/2649/34
f 2710/2737/34 2617/2644/34 2618/2645/34
f 3423/3455/35 3421/3453/35 3407/3439/35
f 2814/2841/35 2813/2840/35 2816/2843/35
f 3330/3361/35 3328/3359/35 2787/2814/35
f 3346/3377/34 3347/3378/34 3345/3376/34
f 3422/3454/34 3424/3456/34 3412/3444/34
f 2669/2696/34 2670/2697/34 2657/2684/34
f 2672/2699/34 2673/2700/34 2654/2681/34
f 2554/2581/35 2555/2582/35 2536/2563/35
f 3405/3437/34 3406/3438/34 3390/3422/34
f 2718/2745/34 2719/2746/34 2608/2635/34
f 2599/2626/35 2600/2627/35 2491/2518/35
f 3390/3421/34 3391/3423/34 3389/3420/34
f 2603/2630/35 2604/2631/35 2487/2514/35
f 2664/2691/34 2665/2692/34 2662/2689/34
f 2664/2691/34 2663/2690/34 2485/2512/34
f 2594/2621/35 2595/2622/35 2496/2523/35
f 2721/2748/34 2722/2749/34 2605/2632/34
f 3302/3331/34 3303/3332/34 3301/3330/34
f 2555/2582/35 2556/2583/35 2535/2562/35
f 3468/3500/35 3503/3535/35 3499/3531/35
f 2670/2697/34 2671/2698/34 2656/2683/34
f 2712/2739/34 2713/2740/34 2614/2641/34
f 2713/2740/34 2714/2741/34 2613/2640/34
f 2596/2623/35 2597/2624/35 2494/2521/35
f 2720/2747/34 2721/2748/34 2606/2633/34
f 3418/3450/34 3419/3451/34 3414/3446/34
f 2767/2794/34 2801/2828/34 2795/2822/34
f 2568/2595/35 2523/2550/35 2524/2551/35
f 2569/2596/35 2522/2549/35 2523/2550/35
f 2570/2597/35 2521/2548/35 2522/2549/35
f 2572/2599/35 2519/2546/35 2520/2547/35
f 2557/2584/35 2534/2561/35 2535/2562/35
f 3329/3360/34 3331/3362/34 2790/2817/34
f 2575/2602/35 2516/2543/35 2517/2544/35
f 2576/2603/35 2515/2542/35 2516/2543/35
f 2578/2605/35 2513/2540/35 2514/2541/35
f 2579/2606/35 2512/2539/35 2513/2540/35
f 2580/2607/35 2511/2538/35 2512/2539/35
f 2582/2609/35 2509/2536/35 2510/2537/35
f 2583/2610/35 2508/2535/35 2509/2536/35
f 2587/2614/35 2504/2531/35 2505/2532/35
f 2593/2620/35 2498/2525/35 2499/2526/35
f 3198/3227/34 3200/3229/34 3196/3225/34
f 3471/3503/35 3469/3501/35 3457/3489/35
f 3277/3306/35 3276/3305/35 2752/2779/35
f 2602/2629/35 2489/2516/35 2490/2517/35
f 2715/2742/34 2716/2743/34 2611/2638/34
f 2714/2741/34 2715/2742/34 2612/2639/34
f 2826/2853/48 3311/3342/49 3310/3340/50
f 2549/2576/35 2550/2577/35 2541/2568/35
f 2716/2743/34 2717/2744/34 2610/2637/34
f 2668/2695/34 2669/2696/34 2658/2685/34
f 2552/2579/35 2553/2580/35 2538/2565/35
f 2482/2509/35 2481/2508/35 2487/2514/35
f 2551/2578/35 2552/2579/35 2539/2566/35
f 3497/3529/34 3502/3534/34 3467/3499/34
f 2566/2593/35 2525/2552/35 2526/2553/35
f 2667/2694/34 2660/2687/34 2661/2688/34
f 2851/2878/34 2852/2879/34 2846/2873/34
f 3084/3113/34 3086/3115/34 3074/3103/34
f 2930/2957/35 2929/2956/35 2923/2950/35
f 2918/2945/35 2917/2944/35 2761/2788/35
f 2917/2944/35 2916/2943/35 2760/2787/35
f 3271/3300/35 3270/3299/35 3276/3305/35
f 3046/3075/34 3048/3077/34 3044/3073/34
f 3136/3165/34 3138/3167/34 3134/3163/34
f 2675/2702/34 2652/2679/34 2653/2680/34
f 2849/2876/35 2848/2875/35 2842/2869/35
f 3137/3166/35 3135/3164/35 3131/3160/35
f 3500/3532/35 3483/3515/35 2723/2750/35
f 3487/3519/34 3488/3520/34 3480/3512/34
f 2780/2807/35 2781/2808/35 2550/2577/35
f 3029/3058/35 3027/3056/35 2742/2769/35
f 3446/3478/34 3448/3480/34 3436/3468/34
f 3477/3509/35 3478/3510/35 2482/2509/35
f 3468/3500/35 3465/3497/35 3453/3485/35
f 3248/3277/34 3249/3278/34 3243/3272/34
f 3426/3458/34 3428/3460/34 3415/3447/34
f 2792/2819/35 2793/2820/35 2555/2582/35
f 2791/2818/35 2792/2819/35 2554/2581/35
f 2783/2810/34 2784/2811/34 2720/2747/34
f 2771/2798/34 2785/2812/34 2783/2810/34
f 3434/3466/34 3436/3468/34 3424/3456/34
f 2785/2812/34 2786/2813/34 2784/2811/34
f 3085/3114/35 3083/3112/35 3069/3098/35
f 2770/2797/35 2769/2796/35 2792/2819/35
f 2805/2832/35 2804/2831/35 2798/2825/35
f 2806/2833/35 2805/2832/35 2799/2826/35
f 2809/2836/34 2810/2837/34 2808/2835/34
f 2559/2586/35 2532/2559/35 2533/2560/35
f 2567/2594/35 2524/2551/35 2525/2552/35
f 2813/2840/35 2812/2839/35 2817/2844/35
f 2794/2821/34 2795/2822/34 2714/2741/34
f 2795/2822/34 2796/2823/34 2715/2742/34
f 2549/2576/35 2542/2569/35 2543/2570/35
f 3361/3392/34 3363/3394/34 2736/2763/34
f 3319/3350/34 3317/3348/34 2821/2848/34
f 2779/2806/35 2780/2807/35 2549/2576/35
f 2829/2856/35 2833/2860/35 2814/2841/35
f 2484/2511/34 2483/2510/34 2605/2632/34
f 3427/3459/35 3425/3457/35 3404/3436/35
f 2823/2850/51 2811/2838/52 3308/3337/53
f 2692/2719/34 2635/2662/34 2636/2663/34
f 2835/2862/35 2836/2863/35 2560/2587/35
f 2836/2863/35 2837/2864/35 2561/2588/35
f 2838/2865/34 2839/2866/34 2708/2735/34
f 2841/2868/34 2851/2878/34 2845/2872/34
f 2844/2871/35 2843/2870/35 2765/2792/35
f 2847/2874/34 2857/2884/34 2851/2878/34
f 3463/3495/35 3461/3493/35 3449/3481/35
f 2857/2884/34 2858/2885/34 2852/2879/34
f 2850/2877/35 2849/2876/35 2843/2870/35
f 3435/3467/35 3433/3465/35 3421/3453/35
f 3252/3281/35 3250/3279/35 3143/3172/35
f 2853/2880/34 2863/2890/34 2857/2884/34
f 2863/2890/34 2864/2891/34 2858/2885/34
f 3258/3287/35 3256/3285/35 3250/3279/35
f 2862/2889/35 2861/2888/35 2855/2882/35
f 3262/3291/35 3260/3289/35 3256/3285/35
f 2867/2894/35 2866/2893/35 2860/2887/35
f 2859/2886/34 2869/2896/34 2863/2890/34
f 2868/2895/35 2867/2894/35 2861/2888/35
f 2869/2896/34 2870/2897/34 2864/2891/34
f 2861/2888/35 2860/2887/35 2854/2881/35
f 2873/2900/35 2871/2898/35 2878/2905/35
f 2901/2928/34 2903/2930/34 2899/2926/34
f 2900/2927/35 2898/2925/35 2894/2921/35
f 2884/2911/34 2883/2910/34 2879/2906/34
f 2885/2912/35 2891/2918/35 2877/2904/35
f 2875/2902/34 2876/2903/34 2870/2897/34
f 2865/2892/34 2875/2902/34 2869/2896/34
f 2880/2907/34 2879/2906/34 2872/2899/34
f 2881/2908/35 2882/2909/35 2871/2898/35
f 2889/2916/35 2890/2917/35 2868/2895/35
f 2888/2915/34 2887/2914/34 2874/2901/34
f 2892/2919/34 2886/2913/34 2870/2897/34
f 2904/2931/35 2902/2929/35 2898/2925/35
f 2896/2923/35 2894/2921/35 2848/2875/35
f 2905/2932/34 2907/2934/34 2903/2930/34
f 2908/2935/35 2906/2933/35 2902/2929/35
f 2897/2924/34 2899/2926/34 2895/2922/34
f 2913/2940/34 2914/2941/34 2701/2728/34
f 2912/2939/34 2913/2940/34 2700/2727/34
f 2909/2936/35 2910/2937/35 2568/2595/35
f 2910/2937/35 2911/2938/35 2569/2596/35
f 2924/2951/35 2923/2950/35 2917/2944/35
f 2929/2956/35 2928/2955/35 2922/2949/35
f 2921/2948/34 2931/2958/34 2925/2952/34
f 2937/2964/34 2938/2965/34 2932/2959/34
f 2936/2963/35 2935/2962/35 2928/2955/35
f 2925/2952/34 2926/2953/34 2920/2947/34
f 2696/2723/34 2631/2658/34 2632/2659/34
f 2931/2958/34 2932/2959/34 2926/2953/34
f 2949/2976/35 2950/2977/35 2573/2600/35
f 2927/2954/34 2937/2964/34 2931/2958/34
f 3410/3442/35 3411/3443/35 3404/3436/35
f 2961/2988/34 2962/2989/34 2958/2985/34
f 2943/2970/34 2944/2971/34 2933/2960/34
f 2948/2975/34 2946/2973/34 2933/2960/34
f 2945/2972/35 2947/2974/35 2941/2968/35
f 3021/3050/34 3022/3051/34 3018/3047/34
f 2941/2968/35 2942/2969/35 2935/2962/35
f 2934/2961/34 2933/2960/34 2940/2967/34
f 2951/2978/35 2952/2979/35 2950/2977/35
f 2953/2980/35 2954/2981/35 2952/2979/35
f 2955/2982/35 2956/2983/35 2954/2981/35
f 2959/2986/35 2960/2987/35 2956/2983/35
f 3499/3531/35 3498/3530/35 3490/3522/35
f 2963/2990/35 2964/2991/35 2960/2987/35
f 2971/2998/35 2972/2999/35 2968/2995/35
f 2967/2994/35 2968/2995/35 2964/2991/35
f 2969/2996/34 2970/2997/34 2966/2993/34
f 3447/3479/35 3445/3477/35 3433/3465/35
f 2973/3000/34 2974/3001/34 2970/2997/34
f 3005/3034/34 3006/3035/34 3002/3031/34
f 2978/3005/34 2976/3003/34 2970/2997/34
f 3234/3263/35 3235/3264/35 3231/3260/35
f 2987/3016/35 2988/3017/35 2984/3013/35
f 2975/3002/35 2977/3004/35 2971/2998/35
f 2985/3014/34 2986/3015/34 2753/2780/34
f 3095/3124/35 3097/3126/35 3093/3122/35
f 2973/3000/34 2969/2996/34 2980/3007/34
f 2991/3020/35 2992/3021/35 2988/3017/35
f 2995/3024/35 2996/3025/35 2992/3021/35
f 2999/3028/35 3000/3029/35 2996/3025/35
f 3001/3030/34 3002/3031/34 2998/3027/34
f 3009/3038/34 3010/3039/34 3006/3035/34
f 3003/3032/35 3004/3033/35 3000/3029/35
f 3007/3036/35 3008/3037/35 3004/3033/35
f 3015/3044/35 3016/3045/35 3012/3041/35
f 3011/3040/35 3012/3041/35 3008/3037/35
f 3013/3042/34 3014/3043/34 3010/3039/34
f 3451/3483/35 3449/3481/35 3437/3469/35
f 3017/3046/34 3018/3047/34 3014/3043/34
f 3019/3048/35 3020/3049/35 3016/3045/35
f 3037/3066/35 3035/3064/35 3031/3060/35
f 2856/2883/35 2855/2882/35 2849/2876/35
f 3439/3471/35 3437/3469/35 3425/3457/35
f 2782/2809/34 2783/2810/34 2719/2746/34
f 3028/3057/34 3030/3059/34 2747/2774/34
f 3021/3050/34 3025/3054/34 3026/3055/34
f 2886/2913/54 2892/2919/55 3308/3338/56
f 3036/3065/34 3038/3067/34 3034/3063/34
f 3050/3079/34 3052/3081/34 3048/3077/34
f 3047/3076/35 3045/3074/35 3041/3070/35
f 3043/3072/35 3041/3070/35 3039/3068/35
f 2697/2724/34 2630/2657/34 2631/2658/34
f 3054/3083/34 3056/3085/34 3052/3081/34
f 3247/3276/35 3246/3275/35 3241/3270/35
f 3051/3080/35 3049/3078/35 3045/3074/35
f 3059/3088/35 3057/3086/35 3053/3082/35
f 3055/3084/35 3053/3082/35 3049/3078/35
f 3062/3091/34 3064/3093/34 3060/3089/34
f 3058/3087/34 3060/3089/34 3056/3085/34
f 3066/3095/34 3068/3097/34 3064/3093/34
f 3063/3092/35 3061/3090/35 3057/3086/35
f 3071/3100/35 3069/3098/35 3065/3094/35
f 3067/3096/35 3065/3094/35 3061/3090/35
f 3074/3103/34 3076/3105/34 3072/3101/34
f 3396/3428/35 3397/3429/35 2598/2625/35
f 3105/3134/34 3106/3135/34 3104/3133/34
f 3075/3104/35 3073/3102/35 3069/3098/35
f 3098/3127/34 3096/3125/34 3090/3119/34
f 3082/3111/35 3081/3110/35 2979/3006/35
f 3402/3434/35 3400/3432/35 3397/3429/35
f 2980/3008/35 2982/3011/35 3080/3109/35
f 2832/2859/34 2821/2848/34 2820/2847/34
f 3099/3128/35 3101/3130/35 3097/3126/35
f 3398/3430/34 3399/3431/34 2671/2698/34
f 3117/3146/35 3115/3144/35 3111/3140/35
f 3102/3131/34 3100/3129/34 3096/3125/34
f 3325/3356/34 3327/3358/34 2778/2805/34
f 3125/3154/35 3126/3155/35 3124/3153/35
f 3110/3139/34 3108/3137/34 3100/3129/34
f 3120/3149/34 3122/3151/34 3118/3147/34
f 3107/3136/35 3109/3138/35 3101/3130/35
f 3307/3336/35 3306/3335/35 3304/3333/35
f 3116/3145/34 3118/3147/34 3114/3143/34
f 3113/3142/35 3111/3140/35 3091/3120/35
f 3132/3161/34 3134/3163/34 3130/3159/34
f 3088/3117/34 3090/3119/34 3086/3115/34
f 3133/3162/35 3131/3160/35 3127/3156/35
f 3492/3524/35 3490/3522/35 3482/3514/35
f 3128/3157/34 3130/3159/34 2740/2767/34
f 3089/3118/35 3087/3116/35 3083/3112/35
f 3144/3173/34 3146/3175/34 3142/3171/34
f 3140/3169/34 3142/3171/34 3138/3167/34
f 3149/3178/35 3147/3176/35 3143/3172/35
f 3145/3174/35 3143/3172/35 3139/3168/35
f 3152/3181/34 3154/3183/34 3150/3179/34
f 3156/3185/34 3158/3187/34 3154/3183/34
f 3153/3182/35 3151/3180/35 3147/3176/35
f 3161/3190/35 3159/3188/35 3155/3184/35
f 3157/3186/35 3155/3184/35 3151/3180/35
f 3164/3193/34 3166/3195/34 3162/3191/34
f 3160/3189/34 3162/3191/34 3158/3187/34
f 3165/3194/35 3163/3192/35 3159/3188/35
f 3444/3476/35 3441/3473/35 3429/3461/35
f 3173/3202/35 3171/3200/35 3167/3196/35
f 3169/3198/35 3167/3196/35 3163/3192/35
f 3168/3197/34 3170/3199/34 3166/3195/34
f 3194/3223/34 3196/3225/34 3192/3221/34
f 3172/3201/34 3174/3203/34 3170/3199/34
f 3181/3210/35 3179/3208/35 3177/3206/35
f 3176/3205/35 3175/3204/35 2757/2784/35
f 3190/3219/34 3192/3221/34 3183/3212/34
f 3178/3207/35 3177/3206/35 3175/3204/35
f 3184/3213/35 3182/3211/35 3179/3208/35
f 2586/2613/35 2505/2532/35 2506/2533/35
f 2592/2619/35 2499/2526/35 2500/2527/35
f 3187/3216/34 3188/3217/34 3186/3215/34
f 3191/3220/35 3189/3218/35 3179/3208/35
f 3215/3244/34 3214/3243/34 3209/3238/34
f 3199/3228/35 3197/3226/35 3193/3222/35
f 3195/3224/35 3193/3222/35 3189/3218/35
f 3210/3239/34 3211/3240/34 3209/3238/34
f 2589/2616/35 2502/2529/35 2503/2530/35
f 3203/3232/35 3201/3230/35 3197/3226/35
f 3202/3231/34 3204/3233/34 3200/3229/34
f 3212/3241/35 3213/3242/35 3207/3236/35
f 3216/3245/35 3217/3246/35 3213/3242/35
f 3226/3255/35 3227/3256/35 3221/3250/35
f 3430/3462/34 3431/3463/34 3419/3451/34
f 3229/3258/34 3228/3257/34 3223/3252/34
f 3224/3253/34 3225/3254/34 3223/3252/34
f 3257/3286/34 3259/3288/34 3253/3282/34
f 2855/2882/35 2854/2881/35 2848/2875/35
f 2983/3012/35 2984/3013/35 2581/2608/35
f 3244/3273/34 3245/3274/34 3243/3272/34
f 3265/3294/35 3264/3293/35 2750/2777/35
f 3280/3309/34 3281/3310/34 2755/2782/34
f 3254/3283/34 3255/3284/34 3240/3269/34
f 3362/3393/35 3360/3391/35 2733/2760/35
f 3474/3506/34 3476/3508/34 2728/2755/34
f 3272/3301/34 3273/3302/34 2688/2715/34
f 3206/3235/35 3205/3234/35 3266/3295/35
f 3112/3141/34 3114/3143/34 3094/3123/34
f 3350/3381/34 3351/3382/34 3349/3380/34
f 3282/3311/34 3283/3312/34 2748/2775/34
f 2561/2588/35 2530/2557/35 2531/2558/35
f 3208/3237/34 3209/3238/34 3271/3300/34
f 3270/3299/34 3271/3300/34 3269/3298/34
f 3290/3319/35 3291/3320/35 2585/2612/35
f 3489/3521/34 3491/3523/34 3483/3515/34
f 2705/2732/34 2622/2649/34 2623/2650/34
f 2769/2796/35 2768/2795/35 2793/2820/35
f 2893/2920/34 2895/2922/34 2853/2880/34
f 2673/2700/34 2674/2701/34 2653/2680/34
f 3297/3326/35 3296/3325/35 3284/3313/35
f 3298/3327/34 3299/3328/34 3289/3318/34
f 3278/3307/34 3279/3308/34 3275/3304/34
f 2773/2800/35 2772/2799/35 2781/2808/35
f 2581/2608/35 2510/2537/35 2511/2538/35
f 3295/3324/35 3294/3323/35 3291/3320/35
f 2546/2573/35 2545/2572/35 2479/2506/35
f 3020/3049/35 3019/3048/35 3023/3052/35
f 3338/3369/34 3339/3370/34 3337/3368/34
f 2558/2585/35 2533/2560/35 2534/2561/35
f 3314/3345/34 3315/3346/34 2828/2855/34
f 2560/2587/35 2531/2558/35 2532/2559/35
f 3323/3354/34 3321/3352/34 2830/2857/34
f 2562/2589/35 2529/2556/35 2530/2557/35
f 2563/2590/35 2528/2555/35 2529/2556/35
f 2564/2591/35 2527/2554/35 2528/2555/35
f 3121/3150/35 3119/3148/35 3115/3144/35
f 2571/2598/35 2520/2547/35 2521/2548/35
f 2843/2870/35 2842/2869/35 2764/2791/35
f 2574/2601/35 2517/2544/35 2518/2545/35
f 2577/2604/35 2514/2541/35 2515/2542/35
f 3334/3365/34 3335/3366/34 3333/3364/34
f 2803/2830/34 2809/2836/34 2807/2834/34
f 3320/3351/35 3322/3353/35 2833/2860/35
f 2584/2611/35 2507/2534/35 2508/2535/35
f 2585/2612/35 2506/2533/35 2507/2534/35
f 2588/2615/35 2503/2530/35 2504/2531/35
f 3342/3373/34 3343/3374/34 3341/3372/34
f 2591/2618/35 2500/2527/35 2501/2528/35
f 2590/2617/35 2501/2528/35 2502/2529/35
f 2689/2716/34 2638/2665/34 2639/2666/34
f 2594/2621/35 2497/2524/35 2498/2525/35
f 3369/3400/34 3371/3402/34 3367/3398/34
f 3219/3248/34 3218/3247/34 3214/3243/34
f 3358/3389/34 3359/3390/34 3357/3388/34
f 2679/2706/34 2648/2675/34 2649/2676/34
f 3365/3396/34 3367/3398/34 2734/2761/34
f 2823/2850/34 2824/2851/34 2820/2847/34
f 3373/3404/34 3365/3396/34 2732/2759/34
f 3366/3397/35 3364/3395/35 2731/2758/35
f 3377/3408/34 3379/3410/34 3375/3406/34
f 3375/3406/34 3369/3400/34 3365/3396/34
f 3382/3413/35 3380/3411/35 3376/3407/35
f 3368/3399/35 3374/3405/35 3372/3403/35
f 3378/3409/35 3376/3407/35 3372/3403/35
f 3364/3395/35 3372/3403/35 2729/2756/35
f 3381/3412/34 3383/3414/34 3379/3410/34
f 3387/3418/34 3385/3416/34 3379/3410/34
f 3370/3401/35 3368/3399/35 3364/3395/35
f 3384/3415/35 3386/3417/35 3382/3413/35
f 3288/3317/34 3289/3318/34 3287/3316/34
f 2600/2627/35 2601/2628/35 2490/2517/35
f 3394/3426/35 3395/3427/35 3393/3425/35
f 3354/3385/34 3355/3386/34 3353/3384/34
f 3316/3347/35 3318/3349/35 2831/2858/35
f 2573/2600/35 2518/2545/35 2519/2546/35
f 2677/2704/34 2650/2677/34 2651/2678/34
f 2683/2710/34 2644/2671/34 2645/2672/34
f 2688/2715/34 2639/2666/34 2640/2667/34
f 2547/2574/35 2548/2575/35 2543/2570/35
f 3070/3099/34 3072/3101/34 3068/3097/34
f 2676/2703/34 2651/2678/34 2652/2679/34
f 2687/2714/34 2640/2667/34 2641/2668/34
f 2682/2709/34 2645/2672/34 2646/2673/34
f 2686/2713/34 2641/2668/34 2642/2669/34
f 3078/3107/34 3077/3106/34 3072/3101/34
f 2680/2707/34 2647/2674/34 2648/2675/34
f 3326/3357/35 3324/3355/35 2775/2802/35
f 2915/2942/34 2925/2952/34 2919/2946/34
f 2667/2694/34 2668/2695/34 2659/2686/34
f 2698/2725/34 2629/2656/34 2630/2657/34
f 2993/3022/34 2994/3023/34 2990/3019/34
f 2704/2731/34 2623/2650/34 2624/2651/34
f 2709/2736/34 2618/2645/34 2619/2646/34
f 2691/2718/34 2636/2663/34 2637/2664/34
f 2701/2728/34 2626/2653/34 2627/2654/34
f 2699/2726/34 2628/2655/34 2629/2656/34
f 2811/2838/34 2823/2850/34 2819/2846/34
f 2695/2722/34 2632/2659/34 2633/2660/34
f 2720/2747/34 2607/2634/34 2608/2635/34
f 2712/2739/34 2615/2642/34 2616/2643/34
f 2707/2734/34 2620/2647/34 2621/2648/34
f 3420/3452/35 3417/3449/35 3409/3441/35
f 2711/2738/34 2616/2643/34 2617/2644/34
f 3450/3482/34 3452/3484/34 3440/3472/34
f 3442/3474/34 3443/3475/34 3431/3463/34
f 3459/3491/35 3457/3489/35 3445/3477/35
f 2774/2801/35 2773/2800/35 2780/2807/35
f 2741/2768/34 3292/3321/34 3293/3322/34
f 3454/3486/34 3455/3487/34 3443/3475/34
f 3040/3069/35 3039/3068/35 3035/3064/35
f 3458/3490/34 3460/3492/34 3448/3480/34
f 3462/3494/34 3464/3496/34 3452/3484/34
f 3466/3498/34 3467/3499/34 3455/3487/34
f 2553/2580/35 2554/2581/35 2537/2564/35
f 3470/3502/34 3472/3504/34 3460/3492/34
f 3475/3507/35 3473/3505/35 2725/2752/35
f 3312/3343/35 3313/3344/35 2812/2839/35
f 3129/3158/35 3127/3156/35 2737/2764/35
f 2708/2735/34 2619/2646/34 2620/2647/34
f 3485/3517/35 3486/3518/35 3478/3510/35
f 3456/3488/35 3453/3485/35 3441/3473/35
f 3493/3525/35 3494/3526/35 3486/3518/35
f 3495/3527/34 3496/3528/34 3488/3520/34
f 3484/3516/34 3501/3533/34 2726/2753/34
f 3237/3266/34 3236/3265/34 3232/3261/34
f 2565/2592/35 2526/2553/35 2527/2554/35
f 2717/2744/34 2718/2745/34 2609/2636/34
f 3479/3511/34 3480/3512/34 2664/2691/34
f 3398/3430/34 3401/3433/34 3390/3422/34
f 2972/2999/35 2981/3009/35 2979/3006/35
f 2885/2912/57 3504/3536/58 3310/3341/59
f 3261/3290/34 3263/3292/34 3259/3288/34
