# Blender 3.3.1
# www.blender.org
mtllib Level4.mtl
g SAFEGROUND_Mesh
v -2.500000 0.000000 30.000000
v -2.500000 0.000000 0.000000
v 2.500000 0.000000 30.000000
v 2.500000 0.000000 0.000000
v -2.500000 0.000000 1.000000
v -2.500000 0.000000 2.000000
v -2.500000 0.000000 3.000000
v -2.500000 0.000000 4.000000
v -2.500000 0.000000 5.000000
v -2.500000 0.000000 6.000000
v -2.500000 0.000000 7.000000
v -2.500000 0.000000 8.000000
v -2.500000 0.000000 9.000000
v -2.500000 0.000000 10.000000
v -2.500000 0.000000 11.000000
v -2.500000 0.000000 11.999999
v -2.500000 0.000000 12.999999
v -2.500000 0.000000 13.999999
v -2.500000 0.000000 14.999999
v -2.500000 0.000000 15.999999
v -2.500000 0.000000 17.000000
v -2.500000 0.000000 18.000000
v -2.500000 0.000000 19.000000
v -2.500000 0.000000 20.000000
v -2.500000 0.000000 21.000000
v -2.500000 0.000000 22.000000
v -2.500000 0.000000 23.000000
v -2.500000 0.000000 24.000000
v -2.500000 0.000000 25.000000
v -2.500000 0.000000 26.000000
v -2.500000 0.000000 27.000000
v -2.500000 0.000000 28.000000
v -2.500000 0.000000 29.000000
v 2.500000 0.000000 29.000000
v 2.500000 0.000000 28.000000
v 2.500000 0.000000 27.000000
v 2.500000 0.000000 26.000000
v 2.500000 0.000000 25.000000
v 2.500000 0.000000 24.000000
v 2.500000 0.000000 23.000000
v 2.500000 0.000000 22.000000
v 2.500000 0.000000 21.000000
v 2.500000 0.000000 20.000000
v 2.500000 0.000000 19.000000
v 2.500000 0.000000 18.000000
v 2.500000 0.000000 17.000000
v 2.500000 0.000000 16.000000
v 2.500000 0.000000 15.000001
v 2.500000 0.000000 14.000001
v 2.500000 0.000000 13.000001
v 2.500000 0.000000 12.000001
v 2.500000 0.000000 11.000000
v 2.500000 0.000000 10.000000
v 2.500000 0.000000 9.000000
v 2.500000 0.000000 8.000000
v 2.500000 0.000000 7.000000
v 2.500000 0.000000 6.000001
v 2.500000 0.000000 5.000001
v 2.500000 0.000000 4.000001
v 2.500000 0.000000 3.000001
v 2.500000 0.000000 2.000001
v 2.500000 0.000000 1.000001
v 1.500000 0.000000 0.000000
v 0.500000 0.000000 0.000000
v -0.500000 0.000000 0.000000
v -1.500000 0.000000 0.000000
v -1.500000 0.000000 30.000000
v -0.500000 0.000000 30.000000
v 0.500000 0.000000 30.000000
v 1.500000 0.000000 30.000000
v 1.500000 0.000000 1.000001
v 0.500000 0.000000 1.000001
v -0.500000 0.000000 1.000001
v -1.500000 0.000000 1.000001
v 1.500000 0.000000 2.000001
v 0.500000 0.000000 2.000001
v -0.500000 0.000000 2.000001
v -1.500000 0.000000 2.000000
v 1.500000 0.000000 3.000001
v 0.500000 0.000000 3.000001
v -0.500000 0.000000 3.000001
v -1.500000 0.000000 3.000001
v 1.500000 0.000000 4.000001
v 0.500000 0.000000 4.000001
v -0.500000 0.000000 4.000001
v -1.500000 0.000000 4.000000
v 1.500000 0.000000 5.000001
v 0.500000 0.000000 5.000001
v -0.500000 0.000000 5.000001
v -1.500000 0.000000 5.000001
v 1.500000 0.000000 6.000001
v 0.500000 0.000000 6.000001
v -0.500000 0.000000 6.000001
v -1.500000 0.000000 6.000000
v 1.500000 0.000000 7.000000
v 0.500000 0.000000 7.000000
v -0.500000 0.000000 7.000000
v -1.500000 0.000000 7.000000
v 1.500000 0.000000 8.000000
v 0.500000 0.000000 8.000000
v -0.500000 0.000000 8.000000
v -1.500000 0.000000 8.000000
v 1.500000 0.000000 9.000000
v 0.500000 0.000000 9.000000
v -0.500000 0.000000 9.000000
v -1.500000 0.000000 9.000000
v 1.500000 0.000000 10.000000
v 0.500000 0.000000 10.000000
v -0.500000 0.000000 10.000000
v -1.500000 0.000000 10.000000
v 1.500000 0.000000 11.000000
v 0.500000 0.000000 11.000000
v -0.500000 0.000000 11.000000
v -1.500000 0.000000 11.000000
v 1.500000 0.000000 12.000000
v 0.500000 0.000000 12.000000
v -0.500000 0.000000 12.000000
v -1.500000 0.000000 12.000000
v 1.500000 0.000000 13.000000
v 0.500000 0.000000 13.000000
v -0.500000 0.000000 13.000000
v -1.500000 0.000000 13.000000
v 1.500000 0.000000 14.000000
v 0.500000 0.000000 14.000000
v -0.500000 0.000000 14.000000
v -1.500000 0.000000 14.000000
v 1.500000 0.000000 15.000000
v 0.500000 0.000000 15.000000
v -0.500000 0.000000 15.000000
v -1.500000 0.000000 15.000000
v 1.500000 0.000000 16.000000
v 0.500000 0.000000 16.000000
v -0.500000 0.000000 16.000000
v -1.500000 0.000000 16.000000
v 1.500000 0.000000 17.000000
v 0.500000 0.000000 17.000000
v -0.500000 0.000000 17.000000
v -1.500000 0.000000 17.000000
v 1.500000 0.000000 18.000000
v 0.500000 0.000000 18.000000
v -0.500000 0.000000 18.000000
v -1.500000 0.000000 18.000000
v 1.500000 0.000000 19.000000
v 0.500000 0.000000 19.000000
v -0.500000 0.000000 19.000000
v -1.500000 0.000000 19.000000
v 1.500000 0.000000 20.000000
v 0.500000 0.000000 20.000000
v -0.500000 0.000000 20.000000
v -1.500000 0.000000 20.000000
v 1.500000 0.000000 21.000000
v 0.500000 0.000000 21.000000
v -0.500000 0.000000 21.000000
v -1.500000 0.000000 21.000000
v 1.500000 0.000000 22.000000
v 0.500000 0.000000 22.000000
v -0.500000 0.000000 22.000000
v -1.500000 0.000000 22.000000
v 1.500000 0.000000 23.000000
v 0.500000 0.000000 23.000000
v -0.500000 0.000000 23.000000
v -1.500000 0.000000 23.000000
v 1.500000 0.000000 24.000000
v 0.500000 0.000000 24.000000
v -0.500000 0.000000 24.000000
v -1.500000 0.000000 24.000000
v 1.500000 0.000000 25.000000
v 0.500000 0.000000 25.000000
v -0.500000 0.000000 25.000000
v -1.500000 0.000000 25.000000
v 1.500000 0.000000 26.000000
v 0.500000 0.000000 26.000000
v -0.500000 0.000000 26.000000
v -1.500000 0.000000 26.000000
v 1.500000 0.000000 27.000000
v 0.500000 0.000000 27.000000
v -0.500000 0.000000 27.000000
v -1.500000 0.000000 27.000000
v 1.500000 0.000000 28.000000
v 0.500000 0.000000 28.000000
v -0.500000 0.000000 28.000000
v -1.500000 0.000000 28.000000
v 1.500000 0.000000 29.000000
v 0.500000 0.000000 29.000000
v -0.500000 0.000000 29.000000
v -1.500000 0.000000 29.000000
v -2.500000 10.000000 26.000000
v -2.500000 10.000000 25.000000
v 2.500000 10.000000 25.000000
v 2.500000 10.000000 26.000000
v 1.500000 10.000000 25.000000
v 1.500000 10.000000 26.000000
v -1.500000 10.000000 25.000000
v -0.500000 10.000000 25.000000
v 0.500000 10.000000 25.000000
v -1.500000 10.000000 26.000000
v -0.500000 10.000000 26.000000
v 0.500000 10.000000 26.000000
v -2.500000 11.000000 26.000000
v -2.500000 11.000000 25.000000
v 2.500000 11.000000 25.000000
v 2.500000 11.000000 26.000000
v 1.500000 11.000000 25.000000
v 1.500000 11.000000 26.000000
v -1.500000 11.000000 25.000000
v -0.500000 11.000000 25.000000
v 0.500000 11.000000 25.000000
v -1.500000 11.000000 26.000000
v -0.500000 11.000000 26.000000
v 0.500000 11.000000 26.000000
v 1.500000 10.000000 24.000000
v 2.500000 10.000000 24.000000
v -2.500000 10.000000 24.000000
v -1.500000 10.000000 24.000000
v -0.500000 10.000000 24.000000
v 0.500000 10.000000 24.000000
v 1.500000 11.000000 24.000000
v 2.500000 11.000000 24.000000
v -2.500000 11.000000 24.000000
v -1.500000 11.000000 24.000000
v -0.500000 11.000000 24.000000
v 0.500000 11.000000 24.000000
v 1.500000 10.000000 23.000000
v 2.500000 10.000000 23.000000
v -2.500000 10.000000 23.000000
v -1.500000 10.000000 23.000000
v -0.500000 10.000000 23.000000
v 0.500000 10.000000 23.000000
v 1.500000 11.000000 23.000000
v 2.500000 11.000000 23.000000
v -2.500000 11.000000 23.000000
v -1.500000 11.000000 23.000000
v -0.500000 11.000000 23.000000
v 0.500000 11.000000 23.000000
v 1.500000 10.000000 27.000000
v 2.500000 10.000000 27.000000
v -2.500000 10.000000 27.000000
v -1.500000 10.000000 27.000000
v -0.500000 10.000000 27.000000
v 0.500000 10.000000 27.000000
v -0.500000 11.000000 27.000000
v 0.500000 11.000000 27.000000
v 1.500000 11.000000 27.000000
v 2.500000 11.000000 27.000000
v -2.500000 11.000000 27.000000
v -1.500000 11.000000 27.000000
v 1.500000 10.000000 28.000000
v 2.500000 10.000000 28.000000
v -2.500000 10.000000 28.000000
v -1.500000 10.000000 28.000000
v -0.500000 10.000000 28.000000
v 0.500000 10.000000 28.000000
v -0.500000 11.000000 28.000000
v 0.500000 11.000000 28.000000
v 1.500000 11.000000 28.000000
v 2.500000 11.000000 28.000000
v -2.500000 11.000000 28.000000
v -1.500000 11.000000 28.000000
v 1.500000 10.000000 22.000000
v 2.500000 10.000000 22.000000
v -2.500001 10.000000 22.000000
v -1.500000 10.000000 22.000000
v -0.500001 10.000000 22.000000
v 0.499999 10.000000 22.000000
v 1.500000 11.000000 22.000000
v 2.500000 11.000000 22.000000
v -2.500001 11.000000 22.000000
v -1.500000 11.000000 22.000000
v -0.500001 11.000000 22.000000
v 0.499999 11.000000 22.000000
v 1.500000 10.000000 21.000000
v 2.500000 10.000000 21.000000
v -2.500001 10.000000 21.000000
v -1.500001 10.000000 21.000000
v -0.500001 10.000000 21.000000
v 0.499999 10.000000 21.000000
v 1.500000 11.000000 21.000000
v 2.500000 11.000000 21.000000
v -2.500001 11.000000 21.000000
v -1.500001 11.000000 21.000000
v -0.500001 11.000000 21.000000
v 0.499999 11.000000 21.000000
v 1.499999 10.000000 20.000000
v 2.499999 10.000000 20.000000
v -2.500001 10.000000 20.000000
v -1.500001 10.000000 20.000000
v -0.500001 10.000000 20.000000
v 0.499999 10.000000 20.000000
v 1.499999 11.000000 20.000000
v 2.499999 11.000000 20.000000
v -2.500001 11.000000 20.000000
v -1.500001 11.000000 20.000000
v -0.500001 11.000000 20.000000
v 0.499999 11.000000 20.000000
v 1.499999 10.000000 19.000000
v 2.499999 10.000000 19.000000
v -2.500002 10.000000 19.000000
v -1.500001 10.000000 19.000000
v -0.500001 10.000000 19.000000
v 0.499999 10.000000 19.000000
v 1.499999 11.000000 19.000000
v 2.499999 11.000000 19.000000
v -2.500002 11.000000 19.000000
v -1.500001 11.000000 19.000000
v -0.500001 11.000000 19.000000
v 0.499999 11.000000 19.000000
v 1.499999 10.000000 18.000000
v 2.499999 10.000000 18.000000
v -2.500002 10.000000 18.000000
v -1.500001 10.000000 18.000000
v -0.500001 10.000000 18.000000
v 0.499999 10.000000 18.000000
v 1.499999 11.000000 18.000000
v 2.499999 11.000000 18.000000
v -2.500002 11.000000 18.000000
v -1.500001 11.000000 18.000000
v -0.500001 11.000000 18.000000
v 0.499999 11.000000 18.000000
v 1.499999 10.000000 17.000000
v 2.499999 10.000000 17.000000
v -2.500002 10.000000 17.000000
v -1.500001 10.000000 17.000000
v -0.500002 10.000000 17.000000
v 0.499999 10.000000 17.000000
v 1.499999 11.000000 17.000000
v 2.499999 11.000000 17.000000
v -2.500002 11.000000 17.000000
v -1.500001 11.000000 17.000000
v -0.500002 11.000000 17.000000
v 0.499999 11.000000 17.000000
v 1.500000 10.000000 29.000000
v 2.500001 10.000000 29.000000
v -2.500000 10.000000 29.000000
v -1.500000 10.000000 29.000000
v -0.499999 10.000000 29.000000
v 0.500001 10.000000 29.000000
v -0.499999 11.000000 29.000000
v 0.500001 11.000000 29.000000
v 1.500000 11.000000 29.000000
v 2.500001 11.000000 29.000000
v -2.500000 11.000000 29.000000
v -1.500000 11.000000 29.000000
v 1.500001 10.000000 30.000000
v 2.500001 10.000000 30.000000
v -2.500000 10.000000 30.000000
v -1.500000 10.000000 30.000000
v -0.499999 10.000000 30.000000
v 0.500001 10.000000 30.000000
v -0.499999 11.000000 30.000000
v 0.500001 11.000000 30.000000
v 1.500001 11.000000 30.000000
v 2.500001 11.000000 30.000000
v -2.500000 11.000000 30.000000
v -1.500000 11.000000 30.000000
v 1.499999 10.000000 16.000000
v 2.499999 10.000000 16.000000
v -2.500003 10.000000 16.000000
v -1.500001 10.000000 16.000000
v -0.500002 10.000000 16.000000
v 0.499998 10.000000 16.000000
v 1.499999 11.000000 16.000000
v 2.499999 11.000000 16.000000
v -2.500003 11.000000 16.000000
v -1.500001 11.000000 16.000000
v -0.500002 11.000000 16.000000
v 0.499998 11.000000 16.000000
v 1.499999 10.000000 15.000000
v 2.499999 10.000000 15.000000
v -1.500002 10.000000 15.000001
v -0.500002 10.000000 15.000001
v 0.499998 10.000000 15.000001
v 1.499999 11.000000 15.000000
v 2.499999 11.000000 15.000000
v -1.500002 11.000000 15.000001
v -0.500002 11.000000 15.000001
v 0.499998 11.000000 15.000001
v 1.499998 10.000000 14.000000
v 2.499998 10.000000 14.000000
v -1.500002 10.000000 14.000001
v -0.500002 10.000000 14.000001
v 0.499998 10.000000 14.000001
v 1.499998 11.000000 14.000000
v 2.499998 11.000000 14.000000
v -2.500003 11.000000 14.000001
v -1.500002 11.000000 14.000001
v -0.500002 11.000000 14.000001
v 0.499998 11.000000 14.000001
v 1.499998 10.000000 13.000000
v 2.499998 10.000000 13.000000
v -2.500004 10.000000 13.000001
v -1.500002 10.000000 13.000001
v -0.500002 10.000000 13.000001
v 0.499998 10.000000 13.000001
v 1.499998 11.000000 13.000000
v 2.499998 11.000000 13.000000
v -2.500004 11.000000 13.000001
v -1.500002 11.000000 13.000001
v -0.500002 11.000000 13.000001
v 0.499998 11.000000 13.000001
v 1.499998 10.000000 12.000000
v -2.500004 10.000000 12.000001
v -1.500002 10.000000 12.000001
v -0.500002 10.000000 12.000001
v 0.499998 10.000000 12.000001
v 1.499998 11.000000 12.000000
v -2.500004 11.000000 12.000001
v -1.500002 11.000000 12.000001
v -0.500002 11.000000 12.000001
v 0.499998 11.000000 12.000001
v 1.499998 10.000000 11.000000
v 2.499998 10.000000 11.000000
v -2.500004 10.000000 11.000001
v -1.500002 10.000000 11.000001
v -0.500003 10.000000 11.000001
v 0.499997 10.000000 11.000001
v 1.499998 11.000000 11.000000
v 2.499998 11.000000 11.000000
v -2.500004 11.000000 11.000001
v -1.500002 11.000000 11.000001
v -0.500003 11.000000 11.000001
v 0.499997 11.000000 11.000001
v 1.499998 10.000000 10.000000
v 2.499998 10.000000 10.000000
v -2.500005 10.000000 10.000001
v -1.500002 10.000000 10.000001
v -0.500003 10.000000 10.000001
v 0.499997 10.000000 10.000001
v 1.499998 11.000000 10.000000
v 2.499998 11.000000 10.000000
v -2.500005 11.000000 10.000001
v -1.500002 11.000000 10.000001
v -0.500003 11.000000 10.000001
v 0.499997 11.000000 10.000001
v 1.499998 10.000000 9.000000
v 2.499998 10.000000 9.000000
v -1.500002 10.000000 9.000001
v -0.500003 10.000000 9.000001
v 0.499997 10.000000 9.000001
v 1.499998 11.000000 9.000000
v 2.499998 11.000000 9.000000
v -1.500002 11.000000 9.000001
v -0.500003 11.000000 9.000001
v 0.499997 11.000000 9.000001
v 2.499998 10.000000 8.000000
v 2.499998 11.000000 8.000000
v 0.499996 10.000000 8.000001
v 1.499997 10.000000 8.000000
v 0.499996 11.000000 8.000001
v 1.499997 11.000000 8.000000
v -1.500002 10.000000 8.000001
v -1.500002 11.000000 8.000001
v -1.500002 10.000000 7.000000
v -1.500002 11.000000 7.000000
v -0.500003 11.000000 7.000000
v -1.500002 10.000000 6.000001
v -0.500003 10.000000 6.000001
v -1.500002 11.000000 6.000001
v -0.500003 11.000000 6.000001
v 2.499998 10.000000 7.000000
v 2.499998 11.000000 7.000000
v 0.499995 10.000000 7.000000
v 1.499996 10.000000 7.000000
v 0.499995 11.000000 7.000000
v 1.499996 11.000000 7.000000
v -0.500004 10.000000 8.000002
v -0.500004 11.000000 8.000002
v -0.500005 10.000000 7.000001
v -2.500002 11.000000 7.000000
v -2.500002 10.000000 7.000000
v -2.500002 11.000000 6.000001
v -2.500002 10.000000 6.000001
v -1.500002 11.000000 5.000001
v -1.500002 10.000000 5.000001
v -2.500002 11.000000 5.000001
v -2.500002 10.000000 5.000001
v -1.500002 11.000000 4.000001
v -1.500002 10.000000 4.000001
v -2.500002 11.000000 4.000001
v -2.500002 10.000000 4.000001
v -0.500002 11.000000 5.000001
v -0.500002 10.000000 5.000001
v -0.500002 11.000000 4.000001
v -0.500002 10.000000 4.000001
v 0.499998 11.000000 5.000001
v 0.499998 10.000000 5.000001
v 0.499998 11.000000 4.000001
v 0.499998 10.000000 4.000001
v 1.499998 11.000000 5.000001
v 1.499998 10.000000 5.000001
v 1.499998 11.000000 4.000001
v 1.499998 10.000000 4.000001
v 2.499998 11.000000 5.000001
v 2.499998 10.000000 5.000001
v 2.499998 11.000000 4.000001
v 2.499998 10.000000 4.000001
v -1.500002 11.000000 3.000001
v -1.500002 10.000000 3.000001
v -2.500002 11.000000 3.000001
v -2.500002 10.000000 3.000001
v -0.500002 11.000000 3.000001
v -0.500002 10.000000 3.000001
v 0.499998 11.000000 3.000001
v 0.499998 10.000000 3.000001
v 1.499998 11.000000 3.000001
v 1.499998 10.000000 3.000001
v 2.499998 11.000000 3.000001
v 2.499998 10.000000 3.000001
v -1.500002 11.000000 2.000001
v -1.500002 10.000000 2.000001
v -2.500002 11.000000 2.000001
v -2.500002 10.000000 2.000001
v -0.500002 11.000000 2.000001
v -0.500002 10.000000 2.000001
v 0.499998 11.000000 2.000001
v 0.499998 10.000000 2.000001
v 1.499998 11.000000 2.000001
v 1.499998 10.000000 2.000001
v 2.499998 11.000000 2.000001
v 2.499998 10.000000 2.000001
v -1.500002 11.000000 1.000001
v -1.500002 10.000000 1.000001
v -2.500002 11.000000 1.000001
v -2.500002 10.000000 1.000001
v -0.500002 11.000000 1.000001
v -0.500002 10.000000 1.000001
v 0.499998 11.000000 1.000001
v 0.499998 10.000000 1.000001
v 1.499998 11.000000 1.000001
v 1.499998 10.000000 1.000001
v 2.499998 11.000000 1.000001
v 2.499998 10.000000 1.000001
v -1.500002 11.000000 0.000001
v -1.500002 10.000000 0.000001
v -2.500002 11.000000 0.000001
v -2.500002 10.000000 0.000001
v -0.500002 11.000000 0.000001
v -0.500002 10.000000 0.000001
v 0.499998 11.000000 0.000001
v 0.499998 10.000000 0.000001
v 1.499998 11.000000 0.000001
v 1.499998 10.000000 0.000001
v 2.499998 11.000000 0.000001
v 2.499998 10.000000 0.000001
v -2.500000 0.000000 -1.000000
v -1.500000 0.000000 -1.000000
v 2.500000 0.000000 -1.000000
v 1.500000 0.000000 -1.000000
v 0.500000 0.000000 -1.000000
v -0.500000 0.000000 -1.000000
v -1.500002 11.000000 -0.999999
v -1.500002 10.000000 -0.999999
v -2.500002 11.000000 -0.999999
v -2.500002 10.000000 -0.999999
v -0.500002 11.000000 -0.999999
v -0.500002 10.000000 -0.999999
v 0.499998 11.000000 -0.999999
v 0.499998 10.000000 -0.999999
v 1.499998 11.000000 -0.999999
v 1.499998 10.000000 -0.999999
v 2.499998 11.000000 -0.999999
v 2.499998 10.000000 -0.999999
v -2.500000 0.000000 -2.000002
v -1.500000 0.000000 -2.000002
v 2.500000 0.000000 -2.000002
v 1.500000 0.000000 -2.000002
v 0.500000 0.000000 -2.000002
v -0.500000 0.000000 -2.000002
v -1.500002 11.000000 -2.000000
v -1.500002 10.000000 -2.000000
v -2.500002 11.000000 -2.000000
v -2.500002 10.000000 -2.000000
v -0.500002 11.000000 -2.000000
v -0.500002 10.000000 -2.000000
v 0.499998 11.000000 -2.000000
v 0.499998 10.000000 -2.000000
v 1.499998 11.000000 -2.000000
v 1.499998 10.000000 -2.000000
v 2.499998 11.000000 -2.000000
v 2.499998 10.000000 -2.000000
v -2.500000 0.000000 -3.000002
v -1.500000 0.000000 -3.000002
v 2.500000 0.000000 -3.000002
v 1.500000 0.000000 -3.000002
v 0.500000 0.000000 -3.000002
v -0.500000 0.000000 -3.000002
v -1.500002 11.000000 -3.000000
v -1.500002 10.000000 -3.000000
v -2.500002 11.000000 -3.000000
v -2.500002 10.000000 -3.000000
v -0.500002 11.000000 -3.000000
v -0.500002 10.000000 -3.000000
v 0.499998 11.000000 -3.000000
v 0.499998 10.000000 -3.000000
v 1.499998 11.000000 -3.000000
v 1.499998 10.000000 -3.000000
v 2.499998 11.000000 -3.000000
v 2.499998 10.000000 -3.000000
v -2.500000 0.000000 -4.000004
v -1.500000 0.000000 -4.000004
v 2.500000 0.000000 -4.000004
v 1.500000 0.000000 -4.000004
v 0.500000 0.000000 -4.000004
v -0.500000 0.000000 -4.000004
v -1.500002 11.000000 -4.000002
v -1.500002 10.000000 -4.000002
v -2.500002 11.000000 -4.000002
v -2.500002 10.000000 -4.000002
v -0.500002 11.000000 -4.000002
v -0.500002 10.000000 -4.000002
v 0.499998 11.000000 -4.000002
v 0.499998 10.000000 -4.000002
v 1.499998 11.000000 -4.000002
v 1.499998 10.000000 -4.000002
v 2.499998 11.000000 -4.000002
v 2.499998 10.000000 -4.000002
v -2.500000 0.000000 -5.000004
v -1.500000 0.000000 -5.000004
v 2.500000 0.000000 -5.000004
v 1.500000 0.000000 -5.000004
v 0.500000 0.000000 -5.000004
v -0.500000 0.000000 -5.000004
v -1.500002 11.000000 -5.000002
v -1.500002 10.000000 -5.000002
v -2.500002 11.000000 -5.000002
v -2.500002 10.000000 -5.000002
v -0.500002 11.000000 -5.000002
v -0.500002 10.000000 -5.000002
v 0.499998 11.000000 -5.000002
v 0.499998 10.000000 -5.000002
v 1.499998 11.000000 -5.000002
v 1.499998 10.000000 -5.000002
v 2.499998 11.000000 -5.000002
v 2.499998 10.000000 -5.000002
v -2.500000 0.000000 -6.000006
v -1.500000 0.000000 -6.000006
v 2.500000 0.000000 -6.000006
v 1.500000 0.000000 -6.000006
v 0.500000 0.000000 -6.000006
v -0.500000 0.000000 -6.000006
v -1.500002 11.000000 -6.000004
v -1.500002 10.000000 -6.000004
v -2.500002 11.000000 -6.000004
v -2.500002 10.000000 -6.000004
v -0.500002 11.000000 -6.000004
v -0.500002 10.000000 -6.000004
v 0.499998 11.000000 -6.000004
v 0.499998 10.000000 -6.000004
v 1.499998 11.000000 -6.000004
v 1.499998 10.000000 -6.000004
v 2.499998 11.000000 -6.000004
v 2.499998 10.000000 -6.000004
v -2.500000 0.000000 -7.000006
v -1.500000 0.000000 -7.000006
v 2.500000 0.000000 -7.000006
v 1.500000 0.000000 -7.000006
v 0.500000 0.000000 -7.000006
v -0.500000 0.000000 -7.000006
v -1.500002 11.000000 -7.000004
v -1.500002 10.000000 -7.000004
v -2.500002 11.000000 -7.000004
v -2.500002 10.000000 -7.000004
v -0.500002 11.000000 -7.000004
v -0.500002 10.000000 -7.000004
v 0.499998 11.000000 -7.000004
v 0.499998 10.000000 -7.000004
v 1.499998 11.000000 -7.000004
v 1.499998 10.000000 -7.000004
v 2.499998 11.000000 -7.000004
v 2.499998 10.000000 -7.000004
v -2.500000 0.000000 -8.000008
v -1.500000 0.000000 -8.000008
v 2.500000 0.000000 -8.000008
v 1.500000 0.000000 -8.000008
v 0.500000 0.000000 -8.000008
v -0.500000 0.000000 -8.000008
v -1.500002 11.000000 -8.000006
v -1.500002 10.000000 -8.000006
v -2.500002 11.000000 -8.000006
v -2.500002 10.000000 -8.000006
v -0.500002 11.000000 -8.000006
v -0.500002 10.000000 -8.000006
v 0.499998 11.000000 -8.000006
v 0.499998 10.000000 -8.000006
v 1.499998 11.000000 -8.000006
v 1.499998 10.000000 -8.000006
v 2.499998 11.000000 -8.000006
v 2.499998 10.000000 -8.000006
v -2.500000 0.000000 -9.000008
v -1.500000 0.000000 -9.000008
v 2.500000 0.000000 -9.000008
v 1.500000 0.000000 -9.000008
v 0.500000 0.000000 -9.000008
v -0.500000 0.000000 -9.000008
v -1.500002 11.000000 -9.000006
v -1.500002 10.000000 -9.000006
v -2.500002 11.000000 -9.000006
v -2.500002 10.000000 -9.000006
v -0.500002 11.000000 -9.000006
v -0.500002 10.000000 -9.000006
v 0.499998 11.000000 -9.000006
v 0.499998 10.000000 -9.000006
v 1.499998 11.000000 -9.000006
v 1.499998 10.000000 -9.000006
v 2.499998 11.000000 -9.000006
v 2.499998 10.000000 -9.000006
v -2.500000 0.000000 -10.000008
v -1.500000 0.000000 -10.000008
v 2.500000 0.000000 -10.000008
v 1.500000 0.000000 -10.000008
v 0.500000 0.000000 -10.000008
v -0.500000 0.000000 -10.000008
v -1.500002 11.000000 -10.000006
v -1.500002 10.000000 -10.000006
v -2.500002 11.000000 -10.000006
v -2.500002 10.000000 -10.000006
v -0.500002 11.000000 -10.000006
v -0.500002 10.000000 -10.000006
v 0.499998 11.000000 -10.000006
v 0.499998 10.000000 -10.000006
v 1.499998 11.000000 -10.000006
v 1.499998 10.000000 -10.000006
v 2.499998 11.000000 -10.000006
v 2.499998 10.000000 -10.000006
v 1.500000 0.000000 -11.000010
v -0.500000 0.000000 -11.000010
v -2.500002 10.000000 -11.000008
v -0.500002 11.000000 -11.000008
v -0.500002 10.000000 -11.000008
v 0.499998 11.000000 -11.000008
v 2.499998 11.000000 -11.000008
v 2.499998 10.000000 -11.000008
v -2.500000 0.000000 -11.000010
v -1.500000 0.000000 -11.000010
v 2.500000 0.000000 -11.000010
v 0.500000 0.000000 -11.000010
v -1.500002 11.000000 -11.000008
v -1.500002 10.000000 -11.000008
v -2.500002 11.000000 -11.000008
v 0.499998 10.000000 -11.000008
v 1.499998 11.000000 -11.000008
v 1.499998 10.000000 -11.000008
v -2.500000 0.000000 -12.000010
v -1.500000 0.000000 -12.000010
v 2.500000 0.000000 -12.000010
v 1.500000 0.000000 -12.000010
v 0.500000 0.000000 -12.000010
v -0.500000 0.000000 -12.000010
v -1.500002 11.000000 -12.000008
v -1.500002 10.000000 -12.000008
v -2.500002 11.000000 -12.000008
v -2.500002 10.000000 -12.000008
v -0.500002 11.000000 -12.000008
v -0.500002 10.000000 -12.000008
v 0.499998 11.000000 -12.000008
v 0.499998 10.000000 -12.000008
v 1.499998 11.000000 -12.000008
v 1.499998 10.000000 -12.000008
v 2.499998 11.000000 -12.000008
v 2.499998 10.000000 -12.000008
v -2.500000 0.000000 -13.000011
v -1.500000 0.000000 -13.000011
v 2.500000 0.000000 -13.000011
v 1.500000 0.000000 -13.000011
v 0.500000 0.000000 -13.000011
v -0.500000 0.000000 -13.000011
v -1.500002 11.000000 -13.000010
v -1.500002 10.000000 -13.000010
v -2.500002 11.000000 -13.000010
v -2.500002 10.000000 -13.000010
v -0.500002 11.000000 -13.000010
v -0.500002 10.000000 -13.000010
v 0.499998 11.000000 -13.000010
v 0.499998 10.000000 -13.000010
v 1.499998 11.000000 -13.000010
v 1.499998 10.000000 -13.000010
v 2.499998 11.000000 -13.000010
v 2.499998 10.000000 -13.000010
v -2.500000 0.000000 -14.000011
v -1.500000 0.000000 -14.000011
v 2.500000 0.000000 -14.000011
v 1.500000 0.000000 -14.000011
v 0.500000 0.000000 -14.000011
v -0.500000 0.000000 -14.000011
v -1.500002 11.000000 -14.000010
v -1.500002 10.000000 -14.000010
v -2.500002 11.000000 -14.000010
v -2.500002 10.000000 -14.000010
v -0.500002 11.000000 -14.000010
v -0.500002 10.000000 -14.000010
v 0.499998 11.000000 -14.000010
v 0.499998 10.000000 -14.000010
v 1.499998 11.000000 -14.000010
v 1.499998 10.000000 -14.000010
v 2.499998 11.000000 -14.000010
v 2.499998 10.000000 -14.000010
v -2.500000 0.000000 -15.000011
v -1.500000 0.000000 -15.000011
v 2.500000 0.000000 -15.000011
v 1.500000 0.000000 -15.000011
v 0.500000 0.000000 -15.000011
v -0.500000 0.000000 -15.000011
v -1.500002 11.000000 -15.000011
v -1.500002 10.000000 -15.000011
v -2.500002 11.000000 -15.000011
v -2.500002 10.000000 -15.000011
v -0.500002 11.000000 -15.000011
v -0.500002 10.000000 -15.000011
v 0.499998 11.000000 -15.000011
v 0.499998 10.000000 -15.000011
v 1.499998 11.000000 -15.000011
v 1.499998 10.000000 -15.000011
v 2.499998 11.000000 -15.000011
v 2.499998 10.000000 -15.000011
v -2.500000 0.000000 -16.000010
v -1.500000 0.000000 -16.000010
v 2.500000 0.000000 -16.000010
v 1.500000 0.000000 -16.000010
v 0.500000 0.000000 -16.000010
v -0.500000 0.000000 -16.000010
v -1.500002 11.000000 -16.000010
v -1.500002 10.000000 -16.000010
v -2.500002 11.000000 -16.000010
v -2.500002 10.000000 -16.000010
v -0.500002 11.000000 -16.000010
v -0.500002 10.000000 -16.000010
v 0.499998 11.000000 -16.000010
v 0.499998 10.000000 -16.000010
v 1.499998 11.000000 -16.000010
v 1.499998 10.000000 -16.000010
v 2.499998 11.000000 -16.000010
v 2.499998 10.000000 -16.000010
v -2.500000 0.000000 -17.000008
v -1.500000 0.000000 -17.000008
v 2.500000 0.000000 -17.000008
v 1.500000 0.000000 -17.000008
v 0.500000 0.000000 -17.000008
v -0.500000 0.000000 -17.000008
v -1.500002 11.000000 -17.000008
v -1.500002 10.000000 -17.000008
v -2.500002 11.000000 -17.000008
v -2.500002 10.000000 -17.000008
v -0.500002 11.000000 -17.000008
v -0.500002 10.000000 -17.000008
v 0.499998 11.000000 -17.000008
v 1.499998 11.000000 -17.000008
v 1.499998 10.000000 -17.000008
v 2.499998 11.000000 -17.000008
v 2.499998 10.000000 -17.000008
v -2.500000 0.000000 -18.000008
v -1.500000 0.000000 -18.000008
v 2.500000 0.000000 -18.000008
v 1.500000 0.000000 -18.000008
v 0.500000 0.000000 -18.000008
v -0.500000 0.000000 -18.000008
v -1.500002 11.000000 -18.000008
v -1.500002 10.000000 -18.000008
v -2.500002 11.000000 -18.000008
v -2.500002 10.000000 -18.000008
v -0.500002 11.000000 -18.000008
v -0.500002 10.000000 -18.000008
v 0.499998 11.000000 -18.000008
v 0.499998 10.000000 -18.000008
v 1.499998 11.000000 -18.000008
v 1.499998 10.000000 -18.000008
v 2.499998 11.000000 -18.000008
v 2.499998 10.000000 -18.000008
v -2.500000 0.000000 -19.000008
v -1.500000 0.000000 -19.000008
v 2.500000 0.000000 -19.000008
v 1.500000 0.000000 -19.000008
v 0.500000 0.000000 -19.000008
v -0.500000 0.000000 -19.000008
v -1.500002 11.000000 -19.000008
v -1.500002 10.000000 -19.000008
v -2.500002 11.000000 -19.000008
v -2.500002 10.000000 -19.000008
v -0.500002 11.000000 -19.000008
v -0.500002 10.000000 -19.000008
v 0.499998 11.000000 -19.000008
v 0.499998 10.000000 -19.000008
v 1.499998 11.000000 -19.000008
v 1.499998 10.000000 -19.000008
v 2.499998 11.000000 -19.000008
v 2.499998 10.000000 -19.000008
v -2.500000 0.000000 -20.000008
v -1.500000 0.000000 -20.000008
v 2.500000 0.000000 -20.000008
v 1.500000 0.000000 -20.000008
v 0.500000 0.000000 -20.000008
v -0.500000 0.000000 -20.000008
v -1.500002 11.000000 -20.000008
v -1.500002 10.000000 -20.000008
v -2.500002 11.000000 -20.000008
v -2.500002 10.000000 -20.000008
v -0.500002 11.000000 -20.000008
v -0.500002 10.000000 -20.000008
v 0.499998 11.000000 -20.000008
v 0.499998 10.000000 -20.000008
v 1.499998 11.000000 -20.000008
v 1.499998 10.000000 -20.000008
v 2.499998 11.000000 -20.000008
v 2.499998 10.000000 -20.000008
v -2.500000 0.000000 -21.000004
v -1.500000 0.000000 -21.000004
v 2.500000 0.000000 -21.000004
v 1.500000 0.000000 -21.000004
v 0.500000 0.000000 -21.000004
v -0.500000 0.000000 -21.000004
v -1.500002 11.000000 -21.000004
v -1.500002 10.000000 -21.000004
v -2.500002 11.000000 -21.000004
v -2.500002 10.000000 -21.000004
v -0.500002 11.000000 -21.000004
v -0.500002 10.000000 -21.000004
v 0.499998 11.000000 -21.000004
v 0.499998 10.000000 -21.000004
v 1.499998 11.000000 -21.000004
v 1.499998 10.000000 -21.000004
v 2.499998 11.000000 -21.000004
v 2.499998 10.000000 -21.000004
v -2.500000 0.000000 -22.000004
v -1.500000 0.000000 -22.000004
v 2.500000 0.000000 -22.000004
v 1.500000 0.000000 -22.000004
v 0.500000 0.000000 -22.000004
v -0.500000 0.000000 -22.000004
v -1.500002 11.000000 -22.000004
v -1.500002 10.000000 -22.000004
v -2.500002 11.000000 -22.000004
v -2.500002 10.000000 -22.000004
v -0.500002 11.000000 -22.000004
v -0.500002 10.000000 -22.000004
v 0.499998 11.000000 -22.000004
v 0.499998 10.000000 -22.000004
v 1.499998 11.000000 -22.000004
v 1.499998 10.000000 -22.000004
v 2.499998 11.000000 -22.000004
v 2.499998 10.000000 -22.000004
v -2.500000 0.000000 -23.000004
v -1.500000 0.000000 -23.000004
v 2.500000 0.000000 -23.000004
v 1.500000 0.000000 -23.000004
v 0.500000 0.000000 -23.000004
v -0.500000 0.000000 -23.000004
v -1.500002 11.000000 -23.000004
v -1.500002 10.000000 -23.000004
v -2.500002 11.000000 -23.000004
v -2.500002 10.000000 -23.000004
v -0.500002 11.000000 -23.000004
v -0.500002 10.000000 -23.000004
v 0.499998 11.000000 -23.000004
v 0.499998 10.000000 -23.000004
v 1.499998 11.000000 -23.000004
v 1.499998 10.000000 -23.000004
v 2.499998 11.000000 -23.000004
v 2.499998 10.000000 -23.000004
v -2.500000 0.000000 -24.000004
v -1.500000 0.000000 -24.000004
v 2.500000 0.000000 -24.000004
v 1.500000 0.000000 -24.000004
v 0.500000 0.000000 -24.000004
v -0.500000 0.000000 -24.000004
v -2.500000 0.000000 -25.000000
v -1.500000 0.000000 -25.000000
v 2.500000 0.000000 -25.000000
v 1.500000 0.000000 -25.000000
v 0.500000 0.000000 -25.000000
v -0.500000 0.000000 -25.000000
v -2.500000 0.000000 -26.000000
v -1.500000 0.000000 -26.000000
v 2.500000 0.000000 -26.000000
v 1.500000 0.000000 -26.000000
v 0.500000 0.000000 -26.000000
v -0.500000 0.000000 -26.000000
v -1.500002 11.000000 -26.000000
v -1.500002 10.000000 -26.000000
v -2.500002 11.000000 -26.000000
v -2.500002 10.000000 -26.000000
v -0.500002 11.000000 -26.000000
v -0.500002 10.000000 -26.000000
v 0.499998 11.000000 -26.000000
v 0.499998 10.000000 -26.000000
v 1.499998 11.000000 -26.000000
v 1.499998 10.000000 -26.000000
v 2.499998 11.000000 -26.000000
v 2.499998 10.000000 -26.000000
v -2.500000 0.000000 -27.000000
v -1.500000 0.000000 -27.000000
v 2.500000 0.000000 -27.000000
v 1.500000 0.000000 -27.000000
v 0.500000 0.000000 -27.000000
v -0.500000 0.000000 -27.000000
v -1.500002 11.000000 -27.000000
v -1.500002 10.000000 -27.000000
v -2.500002 11.000000 -27.000000
v -0.500002 11.000000 -27.000000
v -0.500002 10.000000 -27.000000
v 0.499998 11.000000 -27.000000
v 1.499998 11.000000 -27.000000
v 1.499998 10.000000 -27.000000
v 2.499998 11.000000 -27.000000
v 2.499998 10.000000 -27.000000
v -2.500000 0.000000 -28.000000
v 0.500000 0.000000 -28.000000
v -0.500000 0.000000 -28.000000
v -1.500002 10.000000 -28.000000
v -2.500002 11.000000 -28.000000
v 0.499998 11.000000 -28.000000
v 1.499998 10.000000 -28.000000
v -1.500000 0.000000 -28.000000
v 2.500000 1.000000 -28.000000
v 2.500000 0.000000 -28.000000
v 1.500000 0.000000 -28.000000
v -1.500002 11.000000 -28.000000
v -2.500002 10.000000 -28.000000
v -0.500002 11.000000 -28.000000
v -0.500002 10.000000 -28.000000
v 1.499998 11.000000 -28.000000
v 2.499998 11.000000 -28.000000
v 2.499998 10.000000 -28.000000
v -2.500000 0.000000 -28.999996
v -1.500000 0.000000 -28.999996
v 2.500000 1.000000 -28.999996
v 2.500000 0.000000 -28.999996
v 1.500000 0.000000 -28.999996
v 0.500000 0.000000 -28.999996
v -0.500000 0.000000 -28.999996
v -1.500002 11.000000 -28.999996
v -1.500002 10.000000 -28.999996
v -2.500002 11.000000 -28.999996
v -2.500002 10.000000 -28.999996
v -0.500002 11.000000 -28.999996
v -0.500002 10.000000 -28.999996
v 0.499998 11.000000 -28.999996
v 0.499998 10.000000 -28.999996
v 1.499998 11.000000 -28.999996
v 1.499998 10.000000 -28.999996
v 2.499998 11.000000 -28.999996
v 2.499998 10.000000 -28.999996
v -2.500000 0.000000 -29.999996
v -1.500000 0.000000 -29.999996
v 1.500000 1.000000 -29.999996
v 2.500000 1.000000 -29.999996
v 2.500000 0.000000 -29.999996
v 1.500000 0.000000 -29.999996
v 0.500000 0.000000 -29.999996
v -0.500000 0.000000 -29.999996
v -1.500002 11.000000 -29.999996
v -1.500002 10.000000 -29.999996
v -2.500002 11.000000 -29.999996
v -2.500002 10.000000 -29.999996
v -0.500002 11.000000 -29.999996
v -0.500002 10.000000 -29.999996
v 0.499998 11.000000 -29.999996
v 0.499998 10.000000 -29.999996
v 1.499998 11.000000 -29.999996
v 1.499998 10.000000 -29.999996
v 2.499998 11.000000 -29.999996
v 2.499998 10.000000 -29.999996
v -0.500000 2.000000 6.000001
v 0.500000 2.000000 6.000001
v -0.500000 2.000000 5.000001
v 0.500000 2.000000 5.000001
v -0.500000 2.000000 4.000001
v 0.500000 2.000000 4.000001
v -0.500000 2.000000 3.000001
v 0.500000 2.000000 3.000001
v -0.500000 4.000000 3.000001
v 0.500000 4.000000 3.000001
v -0.500000 4.000000 2.000001
v 0.500000 4.000000 2.000001
v -0.500000 4.000000 1.000001
v 0.500000 4.000000 1.000001
v -0.500000 4.000000 0.000001
v 0.500000 4.000000 0.000001
v -0.500000 4.000000 -0.999999
v 0.500000 4.000000 -0.999999
v 0.500000 3.000000 -0.999999
v 0.500000 3.000000 -2.000000
v 1.500000 3.000000 -2.000000
v 1.500000 3.000000 -0.999999
v 2.500000 3.000000 -0.999999
v 2.500000 3.000000 -2.000002
v -1.500000 8.261178 -28.089569
v -0.500000 8.261178 -28.089569
v 0.500000 10.000000 -17.000008
v 0.499998 9.000000 -18.000008
v 1.499998 9.000000 -18.000008
v 0.499998 9.000000 -19.000008
v 1.499998 9.000000 -19.000008
v 1.499998 9.000000 -20.000008
v 0.499998 8.000000 -19.000008
v 1.499998 8.000000 -19.000008
v 0.499998 8.000000 -20.000008
v 1.499998 8.000000 -20.000008
v 2.499998 9.000000 -19.000008
v 2.499998 9.000000 -20.000008
v 1.499998 1.010637 -28.014782
v 1.499998 1.010637 -29.014782
v -2.500000 10.000000 -27.000000
v 0.500000 10.000000 -27.000000
v 0.500000 10.000000 -28.000000
v -1.500000 8.261178 -29.089569
v -0.500000 8.261178 -29.089569
v -1.500000 8.261178 -30.089569
v -0.500000 8.261178 -30.089569
vn -0.0000 1.0000 -0.0000
vn -0.0000 -1.0000 -0.0000
vn 0.0106 0.9999 -0.0000
vn 0.0108 0.9999 -0.0108
vt 0.125000 0.750000
vt 0.125000 0.500000
vt 0.375000 0.750000
vt 0.375000 0.500000
vt 0.125000 0.508333
vt 0.125000 0.516667
vt 0.125000 0.525000
vt 0.125000 0.533333
vt 0.125000 0.541667
vt 0.125000 0.550000
vt 0.125000 0.558333
vt 0.125000 0.566667
vt 0.125000 0.575000
vt 0.125000 0.583333
vt 0.125000 0.591667
vt 0.125000 0.600000
vt 0.125000 0.608333
vt 0.125000 0.616667
vt 0.125000 0.625000
vt 0.125000 0.633333
vt 0.125000 0.641667
vt 0.125000 0.650000
vt 0.125000 0.658333
vt 0.125000 0.666667
vt 0.125000 0.675000
vt 0.125000 0.683333
vt 0.125000 0.691667
vt 0.125000 0.700000
vt 0.125000 0.708333
vt 0.125000 0.716667
vt 0.125000 0.725000
vt 0.125000 0.733333
vt 0.125000 0.741667
vt 0.375000 0.741667
vt 0.375000 0.733333
vt 0.375000 0.725000
vt 0.375000 0.716667
vt 0.375000 0.708333
vt 0.375000 0.700000
vt 0.375000 0.691666
vt 0.375000 0.683333
vt 0.375000 0.675000
vt 0.375000 0.666667
vt 0.375000 0.658333
vt 0.375000 0.650000
vt 0.375000 0.641667
vt 0.375000 0.633333
vt 0.375000 0.625000
vt 0.375000 0.616667
vt 0.375000 0.608333
vt 0.375000 0.600000
vt 0.375000 0.591667
vt 0.375000 0.583333
vt 0.375000 0.575000
vt 0.375000 0.566667
vt 0.375000 0.558333
vt 0.375000 0.550000
vt 0.375000 0.541667
vt 0.375000 0.533333
vt 0.375000 0.525000
vt 0.375000 0.516667
vt 0.375000 0.508333
vt 0.325000 0.500000
vt 0.275000 0.500000
vt 0.225000 0.500000
vt 0.175000 0.500000
vt 0.175000 0.750000
vt 0.225000 0.750000
vt 0.275000 0.750000
vt 0.325000 0.750000
vt 0.325000 0.508333
vt 0.275000 0.508333
vt 0.225000 0.508333
vt 0.175000 0.508333
vt 0.325000 0.516667
vt 0.275000 0.516667
vt 0.225000 0.516667
vt 0.175000 0.516667
vt 0.325000 0.525000
vt 0.275000 0.525000
vt 0.225000 0.525000
vt 0.175000 0.525000
vt 0.325000 0.533333
vt 0.275000 0.533333
vt 0.225000 0.533333
vt 0.175000 0.533333
vt 0.325000 0.541667
vt 0.275000 0.541667
vt 0.225000 0.541667
vt 0.175000 0.541667
vt 0.325000 0.550000
vt 0.275000 0.550000
vt 0.225000 0.550000
vt 0.175000 0.550000
vt 0.325000 0.558333
vt 0.275000 0.558333
vt 0.225000 0.558333
vt 0.175000 0.558333
vt 0.325000 0.566667
vt 0.275000 0.566667
vt 0.225000 0.566667
vt 0.175000 0.566667
vt 0.325000 0.575000
vt 0.275000 0.575000
vt 0.225000 0.575000
vt 0.175000 0.575000
vt 0.325000 0.583333
vt 0.275000 0.583333
vt 0.225000 0.583333
vt 0.175000 0.583333
vt 0.325000 0.591667
vt 0.275000 0.591667
vt 0.225000 0.591667
vt 0.175000 0.591667
vt 0.325000 0.600000
vt 0.275000 0.600000
vt 0.225000 0.600000
vt 0.175000 0.600000
vt 0.325000 0.608333
vt 0.275000 0.608333
vt 0.225000 0.608333
vt 0.175000 0.608333
vt 0.325000 0.616667
vt 0.275000 0.616667
vt 0.225000 0.616667
vt 0.175000 0.616667
vt 0.325000 0.625000
vt 0.275000 0.625000
vt 0.225000 0.625000
vt 0.175000 0.625000
vt 0.325000 0.633333
vt 0.275000 0.633333
vt 0.225000 0.633333
vt 0.175000 0.633333
vt 0.325000 0.641667
vt 0.275000 0.641667
vt 0.225000 0.641667
vt 0.175000 0.641667
vt 0.325000 0.650000
vt 0.275000 0.650000
vt 0.225000 0.650000
vt 0.175000 0.650000
vt 0.325000 0.658333
vt 0.275000 0.658333
vt 0.225000 0.658333
vt 0.175000 0.658333
vt 0.325000 0.666667
vt 0.275000 0.666667
vt 0.225000 0.666667
vt 0.175000 0.666667
vt 0.325000 0.675000
vt 0.275000 0.675000
vt 0.225000 0.675000
vt 0.175000 0.675000
vt 0.325000 0.683333
vt 0.275000 0.683333
vt 0.225000 0.683333
vt 0.175000 0.683333
vt 0.325000 0.691667
vt 0.275000 0.691667
vt 0.225000 0.691667
vt 0.175000 0.691667
vt 0.325000 0.700000
vt 0.275000 0.700000
vt 0.225000 0.700000
vt 0.175000 0.700000
vt 0.325000 0.708333
vt 0.275000 0.708333
vt 0.225000 0.708333
vt 0.175000 0.708333
vt 0.325000 0.716667
vt 0.275000 0.716667
vt 0.225000 0.716667
vt 0.175000 0.716667
vt 0.325000 0.725000
vt 0.275000 0.725000
vt 0.225000 0.725000
vt 0.175000 0.725000
vt 0.325000 0.733333
vt 0.275000 0.733333
vt 0.225000 0.733333
vt 0.175000 0.733333
vt 0.325000 0.741667
vt 0.275000 0.741667
vt 0.225000 0.741667
vt 0.175000 0.741667
vt 0.875000 0.716667
vt 0.875000 0.708333
vt 0.625000 0.708333
vt 0.625000 0.716667
vt 0.675000 0.708333
vt 0.675000 0.716667
vt 0.825000 0.708333
vt 0.775000 0.708333
vt 0.725000 0.708333
vt 0.825000 0.716667
vt 0.775000 0.716667
vt 0.725000 0.716667
vt 0.875000 0.716667
vt 0.875000 0.708333
vt 0.625000 0.708333
vt 0.625000 0.716667
vt 0.675000 0.708333
vt 0.675000 0.716667
vt 0.825000 0.708333
vt 0.775000 0.708333
vt 0.725000 0.708333
vt 0.825000 0.716667
vt 0.775000 0.716667
vt 0.725000 0.716667
vt 0.675000 0.708333
vt 0.625000 0.708333
vt 0.875000 0.708333
vt 0.825000 0.708333
vt 0.775000 0.708333
vt 0.725000 0.708333
vt 0.675000 0.708333
vt 0.625000 0.708333
vt 0.875000 0.708333
vt 0.825000 0.708333
vt 0.775000 0.708333
vt 0.725000 0.708333
vt 0.675000 0.708333
vt 0.625000 0.708333
vt 0.875000 0.708333
vt 0.825000 0.708333
vt 0.775000 0.708333
vt 0.725000 0.708333
vt 0.675000 0.708333
vt 0.625000 0.708333
vt 0.875000 0.708333
vt 0.825000 0.708333
vt 0.775000 0.708333
vt 0.725000 0.708333
vt 0.675000 0.716667
vt 0.625000 0.716667
vt 0.875000 0.716667
vt 0.825000 0.716667
vt 0.775000 0.716667
vt 0.725000 0.716667
vt 0.775000 0.716667
vt 0.725000 0.716667
vt 0.675000 0.716667
vt 0.625000 0.716667
vt 0.875000 0.716667
vt 0.825000 0.716667
vt 0.675000 0.716667
vt 0.625000 0.716667
vt 0.875000 0.716667
vt 0.825000 0.716667
vt 0.775000 0.716667
vt 0.725000 0.716667
vt 0.775000 0.716667
vt 0.725000 0.716667
vt 0.675000 0.716667
vt 0.625000 0.716667
vt 0.875000 0.716667
vt 0.825000 0.716667
vt 0.675000 0.708333
vt 0.625000 0.708333
vt 0.875000 0.708333
vt 0.825000 0.708333
vt 0.775000 0.708333
vt 0.725000 0.708333
vt 0.675000 0.708333
vt 0.625000 0.708333
vt 0.875000 0.708333
vt 0.825000 0.708333
vt 0.775000 0.708333
vt 0.725000 0.708333
vt 0.675000 0.708333
vt 0.625000 0.708333
vt 0.875000 0.708333
vt 0.825000 0.708333
vt 0.775000 0.708333
vt 0.725000 0.708333
vt 0.675000 0.708333
vt 0.625000 0.708333
vt 0.875000 0.708333
vt 0.825000 0.708333
vt 0.775000 0.708333
vt 0.725000 0.708333
vt 0.675000 0.708333
vt 0.625000 0.708333
vt 0.875000 0.708333
vt 0.825000 0.708333
vt 0.775000 0.708333
vt 0.725000 0.708333
vt 0.675000 0.708333
vt 0.625000 0.708333
vt 0.875000 0.708333
vt 0.825000 0.708333
vt 0.775000 0.708333
vt 0.725000 0.708333
vt 0.675000 0.708333
vt 0.625000 0.708333
vt 0.875000 0.708333
vt 0.825000 0.708333
vt 0.775000 0.708333
vt 0.725000 0.708333
vt 0.675000 0.708333
vt 0.625000 0.708333
vt 0.875000 0.708333
vt 0.825000 0.708333
vt 0.775000 0.708333
vt 0.725000 0.708333
vt 0.675000 0.708333
vt 0.625000 0.708333
vt 0.875000 0.708333
vt 0.825000 0.708333
vt 0.775000 0.708333
vt 0.725000 0.708333
vt 0.675000 0.708333
vt 0.625000 0.708333
vt 0.875000 0.708333
vt 0.825000 0.708333
vt 0.775000 0.708333
vt 0.725000 0.708333
vt 0.675000 0.708333
vt 0.625000 0.708333
vt 0.875000 0.708333
vt 0.825000 0.708333
vt 0.775000 0.708333
vt 0.725000 0.708333
vt 0.675000 0.708333
vt 0.625000 0.708333
vt 0.875000 0.708333
vt 0.825000 0.708333
vt 0.775000 0.708333
vt 0.725000 0.708333
vt 0.675000 0.716667
vt 0.625000 0.716667
vt 0.875000 0.716667
vt 0.825000 0.716667
vt 0.775000 0.716667
vt 0.725000 0.716667
vt 0.775000 0.716667
vt 0.725000 0.716667
vt 0.675000 0.716667
vt 0.625000 0.716667
vt 0.875000 0.716667
vt 0.825000 0.716667
vt 0.675000 0.716667
vt 0.625000 0.716667
vt 0.875000 0.716667
vt 0.825000 0.716667
vt 0.775000 0.716667
vt 0.725000 0.716667
vt 0.775000 0.716667
vt 0.725000 0.716667
vt 0.675000 0.716667
vt 0.625000 0.716667
vt 0.875000 0.716667
vt 0.825000 0.716667
vt 0.675000 0.708333
vt 0.625000 0.708333
vt 0.875000 0.708333
vt 0.825000 0.708333
vt 0.775000 0.708333
vt 0.725000 0.708333
vt 0.675000 0.708333
vt 0.625000 0.708333
vt 0.875000 0.708333
vt 0.825000 0.708333
vt 0.775000 0.708333
vt 0.725000 0.708333
vt 0.675000 0.708333
vt 0.625000 0.708333
vt 0.825000 0.708333
vt 0.775000 0.708333
vt 0.725000 0.708333
vt 0.675000 0.708333
vt 0.625000 0.708333
vt 0.825000 0.708333
vt 0.775000 0.708333
vt 0.725000 0.708333
vt 0.675000 0.708333
vt 0.625000 0.708333
vt 0.825000 0.708333
vt 0.775000 0.708333
vt 0.725000 0.708333
vt 0.675000 0.708333
vt 0.625000 0.708333
vt 0.875000 0.708333
vt 0.825000 0.708333
vt 0.775000 0.708333
vt 0.725000 0.708333
vt 0.675000 0.708333
vt 0.625000 0.708333
vt 0.875000 0.708333
vt 0.825000 0.708333
vt 0.775000 0.708333
vt 0.725000 0.708333
vt 0.675000 0.708333
vt 0.625000 0.708333
vt 0.875000 0.708333
vt 0.825000 0.708333
vt 0.775000 0.708333
vt 0.725000 0.708333
vt 0.675000 0.708333
vt 0.875000 0.708333
vt 0.825000 0.708333
vt 0.775000 0.708333
vt 0.725000 0.708333
vt 0.675000 0.708333
vt 0.875000 0.708333
vt 0.825000 0.708333
vt 0.775000 0.708333
vt 0.725000 0.708333
vt 0.675000 0.708333
vt 0.625000 0.708333
vt 0.875000 0.708333
vt 0.825000 0.708333
vt 0.775000 0.708333
vt 0.725000 0.708333
vt 0.675000 0.708333
vt 0.625000 0.708333
vt 0.875000 0.708333
vt 0.825000 0.708333
vt 0.775000 0.708333
vt 0.725000 0.708333
vt 0.675000 0.708333
vt 0.625000 0.708333
vt 0.875000 0.708333
vt 0.825000 0.708333
vt 0.775000 0.708333
vt 0.725000 0.708333
vt 0.675000 0.708333
vt 0.625000 0.708333
vt 0.875000 0.708333
vt 0.825000 0.708333
vt 0.775000 0.708333
vt 0.725000 0.708333
vt 0.675000 0.708333
vt 0.625000 0.708333
vt 0.825000 0.708333
vt 0.775000 0.708333
vt 0.725000 0.708333
vt 0.675000 0.708333
vt 0.625000 0.708333
vt 0.825000 0.708333
vt 0.775000 0.708333
vt 0.725000 0.708333
vt 0.625000 0.708333
vt 0.625000 0.708333
vt 0.725000 0.708333
vt 0.675000 0.708333
vt 0.725000 0.708333
vt 0.675000 0.708333
vt 0.825000 0.708333
vt 0.825000 0.708333
vt 0.825000 0.708333
vt 0.825000 0.708333
vt 0.775000 0.708333
vt 0.725000 0.708333
vt 0.825000 0.708333
vt 0.775000 0.708333
vt 0.825000 0.708333
vt 0.775000 0.708333
vt 0.625000 0.708333
vt 0.625000 0.708333
vt 0.725000 0.708333
vt 0.675000 0.708333
vt 0.725000 0.708333
vt 0.675000 0.708333
vt 0.775000 0.708333
vt 0.725000 0.708333
vt 0.775000 0.708333
vt 0.725000 0.708333
vt 0.725000 0.708333
vt 0.775000 0.708333
vt 0.825000 0.708333
vt 0.825000 0.708333
vt 0.825000 0.708333
vt 0.825000 0.708333
vt 0.825000 0.708333
vt 0.825000 0.708333
vt 0.825000 0.708333
vt 0.825000 0.708333
vt 0.825000 0.708333
vt 0.825000 0.708333
vt 0.825000 0.708333
vt 0.825000 0.708333
vt 0.825000 0.708333
vt 0.825000 0.708333
vt 0.825000 0.708333
vt 0.825000 0.708333
vt 0.825000 0.708333
vt 0.825000 0.708333
vt 0.825000 0.708333
vt 0.825000 0.708333
vt 0.825000 0.708333
vt 0.825000 0.708333
vt 0.825000 0.708333
vt 0.825000 0.708333
vt 0.825000 0.708333
vt 0.825000 0.708333
vt 0.825000 0.708333
vt 0.825000 0.708333
vt 0.825000 0.708333
vt 0.825000 0.708333
vt 0.825000 0.708333
vt 0.825000 0.708333
vt 0.825000 0.708333
vt 0.825000 0.708333
vt 0.825000 0.708333
vt 0.825000 0.708333
vt 0.825000 0.708333
vt 0.825000 0.708333
vt 0.825000 0.708333
vt 0.825000 0.708333
vt 0.825000 0.708333
vt 0.825000 0.708333
vt 0.825000 0.708333
vt 0.825000 0.708333
vt 0.825000 0.708333
vt 0.825000 0.708333
vt 0.825000 0.708333
vt 0.825000 0.708333
vt 0.825000 0.708333
vt 0.825000 0.708333
vt 0.825000 0.708333
vt 0.825000 0.708333
vt 0.825000 0.708333
vt 0.825000 0.708333
vt 0.825000 0.708333
vt 0.825000 0.708333
vt 0.825000 0.708333
vt 0.825000 0.708333
vt 0.825000 0.708333
vt 0.825000 0.708333
vt 0.825000 0.708333
vt 0.825000 0.708333
vt 0.825000 0.708333
vt 0.825000 0.708333
vt 0.825000 0.708333
vt 0.825000 0.708333
vt 0.825000 0.708333
vt 0.825000 0.708333
vt 0.825000 0.708333
vt 0.825000 0.708333
vt 0.825000 0.708333
vt 0.825000 0.708333
vt 0.825000 0.708333
vt 0.825000 0.708333
vt 0.825000 0.708333
vt 0.825000 0.708333
vt 0.125000 0.500000
vt 0.175000 0.500000
vt 0.375000 0.500000
vt 0.325000 0.500000
vt 0.275000 0.500000
vt 0.225000 0.500000
vt 0.825000 0.708333
vt 0.825000 0.708333
vt 0.825000 0.708333
vt 0.825000 0.708333
vt 0.825000 0.708333
vt 0.825000 0.708333
vt 0.825000 0.708333
vt 0.825000 0.708333
vt 0.825000 0.708333
vt 0.825000 0.708333
vt 0.825000 0.708333
vt 0.825000 0.708333
vt 0.125000 0.500000
vt 0.175000 0.500000
vt 0.375000 0.500000
vt 0.325000 0.500000
vt 0.275000 0.500000
vt 0.225000 0.500000
vt 0.825000 0.708333
vt 0.825000 0.708333
vt 0.825000 0.708333
vt 0.825000 0.708333
vt 0.825000 0.708333
vt 0.825000 0.708333
vt 0.825000 0.708333
vt 0.825000 0.708333
vt 0.825000 0.708333
vt 0.825000 0.708333
vt 0.825000 0.708333
vt 0.825000 0.708333
vt 0.125000 0.500000
vt 0.175000 0.500000
vt 0.375000 0.500000
vt 0.325000 0.500000
vt 0.275000 0.500000
vt 0.225000 0.500000
vt 0.825000 0.708333
vt 0.825000 0.708333
vt 0.825000 0.708333
vt 0.825000 0.708333
vt 0.825000 0.708333
vt 0.825000 0.708333
vt 0.825000 0.708333
vt 0.825000 0.708333
vt 0.825000 0.708333
vt 0.825000 0.708333
vt 0.825000 0.708333
vt 0.825000 0.708333
vt 0.125000 0.500000
vt 0.175000 0.500000
vt 0.375000 0.500000
vt 0.325000 0.500000
vt 0.275000 0.500000
vt 0.225000 0.500000
vt 0.825000 0.708333
vt 0.825000 0.708333
vt 0.825000 0.708333
vt 0.825000 0.708333
vt 0.825000 0.708333
vt 0.825000 0.708333
vt 0.825000 0.708333
vt 0.825000 0.708333
vt 0.825000 0.708333
vt 0.825000 0.708333
vt 0.825000 0.708333
vt 0.825000 0.708333
vt 0.125000 0.500000
vt 0.175000 0.500000
vt 0.375000 0.500000
vt 0.325000 0.500000
vt 0.275000 0.500000
vt 0.225000 0.500000
vt 0.825000 0.708333
vt 0.825000 0.708333
vt 0.825000 0.708333
vt 0.825000 0.708333
vt 0.825000 0.708333
vt 0.825000 0.708333
vt 0.825000 0.708333
vt 0.825000 0.708333
vt 0.825000 0.708333
vt 0.825000 0.708333
vt 0.825000 0.708333
vt 0.825000 0.708333
vt 0.125000 0.500000
vt 0.175000 0.500000
vt 0.375000 0.500000
vt 0.325000 0.500000
vt 0.275000 0.500000
vt 0.225000 0.500000
vt 0.825000 0.708333
vt 0.825000 0.708333
vt 0.825000 0.708333
vt 0.825000 0.708333
vt 0.825000 0.708333
vt 0.825000 0.708333
vt 0.825000 0.708333
vt 0.825000 0.708333
vt 0.825000 0.708333
vt 0.825000 0.708333
vt 0.825000 0.708333
vt 0.825000 0.708333
vt 0.125000 0.500000
vt 0.175000 0.500000
vt 0.375000 0.500000
vt 0.325000 0.500000
vt 0.275000 0.500000
vt 0.225000 0.500000
vt 0.825000 0.708333
vt 0.825000 0.708333
vt 0.825000 0.708333
vt 0.825000 0.708333
vt 0.825000 0.708333
vt 0.825000 0.708333
vt 0.825000 0.708333
vt 0.825000 0.708333
vt 0.825000 0.708333
vt 0.825000 0.708333
vt 0.825000 0.708333
vt 0.825000 0.708333
vt 0.125000 0.500000
vt 0.175000 0.500000
vt 0.375000 0.500000
vt 0.325000 0.500000
vt 0.275000 0.500000
vt 0.225000 0.500000
vt 0.825000 0.708333
vt 0.825000 0.708333
vt 0.825000 0.708333
vt 0.825000 0.708333
vt 0.825000 0.708333
vt 0.825000 0.708333
vt 0.825000 0.708333
vt 0.825000 0.708333
vt 0.825000 0.708333
vt 0.825000 0.708333
vt 0.825000 0.708333
vt 0.825000 0.708333
vt 0.125000 0.500000
vt 0.175000 0.500000
vt 0.375000 0.500000
vt 0.325000 0.500000
vt 0.275000 0.500000
vt 0.225000 0.500000
vt 0.825000 0.708333
vt 0.825000 0.708333
vt 0.825000 0.708333
vt 0.825000 0.708333
vt 0.825000 0.708333
vt 0.825000 0.708333
vt 0.825000 0.708333
vt 0.825000 0.708333
vt 0.825000 0.708333
vt 0.825000 0.708333
vt 0.825000 0.708333
vt 0.825000 0.708333
vt 0.125000 0.500000
vt 0.175000 0.500000
vt 0.375000 0.500000
vt 0.325000 0.500000
vt 0.275000 0.500000
vt 0.225000 0.500000
vt 0.825000 0.708333
vt 0.825000 0.708333
vt 0.825000 0.708333
vt 0.825000 0.708333
vt 0.825000 0.708333
vt 0.825000 0.708333
vt 0.825000 0.708333
vt 0.825000 0.708333
vt 0.825000 0.708333
vt 0.825000 0.708333
vt 0.825000 0.708333
vt 0.825000 0.708333
vt 0.325000 0.500000
vt 0.225000 0.500000
vt 0.825000 0.708333
vt 0.825000 0.708333
vt 0.825000 0.708333
vt 0.825000 0.708333
vt 0.825000 0.708333
vt 0.825000 0.708333
vt 0.125000 0.500000
vt 0.175000 0.500000
vt 0.375000 0.500000
vt 0.275000 0.500000
vt 0.825000 0.708333
vt 0.825000 0.708333
vt 0.825000 0.708333
vt 0.825000 0.708333
vt 0.825000 0.708333
vt 0.825000 0.708333
vt 0.125000 0.500000
vt 0.175000 0.500000
vt 0.375000 0.500000
vt 0.325000 0.500000
vt 0.275000 0.500000
vt 0.225000 0.500000
vt 0.825000 0.708333
vt 0.825000 0.708333
vt 0.825000 0.708333
vt 0.825000 0.708333
vt 0.825000 0.708333
vt 0.825000 0.708333
vt 0.825000 0.708333
vt 0.825000 0.708333
vt 0.825000 0.708333
vt 0.825000 0.708333
vt 0.825000 0.708333
vt 0.825000 0.708333
vt 0.125000 0.500000
vt 0.175000 0.500000
vt 0.375000 0.500000
vt 0.325000 0.500000
vt 0.275000 0.500000
vt 0.225000 0.500000
vt 0.825000 0.708333
vt 0.825000 0.708333
vt 0.825000 0.708333
vt 0.825000 0.708333
vt 0.825000 0.708333
vt 0.825000 0.708333
vt 0.825000 0.708333
vt 0.825000 0.708333
vt 0.825000 0.708333
vt 0.825000 0.708333
vt 0.825000 0.708333
vt 0.825000 0.708333
vt 0.125000 0.500000
vt 0.175000 0.500000
vt 0.375000 0.500000
vt 0.325000 0.500000
vt 0.275000 0.500000
vt 0.225000 0.500000
vt 0.825000 0.708333
vt 0.825000 0.708333
vt 0.825000 0.708333
vt 0.825000 0.708333
vt 0.825000 0.708333
vt 0.825000 0.708333
vt 0.825000 0.708333
vt 0.825000 0.708333
vt 0.825000 0.708333
vt 0.825000 0.708333
vt 0.825000 0.708333
vt 0.825000 0.708333
vt 0.125000 0.500000
vt 0.175000 0.500000
vt 0.375000 0.500000
vt 0.325000 0.500000
vt 0.275000 0.500000
vt 0.225000 0.500000
vt 0.825000 0.708333
vt 0.825000 0.708333
vt 0.825000 0.708333
vt 0.825000 0.708333
vt 0.825000 0.708333
vt 0.825000 0.708333
vt 0.825000 0.708333
vt 0.825000 0.708333
vt 0.825000 0.708333
vt 0.825000 0.708333
vt 0.825000 0.708333
vt 0.825000 0.708333
vt 0.125000 0.500000
vt 0.175000 0.500000
vt 0.375000 0.500000
vt 0.325000 0.500000
vt 0.275000 0.500000
vt 0.225000 0.500000
vt 0.825000 0.708333
vt 0.825000 0.708333
vt 0.825000 0.708333
vt 0.825000 0.708333
vt 0.825000 0.708333
vt 0.825000 0.708333
vt 0.825000 0.708333
vt 0.825000 0.708333
vt 0.825000 0.708333
vt 0.825000 0.708333
vt 0.825000 0.708333
vt 0.825000 0.708333
vt 0.125000 0.500000
vt 0.175000 0.500000
vt 0.375000 0.500000
vt 0.325000 0.500000
vt 0.275000 0.500000
vt 0.225000 0.500000
vt 0.825000 0.708333
vt 0.825000 0.708333
vt 0.825000 0.708333
vt 0.825000 0.708333
vt 0.825000 0.708333
vt 0.825000 0.708333
vt 0.825000 0.708333
vt 0.825000 0.708333
vt 0.825000 0.708333
vt 0.825000 0.708333
vt 0.825000 0.708333
vt 0.125000 0.500000
vt 0.175000 0.500000
vt 0.375000 0.500000
vt 0.325000 0.500000
vt 0.275000 0.500000
vt 0.225000 0.500000
vt 0.825000 0.708333
vt 0.825000 0.708333
vt 0.825000 0.708333
vt 0.825000 0.708333
vt 0.825000 0.708333
vt 0.825000 0.708333
vt 0.825000 0.708333
vt 0.825000 0.708333
vt 0.825000 0.708333
vt 0.825000 0.708333
vt 0.825000 0.708333
vt 0.825000 0.708333
vt 0.125000 0.500000
vt 0.175000 0.500000
vt 0.375000 0.500000
vt 0.325000 0.500000
vt 0.275000 0.500000
vt 0.225000 0.500000
vt 0.825000 0.708333
vt 0.825000 0.708333
vt 0.825000 0.708333
vt 0.825000 0.708333
vt 0.825000 0.708333
vt 0.825000 0.708333
vt 0.825000 0.708333
vt 0.825000 0.708333
vt 0.825000 0.708333
vt 0.825000 0.708333
vt 0.825000 0.708333
vt 0.825000 0.708333
vt 0.125000 0.500000
vt 0.175000 0.500000
vt 0.375000 0.500000
vt 0.325000 0.500000
vt 0.275000 0.500000
vt 0.225000 0.500000
vt 0.825000 0.708333
vt 0.825000 0.708333
vt 0.825000 0.708333
vt 0.825000 0.708333
vt 0.825000 0.708333
vt 0.825000 0.708333
vt 0.825000 0.708333
vt 0.825000 0.708333
vt 0.825000 0.708333
vt 0.825000 0.708333
vt 0.825000 0.708333
vt 0.825000 0.708333
vt 0.125000 0.500000
vt 0.175000 0.500000
vt 0.375000 0.500000
vt 0.325000 0.500000
vt 0.275000 0.500000
vt 0.225000 0.500000
vt 0.825000 0.708333
vt 0.825000 0.708333
vt 0.825000 0.708333
vt 0.825000 0.708333
vt 0.825000 0.708333
vt 0.825000 0.708333
vt 0.825000 0.708333
vt 0.825000 0.708333
vt 0.825000 0.708333
vt 0.825000 0.708333
vt 0.825000 0.708333
vt 0.825000 0.708333
vt 0.125000 0.500000
vt 0.175000 0.500000
vt 0.375000 0.500000
vt 0.325000 0.500000
vt 0.275000 0.500000
vt 0.225000 0.500000
vt 0.825000 0.708333
vt 0.825000 0.708333
vt 0.825000 0.708333
vt 0.825000 0.708333
vt 0.825000 0.708333
vt 0.825000 0.708333
vt 0.825000 0.708333
vt 0.825000 0.708333
vt 0.825000 0.708333
vt 0.825000 0.708333
vt 0.825000 0.708333
vt 0.825000 0.708333
vt 0.125000 0.500000
vt 0.175000 0.500000
vt 0.375000 0.500000
vt 0.325000 0.500000
vt 0.275000 0.500000
vt 0.225000 0.500000
vt 0.825000 0.708333
vt 0.825000 0.708333
vt 0.825000 0.708333
vt 0.825000 0.708333
vt 0.825000 0.708333
vt 0.825000 0.708333
vt 0.825000 0.708333
vt 0.825000 0.708333
vt 0.825000 0.708333
vt 0.825000 0.708333
vt 0.825000 0.708333
vt 0.825000 0.708333
vt 0.125000 0.500000
vt 0.175000 0.500000
vt 0.375000 0.500000
vt 0.325000 0.500000
vt 0.275000 0.500000
vt 0.225000 0.500000
vt 0.125000 0.500000
vt 0.175000 0.500000
vt 0.375000 0.500000
vt 0.325000 0.500000
vt 0.275000 0.500000
vt 0.225000 0.500000
vt 0.125000 0.500000
vt 0.175000 0.500000
vt 0.375000 0.500000
vt 0.325000 0.500000
vt 0.275000 0.500000
vt 0.225000 0.500000
vt 0.825000 0.708333
vt 0.825000 0.708333
vt 0.825000 0.708333
vt 0.825000 0.708333
vt 0.825000 0.708333
vt 0.825000 0.708333
vt 0.825000 0.708333
vt 0.825000 0.708333
vt 0.825000 0.708333
vt 0.825000 0.708333
vt 0.825000 0.708333
vt 0.825000 0.708333
vt 0.125000 0.500000
vt 0.175000 0.500000
vt 0.375000 0.500000
vt 0.325000 0.500000
vt 0.275000 0.500000
vt 0.225000 0.500000
vt 0.825000 0.708333
vt 0.825000 0.708333
vt 0.825000 0.708333
vt 0.825000 0.708333
vt 0.825000 0.708333
vt 0.825000 0.708333
vt 0.825000 0.708333
vt 0.825000 0.708333
vt 0.825000 0.708333
vt 0.825000 0.708333
vt 0.125000 0.500000
vt 0.275000 0.500000
vt 0.225000 0.500000
vt 0.825000 0.708333
vt 0.825000 0.708333
vt 0.825000 0.708333
vt 0.825000 0.708333
vt 0.175000 0.500000
vt 0.625000 0.500000
vt 0.375000 0.500000
vt 0.325000 0.500000
vt 0.825000 0.708333
vt 0.825000 0.708333
vt 0.825000 0.708333
vt 0.825000 0.708333
vt 0.825000 0.708333
vt 0.825000 0.708333
vt 0.825000 0.708333
vt 0.125000 0.500000
vt 0.175000 0.500000
vt 0.625000 0.500000
vt 0.375000 0.500000
vt 0.325000 0.500000
vt 0.275000 0.500000
vt 0.225000 0.500000
vt 0.825000 0.708333
vt 0.825000 0.708333
vt 0.825000 0.708333
vt 0.825000 0.708333
vt 0.825000 0.708333
vt 0.825000 0.708333
vt 0.825000 0.708333
vt 0.825000 0.708333
vt 0.825000 0.708333
vt 0.825000 0.708333
vt 0.825000 0.708333
vt 0.825000 0.708333
vt 0.125000 0.500000
vt 0.175000 0.500000
vt 0.675000 0.500000
vt 0.625000 0.500000
vt 0.375000 0.500000
vt 0.325000 0.500000
vt 0.275000 0.500000
vt 0.225000 0.500000
vt 0.825000 0.708333
vt 0.825000 0.708333
vt 0.825000 0.708333
vt 0.825000 0.708333
vt 0.825000 0.708333
vt 0.825000 0.708333
vt 0.825000 0.708333
vt 0.825000 0.708333
vt 0.825000 0.708333
vt 0.825000 0.708333
vt 0.825000 0.708333
vt 0.825000 0.708333
vt 0.775000 0.550000
vt 0.725000 0.550000
vt 0.775000 0.550000
vt 0.725000 0.550000
vt 0.775000 0.550000
vt 0.725000 0.550000
vt 0.775000 0.550000
vt 0.725000 0.550000
vt 0.775000 0.550000
vt 0.725000 0.550000
vt 0.775000 0.550000
vt 0.725000 0.550000
vt 0.775000 0.550000
vt 0.725000 0.550000
vt 0.775000 0.550000
vt 0.725000 0.550000
vt 0.775000 0.550000
vt 0.725000 0.550000
vt 0.725000 0.550000
vt 0.725000 0.550000
vt 0.725000 0.550000
vt 0.725000 0.550000
vt 0.725000 0.550000
vt 0.725000 0.550000
vt 0.825000 0.500000
vt 0.775000 0.500000
vt 0.825000 0.708333
vt 0.825000 0.708333
vt 0.825000 0.708333
vt 0.825000 0.708333
vt 0.825000 0.708333
vt 0.825000 0.708333
vt 0.825000 0.708333
vt 0.825000 0.708333
vt 0.825000 0.708333
vt 0.825000 0.708333
vt 0.825000 0.708333
vt 0.825000 0.708333
vt 0.675000 0.500000
vt 0.675000 0.500000
vt 0.825000 0.708333
vt 0.825000 0.708333
vt 0.825000 0.708333
vt 0.825000 0.500000
vt 0.775000 0.500000
vt 0.825000 0.500000
vt 0.775000 0.500000
s 0
g off
g SAFEGROUND_SAFEGROUND
usemtl SAFEGROUND
f 532/536/1 552/556/1 534/538/1
f 34/34/2 70/70/2 183/183/2
f 4/4/2 71/71/2 63/63/2
f 62/62/2 75/75/2 71/71/2
f 61/61/2 79/79/2 75/75/2
f 60/60/2 83/83/2 79/79/2
f 59/59/2 87/87/2 83/83/2
f 58/58/2 91/91/2 87/87/2
f 57/57/2 95/95/2 91/91/2
f 56/56/2 99/99/2 95/95/2
f 55/55/2 103/103/2 99/99/2
f 54/54/2 107/107/2 103/103/2
f 53/53/2 111/111/2 107/107/2
f 52/52/2 115/115/2 111/111/2
f 51/51/2 119/119/2 115/115/2
f 50/50/2 123/123/2 119/119/2
f 49/49/2 127/127/2 123/123/2
f 48/48/2 131/131/2 127/127/2
f 47/47/2 135/135/2 131/131/2
f 46/46/2 139/139/2 135/135/2
f 45/45/2 143/143/2 139/139/2
f 44/44/2 147/147/2 143/143/2
f 43/43/2 151/151/2 147/147/2
f 42/42/2 155/155/2 151/151/2
f 41/41/2 159/159/2 155/155/2
f 40/40/2 163/163/2 159/159/2
f 39/39/2 167/167/2 163/163/2
f 38/38/2 171/171/2 167/167/2
f 37/37/2 175/175/2 171/171/2
f 36/36/2 179/179/2 175/175/2
f 35/35/2 183/183/2 179/179/2
f 182/182/2 33/33/2 32/32/2
f 181/181/2 186/186/2 182/182/2
f 180/180/2 185/185/2 181/181/2
f 179/179/2 184/184/2 180/180/2
f 178/178/2 32/32/2 31/31/2
f 177/177/2 182/182/2 178/178/2
f 176/176/2 181/181/2 177/177/2
f 175/175/2 180/180/2 176/176/2
f 174/174/2 31/31/2 30/30/2
f 173/173/2 178/178/2 174/174/2
f 172/172/2 177/177/2 173/173/2
f 171/171/2 176/176/2 172/172/2
f 170/170/2 30/30/2 29/29/2
f 169/169/2 174/174/2 170/170/2
f 168/168/2 173/173/2 169/169/2
f 167/167/2 172/172/2 168/168/2
f 166/166/2 29/29/2 28/28/2
f 165/165/2 170/170/2 166/166/2
f 164/164/2 169/169/2 165/165/2
f 163/163/2 168/168/2 164/164/2
f 162/162/2 28/28/2 27/27/2
f 161/161/2 166/166/2 162/162/2
f 160/160/2 165/165/2 161/161/2
f 159/159/2 164/164/2 160/160/2
f 158/158/2 27/27/2 26/26/2
f 157/157/2 162/162/2 158/158/2
f 156/156/2 161/161/2 157/157/2
f 155/155/2 160/160/2 156/156/2
f 154/154/2 26/26/2 25/25/2
f 153/153/2 158/158/2 154/154/2
f 152/152/2 157/157/2 153/153/2
f 151/151/2 156/156/2 152/152/2
f 150/150/2 25/25/2 24/24/2
f 149/149/2 154/154/2 150/150/2
f 148/148/2 153/153/2 149/149/2
f 147/147/2 152/152/2 148/148/2
f 146/146/2 24/24/2 23/23/2
f 145/145/2 150/150/2 146/146/2
f 144/144/2 149/149/2 145/145/2
f 143/143/2 148/148/2 144/144/2
f 142/142/2 23/23/2 22/22/2
f 141/141/2 146/146/2 142/142/2
f 140/140/2 145/145/2 141/141/2
f 139/139/2 144/144/2 140/140/2
f 138/138/2 22/22/2 21/21/2
f 137/137/2 142/142/2 138/138/2
f 136/136/2 141/141/2 137/137/2
f 135/135/2 140/140/2 136/136/2
f 134/134/2 21/21/2 20/20/2
f 133/133/2 138/138/2 134/134/2
f 132/132/2 137/137/2 133/133/2
f 131/131/2 136/136/2 132/132/2
f 130/130/2 20/20/2 19/19/2
f 129/129/2 134/134/2 130/130/2
f 128/128/2 133/133/2 129/129/2
f 127/127/2 132/132/2 128/128/2
f 126/126/2 19/19/2 18/18/2
f 125/125/2 130/130/2 126/126/2
f 124/124/2 129/129/2 125/125/2
f 123/123/2 128/128/2 124/124/2
f 122/122/2 18/18/2 17/17/2
f 121/121/2 126/126/2 122/122/2
f 120/120/2 125/125/2 121/121/2
f 119/119/2 124/124/2 120/120/2
f 118/118/2 17/17/2 16/16/2
f 117/117/2 122/122/2 118/118/2
f 116/116/2 121/121/2 117/117/2
f 115/115/2 120/120/2 116/116/2
f 114/114/2 16/16/2 15/15/2
f 113/113/2 118/118/2 114/114/2
f 112/112/2 117/117/2 113/113/2
f 111/111/2 116/116/2 112/112/2
f 110/110/2 15/15/2 14/14/2
f 109/109/2 114/114/2 110/110/2
f 108/108/2 113/113/2 109/109/2
f 107/107/2 112/112/2 108/108/2
f 106/106/2 14/14/2 13/13/2
f 105/105/2 110/110/2 106/106/2
f 104/104/2 109/109/2 105/105/2
f 103/103/2 108/108/2 104/104/2
f 102/102/2 13/13/2 12/12/2
f 101/101/2 106/106/2 102/102/2
f 100/100/2 105/105/2 101/101/2
f 99/99/2 104/104/2 100/100/2
f 98/98/2 12/12/2 11/11/2
f 97/97/2 102/102/2 98/98/2
f 96/96/2 101/101/2 97/97/2
f 95/95/2 100/100/2 96/96/2
f 94/94/2 11/11/2 10/10/2
f 93/93/2 98/98/2 94/94/2
f 92/92/2 97/97/2 93/93/2
f 91/91/2 96/96/2 92/92/2
f 90/90/2 10/10/2 9/9/2
f 89/89/2 94/94/2 90/90/2
f 88/88/2 93/93/2 89/89/2
f 87/87/2 92/92/2 88/88/2
f 86/86/2 9/9/2 8/8/2
f 85/85/2 90/90/2 86/86/2
f 84/84/2 89/89/2 85/85/2
f 83/83/2 88/88/2 84/84/2
f 82/82/2 8/8/2 7/7/2
f 81/81/2 86/86/2 82/82/2
f 80/80/2 85/85/2 81/81/2
f 79/79/2 84/84/2 80/80/2
f 78/78/2 7/7/2 6/6/2
f 77/77/2 82/82/2 78/78/2
f 76/76/2 81/81/2 77/77/2
f 75/75/2 80/80/2 76/76/2
f 74/74/2 6/6/2 5/5/2
f 73/73/2 78/78/2 74/74/2
f 72/72/2 77/77/2 73/73/2
f 71/71/2 76/76/2 72/72/2
f 66/66/2 5/5/2 2/2/2
f 65/65/2 74/74/2 66/66/2
f 64/64/2 73/73/2 65/65/2
f 63/63/2 72/72/2 64/64/2
f 186/186/2 1/1/2 33/33/2
f 185/185/2 67/67/2 186/186/2
f 184/184/2 68/68/2 185/185/2
f 183/183/2 69/69/2 184/184/2
f 65/65/2 548/552/2 64/64/2
f 535/539/2 551/555/2 533/537/2
f 64/64/2 547/551/2 63/63/2
f 537/541/2 557/561/2 539/543/2
f 200/200/1 220/220/1 219/219/1
f 192/192/2 240/240/2 198/198/2
f 208/208/1 245/245/1 246/246/1
f 200/200/1 208/208/1 205/205/1
f 203/203/1 202/202/1 201/201/1
f 207/207/1 204/204/1 203/203/1
f 206/206/1 210/210/1 207/207/1
f 205/205/1 209/209/1 206/206/1
f 198/198/2 239/239/2 197/197/2
f 204/204/1 242/242/1 243/243/1
f 194/194/2 216/216/2 195/195/2
f 207/207/1 217/217/1 222/222/1
f 190/190/2 235/235/2 192/192/2
f 195/195/2 190/190/2 197/197/2
f 216/216/2 223/223/2 211/211/2
f 220/220/1 233/233/1 232/232/1
f 211/211/2 224/224/2 212/212/2
f 195/195/2 211/211/2 191/191/2
f 205/205/1 221/221/1 220/220/1
f 188/188/2 214/214/2 193/193/2
f 203/203/1 218/218/1 217/217/1
f 193/193/2 215/215/2 194/194/2
f 206/206/1 222/222/1 221/221/1
f 191/191/2 212/212/2 189/189/2
f 232/232/1 269/269/1 268/268/1
f 223/223/2 260/260/2 224/224/2
f 213/213/2 226/226/2 214/214/2
f 221/221/1 234/234/1 233/233/1
f 217/217/1 230/230/1 229/229/1
f 214/214/2 227/227/2 215/215/2
f 222/222/1 229/229/1 234/234/1
f 219/219/1 232/232/1 231/231/1
f 215/215/2 228/228/2 216/216/2
f 236/236/2 247/247/2 235/235/2
f 246/246/1 257/257/1 258/258/1
f 240/240/2 251/251/2 239/239/2
f 243/243/1 254/254/1 255/255/1
f 209/209/1 246/246/1 241/241/1
f 196/196/2 237/237/2 187/187/2
f 202/202/1 243/243/1 244/244/1
f 210/210/1 241/241/1 242/242/1
f 197/197/2 238/238/2 196/196/2
f 248/248/2 331/331/2 247/247/2
f 258/258/1 341/341/1 342/342/1
f 252/252/2 335/335/2 251/251/2
f 255/255/1 338/338/1 339/339/1
f 235/235/2 252/252/2 240/240/2
f 241/241/1 258/258/1 253/253/1
f 238/238/2 249/249/2 237/237/2
f 242/242/1 253/253/1 254/254/1
f 239/239/2 250/250/2 238/238/2
f 244/244/1 255/255/1 256/256/1
f 268/268/1 281/281/1 280/280/1
f 259/259/2 272/272/2 260/260/2
f 267/267/1 280/280/1 279/279/1
f 228/228/2 259/259/2 223/223/2
f 225/225/2 262/262/2 226/226/2
f 229/229/1 266/266/1 265/265/1
f 226/226/2 263/263/2 227/227/2
f 234/234/1 265/265/1 270/270/1
f 231/231/1 268/268/1 267/267/1
f 271/271/2 284/284/2 272/272/2
f 279/279/1 292/292/1 291/291/1
f 282/282/1 289/289/1 294/294/1
f 264/264/2 271/271/2 259/259/2
f 261/261/2 274/274/2 262/262/2
f 265/265/1 278/278/1 277/277/1
f 262/262/2 275/275/2 263/263/2
f 270/270/1 277/277/1 282/282/1
f 287/287/2 300/300/2 288/288/2
f 291/291/1 304/304/1 303/303/1
f 294/294/1 301/301/1 306/306/1
f 286/286/2 299/299/2 287/287/2
f 280/280/1 293/293/1 292/292/1
f 276/276/2 283/283/2 271/271/2
f 273/273/2 286/286/2 274/274/2
f 277/277/1 290/290/1 289/289/1
f 274/274/2 287/287/2 275/275/2
f 299/299/2 312/312/2 300/300/2
f 303/303/1 316/316/1 315/315/1
f 306/306/1 313/313/1 318/318/1
f 298/298/2 311/311/2 299/299/2
f 283/283/2 296/296/2 284/284/2
f 292/292/1 305/305/1 304/304/1
f 288/288/2 295/295/2 283/283/2
f 285/285/2 298/298/2 286/286/2
f 293/293/1 306/306/1 305/305/1
f 289/289/1 302/302/1 301/301/1
f 311/311/2 324/324/2 312/312/2
f 315/315/1 328/328/1 327/327/1
f 310/310/2 323/323/2 311/311/2
f 313/313/1 326/326/1 325/325/1
f 295/295/2 308/308/2 296/296/2
f 304/304/1 317/317/1 316/316/1
f 300/300/2 307/307/2 295/295/2
f 297/297/2 310/310/2 298/298/2
f 305/305/1 318/318/1 317/317/1
f 301/301/1 314/314/1 313/313/1
f 323/323/2 360/360/2 324/324/2
f 327/327/1 364/364/1 363/363/1
f 325/325/1 362/362/1 361/361/1
f 307/307/2 320/320/2 308/308/2
f 316/316/1 329/329/1 328/328/1
f 309/309/2 322/322/2 310/310/2
f 317/317/1 330/330/1 329/329/1
f 339/339/1 350/350/1 351/351/1
f 340/340/1 351/351/1 352/352/1
f 335/335/2 346/346/2 334/334/2
f 338/338/1 349/349/1 350/350/1
f 247/247/2 336/336/2 252/252/2
f 253/253/1 342/342/1 337/337/1
f 250/250/2 333/333/2 249/249/2
f 254/254/1 337/337/1 338/338/1
f 251/251/2 334/334/2 250/250/2
f 256/256/1 339/339/1 340/340/1
f 336/336/2 347/347/2 335/335/2
f 342/342/1 353/353/1 354/354/1
f 332/332/2 343/343/2 331/331/2
f 331/331/2 348/348/2 336/336/2
f 337/337/1 354/354/1 349/349/1
f 334/334/2 345/345/2 333/333/2
f 361/361/1 373/373/1 372/372/1
f 365/365/1 376/376/1 375/375/1
f 319/319/2 356/356/2 320/320/2
f 328/328/1 365/365/1 364/364/1
f 321/321/2 358/358/2 322/322/2
f 329/329/1 366/366/1 365/365/1
f 369/369/2 380/380/2 370/370/2
f 372/372/1 383/383/1 382/382/1
f 375/375/1 387/387/1 386/386/1
f 359/359/2 371/371/2 360/360/2
f 355/355/2 368/368/2 356/356/2
f 364/364/1 375/375/1 374/374/1
f 382/382/1 395/395/1 394/394/1
f 386/386/1 399/399/1 398/398/1
f 381/381/2 388/388/2 377/377/2
f 370/370/2 381/381/2 371/371/2
f 367/367/2 378/378/2 368/368/2
f 374/374/1 386/386/1 385/385/1
f 398/398/1 409/409/1 408/408/1
f 390/390/2 402/402/2 391/391/2
f 393/393/2 400/400/2 388/388/2
f 397/397/1 408/408/1 407/407/1
f 379/379/2 392/392/2 380/380/2
f 387/387/1 394/394/1 399/399/1
f 384/384/1 397/397/1 396/396/1
f 380/380/2 393/393/2 381/381/2
f 377/377/2 389/389/2 378/378/2
f 385/385/1 398/398/1 397/397/1
f 401/401/2 413/413/2 402/402/2
f 404/404/2 410/410/2 400/400/2
f 407/407/1 420/420/1 419/419/1
f 391/391/2 403/403/2 392/392/2
f 399/399/1 405/405/1 409/409/1
f 396/396/1 407/407/1 406/406/1
f 392/392/2 404/404/2 393/393/2
f 415/415/2 422/422/2 410/410/2
f 419/419/1 432/432/1 431/431/1
f 410/410/2 423/423/2 411/411/2
f 402/402/2 414/414/2 403/403/2
f 409/409/1 416/416/1 421/421/1
f 406/406/1 419/419/1 418/418/1
f 431/431/1 442/442/1 441/441/1
f 422/422/2 435/435/2 423/423/2
f 412/412/2 425/425/2 413/413/2
f 416/416/1 429/429/1 428/428/1
f 413/413/2 426/426/2 414/414/2
f 421/421/1 428/428/1 433/433/1
f 418/418/1 431/431/1 430/430/1
f 441/441/1 466/468/1 451/451/1
f 428/428/1 440/440/1 439/439/1
f 425/425/2 437/437/2 426/426/2
f 433/433/1 439/439/1 443/443/1
f 447/447/2 459/460/2 444/444/2
f 434/434/2 444/444/2 435/435/2
f 439/439/1 445/445/1 449/449/1
f 438/438/2 447/447/2 434/434/2
f 443/443/1 449/449/1 448/448/1
f 436/436/2 465/466/2 437/437/2
f 450/450/2 467/471/2 465/466/2
f 466/468/1 453/453/1 451/451/1
f 454/454/1 457/458/1 453/453/1
f 452/452/2 471/475/2 455/456/2
f 467/471/2 455/456/2 456/457/2
f 449/449/1 460/461/1 464/465/1
f 448/448/1 464/465/1 463/464/1
f 446/446/2 462/463/2 447/447/2
f 461/462/2 465/467/2 467/470/2
f 463/464/1 466/469/1 448/448/1
f 457/458/1 468/472/1 453/453/1
f 457/458/1 474/478/1 470/474/1
f 471/475/2 473/477/2 455/456/2
f 487/491/2 505/509/2 491/495/2
f 475/479/2 477/481/2 473/477/2
f 486/490/1 500/504/1 482/486/1
f 472/476/1 478/482/1 474/478/1
f 480/484/1 486/490/1 482/486/1
f 472/476/1 482/486/1 476/480/1
f 477/481/2 481/485/2 473/477/2
f 487/491/2 489/493/2 485/489/2
f 490/494/1 502/506/1 486/490/1
f 483/487/2 485/489/2 481/485/2
f 491/495/2 493/497/2 489/493/2
f 484/488/1 490/494/1 486/490/1
f 476/480/1 498/502/1 478/482/1
f 488/492/1 494/498/1 490/494/1
f 477/481/2 501/505/2 483/487/2
f 506/510/1 516/520/1 504/508/1
f 502/506/1 512/516/1 500/504/1
f 494/498/1 504/508/1 490/494/1
f 483/487/2 503/507/2 487/491/2
f 482/486/1 496/500/1 476/480/1
f 491/495/2 507/511/2 495/499/2
f 479/483/2 497/501/2 477/481/2
f 514/518/1 524/528/1 512/516/1
f 516/520/1 526/530/1 514/518/1
f 515/519/2 529/533/2 517/521/2
f 518/522/1 528/532/1 516/520/1
f 500/504/1 508/512/1 496/500/1
f 504/508/1 514/518/1 502/506/1
f 496/500/1 510/514/1 498/502/1
f 524/528/1 532/536/1 520/524/1
f 530/534/1 540/544/1 528/532/1
f 526/530/1 536/540/1 524/528/1
f 527/531/2 541/545/2 529/533/2
f 512/516/1 520/524/1 508/512/1
f 511/515/2 521/525/2 509/513/2
f 513/517/2 527/531/2 515/519/2
f 509/513/2 525/529/2 513/517/2
f 517/521/2 531/535/2 519/523/2
f 508/512/1 522/526/1 510/514/1
f 63/63/2 546/550/2 4/4/2
f 538/542/1 554/558/1 536/540/1
f 542/546/1 558/562/1 540/544/1
f 528/532/1 538/542/1 526/530/1
f 521/525/2 537/541/2 525/529/2
f 520/524/1 534/538/1 522/526/1
f 559/563/2 579/583/2 561/565/2
f 551/555/2 573/577/2 555/559/2
f 545/549/2 567/571/2 549/553/2
f 554/558/1 568/572/1 550/554/1
f 549/553/2 566/570/2 548/552/2
f 558/562/1 574/578/1 556/560/1
f 548/552/2 565/569/2 547/551/2
f 557/561/2 577/581/2 559/563/2
f 539/543/2 559/563/2 541/545/2
f 66/66/2 549/553/2 65/65/2
f 540/544/1 556/560/1 538/542/1
f 536/540/1 550/554/1 532/536/1
f 2/2/2 545/549/2 66/66/2
f 533/537/2 555/559/2 537/541/2
f 541/545/2 561/565/2 543/547/2
f 571/575/2 587/591/2 569/573/2
f 573/577/2 593/597/2 575/579/2
f 574/578/1 590/594/1 572/576/1
f 578/582/1 594/598/1 576/580/1
f 544/548/2 563/567/2 545/549/2
f 560/564/1 576/580/1 558/562/1
f 556/560/1 572/576/1 554/558/1
f 555/559/2 575/579/2 557/561/2
f 553/557/2 569/573/2 551/555/2
f 547/551/2 564/568/2 546/550/2
f 550/554/1 570/574/1 552/556/1
f 595/599/2 615/619/2 597/601/2
f 587/591/2 609/613/2 591/595/2
f 581/585/2 603/607/2 585/589/2
f 590/594/1 604/608/1 586/590/1
f 585/589/2 602/606/2 584/588/2
f 594/598/1 610/614/1 592/596/1
f 565/569/2 582/586/2 564/568/2
f 568/572/1 588/592/1 570/574/1
f 575/579/2 595/599/2 577/581/2
f 566/570/2 583/587/2 565/569/2
f 576/580/1 592/596/1 574/578/1
f 567/571/2 584/588/2 566/570/2
f 572/576/1 586/590/1 568/572/1
f 563/567/2 585/589/2 567/571/2
f 569/573/2 591/595/2 573/577/2
f 577/581/2 597/601/2 579/583/2
f 562/566/2 581/585/2 563/567/2
f 607/611/2 623/627/2 605/609/2
f 609/613/2 629/633/2 611/615/2
f 610/614/1 626/630/1 608/612/1
f 614/618/1 630/634/1 612/616/1
f 580/584/2 599/603/2 581/585/2
f 596/600/1 612/616/1 594/598/1
f 592/596/1 608/612/1 590/594/1
f 591/595/2 611/615/2 593/597/2
f 589/593/2 605/609/2 587/591/2
f 583/587/2 600/604/2 582/586/2
f 586/590/1 606/610/1 588/592/1
f 593/597/2 613/617/2 595/599/2
f 616/620/2 635/639/2 617/621/2
f 631/635/2 651/655/2 633/637/2
f 623/627/2 645/649/2 627/631/2
f 617/621/2 639/643/2 621/625/2
f 626/630/1 640/644/1 622/626/1
f 621/625/2 638/642/2 620/624/2
f 630/634/1 646/650/1 628/632/1
f 604/608/1 624/628/1 606/610/1
f 611/615/2 631/635/2 613/617/2
f 612/616/1 628/632/1 610/614/1
f 603/607/2 620/624/2 602/606/2
f 608/612/1 622/626/1 604/608/1
f 599/603/2 621/625/2 603/607/2
f 605/609/2 627/631/2 609/613/2
f 613/617/2 633/637/2 615/619/2
f 598/602/2 617/621/2 599/603/2
f 637/641/2 654/658/2 636/640/2
f 643/647/2 659/663/2 641/645/2
f 645/649/2 665/669/2 647/651/2
f 646/650/1 662/666/1 644/648/1
f 632/636/1 648/652/1 630/634/1
f 628/632/1 644/648/1 626/630/1
f 627/631/2 647/651/2 629/633/2
f 625/629/2 641/645/2 623/627/2
f 619/623/2 636/640/2 618/622/2
f 622/626/1 642/646/1 624/628/1
f 629/633/2 649/653/2 631/635/2
f 652/656/2 671/675/2 653/657/2
f 667/671/2 687/691/2 669/673/2
f 659/663/2 681/685/2 663/667/2
f 653/657/2 675/679/2 657/661/2
f 662/666/1 676/680/1 658/662/1
f 657/661/2 674/678/2 656/660/2
f 666/670/1 682/686/1 664/668/1
f 640/644/1 660/664/1 642/646/1
f 647/651/2 667/671/2 649/653/2
f 638/642/2 655/659/2 637/641/2
f 648/652/1 664/668/1 646/650/1
f 639/643/2 656/660/2 638/642/2
f 644/648/1 658/662/1 640/644/1
f 635/639/2 657/661/2 639/643/2
f 641/645/2 663/667/2 645/649/2
f 649/653/2 669/673/2 651/655/2
f 634/638/2 653/657/2 635/639/2
f 650/654/1 666/670/1 648/652/1
f 676/680/1 696/700/1 678/682/1
f 673/677/2 690/694/2 672/676/2
f 679/683/2 695/699/2 677/681/2
f 681/685/2 701/705/2 683/687/2
f 682/686/1 698/702/1 680/684/1
f 668/672/1 684/688/1 666/670/1
f 664/668/1 680/684/1 662/666/1
f 663/667/2 683/687/2 665/669/2
f 661/665/2 677/681/2 659/663/2
f 655/659/2 672/676/2 654/658/2
f 658/662/1 678/682/1 660/664/1
f 665/669/2 685/689/2 667/671/2
f 656/660/2 673/677/2 655/659/2
f 688/692/2 707/711/2 689/693/2
f 703/707/2 723/727/2 705/709/2
f 695/699/2 717/721/2 699/703/2
f 689/693/2 711/715/2 693/697/2
f 698/702/1 712/716/1 694/698/1
f 693/697/2 710/714/2 692/696/2
f 702/706/1 718/722/1 700/704/1
f 683/687/2 703/707/2 685/689/2
f 674/678/2 691/695/2 673/677/2
f 684/688/1 700/704/1 682/686/1
f 675/679/2 692/696/2 674/678/2
f 680/684/1 694/698/1 676/680/1
f 671/675/2 693/697/2 675/679/2
f 677/681/2 699/703/2 681/685/2
f 685/689/2 705/709/2 687/691/2
f 670/674/2 689/693/2 671/675/2
f 686/690/1 702/706/1 684/688/1
f 719/723/2 741/745/2 721/725/2
f 712/716/1 738/742/1 714/718/1
f 709/713/2 734/738/2 708/712/2
f 715/719/2 737/741/2 713/717/2
f 717/721/2 739/743/2 719/723/2
f 704/708/1 720/724/1 702/706/1
f 700/704/1 716/720/1 698/702/1
f 699/703/2 719/723/2 701/705/2
f 697/701/2 713/717/2 695/699/2
f 691/695/2 708/712/2 690/694/2
f 694/698/1 714/718/1 696/700/1
f 701/705/2 721/725/2 703/707/2
f 692/696/2 709/713/2 691/695/2
f 710/714/2 724/728/2 709/713/2
f 720/724/1 729/733/1 718/722/1
f 711/715/2 735/739/2 710/714/2
f 716/720/1 736/740/1 712/716/1
f 707/711/2 725/729/2 711/715/2
f 713/717/2 728/732/2 717/721/2
f 721/725/2 731/735/2 723/727/2
f 706/710/2 733/737/2 707/711/2
f 722/726/1 740/744/1 720/724/1
f 718/722/1 727/731/1 716/720/1
f 735/739/2 745/749/2 724/728/2
f 739/743/2 757/761/2 741/745/2
f 724/728/2 744/748/2 734/738/2
f 728/732/2 755/759/2 739/743/2
f 758/762/1 774/778/1 756/760/1
f 742/746/2 761/765/2 743/747/2
f 757/761/2 777/781/2 759/763/2
f 747/751/2 764/768/2 746/750/2
f 740/744/1 754/758/1 729/733/1
f 725/729/2 746/750/2 735/739/2
f 727/731/1 748/752/1 736/740/1
f 733/737/2 747/751/2 725/729/2
f 737/741/2 753/757/2 728/732/2
f 741/745/2 759/763/2 731/735/2
f 730/734/1 756/760/1 740/744/1
f 729/733/1 752/756/1 727/731/1
f 774/778/1 790/794/1 772/776/1
f 764/768/2 781/785/2 763/767/2
f 773/777/2 793/797/2 775/779/2
f 766/770/1 786/790/1 768/772/1
f 763/767/2 780/784/2 762/766/2
f 769/773/2 785/789/2 767/771/2
f 754/758/1 770/774/1 752/756/1
f 753/757/2 773/777/2 755/759/2
f 751/755/2 767/771/2 749/753/2
f 745/749/2 762/766/2 744/748/2
f 748/752/1 768/772/1 750/754/1
f 755/759/2 775/779/2 757/761/2
f 746/750/2 763/767/2 745/749/2
f 756/760/1 772/776/1 754/758/1
f 794/798/1 810/814/1 792/796/1
f 778/782/2 797/801/2 779/783/2
f 793/797/2 813/817/2 795/799/2
f 785/789/2 807/811/2 789/793/2
f 779/783/2 801/805/2 783/787/2
f 788/792/1 802/806/1 784/788/1
f 760/764/2 779/783/2 761/765/2
f 776/780/1 792/796/1 774/778/1
f 802/806/1 822/826/1 804/808/1
f 805/809/2 821/825/2 803/807/2
f 790/794/1 806/810/1 788/792/1
f 787/791/2 803/807/2 785/789/2
f 781/785/2 798/802/2 780/784/2
f 784/788/1 804/808/1 786/790/1
f 791/795/2 811/815/2 793/797/2
f 782/786/2 799/803/2 781/785/2
f 792/796/1 808/812/1 790/794/1
f 783/787/2 800/804/2 782/786/2
f 830/834/1 845/849/1 828/832/1
f 814/818/2 833/837/2 815/819/2
f 829/833/2 848/852/2 831/835/2
f 821/825/2 843/847/2 825/829/2
f 815/819/2 837/841/2 819/823/2
f 801/805/2 818/822/2 800/804/2
f 806/810/1 820/824/1 802/806/1
f 797/801/2 819/823/2 801/805/2
f 796/800/2 815/819/2 797/801/2
f 808/812/1 824/828/1 806/810/1
f 837/841/2 853/857/2 836/840/2
f 845/849/1 861/865/1 844/848/1
f 836/840/2 852/856/2 835/839/2
f 1086/1090/2 864/868/2 846/850/2
f 838/842/1 857/861/1 840/844/1
f 835/839/2 851/855/2 834/838/2
f 841/845/2 856/860/2 839/843/2
f 843/847/2 862/866/2 1086/1090/2
f 823/827/2 839/843/2 821/825/2
f 817/821/2 834/838/2 816/820/2
f 820/824/1 840/844/1 822/826/1
f 829/833/2 1086/1090/2 846/850/2
f 818/822/2 835/839/2 817/821/2
f 828/832/1 844/848/1 826/830/1
f 824/828/1 838/842/1 820/824/1
f 861/865/1 877/881/1 859/863/1
f 865/869/1 881/885/1 863/867/1
f 864/868/2 884/888/2 866/870/2
f 856/860/2 878/882/2 860/864/2
f 850/854/2 872/876/2 854/858/2
f 846/850/2 866/870/2 848/852/2
f 832/836/2 850/854/2 833/837/2
f 847/851/1 863/867/1 845/849/1
f 844/848/1 859/863/1 842/846/1
f 877/881/1 891/895/1 873/877/1
f 872/876/2 889/893/2 871/875/2
f 881/885/1 897/901/1 879/883/1
f 871/875/2 888/892/2 870/874/2
f 873/877/1 893/897/1 875/879/1
f 870/874/2 887/891/2 869/873/2
f 876/880/2 892/896/2 874/878/2
f 860/864/2 880/884/2 862/866/2
f 852/856/2 869/873/2 851/855/2
f 853/857/2 870/874/2 852/856/2
f 863/867/1 879/883/1 861/865/1
f 854/858/2 871/875/2 853/857/2
f 859/863/1 873/877/1 855/859/1
f 897/901/1 913/917/1 895/899/1
f 901/905/1 917/921/1 899/903/1
f 885/889/2 904/908/2 886/890/2
f 900/904/2 920/924/2 902/906/2
f 892/896/2 914/918/2 896/900/2
f 886/890/2 908/912/2 890/894/2
f 868/872/2 890/894/2 872/876/2
f 874/878/2 896/900/2 878/882/2
f 867/871/2 886/890/2 868/872/2
f 883/887/1 899/903/1 881/885/1
f 879/883/1 895/899/1 877/881/1
f 878/882/2 898/902/2 880/884/2
f 913/917/1 927/931/1 909/913/1
f 908/912/2 925/929/2 907/911/2
f 917/921/1 933/937/1 915/919/1
f 907/911/2 924/928/2 906/910/2
f 916/920/2 936/940/2 918/922/2
f 909/913/1 929/933/1 911/915/1
f 906/910/2 923/927/2 905/909/2
f 912/916/2 928/932/2 910/914/2
f 896/900/2 916/920/2 898/902/2
f 894/898/2 910/914/2 892/896/2
f 888/892/2 905/909/2 887/891/2
f 891/895/1 911/915/1 893/897/1
f 898/902/2 918/922/2 900/904/2
f 889/893/2 906/910/2 888/892/2
f 899/903/1 915/919/1 897/901/1
f 890/894/2 907/911/2 889/893/2
f 895/899/1 909/913/1 891/895/1
f 933/937/1 949/953/1 931/935/1
f 937/941/1 953/957/1 935/939/1
f 921/925/2 940/944/2 922/926/2
f 936/940/2 956/960/2 938/942/2
f 928/932/2 950/954/2 932/936/2
f 922/926/2 944/948/2 926/930/2
f 904/908/2 926/930/2 908/912/2
f 910/914/2 932/936/2 914/918/2
f 918/922/2 938/942/2 920/924/2
f 903/907/2 922/926/2 904/908/2
f 919/923/1 935/939/1 917/921/1
f 915/919/1 931/935/1 913/917/1
f 914/918/2 934/938/2 916/920/2
f 940/944/2 962/966/2 944/948/2
f 944/948/2 961/965/2 943/947/2
f 943/947/2 960/964/2 942/946/2
f 942/946/2 959/963/2 941/945/2
f 932/936/2 952/956/2 934/938/2
f 930/934/2 946/950/2 928/932/2
f 924/928/2 941/945/2 923/927/2
f 927/931/1 947/951/1 929/933/1
f 934/938/2 954/958/2 936/940/2
f 925/929/2 942/946/2 924/928/2
f 935/939/1 951/955/1 933/937/1
f 926/930/2 943/947/2 925/929/2
f 931/935/1 945/949/1 927/931/1
f 957/961/2 964/968/2 958/962/2
f 939/943/2 958/962/2 940/944/2
f 964/968/2 974/978/2 968/972/2
f 968/972/2 973/977/2 967/971/2
f 967/971/2 972/976/2 966/970/2
f 966/970/2 971/975/2 965/969/2
f 960/964/2 965/969/2 959/963/2
f 961/965/2 966/970/2 960/964/2
f 962/966/2 967/971/2 961/965/2
f 958/962/2 968/972/2 962/966/2
f 981/985/1 996/1000/1 979/983/1
f 985/989/1 999/1003/1 983/987/1
f 969/973/2 988/992/2 970/974/2
f 984/988/2 1002/1006/2 986/990/2
f 963/967/2 970/974/2 964/968/2
f 994/998/2 1017/1021/2 997/1001/2
f 988/992/2 1005/1009/2 992/996/2
f 996/1000/1 1014/1018/1 993/997/1
f 992/996/2 1004/1008/2 991/995/2
f 999/1003/1 1008/1012/1 998/1002/1
f 991/995/2 1013/1017/2 990/994/2
f 1101/1105/2 1009/1013/2 1000/1004/2
f 993/997/1 1007/1011/1 995/999/1
f 990/994/2 1012/1016/2 989/993/2
f 982/986/2 997/1001/2 1101/1105/2
f 976/980/2 1100/1104/2 994/998/2
f 972/976/2 989/993/2 971/975/2
f 975/979/1 995/999/1 977/981/1
f 984/988/2 1101/1105/2 1000/1004/2
f 973/977/2 990/994/2 972/976/2
f 983/987/1 998/1002/1 981/985/1
f 974/978/2 991/995/2 973/977/2
f 979/983/1 993/997/1 975/979/1
f 970/974/2 992/996/2 974/978/2
f 976/980/2 997/1001/2 980/984/2
f 1000/1004/2 1020/1024/2 1002/1006/2
f 987/991/2 1010/1014/2 988/992/2
f 1001/1005/1 1018/1022/1 999/1003/1
f 998/1002/1 1016/1020/1 996/1000/1
f 997/1001/2 1102/1106/2 1101/1105/2
f 1100/1104/2 1006/1010/2 994/998/2
f 1006/1010/2 1033/1037/2 1017/1021/2
f 1010/1014/2 1027/1031/2 1005/1009/2
f 1016/1020/1 1028/1032/1 1014/1018/1
f 1005/1009/2 1026/1030/2 1004/1008/2
f 1018/1022/1 1034/1038/1 1008/1012/1
f 1004/1008/2 1025/1029/2 1013/1017/2
f 1102/1106/2 1037/1041/2 1009/1013/2
f 1014/1018/1 1030/1034/1 1007/1011/1
f 1013/1017/2 1024/1028/2 1012/1016/2
f 1038/1042/1 1056/1060/1 1036/1040/1
f 1029/1033/2 1053/1057/2 1033/1037/2
f 1022/1026/2 1047/1051/2 1027/1031/2
f 1037/1041/2 1059/1063/2 1039/1043/2
f 1032/1036/1 1048/1052/1 1028/1032/1
f 1027/1031/2 1046/1050/2 1026/1030/2
f 1026/1030/2 1045/1049/2 1025/1029/2
f 1009/1013/2 1039/1043/2 1020/1024/2
f 1003/1007/2 1022/1026/2 1010/1014/2
f 1019/1023/1 1036/1040/1 1018/1022/1
f 1008/1012/1 1032/1036/1 1016/1020/1
f 1098/1102/3 1023/1027/3 1099/1103/3
f 1017/1021/2 1035/1039/2 1102/1106/2
f 1015/1019/2 1029/1033/2 1006/1010/2
f 1021/1025/2 1041/1045/2 1022/1026/2
f 1034/1038/1 1052/1056/1 1032/1036/1
f 1023/1027/4 1042/1046/4 1099/1103/4
f 1033/1037/2 1055/1059/2 1035/1039/2
f 1031/1035/2 1049/1053/2 1029/1033/2
f 1035/1039/2 1057/1061/2 1037/1041/2
f 1025/1029/2 1044/1048/2 1024/1028/2
f 1028/1032/1 1050/1054/1 1030/1034/1
f 1036/1040/1 1054/1058/1 1034/1038/1
f 1060/1064/2 1063/1067/2 1061/1065/2
f 1062/1066/2 1065/1069/2 1063/1067/2
f 1064/1068/2 1067/1071/2 1065/1069/2
f 1068/1072/2 1071/1075/2 1069/1073/2
f 1070/1074/2 1073/1077/2 1071/1075/2
f 1072/1076/2 1075/1079/2 1073/1077/2
f 1074/1078/2 1077/1081/2 1075/1079/2
f 1079/1083/2 1081/1085/2 1078/1082/2
f 1080/1084/2 1082/1086/2 1081/1085/2
f 1087/1091/2 1090/1094/2 1088/1092/2
f 1092/1096/2 1095/1099/2 1093/1097/2
f 1090/1094/2 1097/1101/2 1096/1100/2
f 1085/1089/1 1103/1107/1 1084/1088/1
f 1104/1108/1 1105/1109/1 1103/1107/1
f 532/536/1 550/554/1 552/556/1
f 34/34/2 3/3/2 70/70/2
f 4/4/2 62/62/2 71/71/2
f 62/62/2 61/61/2 75/75/2
f 61/61/2 60/60/2 79/79/2
f 60/60/2 59/59/2 83/83/2
f 59/59/2 58/58/2 87/87/2
f 58/58/2 57/57/2 91/91/2
f 57/57/2 56/56/2 95/95/2
f 56/56/2 55/55/2 99/99/2
f 55/55/2 54/54/2 103/103/2
f 54/54/2 53/53/2 107/107/2
f 53/53/2 52/52/2 111/111/2
f 52/52/2 51/51/2 115/115/2
f 51/51/2 50/50/2 119/119/2
f 50/50/2 49/49/2 123/123/2
f 49/49/2 48/48/2 127/127/2
f 48/48/2 47/47/2 131/131/2
f 47/47/2 46/46/2 135/135/2
f 46/46/2 45/45/2 139/139/2
f 45/45/2 44/44/2 143/143/2
f 44/44/2 43/43/2 147/147/2
f 43/43/2 42/42/2 151/151/2
f 42/42/2 41/41/2 155/155/2
f 41/41/2 40/40/2 159/159/2
f 40/40/2 39/39/2 163/163/2
f 39/39/2 38/38/2 167/167/2
f 38/38/2 37/37/2 171/171/2
f 37/37/2 36/36/2 175/175/2
f 36/36/2 35/35/2 179/179/2
f 35/35/2 34/34/2 183/183/2
f 182/182/2 186/186/2 33/33/2
f 181/181/2 185/185/2 186/186/2
f 180/180/2 184/184/2 185/185/2
f 179/179/2 183/183/2 184/184/2
f 178/178/2 182/182/2 32/32/2
f 177/177/2 181/181/2 182/182/2
f 176/176/2 180/180/2 181/181/2
f 175/175/2 179/179/2 180/180/2
f 174/174/2 178/178/2 31/31/2
f 173/173/2 177/177/2 178/178/2
f 172/172/2 176/176/2 177/177/2
f 171/171/2 175/175/2 176/176/2
f 170/170/2 174/174/2 30/30/2
f 169/169/2 173/173/2 174/174/2
f 168/168/2 172/172/2 173/173/2
f 167/167/2 171/171/2 172/172/2
f 166/166/2 170/170/2 29/29/2
f 165/165/2 169/169/2 170/170/2
f 164/164/2 168/168/2 169/169/2
f 163/163/2 167/167/2 168/168/2
f 162/162/2 166/166/2 28/28/2
f 161/161/2 165/165/2 166/166/2
f 160/160/2 164/164/2 165/165/2
f 159/159/2 163/163/2 164/164/2
f 158/158/2 162/162/2 27/27/2
f 157/157/2 161/161/2 162/162/2
f 156/156/2 160/160/2 161/161/2
f 155/155/2 159/159/2 160/160/2
f 154/154/2 158/158/2 26/26/2
f 153/153/2 157/157/2 158/158/2
f 152/152/2 156/156/2 157/157/2
f 151/151/2 155/155/2 156/156/2
f 150/150/2 154/154/2 25/25/2
f 149/149/2 153/153/2 154/154/2
f 148/148/2 152/152/2 153/153/2
f 147/147/2 151/151/2 152/152/2
f 146/146/2 150/150/2 24/24/2
f 145/145/2 149/149/2 150/150/2
f 144/144/2 148/148/2 149/149/2
f 143/143/2 147/147/2 148/148/2
f 142/142/2 146/146/2 23/23/2
f 141/141/2 145/145/2 146/146/2
f 140/140/2 144/144/2 145/145/2
f 139/139/2 143/143/2 144/144/2
f 138/138/2 142/142/2 22/22/2
f 137/137/2 141/141/2 142/142/2
f 136/136/2 140/140/2 141/141/2
f 135/135/2 139/139/2 140/140/2
f 134/134/2 138/138/2 21/21/2
f 133/133/2 137/137/2 138/138/2
f 132/132/2 136/136/2 137/137/2
f 131/131/2 135/135/2 136/136/2
f 130/130/2 134/134/2 20/20/2
f 129/129/2 133/133/2 134/134/2
f 128/128/2 132/132/2 133/133/2
f 127/127/2 131/131/2 132/132/2
f 126/126/2 130/130/2 19/19/2
f 125/125/2 129/129/2 130/130/2
f 124/124/2 128/128/2 129/129/2
f 123/123/2 127/127/2 128/128/2
f 122/122/2 126/126/2 18/18/2
f 121/121/2 125/125/2 126/126/2
f 120/120/2 124/124/2 125/125/2
f 119/119/2 123/123/2 124/124/2
f 118/118/2 122/122/2 17/17/2
f 117/117/2 121/121/2 122/122/2
f 116/116/2 120/120/2 121/121/2
f 115/115/2 119/119/2 120/120/2
f 114/114/2 118/118/2 16/16/2
f 113/113/2 117/117/2 118/118/2
f 112/112/2 116/116/2 117/117/2
f 111/111/2 115/115/2 116/116/2
f 110/110/2 114/114/2 15/15/2
f 109/109/2 113/113/2 114/114/2
f 108/108/2 112/112/2 113/113/2
f 107/107/2 111/111/2 112/112/2
f 106/106/2 110/110/2 14/14/2
f 105/105/2 109/109/2 110/110/2
f 104/104/2 108/108/2 109/109/2
f 103/103/2 107/107/2 108/108/2
f 102/102/2 106/106/2 13/13/2
f 101/101/2 105/105/2 106/106/2
f 100/100/2 104/104/2 105/105/2
f 99/99/2 103/103/2 104/104/2
f 98/98/2 102/102/2 12/12/2
f 97/97/2 101/101/2 102/102/2
f 96/96/2 100/100/2 101/101/2
f 95/95/2 99/99/2 100/100/2
f 94/94/2 98/98/2 11/11/2
f 93/93/2 97/97/2 98/98/2
f 92/92/2 96/96/2 97/97/2
f 91/91/2 95/95/2 96/96/2
f 90/90/2 94/94/2 10/10/2
f 89/89/2 93/93/2 94/94/2
f 88/88/2 92/92/2 93/93/2
f 87/87/2 91/91/2 92/92/2
f 86/86/2 90/90/2 9/9/2
f 85/85/2 89/89/2 90/90/2
f 84/84/2 88/88/2 89/89/2
f 83/83/2 87/87/2 88/88/2
f 82/82/2 86/86/2 8/8/2
f 81/81/2 85/85/2 86/86/2
f 80/80/2 84/84/2 85/85/2
f 79/79/2 83/83/2 84/84/2
f 78/78/2 82/82/2 7/7/2
f 77/77/2 81/81/2 82/82/2
f 76/76/2 80/80/2 81/81/2
f 75/75/2 79/79/2 80/80/2
f 74/74/2 78/78/2 6/6/2
f 73/73/2 77/77/2 78/78/2
f 72/72/2 76/76/2 77/77/2
f 71/71/2 75/75/2 76/76/2
f 66/66/2 74/74/2 5/5/2
f 65/65/2 73/73/2 74/74/2
f 64/64/2 72/72/2 73/73/2
f 63/63/2 71/71/2 72/72/2
f 186/186/2 67/67/2 1/1/2
f 185/185/2 68/68/2 67/67/2
f 184/184/2 69/69/2 68/68/2
f 183/183/2 70/70/2 69/69/2
f 65/65/2 549/553/2 548/552/2
f 535/539/2 553/557/2 551/555/2
f 64/64/2 548/552/2 547/551/2
f 537/541/2 555/559/2 557/561/2
f 200/200/1 205/205/1 220/220/1
f 192/192/2 235/235/2 240/240/2
f 208/208/1 199/199/1 245/245/1
f 200/200/1 199/199/1 208/208/1
f 203/203/1 204/204/1 202/202/1
f 207/207/1 210/210/1 204/204/1
f 206/206/1 209/209/1 210/210/1
f 205/205/1 208/208/1 209/209/1
f 198/198/2 240/240/2 239/239/2
f 204/204/1 210/210/1 242/242/1
f 194/194/2 215/215/2 216/216/2
f 207/207/1 203/203/1 217/217/1
f 190/190/2 236/236/2 235/235/2
f 196/196/2 187/187/2 188/188/2
f 193/193/2 194/194/2 195/195/2
f 196/196/2 188/188/2 193/193/2
f 192/192/1 198/198/1 197/197/1
f 197/197/2 196/196/2 193/193/2
f 195/195/1 191/191/1 189/189/1
f 197/197/2 193/193/2 195/195/2
f 190/190/1 192/192/1 197/197/1
f 195/195/2 189/189/2 190/190/2
f 216/216/2 228/228/2 223/223/2
f 220/220/1 221/221/1 233/233/1
f 211/211/2 223/223/2 224/224/2
f 195/195/2 216/216/2 211/211/2
f 205/205/1 206/206/1 221/221/1
f 188/188/2 213/213/2 214/214/2
f 203/203/1 201/201/1 218/218/1
f 193/193/2 214/214/2 215/215/2
f 206/206/1 207/207/1 222/222/1
f 191/191/2 211/211/2 212/212/2
f 232/232/1 233/233/1 269/269/1
f 223/223/2 259/259/2 260/260/2
f 213/213/2 225/225/2 226/226/2
f 221/221/1 222/222/1 234/234/1
f 217/217/1 218/218/1 230/230/1
f 214/214/2 226/226/2 227/227/2
f 222/222/1 217/217/1 229/229/1
f 219/219/1 220/220/1 232/232/1
f 215/215/2 227/227/2 228/228/2
f 236/236/2 248/248/2 247/247/2
f 246/246/1 245/245/1 257/257/1
f 240/240/2 252/252/2 251/251/2
f 243/243/1 242/242/1 254/254/1
f 209/209/1 208/208/1 246/246/1
f 196/196/2 238/238/2 237/237/2
f 202/202/1 204/204/1 243/243/1
f 210/210/1 209/209/1 241/241/1
f 197/197/2 239/239/2 238/238/2
f 248/248/2 332/332/2 331/331/2
f 258/258/1 257/257/1 341/341/1
f 252/252/2 336/336/2 335/335/2
f 255/255/1 254/254/1 338/338/1
f 235/235/2 247/247/2 252/252/2
f 241/241/1 246/246/1 258/258/1
f 238/238/2 250/250/2 249/249/2
f 242/242/1 241/241/1 253/253/1
f 239/239/2 251/251/2 250/250/2
f 244/244/1 243/243/1 255/255/1
f 268/268/1 269/269/1 281/281/1
f 259/259/2 271/271/2 272/272/2
f 267/267/1 268/268/1 280/280/1
f 228/228/2 264/264/2 259/259/2
f 225/225/2 261/261/2 262/262/2
f 229/229/1 230/230/1 266/266/1
f 226/226/2 262/262/2 263/263/2
f 234/234/1 229/229/1 265/265/1
f 231/231/1 232/232/1 268/268/1
f 271/271/2 283/283/2 284/284/2
f 279/279/1 280/280/1 292/292/1
f 282/282/1 277/277/1 289/289/1
f 264/264/2 276/276/2 271/271/2
f 261/261/2 273/273/2 274/274/2
f 265/265/1 266/266/1 278/278/1
f 262/262/2 274/274/2 275/275/2
f 270/270/1 265/265/1 277/277/1
f 287/287/2 299/299/2 300/300/2
f 291/291/1 292/292/1 304/304/1
f 294/294/1 289/289/1 301/301/1
f 286/286/2 298/298/2 299/299/2
f 280/280/1 281/281/1 293/293/1
f 276/276/2 288/288/2 283/283/2
f 273/273/2 285/285/2 286/286/2
f 277/277/1 278/278/1 290/290/1
f 274/274/2 286/286/2 287/287/2
f 299/299/2 311/311/2 312/312/2
f 303/303/1 304/304/1 316/316/1
f 306/306/1 301/301/1 313/313/1
f 298/298/2 310/310/2 311/311/2
f 283/283/2 295/295/2 296/296/2
f 292/292/1 293/293/1 305/305/1
f 288/288/2 300/300/2 295/295/2
f 285/285/2 297/297/2 298/298/2
f 293/293/1 294/294/1 306/306/1
f 289/289/1 290/290/1 302/302/1
f 311/311/2 323/323/2 324/324/2
f 315/315/1 316/316/1 328/328/1
f 310/310/2 322/322/2 323/323/2
f 313/313/1 314/314/1 326/326/1
f 295/295/2 307/307/2 308/308/2
f 304/304/1 305/305/1 317/317/1
f 300/300/2 312/312/2 307/307/2
f 297/297/2 309/309/2 310/310/2
f 305/305/1 306/306/1 318/318/1
f 301/301/1 302/302/1 314/314/1
f 323/323/2 359/359/2 360/360/2
f 327/327/1 328/328/1 364/364/1
f 325/325/1 326/326/1 362/362/1
f 307/307/2 319/319/2 320/320/2
f 316/316/1 317/317/1 329/329/1
f 309/309/2 321/321/2 322/322/2
f 317/317/1 318/318/1 330/330/1
f 339/339/1 338/338/1 350/350/1
f 340/340/1 339/339/1 351/351/1
f 335/335/2 347/347/2 346/346/2
f 338/338/1 337/337/1 349/349/1
f 247/247/2 331/331/2 336/336/2
f 253/253/1 258/258/1 342/342/1
f 250/250/2 334/334/2 333/333/2
f 254/254/1 253/253/1 337/337/1
f 251/251/2 335/335/2 334/334/2
f 256/256/1 255/255/1 339/339/1
f 336/336/2 348/348/2 347/347/2
f 342/342/1 341/341/1 353/353/1
f 332/332/2 344/344/2 343/343/2
f 331/331/2 343/343/2 348/348/2
f 337/337/1 342/342/1 354/354/1
f 334/334/2 346/346/2 345/345/2
f 361/361/1 362/362/1 373/373/1
f 365/365/1 366/366/1 376/376/1
f 319/319/2 355/355/2 356/356/2
f 328/328/1 329/329/1 365/365/1
f 321/321/2 357/357/2 358/358/2
f 329/329/1 330/330/1 366/366/1
f 369/369/2 379/379/2 380/380/2
f 372/372/1 373/373/1 383/383/1
f 375/375/1 376/376/1 387/387/1
f 359/359/2 370/370/2 371/371/2
f 355/355/2 367/367/2 368/368/2
f 364/364/1 365/365/1 375/375/1
f 382/382/1 383/383/1 395/395/1
f 386/386/1 387/387/1 399/399/1
f 381/381/2 393/393/2 388/388/2
f 370/370/2 380/380/2 381/381/2
f 367/367/2 377/377/2 378/378/2
f 374/374/1 375/375/1 386/386/1
f 398/398/1 399/399/1 409/409/1
f 390/390/2 401/401/2 402/402/2
f 393/393/2 404/404/2 400/400/2
f 397/397/1 398/398/1 408/408/1
f 379/379/2 391/391/2 392/392/2
f 387/387/1 382/382/1 394/394/1
f 384/384/1 385/385/1 397/397/1
f 380/380/2 392/392/2 393/393/2
f 377/377/2 388/388/2 389/389/2
f 385/385/1 386/386/1 398/398/1
f 401/401/2 412/412/2 413/413/2
f 404/404/2 415/415/2 410/410/2
f 407/407/1 408/408/1 420/420/1
f 391/391/2 402/402/2 403/403/2
f 399/399/1 394/394/1 405/405/1
f 396/396/1 397/397/1 407/407/1
f 392/392/2 403/403/2 404/404/2
f 415/415/2 427/427/2 422/422/2
f 419/419/1 420/420/1 432/432/1
f 410/410/2 422/422/2 423/423/2
f 402/402/2 413/413/2 414/414/2
f 409/409/1 405/405/1 416/416/1
f 406/406/1 407/407/1 419/419/1
f 431/431/1 432/432/1 442/442/1
f 422/422/2 434/434/2 435/435/2
f 412/412/2 424/424/2 425/425/2
f 416/416/1 417/417/1 429/429/1
f 413/413/2 425/425/2 426/426/2
f 421/421/1 416/416/1 428/428/1
f 418/418/1 419/419/1 431/431/1
f 441/441/1 442/442/1 466/468/1
f 428/428/1 429/429/1 440/440/1
f 425/425/2 436/436/2 437/437/2
f 433/433/1 428/428/1 439/439/1
f 447/447/2 462/463/2 459/460/2
f 434/434/2 447/447/2 444/444/2
f 439/439/1 440/440/1 445/445/1
f 438/438/2 446/446/2 447/447/2
f 443/443/1 439/439/1 449/449/1
f 436/436/2 450/450/2 465/466/2
f 450/450/2 452/452/2 467/471/2
f 466/468/1 454/454/1 453/453/1
f 454/454/1 458/459/1 457/458/1
f 452/452/2 469/473/2 471/475/2
f 467/471/2 452/452/2 455/456/2
f 449/449/1 445/445/1 460/461/1
f 448/448/1 449/449/1 464/465/1
f 446/446/2 461/462/2 462/463/2
f 461/462/2 446/446/2 465/467/2
f 463/464/1 454/455/1 466/469/1
f 457/458/1 470/474/1 468/472/1
f 457/458/1 472/476/1 474/478/1
f 471/475/2 475/479/2 473/477/2
f 487/491/2 503/507/2 505/509/2
f 475/479/2 479/483/2 477/481/2
f 486/490/1 502/506/1 500/504/1
f 472/476/1 476/480/1 478/482/1
f 480/484/1 484/488/1 486/490/1
f 472/476/1 480/484/1 482/486/1
f 477/481/2 483/487/2 481/485/2
f 487/491/2 491/495/2 489/493/2
f 490/494/1 504/508/1 502/506/1
f 483/487/2 487/491/2 485/489/2
f 491/495/2 495/499/2 493/497/2
f 484/488/1 488/492/1 490/494/1
f 476/480/1 496/500/1 498/502/1
f 488/492/1 492/496/1 494/498/1
f 477/481/2 497/501/2 501/505/2
f 506/510/1 518/522/1 516/520/1
f 502/506/1 514/518/1 512/516/1
f 494/498/1 506/510/1 504/508/1
f 483/487/2 501/505/2 503/507/2
f 482/486/1 500/504/1 496/500/1
f 491/495/2 505/509/2 507/511/2
f 479/483/2 499/503/2 497/501/2
f 514/518/1 526/530/1 524/528/1
f 516/520/1 528/532/1 526/530/1
f 515/519/2 527/531/2 529/533/2
f 518/522/1 530/534/1 528/532/1
f 500/504/1 512/516/1 508/512/1
f 504/508/1 516/520/1 514/518/1
f 496/500/1 508/512/1 510/514/1
f 524/528/1 536/540/1 532/536/1
f 530/534/1 542/546/1 540/544/1
f 526/530/1 538/542/1 536/540/1
f 527/531/2 539/543/2 541/545/2
f 512/516/1 524/528/1 520/524/1
f 511/515/2 523/527/2 521/525/2
f 513/517/2 525/529/2 527/531/2
f 509/513/2 521/525/2 525/529/2
f 517/521/2 529/533/2 531/535/2
f 508/512/1 520/524/1 522/526/1
f 63/63/2 547/551/2 546/550/2
f 538/542/1 556/560/1 554/558/1
f 542/546/1 560/564/1 558/562/1
f 528/532/1 540/544/1 538/542/1
f 521/525/2 533/537/2 537/541/2
f 520/524/1 532/536/1 534/538/1
f 559/563/2 577/581/2 579/583/2
f 551/555/2 569/573/2 573/577/2
f 545/549/2 563/567/2 567/571/2
f 554/558/1 572/576/1 568/572/1
f 549/553/2 567/571/2 566/570/2
f 558/562/1 576/580/1 574/578/1
f 548/552/2 566/570/2 565/569/2
f 557/561/2 575/579/2 577/581/2
f 539/543/2 557/561/2 559/563/2
f 66/66/2 545/549/2 549/553/2
f 540/544/1 558/562/1 556/560/1
f 536/540/1 554/558/1 550/554/1
f 2/2/2 544/548/2 545/549/2
f 533/537/2 551/555/2 555/559/2
f 541/545/2 559/563/2 561/565/2
f 571/575/2 589/593/2 587/591/2
f 573/577/2 591/595/2 593/597/2
f 574/578/1 592/596/1 590/594/1
f 578/582/1 596/600/1 594/598/1
f 544/548/2 562/566/2 563/567/2
f 560/564/1 578/582/1 576/580/1
f 556/560/1 574/578/1 572/576/1
f 555/559/2 573/577/2 575/579/2
f 553/557/2 571/575/2 569/573/2
f 547/551/2 565/569/2 564/568/2
f 550/554/1 568/572/1 570/574/1
f 595/599/2 613/617/2 615/619/2
f 587/591/2 605/609/2 609/613/2
f 581/585/2 599/603/2 603/607/2
f 590/594/1 608/612/1 604/608/1
f 585/589/2 603/607/2 602/606/2
f 594/598/1 612/616/1 610/614/1
f 565/569/2 583/587/2 582/586/2
f 568/572/1 586/590/1 588/592/1
f 575/579/2 593/597/2 595/599/2
f 566/570/2 584/588/2 583/587/2
f 576/580/1 594/598/1 592/596/1
f 567/571/2 585/589/2 584/588/2
f 572/576/1 590/594/1 586/590/1
f 563/567/2 581/585/2 585/589/2
f 569/573/2 587/591/2 591/595/2
f 577/581/2 595/599/2 597/601/2
f 562/566/2 580/584/2 581/585/2
f 607/611/2 625/629/2 623/627/2
f 609/613/2 627/631/2 629/633/2
f 610/614/1 628/632/1 626/630/1
f 614/618/1 632/636/1 630/634/1
f 580/584/2 598/602/2 599/603/2
f 596/600/1 614/618/1 612/616/1
f 592/596/1 610/614/1 608/612/1
f 591/595/2 609/613/2 611/615/2
f 589/593/2 607/611/2 605/609/2
f 583/587/2 601/605/2 600/604/2
f 586/590/1 604/608/1 606/610/1
f 593/597/2 611/615/2 613/617/2
f 616/620/2 634/638/2 635/639/2
f 631/635/2 649/653/2 651/655/2
f 623/627/2 641/645/2 645/649/2
f 617/621/2 635/639/2 639/643/2
f 626/630/1 644/648/1 640/644/1
f 621/625/2 639/643/2 638/642/2
f 630/634/1 648/652/1 646/650/1
f 604/608/1 622/626/1 624/628/1
f 611/615/2 629/633/2 631/635/2
f 612/616/1 630/634/1 628/632/1
f 603/607/2 621/625/2 620/624/2
f 608/612/1 626/630/1 622/626/1
f 599/603/2 617/621/2 621/625/2
f 605/609/2 623/627/2 627/631/2
f 613/617/2 631/635/2 633/637/2
f 598/602/2 616/620/2 617/621/2
f 637/641/2 655/659/2 654/658/2
f 643/647/2 661/665/2 659/663/2
f 645/649/2 663/667/2 665/669/2
f 646/650/1 664/668/1 662/666/1
f 632/636/1 650/654/1 648/652/1
f 628/632/1 646/650/1 644/648/1
f 627/631/2 645/649/2 647/651/2
f 625/629/2 643/647/2 641/645/2
f 619/623/2 637/641/2 636/640/2
f 622/626/1 640/644/1 642/646/1
f 629/633/2 647/651/2 649/653/2
f 652/656/2 670/674/2 671/675/2
f 667/671/2 685/689/2 687/691/2
f 659/663/2 677/681/2 681/685/2
f 653/657/2 671/675/2 675/679/2
f 662/666/1 680/684/1 676/680/1
f 657/661/2 675/679/2 674/678/2
f 666/670/1 684/688/1 682/686/1
f 640/644/1 658/662/1 660/664/1
f 647/651/2 665/669/2 667/671/2
f 638/642/2 656/660/2 655/659/2
f 648/652/1 666/670/1 664/668/1
f 639/643/2 657/661/2 656/660/2
f 644/648/1 662/666/1 658/662/1
f 635/639/2 653/657/2 657/661/2
f 641/645/2 659/663/2 663/667/2
f 649/653/2 667/671/2 669/673/2
f 634/638/2 652/656/2 653/657/2
f 650/654/1 668/672/1 666/670/1
f 676/680/1 694/698/1 696/700/1
f 673/677/2 691/695/2 690/694/2
f 679/683/2 697/701/2 695/699/2
f 681/685/2 699/703/2 701/705/2
f 682/686/1 700/704/1 698/702/1
f 668/672/1 686/690/1 684/688/1
f 664/668/1 682/686/1 680/684/1
f 663/667/2 681/685/2 683/687/2
f 661/665/2 679/683/2 677/681/2
f 655/659/2 673/677/2 672/676/2
f 658/662/1 676/680/1 678/682/1
f 665/669/2 683/687/2 685/689/2
f 656/660/2 674/678/2 673/677/2
f 688/692/2 706/710/2 707/711/2
f 703/707/2 721/725/2 723/727/2
f 695/699/2 713/717/2 717/721/2
f 689/693/2 707/711/2 711/715/2
f 698/702/1 716/720/1 712/716/1
f 693/697/2 711/715/2 710/714/2
f 702/706/1 720/724/1 718/722/1
f 683/687/2 701/705/2 703/707/2
f 674/678/2 692/696/2 691/695/2
f 684/688/1 702/706/1 700/704/1
f 675/679/2 693/697/2 692/696/2
f 680/684/1 698/702/1 694/698/1
f 671/675/2 689/693/2 693/697/2
f 677/681/2 695/699/2 699/703/2
f 685/689/2 703/707/2 705/709/2
f 670/674/2 688/692/2 689/693/2
f 686/690/1 704/708/1 702/706/1
f 719/723/2 739/743/2 741/745/2
f 712/716/1 736/740/1 738/742/1
f 709/713/2 724/728/2 734/738/2
f 715/719/2 726/730/2 737/741/2
f 717/721/2 728/732/2 739/743/2
f 704/708/1 722/726/1 720/724/1
f 700/704/1 718/722/1 716/720/1
f 699/703/2 717/721/2 719/723/2
f 697/701/2 715/719/2 713/717/2
f 691/695/2 709/713/2 708/712/2
f 694/698/1 712/716/1 714/718/1
f 701/705/2 719/723/2 721/725/2
f 692/696/2 710/714/2 709/713/2
f 710/714/2 735/739/2 724/728/2
f 720/724/1 740/744/1 729/733/1
f 711/715/2 725/729/2 735/739/2
f 716/720/1 727/731/1 736/740/1
f 707/711/2 733/737/2 725/729/2
f 713/717/2 737/741/2 728/732/2
f 721/725/2 741/745/2 731/735/2
f 706/710/2 732/736/2 733/737/2
f 722/726/1 730/734/1 740/744/1
f 718/722/1 729/733/1 727/731/1
f 735/739/2 746/750/2 745/749/2
f 739/743/2 755/759/2 757/761/2
f 724/728/2 745/749/2 744/748/2
f 728/732/2 753/757/2 755/759/2
f 758/762/1 776/780/1 774/778/1
f 742/746/2 760/764/2 761/765/2
f 757/761/2 775/779/2 777/781/2
f 747/751/2 765/769/2 764/768/2
f 740/744/1 756/760/1 754/758/1
f 725/729/2 747/751/2 746/750/2
f 727/731/1 752/756/1 748/752/1
f 733/737/2 743/747/2 747/751/2
f 737/741/2 749/753/2 753/757/2
f 741/745/2 757/761/2 759/763/2
f 730/734/1 758/762/1 756/760/1
f 729/733/1 754/758/1 752/756/1
f 774/778/1 792/796/1 790/794/1
f 764/768/2 782/786/2 781/785/2
f 773/777/2 791/795/2 793/797/2
f 766/770/1 784/788/1 786/790/1
f 763/767/2 781/785/2 780/784/2
f 769/773/2 787/791/2 785/789/2
f 754/758/1 772/776/1 770/774/1
f 753/757/2 771/775/2 773/777/2
f 751/755/2 769/773/2 767/771/2
f 745/749/2 763/767/2 762/766/2
f 748/752/1 766/770/1 768/772/1
f 755/759/2 773/777/2 775/779/2
f 746/750/2 764/768/2 763/767/2
f 756/760/1 774/778/1 772/776/1
f 794/798/1 812/816/1 810/814/1
f 778/782/2 796/800/2 797/801/2
f 793/797/2 811/815/2 813/817/2
f 785/789/2 803/807/2 807/811/2
f 779/783/2 797/801/2 801/805/2
f 788/792/1 806/810/1 802/806/1
f 760/764/2 778/782/2 779/783/2
f 776/780/1 794/798/1 792/796/1
f 802/806/1 820/824/1 822/826/1
f 805/809/2 823/827/2 821/825/2
f 790/794/1 808/812/1 806/810/1
f 787/791/2 805/809/2 803/807/2
f 781/785/2 799/803/2 798/802/2
f 784/788/1 802/806/1 804/808/1
f 791/795/2 809/813/2 811/815/2
f 782/786/2 800/804/2 799/803/2
f 792/796/1 810/814/1 808/812/1
f 783/787/2 801/805/2 800/804/2
f 830/834/1 847/851/1 845/849/1
f 814/818/2 832/836/2 833/837/2
f 829/833/2 846/850/2 848/852/2
f 821/825/2 839/843/2 843/847/2
f 815/819/2 833/837/2 837/841/2
f 801/805/2 819/823/2 818/822/2
f 806/810/1 824/828/1 820/824/1
f 797/801/2 815/819/2 819/823/2
f 796/800/2 814/818/2 815/819/2
f 808/812/1 826/830/1 824/828/1
f 837/841/2 854/858/2 853/857/2
f 845/849/1 863/867/1 861/865/1
f 836/840/2 853/857/2 852/856/2
f 1086/1090/2 862/866/2 864/868/2
f 838/842/1 855/859/1 857/861/1
f 835/839/2 852/856/2 851/855/2
f 841/845/2 858/862/2 856/860/2
f 843/847/2 860/864/2 862/866/2
f 823/827/2 841/845/2 839/843/2
f 817/821/2 835/839/2 834/838/2
f 820/824/1 838/842/1 840/844/1
f 829/833/2 827/831/2 1086/1090/2
f 818/822/2 836/840/2 835/839/2
f 828/832/1 845/849/1 844/848/1
f 824/828/1 842/846/1 838/842/1
f 861/865/1 879/883/1 877/881/1
f 865/869/1 883/887/1 881/885/1
f 864/868/2 882/886/2 884/888/2
f 856/860/2 874/878/2 878/882/2
f 850/854/2 868/872/2 872/876/2
f 846/850/2 864/868/2 866/870/2
f 832/836/2 849/853/2 850/854/2
f 847/851/1 865/869/1 863/867/1
f 844/848/1 861/865/1 859/863/1
f 877/881/1 895/899/1 891/895/1
f 872/876/2 890/894/2 889/893/2
f 881/885/1 899/903/1 897/901/1
f 871/875/2 889/893/2 888/892/2
f 873/877/1 891/895/1 893/897/1
f 870/874/2 888/892/2 887/891/2
f 876/880/2 894/898/2 892/896/2
f 860/864/2 878/882/2 880/884/2
f 852/856/2 870/874/2 869/873/2
f 853/857/2 871/875/2 870/874/2
f 863/867/1 881/885/1 879/883/1
f 854/858/2 872/876/2 871/875/2
f 859/863/1 877/881/1 873/877/1
f 897/901/1 915/919/1 913/917/1
f 901/905/1 919/923/1 917/921/1
f 885/889/2 903/907/2 904/908/2
f 900/904/2 918/922/2 920/924/2
f 892/896/2 910/914/2 914/918/2
f 886/890/2 904/908/2 908/912/2
f 868/872/2 886/890/2 890/894/2
f 874/878/2 892/896/2 896/900/2
f 867/871/2 885/889/2 886/890/2
f 883/887/1 901/905/1 899/903/1
f 879/883/1 897/901/1 895/899/1
f 878/882/2 896/900/2 898/902/2
f 913/917/1 931/935/1 927/931/1
f 908/912/2 926/930/2 925/929/2
f 917/921/1 935/939/1 933/937/1
f 907/911/2 925/929/2 924/928/2
f 916/920/2 934/938/2 936/940/2
f 909/913/1 927/931/1 929/933/1
f 906/910/2 924/928/2 923/927/2
f 912/916/2 930/934/2 928/932/2
f 896/900/2 914/918/2 916/920/2
f 894/898/2 912/916/2 910/914/2
f 888/892/2 906/910/2 905/909/2
f 891/895/1 909/913/1 911/915/1
f 898/902/2 916/920/2 918/922/2
f 889/893/2 907/911/2 906/910/2
f 899/903/1 917/921/1 915/919/1
f 890/894/2 908/912/2 907/911/2
f 895/899/1 913/917/1 909/913/1
f 933/937/1 951/955/1 949/953/1
f 937/941/1 955/959/1 953/957/1
f 921/925/2 939/943/2 940/944/2
f 936/940/2 954/958/2 956/960/2
f 928/932/2 946/950/2 950/954/2
f 922/926/2 940/944/2 944/948/2
f 904/908/2 922/926/2 926/930/2
f 910/914/2 928/932/2 932/936/2
f 918/922/2 936/940/2 938/942/2
f 903/907/2 921/925/2 922/926/2
f 919/923/1 937/941/1 935/939/1
f 915/919/1 933/937/1 931/935/1
f 914/918/2 932/936/2 934/938/2
f 940/944/2 958/962/2 962/966/2
f 944/948/2 962/966/2 961/965/2
f 943/947/2 961/965/2 960/964/2
f 942/946/2 960/964/2 959/963/2
f 932/936/2 950/954/2 952/956/2
f 930/934/2 948/952/2 946/950/2
f 924/928/2 942/946/2 941/945/2
f 927/931/1 945/949/1 947/951/1
f 934/938/2 952/956/2 954/958/2
f 925/929/2 943/947/2 942/946/2
f 935/939/1 953/957/1 951/955/1
f 926/930/2 944/948/2 943/947/2
f 931/935/1 949/953/1 945/949/1
f 957/961/2 963/967/2 964/968/2
f 939/943/2 957/961/2 958/962/2
f 964/968/2 970/974/2 974/978/2
f 968/972/2 974/978/2 973/977/2
f 967/971/2 973/977/2 972/976/2
f 966/970/2 972/976/2 971/975/2
f 960/964/2 966/970/2 965/969/2
f 961/965/2 967/971/2 966/970/2
f 962/966/2 968/972/2 967/971/2
f 958/962/2 964/968/2 968/972/2
f 981/985/1 998/1002/1 996/1000/1
f 985/989/1 1001/1005/1 999/1003/1
f 969/973/2 987/991/2 988/992/2
f 984/988/2 1000/1004/2 1002/1006/2
f 963/967/2 969/973/2 970/974/2
f 994/998/2 1006/1010/2 1017/1021/2
f 988/992/2 1010/1014/2 1005/1009/2
f 996/1000/1 1016/1020/1 1014/1018/1
f 992/996/2 1005/1009/2 1004/1008/2
f 999/1003/1 1018/1022/1 1008/1012/1
f 991/995/2 1004/1008/2 1013/1017/2
f 1101/1105/2 1102/1106/2 1009/1013/2
f 993/997/1 1014/1018/1 1007/1011/1
f 990/994/2 1013/1017/2 1012/1016/2
f 982/986/2 980/984/2 997/1001/2
f 976/980/2 978/982/2 1100/1104/2
f 972/976/2 990/994/2 989/993/2
f 975/979/1 993/997/1 995/999/1
f 984/988/2 982/986/2 1101/1105/2
f 973/977/2 991/995/2 990/994/2
f 983/987/1 999/1003/1 998/1002/1
f 974/978/2 992/996/2 991/995/2
f 979/983/1 996/1000/1 993/997/1
f 970/974/2 988/992/2 992/996/2
f 976/980/2 994/998/2 997/1001/2
f 1000/1004/2 1009/1013/2 1020/1024/2
f 987/991/2 1003/1007/2 1010/1014/2
f 1001/1005/1 1019/1023/1 1018/1022/1
f 998/1002/1 1008/1012/1 1016/1020/1
f 997/1001/2 1017/1021/2 1102/1106/2
f 1100/1104/2 1015/1019/2 1006/1010/2
f 1006/1010/2 1029/1033/2 1033/1037/2
f 1010/1014/2 1022/1026/2 1027/1031/2
f 1016/1020/1 1032/1036/1 1028/1032/1
f 1005/1009/2 1027/1031/2 1026/1030/2
f 1018/1022/1 1036/1040/1 1034/1038/1
f 1004/1008/2 1026/1030/2 1025/1029/2
f 1102/1106/2 1035/1039/2 1037/1041/2
f 1014/1018/1 1028/1032/1 1030/1034/1
f 1013/1017/2 1025/1029/2 1024/1028/2
f 1038/1042/1 1058/1062/1 1056/1060/1
f 1029/1033/2 1049/1053/2 1053/1057/2
f 1022/1026/2 1041/1045/2 1047/1051/2
f 1037/1041/2 1057/1061/2 1059/1063/2
f 1032/1036/1 1052/1056/1 1048/1052/1
f 1027/1031/2 1047/1051/2 1046/1050/2
f 1026/1030/2 1046/1050/2 1045/1049/2
f 1009/1013/2 1037/1041/2 1039/1043/2
f 1003/1007/2 1021/1025/2 1022/1026/2
f 1019/1023/1 1038/1042/1 1036/1040/1
f 1008/1012/1 1034/1038/1 1032/1036/1
f 1098/1102/3 1011/1015/3 1023/1027/3
f 1017/1021/2 1033/1037/2 1035/1039/2
f 1015/1019/2 1031/1035/2 1029/1033/2
f 1021/1025/2 1040/1044/2 1041/1045/2
f 1034/1038/1 1054/1058/1 1052/1056/1
f 1023/1027/1 1043/1047/1 1042/1046/1
f 1033/1037/2 1053/1057/2 1055/1059/2
f 1031/1035/2 1051/1055/2 1049/1053/2
f 1035/1039/2 1055/1059/2 1057/1061/2
f 1025/1029/2 1045/1049/2 1044/1048/2
f 1028/1032/1 1048/1052/1 1050/1054/1
f 1036/1040/1 1056/1060/1 1054/1058/1
f 1060/1064/2 1062/1066/2 1063/1067/2
f 1062/1066/2 1064/1068/2 1065/1069/2
f 1064/1068/2 1066/1070/2 1067/1071/2
f 1068/1072/2 1070/1074/2 1071/1075/2
f 1070/1074/2 1072/1076/2 1073/1077/2
f 1072/1076/2 1074/1078/2 1075/1079/2
f 1074/1078/2 1076/1080/2 1077/1081/2
f 1079/1083/2 1080/1084/2 1081/1085/2
f 1080/1084/2 1083/1087/2 1082/1086/2
f 1087/1091/2 1089/1093/2 1090/1094/2
f 1092/1096/2 1094/1098/2 1095/1099/2
f 1090/1094/2 1091/1095/2 1097/1101/2
f 1085/1089/1 1104/1108/1 1103/1107/1
f 1104/1108/1 1106/1110/1 1105/1109/1
g INSTAKILL_Mesh
v -2.500000 0.000000 30.000000
v -2.500000 1.000000 30.000000
v 2.500000 0.000000 30.000000
v 2.500000 1.000000 30.000000
v -2.500000 1.000000 26.000000
v -2.500000 1.000000 25.000000
v 2.500000 1.000000 25.000000
v 2.500000 1.000000 26.000000
v -1.500000 0.000000 30.000000
v -0.500000 0.000000 30.000000
v 0.500000 0.000000 30.000000
v 1.500000 0.000000 30.000000
v 1.500000 1.000000 30.000000
v 0.500000 1.000000 30.000000
v -0.500000 1.000000 30.000000
v -1.500000 1.000000 30.000000
v -0.500000 1.000000 6.000001
v 0.500000 1.000000 6.000001
v -0.500000 1.000000 7.000000
v 0.500000 1.000000 7.000000
v -1.500000 1.000000 25.000000
v -0.500000 1.000000 25.000000
v 0.500000 1.000000 25.000000
v 1.500000 1.000000 25.000000
v -1.500000 1.000000 26.000000
v -0.500000 1.000000 26.000000
v 0.500000 1.000000 26.000000
v 1.500000 1.000000 26.000000
v -2.500000 2.000000 26.000000
v -2.500000 2.000000 25.000000
v 2.500000 2.000000 25.000000
v 2.500000 2.000000 26.000000
v 1.500000 2.000000 25.000000
v 1.500000 2.000000 26.000000
v -1.500000 2.000000 25.000000
v -0.500000 2.000000 25.000000
v 0.500000 2.000000 25.000000
v -1.500000 2.000000 26.000000
v -0.500000 2.000000 26.000000
v 0.500000 2.000000 26.000000
v -2.500000 3.000000 26.000000
v -2.500000 3.000000 25.000000
v 2.500000 3.000000 25.000000
v 2.500000 3.000000 26.000000
v 1.500000 3.000000 25.000000
v 1.500000 3.000000 26.000000
v -1.500000 3.000000 25.000000
v -0.500000 3.000000 25.000000
v 0.500000 3.000000 25.000000
v -1.500000 3.000000 26.000000
v -0.500000 3.000000 26.000000
v 0.500000 3.000000 26.000000
v -2.500000 4.000000 26.000000
v -2.500000 4.000000 25.000000
v 2.500000 4.000000 25.000000
v 2.500000 4.000000 26.000000
v 1.500000 4.000000 25.000000
v 1.500000 4.000000 26.000000
v -1.500000 4.000000 25.000000
v -0.500000 4.000000 25.000000
v 0.500000 4.000000 25.000000
v -1.500000 4.000000 26.000000
v -0.500000 4.000000 26.000000
v 0.500000 4.000000 26.000000
v -2.500000 5.000000 26.000000
v -2.500000 5.000000 25.000000
v 2.500000 5.000000 25.000000
v 2.500000 5.000000 26.000000
v 1.500000 5.000000 25.000000
v 1.500000 5.000000 26.000000
v -1.500000 5.000000 25.000000
v -0.500000 5.000000 25.000000
v 0.500000 5.000000 25.000000
v -1.500000 5.000000 26.000000
v -0.500000 5.000000 26.000000
v 0.500000 5.000000 26.000000
v -2.500000 6.000000 26.000000
v -2.500000 6.000000 25.000000
v 2.500000 6.000000 25.000000
v 2.500000 6.000000 26.000000
v 1.500000 6.000000 25.000000
v 1.500000 6.000000 26.000000
v -1.500000 6.000000 25.000000
v -0.500000 6.000000 25.000000
v 0.500000 6.000000 25.000000
v -1.500000 6.000000 26.000000
v -0.500000 6.000000 26.000000
v 0.500000 6.000000 26.000000
v -2.500000 7.000000 26.000000
v -2.500000 7.000000 25.000000
v 2.500000 7.000000 25.000000
v 2.500000 7.000000 26.000000
v 1.500000 7.000000 25.000000
v 1.500000 7.000000 26.000000
v -1.500000 7.000000 25.000000
v -0.500000 7.000000 25.000000
v 0.500000 7.000000 25.000000
v -1.500000 7.000000 26.000000
v -0.500000 7.000000 26.000000
v 0.500000 7.000000 26.000000
v -0.500000 10.000000 23.000000
v 0.500000 10.000000 23.000000
v -0.500000 11.000000 23.000000
v 0.500000 11.000000 23.000000
v -0.500001 10.000000 20.000000
v 0.499999 10.000000 20.000000
v -0.500001 11.000000 20.000000
v 0.499999 11.000000 20.000000
v 1.499999 10.000000 18.000000
v 0.499999 10.000000 18.000000
v 1.499999 11.000000 18.000000
v 0.499999 11.000000 18.000000
v -1.500001 10.000000 17.000000
v -0.500002 10.000000 17.000000
v 1.500001 10.000000 30.000000
v 2.500001 10.000000 30.000000
v -2.500000 10.000000 30.000000
v -1.500000 10.000000 30.000000
v -0.499999 10.000000 30.000000
v 0.500001 10.000000 30.000000
v -0.499999 11.000000 30.000000
v 0.500001 11.000000 30.000000
v 1.500001 11.000000 30.000000
v 2.500001 11.000000 30.000000
v -2.500000 11.000000 30.000000
v -1.500000 11.000000 30.000000
v -2.500003 10.000000 16.000000
v -1.500001 10.000000 16.000000
v -0.500002 10.000000 16.000000
v -2.500003 11.000000 16.000000
v -1.500001 11.000000 16.000000
v -1.500002 10.000000 15.000001
v -0.500002 10.000000 15.000001
v 1.499998 10.000000 14.000000
v -2.500003 10.000000 14.000001
v -1.500002 10.000000 14.000001
v 0.499998 10.000000 14.000001
v 1.499998 11.000000 14.000000
v -2.500003 11.000000 14.000001
v -1.500002 11.000000 14.000001
v 0.499998 11.000000 14.000001
v 1.499998 10.000000 13.000000
v 2.499998 10.000000 13.000000
v -2.500004 10.000000 13.000001
v -1.500002 10.000000 13.000001
v 1.499998 11.000000 13.000000
v 2.499998 11.000000 13.000000
v -0.500002 10.000000 12.000001
v 0.499998 10.000000 12.000001
v -0.500002 11.000000 12.000001
v 0.499998 11.000000 12.000001
v 1.499998 10.000000 11.000000
v 2.499998 10.000000 11.000000
v 1.499998 11.000000 11.000000
v 2.499998 11.000000 11.000000
v 1.499998 10.000000 10.000000
v -2.500005 10.000000 10.000001
v -1.500002 10.000000 10.000001
v 0.499997 10.000000 10.000001
v -2.500005 11.000000 10.000001
v -1.500002 11.000000 10.000001
v 1.499998 10.000000 9.000000
v -0.500002 9.000000 16.000000
v 0.499997 10.000000 9.000001
v -1.500002 9.000000 15.000001
v -0.500002 9.000000 15.000001
v -1.500001 8.000000 16.000000
v -0.500002 8.000000 16.000000
v -1.500002 8.000000 15.000001
v -0.500002 8.000000 15.000001
v -1.500001 7.000000 16.000000
v -0.500002 7.000000 16.000000
v -1.500002 7.000000 15.000001
v -0.500002 7.000000 15.000001
v -1.500001 9.000000 17.000000
v -0.500002 9.000000 17.000000
v -1.500001 9.000000 16.000000
v 0.499997 9.000000 10.000001
v 1.499998 9.000000 10.000000
v 0.499997 9.000000 9.000001
v 1.499998 9.000000 9.000000
v 0.499997 8.000000 10.000001
v 1.499998 8.000000 10.000000
v 0.499997 8.000000 9.000001
v 1.499998 8.000000 9.000000
v -2.500003 9.000000 14.000001
v -1.500002 9.000000 14.000001
v -2.500004 9.000000 13.000001
v -1.500002 9.000000 13.000001
v -2.500003 8.000000 14.000001
v -1.500002 8.000000 14.000001
v -2.500004 8.000000 13.000001
v -1.500002 8.000000 13.000001
v -2.500003 7.000000 14.000001
v -1.500002 7.000000 14.000001
v -2.500004 7.000000 13.000001
v -1.500002 7.000000 13.000001
v -2.500003 6.000000 14.000001
v -1.500002 6.000000 14.000001
v -2.500004 6.000000 13.000001
v -1.500002 6.000000 13.000001
v -2.500003 5.000000 14.000001
v -1.500002 5.000000 14.000001
v -2.500004 5.000000 13.000001
v -1.500002 5.000000 13.000001
v 0.499996 10.000000 8.000001
v 0.499996 11.000000 8.000001
v -1.500002 10.000000 7.000000
v -1.500002 11.000000 7.000000
v -0.500003 11.000000 7.000000
v -1.500002 10.000000 6.000001
v -0.500003 10.000000 6.000001
v -1.500002 11.000000 6.000001
v -0.500003 11.000000 6.000001
v 2.499998 10.000000 7.000000
v 2.499998 11.000000 7.000000
v 0.499995 10.000000 7.000000
v 1.499996 10.000000 7.000000
v 0.499995 11.000000 7.000000
v 1.499996 11.000000 7.000000
v -0.500004 10.000000 8.000002
v -0.500004 11.000000 8.000002
v -0.500005 10.000000 7.000001
v -2.500002 11.000000 7.000000
v -2.500002 10.000000 7.000000
v -1.500002 11.000000 5.000001
v -1.500002 10.000000 5.000001
v -0.500002 11.000000 5.000001
v -0.500002 10.000000 5.000001
v 0.499998 11.000000 5.000001
v 0.499998 10.000000 5.000001
v 1.499998 11.000000 5.000001
v 1.499998 10.000000 5.000001
v 2.499998 11.000000 5.000001
v 2.499998 10.000000 5.000001
v -1.500002 10.000000 3.000001
v -2.500002 10.000000 3.000001
v -0.500002 10.000000 3.000001
v 0.499998 10.000000 3.000001
v 1.499998 10.000000 3.000001
v 2.499998 10.000000 3.000001
v -1.500002 10.000000 2.000001
v -2.500002 10.000000 2.000001
v -0.500002 10.000000 2.000001
v 0.499998 10.000000 2.000001
v 1.499998 10.000000 2.000001
v 2.499998 10.000000 2.000001
v -1.500002 10.000000 1.000001
v -2.500002 10.000000 1.000001
v -0.500002 10.000000 1.000001
v 0.499998 10.000000 1.000001
v 1.499998 10.000000 1.000001
v 2.499998 10.000000 1.000001
v -1.500002 10.000000 0.000001
v -2.500002 10.000000 0.000001
v -0.500002 10.000000 0.000001
v 0.499998 10.000000 0.000001
v 1.499998 10.000000 0.000001
v 2.499998 10.000000 0.000001
v 0.499998 9.000000 3.000001
v 0.499998 9.000000 2.000001
v 2.499998 9.000000 2.000001
v 2.499998 9.000000 3.000001
v 1.499998 9.000000 3.000001
v 1.499998 9.000000 2.000001
v -2.500002 9.000000 3.000001
v -1.500002 9.000000 3.000001
v -2.500002 9.000000 2.000001
v -1.500002 9.000000 2.000001
v -0.500002 9.000000 3.000001
v -0.500002 9.000000 2.000001
v 0.499998 8.000000 3.000001
v 0.499998 8.000000 2.000001
v 1.499998 8.000000 3.000001
v 1.499998 8.000000 2.000001
v -0.500002 8.000000 3.000001
v -1.500002 8.000000 3.000001
v -0.500002 8.000000 2.000001
v -1.500002 8.000000 2.000001
v 0.499998 7.000000 3.000001
v 0.499998 7.000000 2.000001
v -0.500002 7.000000 3.000001
v -0.500002 7.000000 2.000001
v 0.499998 9.000000 1.000001
v -0.500002 9.000000 1.000001
v 0.499998 9.000000 0.000001
v -0.500002 9.000000 0.000001
v 1.499998 9.000000 0.000001
v 1.499998 9.000000 1.000001
v 2.499998 9.000000 1.000001
v 2.499998 9.000000 0.000001
v 1.499998 8.000000 0.000001
v 1.499998 8.000000 1.000001
v 2.499998 8.000000 1.000001
v 2.499998 8.000000 0.000001
v -2.500002 9.000000 0.000001
v -2.500002 9.000000 1.000001
v -1.500002 9.000000 1.000001
v -1.500002 9.000000 0.000001
v -2.500002 8.000000 0.000001
v -2.500002 8.000000 1.000001
v -1.500002 8.000000 1.000001
v -1.500002 8.000000 0.000001
v -2.500000 1.000000 -1.000000
v 1.500000 1.000000 -1.000000
v 2.500000 1.000000 -1.000000
v -1.500000 1.000000 -1.000000
v 0.500000 1.000000 -1.000000
v -2.500000 1.000000 -2.000002
v 1.500000 1.000000 -2.000002
v 2.500000 1.000000 -2.000002
v -1.500000 1.000000 -2.000002
v 1.500000 1.000000 -5.000004
v 2.500000 1.000000 -5.000004
v -0.500000 1.000000 -5.000004
v 0.500000 1.000000 -5.000004
v 2.500000 1.000000 -6.000006
v -0.500000 1.000000 -6.000006
v 0.500000 1.000000 -6.000006
v -2.500000 1.000000 -11.000010
v -0.500000 1.000000 -11.000010
v -2.500002 10.000000 -11.000008
v -2.500000 0.000000 -11.000010
v -1.500000 0.000000 -11.000010
v 0.500000 1.000000 -11.000010
v -1.500002 11.000000 -11.000008
v -1.500002 10.000000 -11.000008
v -2.500002 11.000000 -11.000008
v -2.500000 1.000000 -12.000010
v -2.500000 0.000000 -12.000010
v -1.500000 0.000000 -12.000010
v -0.500000 0.000000 -12.000010
v -1.500000 1.000000 -12.000010
v -0.500000 1.000000 -12.000010
v 0.500000 1.000000 -12.000010
v -1.500002 11.000000 -12.000008
v -1.500002 10.000000 -12.000008
v -2.500002 11.000000 -12.000008
v -2.500002 10.000000 -12.000008
v -0.500002 11.000000 -12.000008
v -0.500002 10.000000 -12.000008
v 0.500000 0.000000 -13.000011
v -0.500000 0.000000 -13.000011
v -0.500000 1.000000 -13.000011
v 0.500000 1.000000 -13.000011
v -0.500002 11.000000 -13.000010
v -0.500002 10.000000 -13.000010
v 0.499998 11.000000 -13.000010
v 0.499998 10.000000 -13.000010
v 1.499998 10.000000 -13.000010
v 2.499998 10.000000 -13.000010
v -2.500000 1.000000 -14.000011
v -1.500000 0.000000 -14.000011
v 1.500000 1.000000 -14.000011
v 2.500000 1.000000 -14.000011
v 0.500000 0.000000 -14.000011
v -0.500000 0.000000 -14.000011
v -1.500000 1.000000 -14.000011
v -0.500000 1.000000 -14.000011
v 0.500000 1.000000 -14.000011
v -1.500002 11.000000 -14.000010
v -1.500002 10.000000 -14.000010
v -0.500002 11.000000 -14.000010
v -0.500002 10.000000 -14.000010
v 0.499998 11.000000 -14.000010
v 0.499998 10.000000 -14.000010
v 1.499998 10.000000 -14.000010
v 2.499998 10.000000 -14.000010
v -2.500000 1.000000 -15.000011
v 1.500000 1.000000 -15.000011
v 2.500000 1.000000 -15.000011
v 2.500000 0.000000 -15.000011
v 1.500000 0.000000 -15.000011
v 0.500000 0.000000 -15.000011
v -1.500000 1.000000 -15.000011
v 0.500000 1.000000 -15.000011
v -1.500002 10.000000 -15.000011
v -0.500002 10.000000 -15.000011
v 0.499998 11.000000 -15.000011
v 0.499998 10.000000 -15.000011
v 1.499998 11.000000 -15.000011
v 1.499998 10.000000 -15.000011
v 2.499998 11.000000 -15.000011
v 2.499998 10.000000 -15.000011
v 1.500000 1.000000 -16.000010
v 2.500000 1.000000 -16.000010
v 2.500000 0.000000 -16.000010
v 1.500000 0.000000 -16.000010
v 0.500000 0.000000 -16.000010
v -0.500000 0.000000 -16.000010
v -1.500000 1.000000 -16.000010
v -0.500000 1.000000 -16.000010
v 0.500000 1.000000 -16.000010
v -1.500002 10.000000 -16.000010
v -0.500002 11.000000 -16.000010
v -0.500002 10.000000 -16.000010
v 0.499998 11.000000 -16.000010
v 0.499998 10.000000 -16.000010
v 1.499998 11.000000 -16.000010
v 1.499998 10.000000 -16.000010
v 2.499998 11.000000 -16.000010
v 2.499998 10.000000 -16.000010
v -1.500000 0.000000 -17.000008
v 1.500000 1.000000 -17.000008
v 0.500000 0.000000 -17.000008
v -0.500000 0.000000 -17.000008
v -1.500000 1.000000 -17.000008
v -0.500000 1.000000 -17.000008
v 0.500000 1.000000 -17.000008
v -1.500002 11.000000 -17.000008
v -1.500002 10.000000 -17.000008
v -0.500002 11.000000 -17.000008
v -0.500002 10.000000 -17.000008
v 0.499998 11.000000 -17.000008
v 1.499998 10.000000 -17.000008
v -2.500000 1.000000 -18.000008
v -2.500000 0.000000 -18.000008
v -1.500000 0.000000 -18.000008
v 1.500000 1.000000 -18.000008
v -0.500000 0.000000 -18.000008
v -1.500000 1.000000 -18.000008
v -0.500000 1.000000 -18.000008
v 0.500000 1.000000 -18.000008
v -1.500002 11.000000 -18.000008
v -1.500002 10.000000 -18.000008
v -2.500002 11.000000 -18.000008
v -2.500002 10.000000 -18.000008
v -0.500002 11.000000 -18.000008
v -0.500002 10.000000 -18.000008
v 0.499998 10.000000 -18.000008
v 1.499998 10.000000 -18.000008
v -2.500000 1.000000 -19.000008
v -2.500000 0.000000 -19.000008
v -1.500000 0.000000 -19.000008
v -1.500000 1.000000 -19.000008
v -1.500002 11.000000 -19.000008
v -1.500002 10.000000 -19.000008
v -2.500002 11.000000 -19.000008
v -2.500002 10.000000 -19.000008
v 0.499998 10.000000 -19.000008
v 1.499998 10.000000 -19.000008
v 2.499998 10.000000 -19.000008
v 0.499998 10.000000 -20.000008
v 1.499998 10.000000 -20.000008
v -1.500002 11.000000 -23.000004
v -1.500002 10.000000 -23.000004
v -2.500002 11.000000 -23.000004
v -2.500002 10.000000 -23.000004
v -0.500002 11.000000 -23.000004
v -0.500002 10.000000 -23.000004
v 0.499998 11.000000 -23.000004
v 0.499998 10.000000 -23.000004
v 1.499998 11.000000 -23.000004
v 1.499998 10.000000 -23.000004
v 2.499998 11.000000 -23.000004
v 2.499998 10.000000 -23.000004
v -1.500002 11.000000 -26.000000
v -1.500002 10.000000 -26.000000
v -2.500002 11.000000 -26.000000
v -2.500002 10.000000 -26.000000
v -0.500002 11.000000 -26.000000
v -0.500002 10.000000 -26.000000
v 0.499998 11.000000 -26.000000
v 0.499998 10.000000 -26.000000
v 1.499998 11.000000 -26.000000
v 1.499998 10.000000 -26.000000
v 2.499998 11.000000 -26.000000
v 2.499998 10.000000 -26.000000
v -2.500000 1.000000 -27.000000
v -1.500000 1.000000 -27.000000
v -0.500000 1.000000 -27.000000
v 0.500000 1.000000 -27.000000
v -1.500002 10.000000 -27.000000
v -0.500002 10.000000 -27.000000
v -2.500000 1.000000 -28.000000
v -1.500000 1.000000 -28.000000
v -0.500000 1.000000 -28.000000
v -1.500002 10.000000 -28.000000
v 0.500000 1.000000 -28.000000
v -2.500002 10.000000 -28.000000
v -0.500002 10.000000 -28.000000
v -2.500000 1.000000 -29.999996
v -2.500000 0.000000 -29.999996
v -1.500000 0.000000 -29.999996
v 1.500000 1.000000 -29.999996
v 2.500000 1.000000 -29.999996
v 2.500000 0.000000 -29.999996
v 1.500000 0.000000 -29.999996
v 0.500000 0.000000 -29.999996
v -0.500000 0.000000 -29.999996
v -1.500000 1.000000 -29.999996
v -0.500000 1.000000 -29.999996
v 0.500000 1.000000 -29.999996
v -1.500002 11.000000 -29.999996
v -1.500002 10.000000 -29.999996
v -2.500002 11.000000 -29.999996
v -2.500002 10.000000 -29.999996
v -0.500002 11.000000 -29.999996
v -0.500002 10.000000 -29.999996
v 0.499998 11.000000 -29.999996
v 0.499998 10.000000 -29.999996
v 1.499998 11.000000 -29.999996
v 1.499998 10.000000 -29.999996
v 2.499998 11.000000 -29.999996
v 2.499998 10.000000 -29.999996
v -0.500000 2.000000 6.000001
v 0.500000 2.000000 6.000001
v -0.500000 2.000000 7.000000
v 0.500000 2.000000 7.000000
v -0.500000 3.000000 7.000000
v 0.500000 3.000000 7.000000
v -0.500000 3.000000 4.000001
v 0.500000 3.000000 4.000001
v -0.500000 2.000000 3.000001
v 0.500000 2.000000 3.000001
v -0.500000 3.000000 3.000001
v 0.500000 3.000000 3.000001
v -0.500000 4.000000 4.000001
v 0.500000 4.000000 4.000001
v -0.500000 4.000000 3.000001
v 0.500000 4.000000 3.000001
v -0.500000 5.000000 4.000001
v 0.500000 5.000000 4.000001
v -0.500000 4.000000 -0.999999
v 0.500000 4.000000 -0.999999
v -0.500000 4.000000 -2.000000
v 0.500000 4.000000 -2.000000
v -0.500000 5.000000 -2.000000
v 0.500000 5.000000 -2.000000
v -0.500000 3.000000 -0.999999
v 0.500000 3.000000 -0.999999
v -0.500000 3.000000 -2.000000
v 0.500000 3.000000 -2.000000
v 0.500000 2.000000 -0.999999
v 0.500000 2.000000 -2.000000
v -0.500000 1.000000 -2.000000
v 0.500000 1.000000 -2.000000
v -0.500000 2.000000 -5.000004
v 0.500000 2.000000 -5.000004
v -0.500000 2.000000 -6.000006
v 0.500000 2.000000 -6.000006
v -0.500000 3.000000 -5.000004
v -0.500000 3.000000 -6.000006
v 0.500000 3.000000 -6.000006
v -0.500000 4.000000 -5.000004
v 0.500000 4.000000 -5.000004
v -0.500000 4.000000 -6.000006
v 0.500000 4.000000 -6.000006
v -0.500000 5.000000 -5.000004
v 0.500000 5.000000 -5.000004
v -0.500000 5.000000 -6.000006
v 0.500000 5.000000 -6.000006
v -0.500000 6.000000 -5.000004
v 0.500000 6.000000 -5.000004
v -0.500000 5.000000 -4.000004
v 0.500000 5.000000 -4.000004
v -0.500000 6.000000 -4.000004
v 0.500000 6.000000 -4.000004
v -0.500000 7.000000 -5.000004
v 0.500000 7.000000 -5.000004
v -0.500000 7.000000 -4.000004
v 0.500000 7.000000 -4.000004
v -0.500000 5.000000 -8.000008
v 0.500000 5.000000 -8.000008
v -0.500000 6.000000 -8.000008
v 0.500000 6.000000 -8.000008
v 1.500000 1.000000 -6.000006
v 1.500000 2.000000 -5.000004
v 1.500000 2.000000 -6.000006
v 2.500000 2.000000 -5.000004
v 2.500000 2.000000 -6.000006
v 0.500000 3.000000 -5.000004
v 1.500000 3.000000 -5.000004
v 1.500000 3.000000 -6.000006
v 1.500000 4.000000 -2.000000
v 1.500000 4.000000 -0.999999
v 1.500000 3.000000 -2.000000
v 1.500000 3.000000 -0.999999
v 2.500000 4.000000 -2.000000
v 2.500000 4.000000 -0.999999
v 2.500000 3.000000 -0.999999
v 1.500000 2.000000 -1.000000
v 2.500000 2.000000 -1.000000
v 1.500000 2.000000 -2.000002
v 2.500000 2.000000 -2.000002
v 2.500000 3.000000 -2.000002
v -0.500000 2.000000 -0.999999
v -0.500000 2.000000 -2.000000
v -0.500000 1.000000 -0.999999
v -2.500000 2.000000 -1.000000
v -1.500000 2.000000 -1.000000
v -2.500000 2.000000 -2.000002
v -1.500000 2.000000 -2.000002
v -2.500000 3.000000 -1.000000
v -1.500000 3.000000 -1.000000
v -2.500000 3.000000 -2.000002
v -1.500000 3.000000 -2.000002
v -2.500000 4.000000 -1.000000
v -1.500000 4.000000 -1.000000
v -2.500000 4.000000 -2.000002
v -1.500000 4.000000 -2.000002
v -1.500000 1.000000 -11.000010
v -0.500000 2.000000 -11.000010
v 0.500000 2.000000 -11.000010
v -0.500000 2.000000 -12.000010
v 0.500000 2.000000 -12.000010
v 1.500000 2.000000 -14.000011
v 2.500000 2.000000 -14.000011
v 0.500000 2.000000 -14.000011
v 1.500000 2.000000 -15.000011
v 2.500000 2.000000 -15.000011
v 0.500000 2.000000 -15.000011
v -1.500000 2.000000 -16.000010
v -0.500000 2.000000 -16.000010
v -1.500000 2.000000 -17.000008
v -0.500000 2.000000 -17.000008
v 0.500000 3.000000 -14.000011
v 1.500000 3.000000 -14.000011
v 2.500000 3.000000 -14.000011
v -0.500000 3.000000 -12.000010
v 0.500000 3.000000 -12.000010
v 0.500000 3.000000 -11.000010
v -0.500000 3.000000 -11.000010
v 1.500000 3.000000 -15.000011
v 2.500000 3.000000 -15.000011
v 0.500000 3.000000 -15.000011
v -1.500000 3.000000 -17.000008
v -0.500000 3.000000 -17.000008
v 0.500000 4.000000 -14.000011
v 1.500000 4.000000 -14.000011
v 2.500000 4.000000 -14.000011
v 1.500000 4.000000 -15.000011
v 2.500000 4.000000 -15.000011
v 0.500000 4.000000 -15.000011
v 0.500000 5.000000 -14.000011
v 1.500000 5.000000 -14.000011
v 2.500000 5.000000 -14.000011
v 1.500000 5.000000 -15.000011
v 2.500000 5.000000 -15.000011
v 0.500000 5.000000 -15.000011
v -0.500000 3.000000 -14.000011
v -0.500000 4.000000 -14.000011
v -1.500000 3.000000 -14.000011
v -1.500000 4.000000 -14.000011
v -2.500000 2.000000 -14.000011
v -1.500000 2.000000 -14.000011
v -2.500000 2.000000 -15.000011
v -1.500000 2.000000 -15.000011
v -1.500000 2.000000 -18.000008
v -0.500000 2.000000 -18.000008
v -1.500000 3.000000 -18.000008
v -0.500000 3.000000 -18.000008
v -1.500000 4.000000 -17.000008
v -0.500000 4.000000 -17.000008
v -1.500002 9.000000 -16.000010
v -1.500002 9.000000 -15.000011
v -1.500002 8.000000 -16.000010
v -1.500002 8.000000 -15.000011
v -0.500002 8.000000 -15.000011
v -0.500002 8.000000 -16.000010
v -1.500002 7.000000 -16.000010
v -1.500002 7.000000 -15.000011
v -0.500002 7.000000 -15.000011
v -0.500002 7.000000 -16.000010
v -1.500002 6.000000 -16.000010
v -1.500002 6.000000 -15.000011
v -0.500002 6.000000 -15.000011
v -0.500002 6.000000 -16.000010
v -1.500002 5.000000 -16.000010
v -1.500002 5.000000 -15.000011
v -0.500002 5.000000 -15.000011
v -0.500002 5.000000 -16.000010
v -1.500002 4.000000 -16.000010
v -1.500002 4.000000 -15.000011
v -0.500002 4.000000 -15.000011
v -0.500002 4.000000 -16.000010
v -1.500002 3.000000 -16.000010
v -1.500002 3.000000 -15.000011
v -0.500002 3.000000 -15.000011
v -0.500002 3.000000 -16.000010
v 0.499998 9.000000 -16.000010
v 0.499998 9.000000 -15.000011
v -0.500002 9.000000 -16.000010
v 0.499998 7.000000 -16.000010
v 0.499998 6.000000 -15.000011
v 0.499998 6.000000 -16.000010
v 2.499998 9.000000 -14.000010
v 1.499998 9.000000 -13.000010
v 2.499998 9.000000 -13.000010
v 1.499998 9.000000 -14.000010
v 1.499998 8.000000 -13.000010
v 2.499998 8.000000 -13.000010
v 1.499998 8.000000 -14.000010
v 2.499998 8.000000 -14.000010
v -0.500002 9.000000 -15.000011
v -0.500002 9.000000 -14.000010
v 0.499998 9.000000 -14.000010
v -0.500002 8.000000 -14.000010
v 0.499998 8.000000 -14.000010
v 0.499998 8.000000 -15.000011
v -0.500002 7.000000 -14.000010
v 0.499998 7.000000 -14.000010
v 0.499998 7.000000 -15.000011
v -2.500002 8.000000 -16.000010
v -2.500002 8.000000 -15.000011
v -2.500002 7.000000 -16.000010
v -2.500002 7.000000 -15.000011
v -3.500002 8.000000 -16.000010
v -3.500002 8.000000 -15.000011
v -3.500002 7.000000 -16.000010
v -3.500002 7.000000 -15.000011
v -2.500000 2.000000 -27.000000
v -1.500000 2.000000 -27.000000
v -2.500000 2.000000 -28.000000
v -1.500000 2.000000 -28.000000
v -2.500000 3.000000 -27.000000
v -1.500000 3.000000 -27.000000
v -2.500000 3.000000 -28.000000
v -1.500000 3.000000 -28.000000
v -2.500000 4.000000 -27.000000
v -1.500000 4.000000 -27.000000
v -2.500000 4.000000 -28.000000
v -1.500000 4.000000 -28.000000
v -2.500000 5.000000 -27.000000
v -1.500000 5.000000 -27.000000
v -2.500000 5.000000 -28.000000
v -1.500000 5.000000 -28.000000
v -1.500000 6.000000 -27.000000
v -1.500000 6.000000 -28.000000
v -2.500000 6.000000 -27.000000
v -2.500000 6.000000 -28.000000
v -2.500000 7.000000 -27.000000
v -1.500000 7.000000 -27.000000
v -2.500000 7.000000 -28.000000
v -1.500000 7.000000 -28.000000
v -2.500000 8.000000 -27.000000
v -1.500000 8.000000 -27.000000
v -2.500000 8.000000 -28.000000
v -1.500000 8.000000 -28.000000
v -0.500000 2.000000 -27.000000
v 0.500000 2.000000 -27.000000
v -0.500000 2.000000 -28.000000
v 0.500000 2.000000 -28.000000
v -0.500000 3.000000 -27.000000
v 0.500000 3.000000 -27.000000
v -0.500000 3.000000 -28.000000
v 0.500000 3.000000 -28.000000
v -0.500000 4.000000 -27.000000
v 0.500000 4.000000 -27.000000
v -0.500000 4.000000 -28.000000
v 0.500000 4.000000 -28.000000
v -0.500000 5.000000 -27.000000
v 0.500000 5.000000 -27.000000
v -0.500000 5.000000 -28.000000
v 0.500000 5.000000 -28.000000
v -0.500000 6.000000 -27.000000
v 0.500000 6.000000 -27.000000
v -0.500000 6.000000 -28.000000
v 0.500000 6.000000 -28.000000
v -0.500000 7.000000 -27.000000
v 0.500000 7.000000 -27.000000
v -0.500000 7.000000 -28.000000
v 0.500000 7.000000 -28.000000
v -0.500000 8.000000 -27.000000
v 0.500000 8.000000 -27.000000
v -0.500000 8.000000 -28.000000
v 0.500000 8.000000 -28.000000
v 0.500000 2.000000 -17.000008
v 1.500000 2.000000 -17.000008
v 0.500000 2.000000 -18.000008
v 1.500000 2.000000 -18.000008
v 0.500000 3.000000 -17.000008
v 1.500000 3.000000 -17.000008
v 0.500000 3.000000 -18.000008
v 1.500000 3.000000 -18.000008
v 0.500000 4.000000 -17.000008
v 1.500000 4.000000 -17.000008
v 0.500000 4.000000 -18.000008
v 1.500000 4.000000 -18.000008
v 0.500000 5.000000 -17.000008
v 1.500000 5.000000 -17.000008
v 0.500000 5.000000 -18.000008
v 1.500000 5.000000 -18.000008
v 0.500000 6.000000 -17.000008
v 1.500000 6.000000 -17.000008
v 0.500000 6.000000 -18.000008
v 1.500000 6.000000 -18.000008
v 0.500000 7.000000 -17.000008
v 1.500000 7.000000 -17.000008
v 0.500000 7.000000 -18.000008
v 1.500000 7.000000 -18.000008
v 0.500000 8.000000 -17.000008
v 1.500000 8.000000 -17.000008
v 0.500000 8.000000 -18.000008
v 1.500000 8.000000 -18.000008
v 0.500000 9.000000 -17.000008
v 1.500000 9.000000 -17.000008
v 0.500000 10.000000 -17.000008
v 0.499998 9.000000 -18.000008
v 1.499998 9.000000 -18.000008
v 0.499998 9.000000 -19.000008
v 1.499998 9.000000 -19.000008
v 0.499998 9.000000 -20.000008
v 1.499998 9.000000 -20.000008
v 0.499998 8.000000 -19.000008
v 1.499998 8.000000 -19.000008
v 0.499998 8.000000 -20.000008
v 1.499998 8.000000 -20.000008
v 2.499998 9.000000 -19.000008
v -2.500000 9.000000 -27.000000
v -1.500000 9.000000 -27.000000
v -2.500000 9.000000 -28.000000
v -1.500000 9.000000 -28.000000
v -0.500000 9.000000 -27.000000
v 0.500000 9.000000 -27.000000
v -0.500000 9.000000 -28.000000
v 0.500000 9.000000 -28.000000
v -2.500000 10.000000 -27.000000
v 0.500000 10.000000 -27.000000
v 0.500000 10.000000 -28.000000
v -1.500000 7.261178 -30.089569
v -0.500000 7.261178 -30.089569
v -1.500000 8.261178 -30.089569
v -0.500000 8.261178 -30.089569
v 1.499998 2.010637 -30.014782
v 2.499998 2.010637 -30.014782
vn -0.0000 -0.0000 1.0000
vn -0.0000 -0.0000 -1.0000
vn -0.0000 -0.0146 -0.9999
vn -0.0000 1.0000 -0.0000
vn -0.0000 -1.0000 -0.0000
vt 0.375000 1.000000
vt 0.625000 1.000000
vt 0.375000 0.750000
vt 0.625000 0.750000
vt 0.875000 0.716667
vt 0.875000 0.708333
vt 0.625000 0.708333
vt 0.625000 0.716667
vt 0.375000 0.950000
vt 0.375000 0.900000
vt 0.375000 0.850000
vt 0.375000 0.800000
vt 0.625000 0.800000
vt 0.625000 0.850000
vt 0.625000 0.900000
vt 0.625000 0.950000
vt 0.775000 0.550000
vt 0.725000 0.550000
vt 0.775000 0.558333
vt 0.725000 0.558333
vt 0.825000 0.708333
vt 0.775000 0.708333
vt 0.725000 0.708333
vt 0.675000 0.708333
vt 0.825000 0.716667
vt 0.775000 0.716667
vt 0.725000 0.716667
vt 0.675000 0.716667
vt 0.875000 0.716667
vt 0.875000 0.708333
vt 0.625000 0.708333
vt 0.625000 0.716667
vt 0.675000 0.708333
vt 0.675000 0.716667
vt 0.825000 0.708333
vt 0.775000 0.708333
vt 0.725000 0.708333
vt 0.825000 0.716667
vt 0.775000 0.716667
vt 0.725000 0.716667
vt 0.875000 0.716667
vt 0.875000 0.708333
vt 0.625000 0.708333
vt 0.625000 0.716667
vt 0.675000 0.708333
vt 0.675000 0.716667
vt 0.825000 0.708333
vt 0.775000 0.708333
vt 0.725000 0.708333
vt 0.825000 0.716667
vt 0.775000 0.716667
vt 0.725000 0.716667
vt 0.875000 0.716667
vt 0.875000 0.708333
vt 0.625000 0.708333
vt 0.625000 0.716667
vt 0.675000 0.708333
vt 0.675000 0.716667
vt 0.825000 0.708333
vt 0.775000 0.708333
vt 0.725000 0.708333
vt 0.825000 0.716667
vt 0.775000 0.716667
vt 0.725000 0.716667
vt 0.875000 0.716667
vt 0.875000 0.708333
vt 0.625000 0.708333
vt 0.625000 0.716667
vt 0.675000 0.708333
vt 0.675000 0.716667
vt 0.825000 0.708333
vt 0.775000 0.708333
vt 0.725000 0.708333
vt 0.825000 0.716667
vt 0.775000 0.716667
vt 0.725000 0.716667
vt 0.875000 0.716667
vt 0.875000 0.708333
vt 0.625000 0.708333
vt 0.625000 0.716667
vt 0.675000 0.708333
vt 0.675000 0.716667
vt 0.825000 0.708333
vt 0.775000 0.708333
vt 0.725000 0.708333
vt 0.825000 0.716667
vt 0.775000 0.716667
vt 0.725000 0.716667
vt 0.875000 0.716667
vt 0.875000 0.708333
vt 0.625000 0.708333
vt 0.625000 0.716667
vt 0.675000 0.708333
vt 0.675000 0.716667
vt 0.825000 0.708333
vt 0.775000 0.708333
vt 0.725000 0.708333
vt 0.825000 0.716667
vt 0.775000 0.716667
vt 0.725000 0.716667
vt 0.775000 0.708333
vt 0.725000 0.708333
vt 0.775000 0.708333
vt 0.725000 0.708333
vt 0.775000 0.708333
vt 0.725000 0.708333
vt 0.775000 0.708333
vt 0.725000 0.708333
vt 0.000000 0.000000
vt 0.725000 0.708333
vt 0.000000 0.000000
vt 0.725000 0.708333
vt 0.825000 0.708333
vt 0.775000 0.708333
vt 0.675000 0.716667
vt 0.625000 0.716667
vt 0.875000 0.716667
vt 0.825000 0.716667
vt 0.775000 0.716667
vt 0.725000 0.716667
vt 0.775000 0.716667
vt 0.725000 0.716667
vt 0.675000 0.716667
vt 0.625000 0.716667
vt 0.875000 0.716667
vt 0.825000 0.716667
vt 0.625000 0.041667
vt 0.825000 0.708333
vt 0.775000 0.708333
vt 0.875000 0.708333
vt 0.825000 0.708333
vt 0.825000 0.708333
vt 0.775000 0.708333
vt 0.675000 0.708333
vt 0.625000 0.041667
vt 0.000000 0.000000
vt 0.725000 0.708333
vt 0.675000 0.708333
vt 0.875000 0.708333
vt 0.000000 0.000000
vt 0.725000 0.708333
vt 0.675000 0.708333
vt 0.625000 0.708333
vt 0.875000 0.708333
vt 0.825000 0.708333
vt 0.675000 0.708333
vt 0.625000 0.708333
vt 0.775000 0.708333
vt 0.725000 0.708333
vt 0.775000 0.708333
vt 0.725000 0.708333
vt 0.675000 0.708333
vt 0.625000 0.708333
vt 0.675000 0.708333
vt 0.625000 0.708333
vt 0.675000 0.708333
vt 0.625000 0.041667
vt 0.825000 0.708333
vt 0.725000 0.708333
vt 0.875000 0.708333
vt 0.825000 0.708333
vt 0.675000 0.708333
vt 0.775000 0.708333
vt 0.725000 0.708333
vt 0.825000 0.708333
vt 0.775000 0.708333
vt 0.825000 0.708333
vt 0.775000 0.708333
vt 0.825000 0.708333
vt 0.775000 0.708333
vt 0.825000 0.708333
vt 0.775000 0.708333
vt 0.825000 0.708333
vt 0.775000 0.708333
vt 0.825000 0.708333
vt 0.775000 0.708333
vt 0.825000 0.708333
vt 0.725000 0.708333
vt 0.675000 0.708333
vt 0.725000 0.708333
vt 0.675000 0.708333
vt 0.725000 0.708333
vt 0.675000 0.708333
vt 0.725000 0.708333
vt 0.675000 0.708333
vt 0.625000 0.041667
vt 0.000000 0.000000
vt 0.875000 0.708333
vt 0.825000 0.708333
vt 0.625000 0.041667
vt 0.000000 0.000000
vt 0.875000 0.708333
vt 0.825000 0.708333
vt 0.625000 0.041667
vt 0.000000 0.000000
vt 0.875000 0.708333
vt 0.825000 0.708333
vt 0.625000 0.041667
vt 0.000000 0.000000
vt 0.875000 0.708333
vt 0.825000 0.708333
vt 0.625000 0.041667
vt 0.000000 0.000000
vt 0.875000 0.708333
vt 0.825000 0.708333
vt 0.725000 0.708333
vt 0.725000 0.708333
vt 0.825000 0.708333
vt 0.825000 0.708333
vt 0.725000 0.708333
vt 0.825000 0.708333
vt 0.775000 0.708333
vt 0.825000 0.708333
vt 0.775000 0.708333
vt 0.625000 0.708333
vt 0.625000 0.708333
vt 0.725000 0.708333
vt 0.675000 0.708333
vt 0.725000 0.708333
vt 0.675000 0.708333
vt 0.725000 0.708333
vt 0.725000 0.708333
vt 0.725000 0.708333
vt 0.825000 0.708333
vt 0.825000 0.708333
vt 0.825000 0.708333
vt 0.825000 0.708333
vt 0.825000 0.708333
vt 0.825000 0.708333
vt 0.825000 0.708333
vt 0.825000 0.708333
vt 0.825000 0.708333
vt 0.825000 0.708333
vt 0.825000 0.708333
vt 0.825000 0.708333
vt 0.825000 0.708333
vt 0.825000 0.708333
vt 0.825000 0.708333
vt 0.825000 0.708333
vt 0.825000 0.708333
vt 0.825000 0.708333
vt 0.825000 0.708333
vt 0.825000 0.708333
vt 0.825000 0.708333
vt 0.825000 0.708333
vt 0.825000 0.708333
vt 0.825000 0.708333
vt 0.825000 0.708333
vt 0.825000 0.708333
vt 0.825000 0.708333
vt 0.825000 0.708333
vt 0.825000 0.708333
vt 0.825000 0.708333
vt 0.825000 0.708333
vt 0.825000 0.708333
vt 0.825000 0.708333
vt 0.825000 0.708333
vt 0.825000 0.708333
vt 0.825000 0.708333
vt 0.825000 0.708333
vt 0.825000 0.708333
vt 0.825000 0.708333
vt 0.825000 0.708333
vt 0.825000 0.708333
vt 0.825000 0.708333
vt 0.825000 0.708333
vt 0.825000 0.708333
vt 0.825000 0.708333
vt 0.825000 0.708333
vt 0.825000 0.708333
vt 0.825000 0.708333
vt 0.825000 0.708333
vt 0.825000 0.708333
vt 0.825000 0.708333
vt 0.825000 0.708333
vt 0.825000 0.708333
vt 0.825000 0.708333
vt 0.825000 0.708333
vt 0.825000 0.708333
vt 0.825000 0.708333
vt 0.825000 0.708333
vt 0.825000 0.708333
vt 0.825000 0.708333
vt 0.825000 0.708333
vt 0.825000 0.708333
vt 0.825000 0.708333
vt 0.825000 0.708333
vt 0.825000 0.708333
vt 0.825000 0.708333
vt 0.825000 0.708333
vt 0.825000 0.708333
vt 0.825000 0.708333
vt 0.825000 0.708333
vt 0.825000 0.708333
vt 0.825000 0.708333
vt 0.825000 0.708333
vt 0.825000 0.708333
vt 0.825000 0.708333
vt 0.825000 0.708333
vt 0.825000 0.708333
vt 0.825000 0.708333
vt 0.825000 0.708333
vt 0.825000 0.708333
vt 0.875000 0.500000
vt 0.675000 0.500000
vt 0.625000 0.500000
vt 0.825000 0.500000
vt 0.725000 0.550000
vt 0.875000 0.500000
vt 0.675000 0.500000
vt 0.625000 0.500000
vt 0.825000 0.500000
vt 0.725000 0.500000
vt 0.725000 0.500000
vt 0.775000 0.500000
vt 0.725000 0.500000
vt 0.725000 0.500000
vt 0.775000 0.500000
vt 0.725000 0.500000
vt 0.625000 0.250000
vt 0.775000 0.500000
vt 0.825000 0.708333
vt 0.125000 0.500000
vt 0.000000 0.000000
vt 0.725000 0.500000
vt 0.825000 0.708333
vt 0.000000 0.000000
vt 0.825000 0.708333
vt 0.000000 0.000000
vt 0.000000 0.000000
vt 0.175000 0.500000
vt 0.000000 0.000000
vt 0.225000 0.500000
vt 0.000000 0.000000
vt 0.775000 0.500000
vt 0.725000 0.500000
vt 0.825000 0.708333
vt 0.000000 0.000000
vt 0.825000 0.708333
vt 0.000000 0.000000
vt 0.000000 0.000000
vt 0.000000 0.000000
vt 0.825000 0.708333
vt 0.825000 0.708333
vt 0.275000 0.500000
vt 0.225000 0.500000
vt 0.775000 0.500000
vt 0.725000 0.500000
vt 0.825000 0.708333
vt 0.825000 0.708333
vt 0.825000 0.708333
vt 0.825000 0.708333
vt 0.825000 0.708333
vt 0.825000 0.708333
vt 0.875000 0.500000
vt 0.175000 0.500000
vt 0.675000 0.500000
vt 0.625000 0.500000
vt 0.275000 0.500000
vt 0.225000 0.500000
vt 0.825000 0.500000
vt 0.775000 0.500000
vt 0.725000 0.500000
vt 0.825000 0.708333
vt 0.825000 0.708333
vt 0.825000 0.708333
vt 0.000000 0.000000
vt 0.825000 0.708333
vt 0.825000 0.708333
vt 0.000000 0.000000
vt 0.825000 0.708333
vt 0.825000 0.708333
vt 0.875000 0.500000
vt 0.000000 0.000000
vt 0.000000 0.000000
vt 0.625000 0.500000
vt 0.375000 0.500000
vt 0.325000 0.500000
vt 0.275000 0.500000
vt 0.825000 0.500000
vt 0.000000 0.000000
vt 0.825000 0.708333
vt 0.825000 0.708333
vt 0.825000 0.708333
vt 0.825000 0.708333
vt 0.825000 0.708333
vt 0.825000 0.708333
vt 0.825000 0.708333
vt 0.825000 0.708333
vt 0.675000 0.500000
vt 0.625000 0.500000
vt 0.375000 0.500000
vt 0.325000 0.500000
vt 0.275000 0.500000
vt 0.000000 0.000000
vt 0.000000 0.000000
vt 0.825000 0.500000
vt 0.775000 0.500000
vt 0.000000 0.000000
vt 0.000000 0.000000
vt 0.725000 0.500000
vt 0.825000 0.708333
vt 0.825000 0.708333
vt 0.825000 0.708333
vt 0.000000 0.000000
vt 0.825000 0.708333
vt 0.000000 0.000000
vt 0.000000 0.000000
vt 0.000000 0.000000
vt 0.000000 0.000000
vt 0.000000 0.000000
vt 0.000000 0.000000
vt 0.000000 0.000000
vt 0.675000 0.500000
vt 0.000000 0.000000
vt 0.225000 0.500000
vt 0.000000 0.000000
vt 0.000000 0.000000
vt 0.000000 0.000000
vt 0.775000 0.500000
vt 0.725000 0.500000
vt 0.000000 0.000000
vt 0.825000 0.708333
vt 0.825000 0.708333
vt 0.825000 0.708333
vt 0.000000 0.000000
vt 0.825000 0.708333
vt 0.000000 0.000000
vt 0.000000 0.000000
vt 0.675000 0.500000
vt 0.875000 0.500000
vt 0.125000 0.500000
vt 0.175000 0.500000
vt 0.000000 0.000000
vt 0.675000 0.500000
vt 0.000000 0.000000
vt 0.825000 0.500000
vt 0.000000 0.000000
vt 0.000000 0.000000
vt 0.725000 0.500000
vt 0.000000 0.000000
vt 0.825000 0.708333
vt 0.825000 0.708333
vt 0.000000 0.000000
vt 0.825000 0.708333
vt 0.825000 0.708333
vt 0.000000 0.000000
vt 0.000000 0.000000
vt 0.825000 0.708333
vt 0.825000 0.708333
vt 0.875000 0.500000
vt 0.125000 0.500000
vt 0.175000 0.500000
vt 0.825000 0.500000
vt 0.825000 0.708333
vt 0.825000 0.708333
vt 0.825000 0.708333
vt 0.825000 0.708333
vt 0.825000 0.708333
vt 0.825000 0.708333
vt 0.825000 0.708333
vt 0.825000 0.708333
vt 0.825000 0.708333
vt 0.825000 0.708333
vt 0.825000 0.708333
vt 0.825000 0.708333
vt 0.825000 0.708333
vt 0.825000 0.708333
vt 0.825000 0.708333
vt 0.825000 0.708333
vt 0.825000 0.708333
vt 0.825000 0.708333
vt 0.825000 0.708333
vt 0.825000 0.708333
vt 0.825000 0.708333
vt 0.825000 0.708333
vt 0.825000 0.708333
vt 0.825000 0.708333
vt 0.825000 0.708333
vt 0.825000 0.708333
vt 0.825000 0.708333
vt 0.825000 0.708333
vt 0.825000 0.708333
vt 0.825000 0.708333
vt 0.825000 0.708333
vt 0.825000 0.708333
vt 0.825000 0.708333
vt 0.875000 0.500000
vt 0.825000 0.500000
vt 0.775000 0.500000
vt 0.725000 0.500000
vt 0.825000 0.500000
vt 0.775000 0.500000
vt 0.875000 0.500000
vt 0.825000 0.500000
vt 0.775000 0.500000
vt 0.825000 0.500000
vt 0.725000 0.500000
vt 0.875000 0.500000
vt 0.775000 0.500000
vt 0.625000 0.250000
vt 0.375000 0.250000
vt 0.375000 0.300000
vt 0.625000 0.450000
vt 0.825000 0.708333
vt 0.625000 0.500000
vt 0.825000 0.708333
vt 0.375000 0.500000
vt 0.375000 0.450000
vt 0.375000 0.400000
vt 0.375000 0.350000
vt 0.625000 0.300000
vt 0.625000 0.350000
vt 0.625000 0.400000
vt 0.825000 0.708333
vt 0.825000 0.708333
vt 0.825000 0.708333
vt 0.825000 0.708333
vt 0.825000 0.708333
vt 0.825000 0.708333
vt 0.825000 0.708333
vt 0.825000 0.708333
vt 0.825000 0.708333
vt 0.825000 0.708333
vt 0.825000 0.708333
vt 0.825000 0.708333
vt 0.775000 0.550000
vt 0.725000 0.550000
vt 0.775000 0.558333
vt 0.725000 0.558333
vt 0.775000 0.558333
vt 0.725000 0.558333
vt 0.775000 0.550000
vt 0.725000 0.550000
vt 0.775000 0.550000
vt 0.725000 0.550000
vt 0.775000 0.550000
vt 0.725000 0.550000
vt 0.775000 0.550000
vt 0.725000 0.550000
vt 0.775000 0.550000
vt 0.725000 0.550000
vt 0.775000 0.550000
vt 0.725000 0.550000
vt 0.775000 0.550000
vt 0.725000 0.550000
vt 0.775000 0.550000
vt 0.725000 0.550000
vt 0.775000 0.550000
vt 0.725000 0.550000
vt 0.775000 0.550000
vt 0.725000 0.550000
vt 0.775000 0.550000
vt 0.725000 0.550000
vt 0.725000 0.550000
vt 0.725000 0.550000
vt 0.775000 0.500000
vt 0.775000 0.550000
vt 0.725000 0.550000
vt 0.775000 0.500000
vt 0.725000 0.500000
vt 0.775000 0.500000
vt 0.725000 0.500000
vt 0.775000 0.500000
vt 0.775000 0.500000
vt 0.725000 0.500000
vt 0.775000 0.500000
vt 0.725000 0.500000
vt 0.775000 0.500000
vt 0.725000 0.500000
vt 0.775000 0.500000
vt 0.725000 0.500000
vt 0.775000 0.500000
vt 0.725000 0.500000
vt 0.775000 0.500000
vt 0.725000 0.500000
vt 0.775000 0.500000
vt 0.725000 0.500000
vt 0.775000 0.500000
vt 0.725000 0.500000
vt 0.775000 0.500000
vt 0.725000 0.500000
vt 0.775000 0.500000
vt 0.725000 0.500000
vt 0.775000 0.500000
vt 0.725000 0.500000
vt 0.775000 0.500000
vt 0.725000 0.500000
vt 0.725000 0.500000
vt 0.725000 0.500000
vt 0.725000 0.500000
vt 0.725000 0.500000
vt 0.725000 0.500000
vt 0.725000 0.500000
vt 0.725000 0.500000
vt 0.725000 0.500000
vt 0.725000 0.550000
vt 0.725000 0.550000
vt 0.725000 0.550000
vt 0.675000 0.500000
vt 0.725000 0.550000
vt 0.675000 0.500000
vt 0.725000 0.550000
vt 0.725000 0.550000
vt 0.725000 0.550000
vt 0.625000 0.500000
vt 0.675000 0.500000
vt 0.625000 0.500000
vt 0.675000 0.500000
vt 0.625000 0.500000
vt 0.725000 0.550000
vt 0.625000 0.500000
vt 0.775000 0.500000
vt 0.775000 0.550000
vt 0.775000 0.550000
vt 0.775000 0.500000
vt 0.775000 0.500000
vt 0.775000 0.550000
vt 0.875000 0.500000
vt 0.825000 0.500000
vt 0.875000 0.500000
vt 0.825000 0.500000
vt 0.875000 0.500000
vt 0.825000 0.500000
vt 0.875000 0.500000
vt 0.825000 0.500000
vt 0.875000 0.500000
vt 0.825000 0.500000
vt 0.875000 0.500000
vt 0.825000 0.500000
vt 0.000000 0.000000
vt 0.775000 0.500000
vt 0.725000 0.500000
vt 0.775000 0.500000
vt 0.725000 0.500000
vt 0.675000 0.500000
vt 0.625000 0.500000
vt 0.725000 0.500000
vt 0.000000 0.000000
vt 0.000000 0.000000
vt 0.000000 0.000000
vt 0.825000 0.500000
vt 0.775000 0.500000
vt 0.000000 0.000000
vt 0.000000 0.000000
vt 0.725000 0.500000
vt 0.675000 0.500000
vt 0.625000 0.500000
vt 0.775000 0.500000
vt 0.725000 0.500000
vt 0.725000 0.500000
vt 0.775000 0.500000
vt 0.000000 0.000000
vt 0.000000 0.000000
vt 0.000000 0.000000
vt 0.825000 0.500000
vt 0.775000 0.500000
vt 0.725000 0.500000
vt 0.675000 0.500000
vt 0.625000 0.500000
vt 0.000000 0.000000
vt 0.000000 0.000000
vt 0.000000 0.000000
vt 0.725000 0.500000
vt 0.675000 0.500000
vt 0.625000 0.500000
vt 0.000000 0.000000
vt 0.000000 0.000000
vt 0.000000 0.000000
vt 0.725000 0.500000
vt 0.725000 0.500000
vt 0.725000 0.500000
vt 0.725000 0.500000
vt 0.875000 0.500000
vt 0.825000 0.500000
vt 0.875000 0.500000
vt 0.825000 0.500000
vt 0.000000 0.000000
vt 0.000000 0.000000
vt 0.000000 0.000000
vt 0.000000 0.000000
vt 0.825000 0.500000
vt 0.775000 0.500000
vt 0.825000 0.708333
vt 0.825000 0.708333
vt 0.825000 0.708333
vt 0.825000 0.708333
vt 0.825000 0.708333
vt 0.825000 0.708333
vt 0.825000 0.708333
vt 0.825000 0.708333
vt 0.825000 0.708333
vt 0.825000 0.708333
vt 0.825000 0.708333
vt 0.825000 0.708333
vt 0.825000 0.708333
vt 0.825000 0.708333
vt 0.825000 0.708333
vt 0.825000 0.708333
vt 0.825000 0.708333
vt 0.825000 0.708333
vt 0.825000 0.708333
vt 0.825000 0.708333
vt 0.000000 0.000000
vt 0.825000 0.708333
vt 0.825000 0.708333
vt 0.825000 0.500000
vt 0.825000 0.708333
vt 0.825000 0.708333
vt 0.000000 0.000000
vt 0.825000 0.708333
vt 0.775000 0.500000
vt 0.825000 0.708333
vt 0.000000 0.000000
vt 0.825000 0.708333
vt 0.825000 0.708333
vt 0.000000 0.000000
vt 0.825000 0.708333
vt 0.825000 0.708333
vt 0.825000 0.708333
vt 0.825000 0.708333
vt 0.825000 0.708333
vt 0.825000 0.708333
vt 0.825000 0.708333
vt 0.825000 0.708333
vt 0.825000 0.708333
vt 0.825000 0.708333
vt 0.825000 0.708333
vt 0.825000 0.708333
vt 0.000000 0.000000
vt 0.000000 0.000000
vt 0.000000 0.000000
vt 0.000000 0.000000
vt 0.825000 0.708333
vt 0.000000 0.000000
vt 0.000000 0.000000
vt 0.825000 0.708333
vt 0.825000 0.708333
vt 0.825000 0.708333
vt 0.825000 0.708333
vt 0.825000 0.708333
vt 0.825000 0.708333
vt 0.825000 0.708333
vt 0.825000 0.708333
vt 0.825000 0.708333
vt 0.875000 0.500000
vt 0.825000 0.500000
vt 0.875000 0.500000
vt 0.825000 0.500000
vt 0.875000 0.500000
vt 0.825000 0.500000
vt 0.875000 0.500000
vt 0.825000 0.500000
vt 0.875000 0.500000
vt 0.825000 0.500000
vt 0.875000 0.500000
vt 0.825000 0.500000
vt 0.875000 0.500000
vt 0.825000 0.500000
vt 0.875000 0.500000
vt 0.825000 0.500000
vt 0.825000 0.500000
vt 0.825000 0.500000
vt 0.875000 0.500000
vt 0.875000 0.500000
vt 0.875000 0.500000
vt 0.825000 0.500000
vt 0.875000 0.500000
vt 0.825000 0.500000
vt 0.875000 0.500000
vt 0.825000 0.500000
vt 0.875000 0.500000
vt 0.825000 0.500000
vt 0.775000 0.500000
vt 0.725000 0.500000
vt 0.775000 0.500000
vt 0.725000 0.500000
vt 0.775000 0.500000
vt 0.725000 0.500000
vt 0.775000 0.500000
vt 0.725000 0.500000
vt 0.775000 0.500000
vt 0.725000 0.500000
vt 0.775000 0.500000
vt 0.725000 0.500000
vt 0.775000 0.500000
vt 0.725000 0.500000
vt 0.775000 0.500000
vt 0.725000 0.500000
vt 0.775000 0.500000
vt 0.725000 0.500000
vt 0.775000 0.500000
vt 0.725000 0.500000
vt 0.775000 0.500000
vt 0.725000 0.500000
vt 0.775000 0.500000
vt 0.725000 0.500000
vt 0.775000 0.500000
vt 0.725000 0.500000
vt 0.775000 0.500000
vt 0.725000 0.500000
vt 0.725000 0.500000
vt 0.675000 0.500000
vt 0.725000 0.500000
vt 0.675000 0.500000
vt 0.725000 0.500000
vt 0.675000 0.500000
vt 0.725000 0.500000
vt 0.675000 0.500000
vt 0.725000 0.500000
vt 0.675000 0.500000
vt 0.725000 0.500000
vt 0.675000 0.500000
vt 0.725000 0.500000
vt 0.675000 0.500000
vt 0.725000 0.500000
vt 0.675000 0.500000
vt 0.725000 0.500000
vt 0.675000 0.500000
vt 0.725000 0.500000
vt 0.675000 0.500000
vt 0.725000 0.500000
vt 0.675000 0.500000
vt 0.725000 0.500000
vt 0.675000 0.500000
vt 0.725000 0.500000
vt 0.675000 0.500000
vt 0.725000 0.500000
vt 0.675000 0.500000
vt 0.725000 0.500000
vt 0.675000 0.500000
vt 0.000000 0.000000
vt 0.725000 0.500000
vt 0.725000 0.500000
vt 0.825000 0.708333
vt 0.675000 0.500000
vt 0.825000 0.708333
vt 0.825000 0.708333
vt 0.825000 0.708333
vt 0.825000 0.708333
vt 0.825000 0.708333
vt 0.825000 0.708333
vt 0.825000 0.708333
vt 0.825000 0.708333
vt 0.825000 0.708333
vt 0.825000 0.708333
vt 0.875000 0.500000
vt 0.825000 0.500000
vt 0.875000 0.500000
vt 0.825000 0.500000
vt 0.775000 0.500000
vt 0.725000 0.500000
vt 0.775000 0.500000
vt 0.725000 0.500000
vt 0.875000 0.500000
vt 0.725000 0.500000
vt 0.725000 0.500000
vt 0.000000 0.000000
vt 0.000000 0.000000
vt 0.000000 0.000000
vt 0.000000 0.000000
vt 0.825000 0.708333
vt 0.825000 0.708333
s 0
g off
g INSTAKILL_INSTAKILL
usemtl INSTAKILL
f 1122/1126/5 1107/1111/5 1115/1119/5
f 1132/1136/5 1144/1148/5 1131/1135/5
f 1127/1131/6 1142/1146/6 1128/1132/6
f 1114/1118/5 1140/1144/5 1134/1138/5
f 1131/1135/5 1135/1139/5 1111/1115/5
f 1134/1138/5 1146/1150/5 1133/1137/5
f 1110/1114/5 1118/1122/5 1109/1113/5
f 1119/1123/5 1117/1121/5 1118/1122/5
f 1120/1124/5 1116/1120/5 1117/1121/5
f 1121/1125/5 1115/1119/5 1116/1120/5
f 1141/1145/6 1154/1158/6 1142/1146/6
f 1144/1148/5 1147/1151/5 1135/1139/5
f 1140/1144/5 1158/1162/5 1146/1150/5
f 1136/1140/6 1153/1157/6 1141/1145/6
f 1128/1132/6 1143/1147/6 1129/1133/6
f 1133/1137/5 1145/1149/5 1132/1136/5
f 1129/1133/6 1139/1143/6 1130/1134/6
f 1130/1134/6 1137/1141/6 1113/1117/6
f 1112/1116/6 1141/1145/6 1127/1131/6
f 1156/1160/5 1159/1163/5 1147/1151/5
f 1152/1156/5 1170/1174/5 1158/1162/5
f 1148/1152/6 1165/1169/6 1153/1157/6
f 1155/1159/6 1163/1167/6 1151/1155/6
f 1139/1143/6 1149/1153/6 1137/1141/6
f 1145/1149/5 1156/1160/5 1144/1148/5
f 1142/1146/6 1155/1159/6 1143/1147/6
f 1138/1142/5 1152/1156/5 1140/1144/5
f 1146/1150/5 1157/1161/5 1145/1149/5
f 1143/1147/6 1151/1155/6 1139/1143/6
f 1164/1168/5 1182/1186/5 1170/1174/5
f 1160/1164/6 1177/1181/6 1165/1169/6
f 1167/1171/6 1175/1179/6 1163/1167/6
f 1153/1157/6 1166/1170/6 1154/1158/6
f 1151/1155/6 1161/1165/6 1149/1153/6
f 1157/1161/5 1168/1172/5 1156/1160/5
f 1154/1158/6 1167/1171/6 1155/1159/6
f 1150/1154/5 1164/1168/5 1152/1156/5
f 1158/1162/5 1169/1173/5 1157/1161/5
f 1176/1180/5 1194/1198/5 1182/1186/5
f 1172/1176/6 1189/1193/6 1177/1181/6
f 1179/1183/6 1187/1191/6 1175/1179/6
f 1182/1186/5 1193/1197/5 1181/1185/5
f 1168/1172/5 1171/1175/5 1159/1163/5
f 1165/1169/6 1178/1182/6 1166/1170/6
f 1163/1167/6 1173/1177/6 1161/1165/6
f 1169/1173/5 1180/1184/5 1168/1172/5
f 1166/1170/6 1179/1183/6 1167/1171/6
f 1162/1166/5 1176/1180/5 1164/1168/5
f 1170/1174/5 1181/1185/5 1169/1173/5
f 1184/1188/6 1201/1205/6 1189/1193/6
f 1191/1195/6 1199/1203/6 1187/1191/6
f 1194/1198/5 1205/1209/5 1193/1197/5
f 1186/1190/5 1200/1204/5 1188/1192/5
f 1180/1184/5 1183/1187/5 1171/1175/5
f 1177/1181/6 1190/1194/6 1178/1182/6
f 1175/1179/6 1185/1189/6 1173/1177/6
f 1181/1185/5 1192/1196/5 1180/1184/5
f 1178/1182/6 1191/1195/6 1179/1183/6
f 1174/1178/5 1188/1192/5 1176/1180/5
f 1188/1192/5 1206/1210/5 1194/1198/5
f 1192/1196/5 1195/1199/5 1183/1187/5
f 1189/1193/6 1202/1206/6 1190/1194/6
f 1187/1191/6 1197/1201/6 1185/1189/6
f 1193/1197/5 1204/1208/5 1192/1196/5
f 1190/1194/6 1203/1207/6 1191/1195/6
f 1235/1239/6 1283/1287/6 1234/1238/6
f 1226/1230/5 1227/1231/5 1225/1229/5
f 1222/1226/5 1229/1233/5 1221/1225/5
f 1221/1225/5 1228/1232/5 1226/1230/5
f 1224/1228/5 1231/1235/5 1223/1227/5
f 1225/1229/5 1232/1236/5 1224/1228/5
f 1263/1267/6 1267/1271/6 1264/1268/6
f 1268/1272/6 1286/1290/6 1270/1274/6
f 1214/1218/5 1211/1215/5 1212/1216/5
f 1207/1211/6 1210/1214/6 1208/1212/6
f 1244/1248/5 1243/1247/5 1240/1244/5
f 1216/1220/6 1217/1221/6 1215/1219/6
f 1233/1237/6 1237/1241/6 1234/1238/6
f 1246/1250/5 1241/1245/5 1242/1246/5
f 1248/1252/6 1253/1257/6 1249/1253/6
f 1261/1265/5 1258/1262/5 1259/1263/5
f 1254/1258/6 1257/1261/6 1255/1259/6
f 1239/1243/6 1271/1275/6 1238/1242/6
f 1276/1280/6 1279/1283/6 1275/1279/6
f 1272/1276/6 1275/1279/6 1271/1275/6
f 1283/1287/5 1274/1278/5 1269/1273/5
f 1273/1277/5 1278/1282/5 1274/1278/5
f 1219/1223/5 1282/1286/5 1220/1224/5
f 1287/1291/6 1290/1294/6 1286/1290/6
f 1265/1269/5 1285/1289/5 1262/1266/5
f 1284/1288/5 1289/1293/5 1285/1289/5
f 1251/1255/6 1294/1298/6 1250/1254/6
f 1241/1245/5 1293/1297/5 1242/1246/5
f 1292/1296/5 1297/1301/5 1293/1297/5
f 1295/1299/6 1298/1302/6 1294/1298/6
f 1296/1300/5 1301/1305/5 1297/1301/5
f 1299/1303/6 1302/1306/6 1298/1302/6
f 1303/1307/6 1306/1310/6 1302/1306/6
f 1300/1304/5 1305/1309/5 1301/1305/5
f 1304/1308/5 1309/1313/5 1305/1309/5
f 1307/1311/6 1310/1314/6 1306/1310/6
f 1317/1321/6 1320/1324/6 1318/1322/6
f 1324/1328/6 1322/1326/6 1321/1325/6
f 1323/1327/6 1326/1330/6 1324/1328/6
f 1323/1327/6 1316/1320/6 1325/1329/6
f 1313/1317/5 1327/1331/5 1312/1316/5
f 1315/1319/5 1331/1335/5 1314/1318/5
f 1333/1337/5 1334/1338/5 1332/1336/5
f 1335/1339/5 1336/1340/5 1334/1338/5
f 1337/1341/5 1338/1342/5 1336/1340/5
f 1339/1343/5 1340/1344/5 1338/1342/5
f 1348/1352/6 1374/1378/6 1349/1353/6
f 1360/1364/6 1402/1406/6 1361/1365/6
f 1376/1380/5 1378/1382/5 1366/1370/5
f 1351/1355/6 1377/1381/6 1350/1354/6
f 1344/1348/5 1366/1370/5 1345/1349/5
f 1352/1356/6 1367/1371/6 1351/1355/6
f 1345/1349/5 1370/1374/5 1346/1350/5
f 1346/1350/5 1369/1373/5 1347/1351/5
f 1353/1357/6 1371/1375/6 1352/1356/6
f 1343/1347/5 1373/1377/5 1342/1346/5
f 1371/1375/6 1379/1383/6 1367/1371/6
f 1350/1354/6 1375/1379/6 1348/1352/6
f 1342/1346/5 1376/1380/5 1344/1348/5
f 1379/1383/6 1389/1393/6 1384/1388/6
f 1373/1377/5 1382/1386/5 1376/1380/5
f 1367/1371/6 1384/1388/6 1377/1381/6
f 1377/1381/6 1385/1389/6 1375/1379/6
f 1366/1370/5 1380/1384/5 1370/1374/5
f 1382/1386/5 1386/1390/5 1378/1382/5
f 1363/1367/6 1393/1397/6 1362/1366/6
f 1356/1360/5 1390/1394/5 1357/1361/5
f 1365/1369/6 1394/1398/6 1364/1368/6
f 1358/1362/5 1396/1400/5 1359/1363/5
f 1395/1399/5 1400/1404/5 1396/1400/5
f 1397/1401/6 1398/1402/6 1394/1398/6
f 1355/1359/5 1404/1408/5 1354/1358/5
f 1403/1407/5 1408/1412/5 1404/1408/5
f 1405/1409/6 1406/1410/6 1402/1406/6
f 1695/1727/5 1697/1730/5 1413/1417/5
f 1416/1420/6 1691/1720/6 1417/1421/6
f 1422/1426/5 1644/1670/5 1421/1425/5
f 1498/1508/5 1719/1752/5 1497/1507/5
f 1730/1763/6 1739/1772/6 1731/1764/6
f 1431/1435/5 1709/1742/5 1427/1431/5
f 1474/1482/6 1796/1834/6 1473/1481/6
f 1476/1484/6 1717/1750/6 1477/1485/6
f 1513/1528/6 1722/1755/6 1514/1529/6
f 1482/1491/6 1716/1749/6 1476/1484/6
f 1460/1467/5 1715/1748/5 1466/1473/5
f 1440/1445/6 1712/1745/6 1441/1446/6
f 1461/1468/5 1713/1746/5 1460/1467/5
f 1714/1747/5 1724/1757/5 1713/1746/5
f 1547/1570/6 1907/1948/6 1546/1569/6
f 1581/1604/6 1821/1859/6 1582/1605/6
f 1583/1606/6 1849/1887/6 1585/1608/6
f 1591/1614/6 1593/1618/6 1594/1619/6
f 1588/1611/6 1590/1613/6 1589/1612/6
f 1597/1622/6 1596/1621/6 1590/1613/6
f 1598/1623/6 1595/1620/6 1596/1621/6
f 1599/1624/6 1594/1619/6 1595/1620/6
f 1601/1626/6 1602/1627/6 1600/1625/6
f 1600/1625/6 1605/1630/6 1601/1626/6
f 1604/1629/6 1607/1632/6 1605/1630/6
f 1606/1631/6 1609/1634/6 1607/1632/6
f 1608/1633/6 1611/1636/6 1609/1634/6
f 1126/1130/5 1614/1639/5 1125/1129/5
f 1123/1127/6 1613/1638/6 1124/1128/6
f 1615/1640/5 1616/1641/5 1614/1639/5
f 1620/1645/6 1623/1648/6 1621/1646/6
f 1622/1647/6 1627/1652/6 1623/1648/6
f 1619/1644/5 1624/1649/5 1618/1643/5
f 1625/1650/5 1628/1653/5 1624/1649/5
f 1630/1655/5 1637/1662/5 1631/1656/5
f 1632/1657/6 1635/1660/6 1633/1658/6
f 1633/1658/6 1638/1663/6 1632/1657/6
f 1636/1661/5 1640/1665/5 1637/1662/5
f 1639/1664/6 1694/1725/6 1638/1663/6
f 1641/1666/6 1642/1668/6 1694/1725/6
f 1693/1724/5 1414/1418/5 1640/1665/5
f 1422/1426/5 1674/1700/5 1645/1671/5
f 1424/1428/6 1647/1673/6 1425/1429/6
f 1645/1671/5 1648/1674/5 1644/1670/5
f 1646/1672/6 1650/1676/6 1647/1673/6
f 1649/1675/6 1654/1680/6 1650/1676/6
f 1678/1704/5 1651/1677/5 1648/1674/5
f 1652/1678/5 1655/1681/5 1651/1677/5
f 1653/1679/6 1658/1684/6 1654/1680/6
f 1662/1688/5 1663/1689/5 1661/1687/5
f 1659/1685/6 1666/1692/6 1660/1686/6
f 1664/1690/5 1667/1693/5 1663/1689/5
f 1669/1695/6 1672/1698/6 1670/1696/6
f 1675/1701/6 1423/1427/6 1673/1699/6
f 1647/1673/6 1673/1699/6 1425/1429/6
f 1647/1673/6 1680/1706/6 1675/1701/6
f 1419/1423/5 1676/1702/5 1674/1700/5
f 1674/1700/5 1678/1704/5 1645/1671/5
f 1681/1707/6 1692/1721/6 1683/1709/6
f 1633/1658/6 1683/1709/6 1639/1664/6
f 1637/1662/5 1682/1708/5 1631/1656/5
f 1684/1711/5 1686/1714/5 1682/1708/5
f 1412/1416/5 1688/1717/5 1411/1415/5
f 1690/1719/6 1692/1722/6 1691/1720/6
f 1689/1718/5 1684/1712/5 1688/1717/5
f 1415/1419/6 1699/1732/6 1418/1422/6
f 1413/1417/5 1696/1729/5 1410/1414/5
f 1418/1422/6 1694/1726/6 1642/1667/6
f 1698/1731/6 1703/1736/6 1699/1732/6
f 1697/1730/5 1700/1733/5 1696/1729/5
f 1702/1735/6 1707/1740/6 1703/1736/6
f 1701/1734/5 1704/1737/5 1700/1733/5
f 1719/1752/5 1786/1822/5 1783/1817/5
f 1716/1749/6 1731/1764/6 1717/1750/6
f 1718/1751/6 1730/1763/6 1716/1749/6
f 1711/1744/6 1727/1760/6 1712/1745/6
f 1713/1746/5 1723/1756/5 1715/1748/5
f 1710/1743/5 1729/1762/5 1709/1742/5
f 1736/1769/5 1741/1774/5 1735/1768/5
f 1738/1771/6 1745/1778/6 1739/1772/6
f 1724/1757/5 1735/1768/5 1723/1756/5
f 1732/1765/6 1738/1771/6 1730/1763/6
f 1725/1758/5 1736/1769/5 1724/1757/5
f 1732/1765/6 1781/1814/6 1740/1773/6
f 1740/1773/6 1744/1777/6 1738/1771/6
f 1737/1770/5 1742/1775/5 1736/1769/5
f 1735/1768/5 1747/1780/5 1723/1756/5
f 1748/1781/5 1749/1782/5 1747/1780/5
f 1475/1483/6 1754/1787/6 1481/1490/6
f 1464/1471/5 1751/1784/5 1458/1465/5
f 1755/1788/6 1758/1791/6 1756/1789/6
f 1734/1767/5 1759/1792/5 1733/1766/5
f 1789/1826/6 1763/1796/6 1761/1794/6
f 1502/1514/6 1761/1794/6 1500/1512/6
f 1483/1492/5 1801/1839/5 1484/1493/5
f 1764/1797/5 1769/1802/5 1765/1798/5
f 1762/1795/5 1765/1798/5 1801/1839/5
f 1768/1801/5 1773/1806/5 1769/1802/5
f 1766/1799/6 1767/1800/6 1763/1796/6
f 1774/1807/6 1775/1808/6 1771/1804/6
f 1770/1803/6 1771/1804/6 1767/1800/6
f 1770/1803/6 1792/1830/6 1774/1807/6
f 1776/1809/5 1781/1815/5 1777/1810/5
f 1772/1805/5 1777/1810/5 1773/1806/5
f 1778/1811/6 1779/1812/6 1775/1808/6
f 1782/1816/6 1783/1818/6 1779/1812/6
f 1780/1813/5 1785/1821/5 1781/1815/5
f 1504/1518/6 1789/1827/6 1502/1515/6
f 1484/1493/5 1788/1825/5 1486/1495/5
f 1773/1806/5 1809/1847/5 1769/1802/5
f 1456/1463/5 1795/1833/5 1457/1464/5
f 1794/1832/5 1798/1836/5 1795/1833/5
f 1793/1831/6 1799/1837/6 1796/1834/6
f 1470/1477/5 1803/1841/5 1472/1480/5
f 1806/1844/6 1769/1802/6 1765/1798/6
f 1802/1840/5 1805/1843/5 1803/1841/5
f 1788/1825/6 1765/1798/6 1801/1839/6
f 1804/1842/5 1808/1846/5 1805/1843/5
f 1811/1849/5 1817/1855/5 1813/1851/5
f 1767/1800/6 1810/1848/6 1763/1796/6
f 1764/1797/5 1813/1851/5 1768/1801/5
f 1812/1850/6 1814/1852/6 1810/1848/6
f 1576/1599/5 1818/1856/5 1575/1598/5
f 1819/1857/5 1822/1860/5 1818/1856/5
f 1820/1858/6 1825/1863/6 1821/1859/6
f 1828/1866/6 1833/1871/6 1829/1867/6
f 1824/1862/6 1829/1867/6 1825/1863/6
f 1823/1861/5 1826/1864/5 1822/1860/5
f 1827/1865/5 1830/1868/5 1826/1864/5
f 1831/1869/5 1836/1874/5 1830/1868/5
f 1832/1870/6 1835/1873/6 1833/1871/6
f 1834/1872/5 1838/1876/5 1836/1874/5
f 1837/1875/6 1841/1879/6 1835/1873/6
f 1872/1910/6 1923/1964/6 1873/1911/6
f 1839/1877/5 1842/1880/5 1838/1876/5
f 1840/1878/6 1845/1883/6 1841/1879/6
f 1578/1601/5 1846/1884/5 1577/1600/5
f 1851/1889/5 1854/1892/5 1850/1888/5
f 1847/1885/5 1850/1888/5 1846/1884/5
f 1848/1886/6 1853/1891/6 1849/1887/6
f 1852/1890/6 1857/1895/6 1853/1891/6
f 1856/1894/6 1861/1899/6 1857/1895/6
f 1855/1893/5 1858/1896/5 1854/1892/5
f 1859/1897/5 1862/1900/5 1858/1896/5
f 1860/1898/6 1865/1903/6 1861/1899/6
f 1868/1906/6 1873/1911/6 1869/1907/6
f 1864/1902/6 1869/1907/6 1865/1903/6
f 1863/1901/5 1866/1904/5 1862/1900/5
f 1867/1905/5 1870/1908/5 1866/1904/5
f 1876/1914/6 1881/1919/6 1877/1915/6
f 1529/1550/6 1877/1915/6 1525/1545/6
f 1510/1524/5 1874/1912/5 1515/1531/5
f 1875/1913/5 1878/1916/5 1874/1912/5
f 1879/1917/5 1882/1920/5 1878/1916/5
f 1880/1918/6 1885/1923/6 1881/1919/6
f 1888/1926/6 1893/1931/6 1889/1927/6
f 1883/1921/5 1886/1924/5 1882/1920/5
f 1884/1922/6 1889/1927/6 1885/1923/6
f 1887/1925/5 1890/1928/5 1886/1924/5
f 1891/1929/5 1894/1932/5 1890/1928/5
f 1896/1934/6 1901/1939/6 1897/1935/6
f 1892/1930/6 1897/1935/6 1893/1931/6
f 1895/1933/5 1898/1936/5 1894/1932/5
f 1899/1937/5 1902/1940/5 1898/1936/5
f 1900/1938/6 1906/1946/6 1901/1939/6
f 1903/1941/5 1904/1943/5 1902/1940/5
f 1536/1559/5 1906/1947/5 1537/1560/5
f 1550/1573/6 1909/1950/6 1549/1572/6
f 1910/1951/6 1913/1954/6 1909/1950/6
f 1907/1948/5 1912/1953/5 1908/1949/5
f 1547/1570/5 1915/1956/5 1548/1571/5
f 1557/1580/6 1561/1584/6 1560/1583/6
f 1572/1595/5 1573/1596/5 1569/1592/5
f 1922/1963/6 1926/1967/6 1923/1964/6
f 1843/1881/5 1916/1957/5 1842/1880/5
f 1871/1909/5 1920/1961/5 1870/1908/5
f 1844/1882/6 1919/1960/6 1845/1883/6
f 1918/1959/6 1584/1607/6 1919/1960/6
f 1920/1961/5 1925/1966/5 1580/1603/5
f 1917/1958/5 1924/1965/5 1916/1957/5
f 1477/1486/6 1479/1488/6 1482/1491/6
f 1499/1511/5 1494/1503/5 1492/1501/5
f 1495/1505/6 1498/1509/6 1499/1510/6
f 1515/1532/5 1512/1526/5 1511/1525/5
f 1465/1472/5 1459/1466/5 1463/1470/5
f 1449/1456/6 1451/1458/6 1448/1455/6
f 1437/1441/6 1440/1445/6 1438/1443/6
f 1435/1439/5 1437/1442/5 1439/1444/5
f 1708/1741/6 1429/1433/6 1426/1430/6
f 1539/1562/5 1541/1564/5 1538/1561/5
f 1527/1547/6 1523/1542/6 1522/1541/6
f 1528/1549/5 1524/1544/5 1526/1546/5
f 1512/1527/6 1513/1528/6 1514/1529/6
f 1545/1568/5 1542/1565/5 1544/1567/5
f 1530/1552/6 1533/1556/6 1532/1555/6
f 1531/1554/5 1534/1557/5 1530/1551/5
f 1518/1535/6 1517/1534/6 1516/1533/6
f 1503/1516/6 1502/1515/6 1501/1513/6
f 1520/1539/5 1519/1538/5 1904/1942/5
f 1487/1496/6 1490/1499/6 1488/1497/6
f 1506/1520/5 1507/1521/5 1505/1519/5
f 1470/1478/5 1471/1479/5 1469/1476/5
f 1446/1453/6 1443/1449/6 1442/1447/6
f 1454/1461/6 1453/1460/6 1452/1459/6
f 1444/1451/5 1443/1450/5 1442/1448/5
f 1432/1436/6 1428/1432/6 1434/1438/6
f 1927/1968/6 1930/1971/6 1928/1969/6
f 1932/1973/7 1591/1615/7 1931/1972/7
f 1122/1126/5 1108/1112/5 1107/1111/5
f 1132/1136/5 1145/1149/5 1144/1148/5
f 1127/1131/6 1141/1145/6 1142/1146/6
f 1114/1118/5 1138/1142/5 1140/1144/5
f 1131/1135/5 1144/1148/5 1135/1139/5
f 1134/1138/5 1140/1144/5 1146/1150/5
f 1110/1114/5 1119/1123/5 1118/1122/5
f 1119/1123/5 1120/1124/5 1117/1121/5
f 1120/1124/5 1121/1125/5 1116/1120/5
f 1121/1125/5 1122/1126/5 1115/1119/5
f 1141/1145/6 1153/1157/6 1154/1158/6
f 1144/1148/5 1156/1160/5 1147/1151/5
f 1140/1144/5 1152/1156/5 1158/1162/5
f 1136/1140/6 1148/1152/6 1153/1157/6
f 1128/1132/6 1142/1146/6 1143/1147/6
f 1133/1137/5 1146/1150/5 1145/1149/5
f 1129/1133/6 1143/1147/6 1139/1143/6
f 1130/1134/6 1139/1143/6 1137/1141/6
f 1112/1116/6 1136/1140/6 1141/1145/6
f 1156/1160/5 1168/1172/5 1159/1163/5
f 1152/1156/5 1164/1168/5 1170/1174/5
f 1148/1152/6 1160/1164/6 1165/1169/6
f 1155/1159/6 1167/1171/6 1163/1167/6
f 1139/1143/6 1151/1155/6 1149/1153/6
f 1145/1149/5 1157/1161/5 1156/1160/5
f 1142/1146/6 1154/1158/6 1155/1159/6
f 1138/1142/5 1150/1154/5 1152/1156/5
f 1146/1150/5 1158/1162/5 1157/1161/5
f 1143/1147/6 1155/1159/6 1151/1155/6
f 1164/1168/5 1176/1180/5 1182/1186/5
f 1160/1164/6 1172/1176/6 1177/1181/6
f 1167/1171/6 1179/1183/6 1175/1179/6
f 1153/1157/6 1165/1169/6 1166/1170/6
f 1151/1155/6 1163/1167/6 1161/1165/6
f 1157/1161/5 1169/1173/5 1168/1172/5
f 1154/1158/6 1166/1170/6 1167/1171/6
f 1150/1154/5 1162/1166/5 1164/1168/5
f 1158/1162/5 1170/1174/5 1169/1173/5
f 1176/1180/5 1188/1192/5 1194/1198/5
f 1172/1176/6 1184/1188/6 1189/1193/6
f 1179/1183/6 1191/1195/6 1187/1191/6
f 1182/1186/5 1194/1198/5 1193/1197/5
f 1168/1172/5 1180/1184/5 1171/1175/5
f 1165/1169/6 1177/1181/6 1178/1182/6
f 1163/1167/6 1175/1179/6 1173/1177/6
f 1169/1173/5 1181/1185/5 1180/1184/5
f 1166/1170/6 1178/1182/6 1179/1183/6
f 1162/1166/5 1174/1178/5 1176/1180/5
f 1170/1174/5 1182/1186/5 1181/1185/5
f 1184/1188/6 1196/1200/6 1201/1205/6
f 1191/1195/6 1203/1207/6 1199/1203/6
f 1194/1198/5 1206/1210/5 1205/1209/5
f 1186/1190/5 1198/1202/5 1200/1204/5
f 1180/1184/5 1192/1196/5 1183/1187/5
f 1177/1181/6 1189/1193/6 1190/1194/6
f 1175/1179/6 1187/1191/6 1185/1189/6
f 1181/1185/5 1193/1197/5 1192/1196/5
f 1178/1182/6 1190/1194/6 1191/1195/6
f 1174/1178/5 1186/1190/5 1188/1192/5
f 1188/1192/5 1200/1204/5 1206/1210/5
f 1192/1196/5 1204/1208/5 1195/1199/5
f 1189/1193/6 1201/1205/6 1202/1206/6
f 1187/1191/6 1199/1203/6 1197/1201/6
f 1193/1197/5 1205/1209/5 1204/1208/5
f 1190/1194/6 1202/1206/6 1203/1207/6
f 1235/1239/6 1269/1273/6 1283/1287/6
f 1226/1230/5 1228/1232/5 1227/1231/5
f 1222/1226/5 1230/1234/5 1229/1233/5
f 1221/1225/5 1229/1233/5 1228/1232/5
f 1224/1228/5 1232/1236/5 1231/1235/5
f 1225/1229/5 1227/1231/5 1232/1236/5
f 1263/1267/6 1266/1270/6 1267/1271/6
f 1268/1272/6 1287/1291/6 1286/1290/6
f 1214/1218/5 1213/1217/5 1211/1215/5
f 1207/1211/6 1209/1213/6 1210/1214/6
f 1244/1248/5 1247/1251/5 1243/1247/5
f 1216/1220/6 1218/1222/6 1217/1221/6
f 1233/1237/6 1236/1240/6 1237/1241/6
f 1246/1250/5 1245/1249/5 1241/1245/5
f 1248/1252/6 1252/1256/6 1253/1257/6
f 1261/1265/5 1260/1264/5 1258/1262/5
f 1254/1258/6 1256/1260/6 1257/1261/6
f 1239/1243/6 1272/1276/6 1271/1275/6
f 1276/1280/6 1280/1284/6 1279/1283/6
f 1272/1276/6 1276/1280/6 1275/1279/6
f 1283/1287/5 1273/1277/5 1274/1278/5
f 1273/1277/5 1277/1281/5 1278/1282/5
f 1219/1223/5 1281/1285/5 1282/1286/5
f 1287/1291/6 1291/1295/6 1290/1294/6
f 1265/1269/5 1284/1288/5 1285/1289/5
f 1284/1288/5 1288/1292/5 1289/1293/5
f 1251/1255/6 1295/1299/6 1294/1298/6
f 1241/1245/5 1292/1296/5 1293/1297/5
f 1292/1296/5 1296/1300/5 1297/1301/5
f 1295/1299/6 1299/1303/6 1298/1302/6
f 1296/1300/5 1300/1304/5 1301/1305/5
f 1299/1303/6 1303/1307/6 1302/1306/6
f 1303/1307/6 1307/1311/6 1306/1310/6
f 1300/1304/5 1304/1308/5 1305/1309/5
f 1304/1308/5 1308/1312/5 1309/1313/5
f 1307/1311/6 1311/1315/6 1310/1314/6
f 1317/1321/6 1319/1323/6 1320/1324/6
f 1324/1328/6 1326/1330/6 1322/1326/6
f 1323/1327/6 1325/1329/6 1326/1330/6
f 1323/1327/6 1329/1333/6 1316/1320/6
f 1313/1317/5 1328/1332/5 1327/1331/5
f 1315/1319/5 1330/1334/5 1331/1335/5
f 1333/1337/5 1335/1339/5 1334/1338/5
f 1335/1339/5 1337/1341/5 1336/1340/5
f 1337/1341/5 1339/1343/5 1338/1342/5
f 1339/1343/5 1341/1345/5 1340/1344/5
f 1348/1352/6 1375/1379/6 1374/1378/6
f 1360/1364/6 1405/1409/6 1402/1406/6
f 1376/1380/5 1382/1386/5 1378/1382/5
f 1351/1355/6 1367/1371/6 1377/1381/6
f 1344/1348/5 1376/1380/5 1366/1370/5
f 1352/1356/6 1371/1375/6 1367/1371/6
f 1345/1349/5 1366/1370/5 1370/1374/5
f 1346/1350/5 1370/1374/5 1369/1373/5
f 1353/1357/6 1368/1372/6 1371/1375/6
f 1343/1347/5 1372/1376/5 1373/1377/5
f 1371/1375/6 1381/1385/6 1379/1383/6
f 1350/1354/6 1377/1381/6 1375/1379/6
f 1342/1346/5 1373/1377/5 1376/1380/5
f 1379/1383/6 1387/1391/6 1389/1393/6
f 1373/1377/5 1383/1387/5 1382/1386/5
f 1367/1371/6 1379/1383/6 1384/1388/6
f 1377/1381/6 1384/1388/6 1385/1389/6
f 1366/1370/5 1378/1382/5 1380/1384/5
f 1382/1386/5 1388/1392/5 1386/1390/5
f 1363/1367/6 1392/1396/6 1393/1397/6
f 1356/1360/5 1391/1395/5 1390/1394/5
f 1365/1369/6 1397/1401/6 1394/1398/6
f 1358/1362/5 1395/1399/5 1396/1400/5
f 1395/1399/5 1399/1403/5 1400/1404/5
f 1397/1401/6 1401/1405/6 1398/1402/6
f 1355/1359/5 1403/1407/5 1404/1408/5
f 1403/1407/5 1407/1411/5 1408/1412/5
f 1405/1409/6 1409/1413/6 1406/1410/6
f 1695/1727/5 1693/1723/5 1697/1730/5
f 1416/1420/6 1690/1719/6 1691/1720/6
f 1422/1426/5 1645/1671/5 1644/1670/5
f 1498/1508/5 1720/1753/5 1719/1752/5
f 1730/1763/6 1738/1771/6 1739/1772/6
f 1431/1435/5 1710/1743/5 1709/1742/5
f 1474/1482/6 1793/1831/6 1796/1834/6
f 1476/1484/6 1716/1749/6 1717/1750/6
f 1513/1528/6 1721/1754/6 1722/1755/6
f 1482/1491/6 1718/1751/6 1716/1749/6
f 1460/1467/5 1713/1746/5 1715/1748/5
f 1440/1445/6 1711/1744/6 1712/1745/6
f 1461/1468/5 1714/1747/5 1713/1746/5
f 1714/1747/5 1725/1758/5 1724/1757/5
f 1547/1570/6 1908/1949/6 1907/1948/6
f 1581/1604/6 1820/1858/6 1821/1859/6
f 1583/1606/6 1848/1886/6 1849/1887/6
f 1591/1614/6 1592/1616/6 1593/1618/6
f 1588/1611/6 1597/1622/6 1590/1613/6
f 1597/1622/6 1598/1623/6 1596/1621/6
f 1598/1623/6 1599/1624/6 1595/1620/6
f 1599/1624/6 1591/1614/6 1594/1619/6
f 1601/1626/6 1603/1628/6 1602/1627/6
f 1600/1625/6 1604/1629/6 1605/1630/6
f 1604/1629/6 1606/1631/6 1607/1632/6
f 1606/1631/6 1608/1633/6 1609/1634/6
f 1608/1633/6 1610/1635/6 1611/1636/6
f 1126/1130/5 1615/1640/5 1614/1639/5
f 1123/1127/6 1612/1637/6 1613/1638/6
f 1615/1640/5 1617/1642/5 1616/1641/5
f 1620/1645/6 1622/1647/6 1623/1648/6
f 1622/1647/6 1626/1651/6 1627/1652/6
f 1619/1644/5 1625/1650/5 1624/1649/5
f 1625/1650/5 1629/1654/5 1628/1653/5
f 1630/1655/5 1636/1661/5 1637/1662/5
f 1632/1657/6 1634/1659/6 1635/1660/6
f 1633/1658/6 1639/1664/6 1638/1663/6
f 1636/1661/5 1693/1724/5 1640/1665/5
f 1639/1664/6 1641/1666/6 1694/1725/6
f 1641/1666/6 1643/1669/6 1642/1668/6
f 1693/1724/5 1695/1728/5 1414/1418/5
f 1422/1426/5 1419/1423/5 1674/1700/5
f 1424/1428/6 1646/1672/6 1647/1673/6
f 1645/1671/5 1678/1704/5 1648/1674/5
f 1646/1672/6 1649/1675/6 1650/1676/6
f 1649/1675/6 1653/1679/6 1654/1680/6
f 1678/1704/5 1652/1678/5 1651/1677/5
f 1652/1678/5 1656/1682/5 1655/1681/5
f 1653/1679/6 1657/1683/6 1658/1684/6
f 1662/1688/5 1664/1690/5 1663/1689/5
f 1659/1685/6 1665/1691/6 1666/1692/6
f 1664/1690/5 1668/1694/5 1667/1693/5
f 1669/1695/6 1671/1697/6 1672/1698/6
f 1675/1701/6 1677/1703/6 1423/1427/6
f 1647/1673/6 1675/1701/6 1673/1699/6
f 1647/1673/6 1650/1676/6 1680/1706/6
f 1419/1423/5 1420/1424/5 1676/1702/5
f 1674/1700/5 1679/1705/5 1678/1704/5
f 1681/1707/6 1685/1713/6 1692/1721/6
f 1633/1658/6 1681/1707/6 1683/1709/6
f 1637/1662/5 1684/1711/5 1682/1708/5
f 1684/1711/5 1687/1715/5 1686/1714/5
f 1412/1416/5 1689/1718/5 1688/1717/5
f 1690/1719/6 1683/1710/6 1692/1722/6
f 1689/1718/5 1687/1716/5 1684/1712/5
f 1415/1419/6 1698/1731/6 1699/1732/6
f 1413/1417/5 1697/1730/5 1696/1729/5
f 1418/1422/6 1699/1732/6 1694/1726/6
f 1698/1731/6 1702/1735/6 1703/1736/6
f 1697/1730/5 1701/1734/5 1700/1733/5
f 1702/1735/6 1706/1739/6 1707/1740/6
f 1701/1734/5 1705/1738/5 1704/1737/5
f 1719/1752/5 1720/1753/5 1786/1822/5
f 1716/1749/6 1730/1763/6 1731/1764/6
f 1718/1751/6 1732/1765/6 1730/1763/6
f 1711/1744/6 1726/1759/6 1727/1760/6
f 1713/1746/5 1724/1757/5 1723/1756/5
f 1710/1743/5 1728/1761/5 1729/1762/5
f 1736/1769/5 1742/1775/5 1741/1774/5
f 1738/1771/6 1744/1777/6 1745/1778/6
f 1724/1757/5 1736/1769/5 1735/1768/5
f 1732/1765/6 1740/1773/6 1738/1771/6
f 1725/1758/5 1737/1770/5 1736/1769/5
f 1732/1765/6 1785/1820/6 1781/1814/6
f 1740/1773/6 1746/1779/6 1744/1777/6
f 1737/1770/5 1743/1776/5 1742/1775/5
f 1735/1768/5 1748/1781/5 1747/1780/5
f 1748/1781/5 1750/1783/5 1749/1782/5
f 1475/1483/6 1753/1786/6 1754/1787/6
f 1464/1471/5 1752/1785/5 1751/1784/5
f 1755/1788/6 1757/1790/6 1758/1791/6
f 1734/1767/5 1760/1793/5 1759/1792/5
f 1789/1826/6 1766/1799/6 1763/1796/6
f 1502/1514/6 1789/1826/6 1761/1794/6
f 1483/1492/5 1762/1795/5 1801/1839/5
f 1764/1797/5 1768/1801/5 1769/1802/5
f 1762/1795/5 1764/1797/5 1765/1798/5
f 1768/1801/5 1772/1805/5 1773/1806/5
f 1766/1799/6 1770/1803/6 1767/1800/6
f 1774/1807/6 1778/1811/6 1775/1808/6
f 1770/1803/6 1774/1807/6 1771/1804/6
f 1770/1803/6 1790/1828/6 1792/1830/6
f 1776/1809/5 1780/1813/5 1781/1815/5
f 1772/1805/5 1776/1809/5 1777/1810/5
f 1778/1811/6 1782/1816/6 1779/1812/6
f 1782/1816/6 1786/1823/6 1783/1818/6
f 1780/1813/5 1784/1819/5 1785/1821/5
f 1504/1518/6 1787/1824/6 1789/1827/6
f 1484/1493/5 1801/1839/5 1788/1825/5
f 1773/1806/5 1791/1829/5 1809/1847/5
f 1456/1463/5 1794/1832/5 1795/1833/5
f 1794/1832/5 1797/1835/5 1798/1836/5
f 1793/1831/6 1800/1838/6 1799/1837/6
f 1470/1477/5 1802/1840/5 1803/1841/5
f 1806/1844/6 1809/1847/6 1769/1802/6
f 1802/1840/5 1804/1842/5 1805/1843/5
f 1788/1825/6 1806/1844/6 1765/1798/6
f 1804/1842/5 1807/1845/5 1808/1846/5
f 1811/1849/5 1815/1853/5 1817/1855/5
f 1767/1800/6 1812/1850/6 1810/1848/6
f 1764/1797/5 1811/1849/5 1813/1851/5
f 1812/1850/6 1816/1854/6 1814/1852/6
f 1576/1599/5 1819/1857/5 1818/1856/5
f 1819/1857/5 1823/1861/5 1822/1860/5
f 1820/1858/6 1824/1862/6 1825/1863/6
f 1828/1866/6 1832/1870/6 1833/1871/6
f 1824/1862/6 1828/1866/6 1829/1867/6
f 1823/1861/5 1827/1865/5 1826/1864/5
f 1827/1865/5 1831/1869/5 1830/1868/5
f 1831/1869/5 1834/1872/5 1836/1874/5
f 1832/1870/6 1837/1875/6 1835/1873/6
f 1834/1872/5 1839/1877/5 1838/1876/5
f 1837/1875/6 1840/1878/6 1841/1879/6
f 1872/1910/6 1922/1963/6 1923/1964/6
f 1839/1877/5 1843/1881/5 1842/1880/5
f 1840/1878/6 1844/1882/6 1845/1883/6
f 1578/1601/5 1847/1885/5 1846/1884/5
f 1851/1889/5 1855/1893/5 1854/1892/5
f 1847/1885/5 1851/1889/5 1850/1888/5
f 1848/1886/6 1852/1890/6 1853/1891/6
f 1852/1890/6 1856/1894/6 1857/1895/6
f 1856/1894/6 1860/1898/6 1861/1899/6
f 1855/1893/5 1859/1897/5 1858/1896/5
f 1859/1897/5 1863/1901/5 1862/1900/5
f 1860/1898/6 1864/1902/6 1865/1903/6
f 1868/1906/6 1872/1910/6 1873/1911/6
f 1864/1902/6 1868/1906/6 1869/1907/6
f 1863/1901/5 1867/1905/5 1866/1904/5
f 1867/1905/5 1871/1909/5 1870/1908/5
f 1876/1914/6 1880/1918/6 1881/1919/6
f 1529/1550/6 1876/1914/6 1877/1915/6
f 1510/1524/5 1875/1913/5 1874/1912/5
f 1875/1913/5 1879/1917/5 1878/1916/5
f 1879/1917/5 1883/1921/5 1882/1920/5
f 1880/1918/6 1884/1922/6 1885/1923/6
f 1888/1926/6 1892/1930/6 1893/1931/6
f 1883/1921/5 1887/1925/5 1886/1924/5
f 1884/1922/6 1888/1926/6 1889/1927/6
f 1887/1925/5 1891/1929/5 1890/1928/5
f 1891/1929/5 1895/1933/5 1894/1932/5
f 1896/1934/6 1900/1938/6 1901/1939/6
f 1892/1930/6 1896/1934/6 1897/1935/6
f 1895/1933/5 1899/1937/5 1898/1936/5
f 1899/1937/5 1903/1941/5 1902/1940/5
f 1900/1938/6 1905/1944/6 1906/1946/6
f 1903/1941/5 1521/1540/5 1904/1943/5
f 1536/1559/5 1905/1945/5 1906/1947/5
f 1550/1573/6 1910/1951/6 1909/1950/6
f 1910/1951/6 1914/1955/6 1913/1954/6
f 1907/1948/5 1911/1952/5 1912/1953/5
f 1547/1570/5 1908/1949/5 1915/1956/5
f 1552/1575/6 1554/1577/6 1553/1576/6
f 1551/1574/8 1555/1578/8 1557/1580/8
f 1552/1575/6 1553/1576/6 1551/1574/6
f 1560/1583/9 1558/1581/9 1556/1579/9
f 1556/1579/6 1552/1575/6 1551/1574/6
f 1557/1580/8 1559/1582/8 1561/1584/8
f 1556/1579/6 1551/1574/6 1557/1580/6
f 1561/1584/6 1562/1585/6 1560/1583/6
f 1560/1583/6 1556/1579/6 1557/1580/6
f 1565/1588/5 1566/1589/5 1564/1587/5
f 1568/1591/8 1570/1593/8 1572/1595/8
f 1565/1588/5 1564/1587/5 1568/1591/5
f 1569/1592/8 1567/1590/8 1563/1586/8
f 1563/1586/5 1565/1588/5 1568/1591/5
f 1572/1595/5 1574/1597/5 1573/1596/5
f 1563/1586/5 1568/1591/5 1572/1595/5
f 1573/1596/8 1571/1594/8 1569/1592/8
f 1569/1592/5 1563/1586/5 1572/1595/5
f 1922/1963/6 1587/1610/6 1926/1967/6
f 1843/1881/5 1917/1958/5 1916/1957/5
f 1871/1909/5 1921/1962/5 1920/1961/5
f 1844/1882/6 1918/1959/6 1919/1960/6
f 1918/1959/6 1586/1609/6 1584/1607/6
f 1920/1961/5 1921/1962/5 1925/1966/5
f 1917/1958/5 1579/1602/5 1924/1965/5
f 1482/1491/9 1476/1484/9 1477/1486/9
f 1477/1486/6 1478/1487/6 1479/1488/6
f 1479/1488/6 1480/1489/6 1482/1491/6
f 1492/1501/8 1491/1500/8 1499/1511/8
f 1499/1511/5 1495/1504/5 1494/1503/5
f 1494/1503/5 1493/1502/5 1492/1501/5
f 1495/1505/6 1496/1506/6 1498/1509/6
f 1515/1532/5 1514/1530/5 1512/1526/5
f 1463/1470/5 1462/1469/5 1466/1473/5
f 1465/1472/5 1464/1471/5 1459/1466/5
f 1463/1470/5 1466/1473/5 1465/1472/5
f 1449/1456/6 1450/1457/6 1451/1458/6
f 1437/1441/6 1439/1444/6 1440/1445/6
f 1435/1439/5 1436/1440/5 1437/1442/5
f 1708/1741/6 1430/1434/6 1429/1433/6
f 1539/1562/5 1540/1563/5 1541/1564/5
f 1527/1547/6 1524/1543/6 1523/1542/6
f 1528/1549/5 1527/1548/5 1524/1544/5
f 1512/1527/6 1509/1523/6 1513/1528/6
f 1545/1568/5 1543/1566/5 1542/1565/5
f 1530/1552/6 1531/1553/6 1533/1556/6
f 1531/1554/5 1535/1558/5 1534/1557/5
f 1518/1535/6 1519/1537/6 1517/1534/6
f 1503/1516/6 1504/1518/6 1502/1515/6
f 1520/1539/5 1518/1536/5 1519/1538/5
f 1488/1497/6 1486/1495/6 1485/1494/6
f 1487/1496/6 1489/1498/6 1490/1499/6
f 1488/1497/6 1485/1494/6 1487/1496/6
f 1505/1519/5 1503/1517/5 1504/1518/5
f 1506/1520/5 1508/1522/5 1507/1521/5
f 1505/1519/5 1504/1518/5 1506/1520/5
f 1469/1476/5 1467/1474/5 1468/1475/5
f 1470/1478/5 1472/1480/5 1471/1479/5
f 1469/1476/5 1468/1475/5 1470/1478/5
f 1446/1453/6 1447/1454/6 1443/1449/6
f 1454/1461/6 1455/1462/6 1453/1460/6
f 1444/1451/5 1445/1452/5 1443/1450/5
f 1432/1436/6 1433/1437/6 1428/1432/6
f 1927/1968/6 1929/1970/6 1930/1971/6
f 1932/1973/7 1592/1617/7 1591/1615/7
g INSTAKILL.001_Mesh
v -2.500000 0.000000 30.000000
v -2.500000 1.000000 30.000000
v -2.500000 0.000000 0.000000
v -2.500000 1.000000 0.000000
v 2.500000 0.000000 30.000000
v 2.500000 1.000000 30.000000
v 2.500000 0.000000 0.000000
v 2.500000 1.000000 0.000000
v -2.500000 0.000000 1.000000
v -2.500000 0.000000 2.000000
v -2.500000 0.000000 3.000000
v -2.500000 0.000000 4.000000
v -2.500000 0.000000 5.000000
v -2.500000 0.000000 6.000000
v -2.500000 0.000000 7.000000
v -2.500000 0.000000 8.000000
v -2.500000 0.000000 9.000000
v -2.500000 0.000000 10.000000
v -2.500000 0.000000 11.000000
v -2.500000 0.000000 11.999999
v -2.500000 0.000000 12.999999
v -2.500000 0.000000 13.999999
v -2.500000 0.000000 14.999999
v -2.500000 0.000000 15.999999
v -2.500000 0.000000 17.000000
v -2.500000 0.000000 18.000000
v -2.500000 0.000000 19.000000
v -2.500000 0.000000 20.000000
v -2.500000 0.000000 21.000000
v -2.500000 0.000000 22.000000
v -2.500000 0.000000 23.000000
v -2.500000 0.000000 24.000000
v -2.500000 0.000000 25.000000
v -2.500000 0.000000 26.000000
v -2.500000 0.000000 27.000000
v -2.500000 0.000000 28.000000
v -2.500000 0.000000 29.000000
v -2.500000 1.000000 29.000000
v -2.500000 1.000000 28.000000
v -2.500000 1.000000 27.000000
v -2.500000 1.000000 26.000000
v -2.500000 1.000000 25.000000
v -2.500000 1.000000 24.000000
v -2.500000 1.000000 23.000000
v -2.500000 1.000000 22.000000
v -2.500000 1.000000 21.000000
v -2.500000 1.000000 20.000000
v -2.500000 1.000000 19.000000
v -2.500000 1.000000 18.000000
v -2.500000 1.000000 17.000000
v -2.500000 1.000000 16.000000
v -2.500000 1.000000 15.000001
v -2.500000 1.000000 14.000001
v -2.500000 1.000000 13.000001
v -2.500000 1.000000 12.000001
v -2.500000 1.000000 11.000000
v -2.500000 1.000000 10.000000
v -2.500000 1.000000 9.000000
v -2.500000 1.000000 8.000000
v -2.500000 1.000000 7.000000
v -2.500000 1.000000 6.000001
v -2.500000 1.000000 5.000001
v -2.500000 1.000000 4.000001
v -2.500000 1.000000 3.000001
v -2.500000 1.000000 2.000001
v -2.500000 1.000000 1.000001
v 2.500000 0.000000 29.000000
v 2.500000 0.000000 28.000000
v 2.500000 0.000000 27.000000
v 2.500000 0.000000 26.000000
v 2.500000 0.000000 25.000000
v 2.500000 0.000000 24.000000
v 2.500000 0.000000 23.000000
v 2.500000 0.000000 22.000000
v 2.500000 0.000000 21.000000
v 2.500000 0.000000 20.000000
v 2.500000 0.000000 19.000000
v 2.500000 0.000000 18.000000
v 2.500000 0.000000 17.000000
v 2.500000 0.000000 16.000000
v 2.500000 0.000000 15.000001
v 2.500000 0.000000 14.000001
v 2.500000 0.000000 13.000001
v 2.500000 0.000000 12.000001
v 2.500000 0.000000 11.000000
v 2.500000 0.000000 10.000000
v 2.500000 0.000000 9.000000
v 2.500000 0.000000 8.000000
v 2.500000 0.000000 7.000000
v 2.500000 0.000000 6.000001
v 2.500000 0.000000 5.000001
v 2.500000 0.000000 4.000001
v 2.500000 0.000000 3.000001
v 2.500000 0.000000 2.000001
v 2.500000 0.000000 1.000001
v 2.500000 1.000000 1.000000
v 2.500000 1.000000 2.000000
v 2.500000 1.000000 3.000000
v 2.500000 1.000000 4.000000
v 2.500000 1.000000 5.000000
v 2.500000 1.000000 6.000000
v 2.500000 1.000000 7.000000
v 2.500000 1.000000 8.000000
v 2.500000 1.000000 9.000000
v 2.500000 1.000000 10.000000
v 2.500000 1.000000 11.000000
v 2.500000 1.000000 11.999999
v 2.500000 1.000000 12.999999
v 2.500000 1.000000 13.999999
v 2.500000 1.000000 14.999999
v 2.500000 1.000000 15.999999
v 2.500000 1.000000 17.000000
v 2.500000 1.000000 18.000000
v 2.500000 1.000000 19.000000
v 2.500000 1.000000 20.000000
v 2.500000 1.000000 21.000000
v 2.500000 1.000000 22.000000
v 2.500000 1.000000 23.000000
v 2.500000 1.000000 24.000000
v 2.500000 1.000000 25.000000
v 2.500000 1.000000 26.000000
v 2.500000 1.000000 27.000000
v 2.500000 1.000000 28.000000
v 2.500000 1.000000 29.000000
v -0.500000 1.000000 6.000001
v 0.500000 1.000000 6.000001
v -0.500000 1.000000 7.000000
v 0.500000 1.000000 7.000000
v -2.500000 2.000000 26.000000
v -2.500000 2.000000 25.000000
v 2.500000 2.000000 25.000000
v 2.500000 2.000000 26.000000
v -2.500000 3.000000 26.000000
v -2.500000 3.000000 25.000000
v 2.500000 3.000000 25.000000
v 2.500000 3.000000 26.000000
v -2.500000 4.000000 26.000000
v -2.500000 4.000000 25.000000
v 2.500000 4.000000 25.000000
v 2.500000 4.000000 26.000000
v -2.500000 5.000000 26.000000
v -2.500000 5.000000 25.000000
v 2.500000 5.000000 25.000000
v 2.500000 5.000000 26.000000
v -2.500000 6.000000 26.000000
v -2.500000 6.000000 25.000000
v 2.500000 6.000000 25.000000
v 2.500000 6.000000 26.000000
v -2.500000 7.000000 26.000000
v -2.500000 7.000000 25.000000
v 2.500000 7.000000 25.000000
v 2.500000 7.000000 26.000000
v -2.500000 10.000000 26.000000
v -2.500000 10.000000 25.000000
v 2.500000 10.000000 25.000000
v 2.500000 10.000000 26.000000
v -2.500000 11.000000 26.000000
v -2.500000 11.000000 25.000000
v 2.500000 11.000000 25.000000
v 2.500000 11.000000 26.000000
v 2.500000 10.000000 24.000000
v -2.500000 10.000000 24.000000
v 2.500000 11.000000 24.000000
v -2.500000 11.000000 24.000000
v 2.500000 10.000000 23.000000
v -2.500000 10.000000 23.000000
v -0.500000 10.000000 23.000000
v 0.500000 10.000000 23.000000
v 2.500000 11.000000 23.000000
v -2.500000 11.000000 23.000000
v -0.500000 11.000000 23.000000
v 0.500000 11.000000 23.000000
v 2.500000 10.000000 27.000000
v -2.500000 10.000000 27.000000
v 2.500000 11.000000 27.000000
v -2.500000 11.000000 27.000000
v 2.500000 10.000000 28.000000
v -2.500000 10.000000 28.000000
v 2.500000 11.000000 28.000000
v -2.500000 11.000000 28.000000
v 2.500000 10.000000 22.000000
v -2.500001 10.000000 22.000000
v -0.500001 10.000000 22.000000
v 0.499999 10.000000 22.000000
v 2.500000 11.000000 22.000000
v -2.500001 11.000000 22.000000
v -0.500001 11.000000 22.000000
v 0.499999 11.000000 22.000000
v 2.500000 10.000000 21.000000
v -2.500001 10.000000 21.000000
v -0.500001 10.000000 21.000000
v 0.499999 10.000000 21.000000
v 2.500000 11.000000 21.000000
v -2.500001 11.000000 21.000000
v -0.500001 11.000000 21.000000
v 0.499999 11.000000 21.000000
v 2.499999 10.000000 20.000000
v -2.500001 10.000000 20.000000
v -0.500001 10.000000 20.000000
v 0.499999 10.000000 20.000000
v 2.499999 11.000000 20.000000
v -2.500001 11.000000 20.000000
v -0.500001 11.000000 20.000000
v 0.499999 11.000000 20.000000
v 2.499999 10.000000 19.000000
v -2.500002 10.000000 19.000000
v 2.499999 11.000000 19.000000
v -2.500002 11.000000 19.000000
v 1.499999 10.000000 18.000000
v 2.499999 10.000000 18.000000
v -2.500002 10.000000 18.000000
v 0.499999 10.000000 18.000000
v 1.499999 11.000000 18.000000
v 2.499999 11.000000 18.000000
v -2.500002 11.000000 18.000000
v 0.499999 11.000000 18.000000
v 2.499999 10.000000 17.000000
v -2.500002 10.000000 17.000000
v -1.500001 10.000000 17.000000
v -0.500002 10.000000 17.000000
v 0.499999 10.000000 17.000000
v 2.499999 11.000000 17.000000
v -2.500002 11.000000 17.000000
v 0.499999 11.000000 17.000000
v 2.500001 10.000000 29.000000
v -2.500000 10.000000 29.000000
v 2.500001 11.000000 29.000000
v -2.500000 11.000000 29.000000
v 2.500001 10.000000 30.000000
v -2.500000 10.000000 30.000000
v 2.500001 11.000000 30.000000
v -2.500000 11.000000 30.000000
v 2.499999 10.000000 16.000000
v -2.500003 10.000000 16.000000
v -1.500001 10.000000 16.000000
v -0.500002 10.000000 16.000000
v 0.499998 10.000000 16.000000
v 2.499999 11.000000 16.000000
v -2.500003 11.000000 16.000000
v -1.500001 11.000000 16.000000
v 0.499998 11.000000 16.000000
v 2.499999 10.000000 15.000000
v -1.500002 10.000000 15.000001
v -0.500002 10.000000 15.000001
v 0.499998 10.000000 15.000001
v 2.499999 11.000000 15.000000
v 0.499998 11.000000 15.000001
v 1.499998 10.000000 14.000000
v 2.499998 10.000000 14.000000
v -2.500003 10.000000 14.000001
v -1.500002 10.000000 14.000001
v 0.499998 10.000000 14.000001
v 1.499998 11.000000 14.000000
v 2.499998 11.000000 14.000000
v -2.500003 11.000000 14.000001
v -1.500002 11.000000 14.000001
v 0.499998 11.000000 14.000001
v 1.499998 10.000000 13.000000
v 2.499998 10.000000 13.000000
v -2.500004 10.000000 13.000001
v -1.500002 10.000000 13.000001
v 1.499998 11.000000 13.000000
v 2.499998 11.000000 13.000000
v -2.500004 11.000000 13.000001
v -2.500004 10.000000 12.000001
v -0.500002 10.000000 12.000001
v 0.499998 10.000000 12.000001
v -2.500004 11.000000 12.000001
v -0.500002 11.000000 12.000001
v 0.499998 11.000000 12.000001
v 1.499998 10.000000 11.000000
v 2.499998 10.000000 11.000000
v -2.500004 10.000000 11.000001
v 1.499998 11.000000 11.000000
v 2.499998 11.000000 11.000000
v -2.500004 11.000000 11.000001
v 1.499998 10.000000 10.000000
v 2.499998 10.000000 10.000000
v -2.500005 10.000000 10.000001
v -1.500002 10.000000 10.000001
v 0.499997 10.000000 10.000001
v 2.499998 11.000000 10.000000
v -2.500005 11.000000 10.000001
v -1.500002 11.000000 10.000001
v 1.499998 10.000000 9.000000
v 2.499998 10.000000 9.000000
v -0.500002 9.000000 16.000000
v -1.500002 10.000000 9.000001
v -0.500003 10.000000 9.000001
v 0.499997 10.000000 9.000001
v 1.499998 11.000000 9.000000
v 2.499998 11.000000 9.000000
v -1.500002 11.000000 9.000001
v -0.500003 11.000000 9.000001
v 0.499997 11.000000 9.000001
v -1.500002 9.000000 15.000001
v -0.500002 9.000000 15.000001
v -1.500001 8.000000 16.000000
v -0.500002 8.000000 16.000000
v -1.500002 8.000000 15.000001
v -0.500002 8.000000 15.000001
v -1.500001 7.000000 16.000000
v -0.500002 7.000000 16.000000
v -1.500002 7.000000 15.000001
v -0.500002 7.000000 15.000001
v -1.500001 9.000000 17.000000
v -0.500002 9.000000 17.000000
v -1.500001 9.000000 16.000000
v 0.499997 9.000000 10.000001
v 1.499998 9.000000 10.000000
v 0.499997 9.000000 9.000001
v 1.499998 9.000000 9.000000
v 0.499997 8.000000 10.000001
v 1.499998 8.000000 10.000000
v 0.499997 8.000000 9.000001
v 1.499998 8.000000 9.000000
v -2.500003 9.000000 14.000001
v -1.500002 9.000000 14.000001
v -2.500004 9.000000 13.000001
v -1.500002 9.000000 13.000001
v -2.500003 8.000000 14.000001
v -1.500002 8.000000 14.000001
v -2.500004 8.000000 13.000001
v -1.500002 8.000000 13.000001
v -2.500003 7.000000 14.000001
v -1.500002 7.000000 14.000001
v -2.500004 7.000000 13.000001
v -1.500002 7.000000 13.000001
v -2.500003 6.000000 14.000001
v -1.500002 6.000000 14.000001
v -2.500004 6.000000 13.000001
v -1.500002 6.000000 13.000001
v -2.500003 5.000000 14.000001
v -1.500002 5.000000 14.000001
v -2.500004 5.000000 13.000001
v -1.500002 5.000000 13.000001
v 2.499998 10.000000 8.000000
v 2.499998 11.000000 8.000000
v 0.499996 10.000000 8.000001
v 1.499997 10.000000 8.000000
v 0.499996 11.000000 8.000001
v 1.499997 11.000000 8.000000
v -1.500002 10.000000 8.000001
v -1.500002 11.000000 8.000001
v -1.500002 10.000000 7.000000
v -1.500002 11.000000 7.000000
v -0.500003 11.000000 7.000000
v -1.500002 10.000000 6.000001
v -0.500003 10.000000 6.000001
v -1.500002 11.000000 6.000001
v -0.500003 11.000000 6.000001
v 2.499998 10.000000 7.000000
v 2.499998 11.000000 7.000000
v 1.499996 10.000000 7.000000
v 1.499996 11.000000 7.000000
v -0.500004 10.000000 8.000002
v -0.500004 11.000000 8.000002
v -0.500005 10.000000 7.000001
v -2.500002 11.000000 7.000000
v -2.500002 10.000000 7.000000
v -2.500002 11.000000 6.000001
v -2.500002 10.000000 6.000001
v -1.500002 11.000000 5.000001
v -1.500002 10.000000 5.000001
v -2.500002 11.000000 5.000001
v -2.500002 10.000000 5.000001
v -2.500002 11.000000 4.000001
v -2.500002 10.000000 4.000001
v 2.499998 11.000000 5.000001
v 2.499998 10.000000 5.000001
v 2.499998 11.000000 4.000001
v 2.499998 10.000000 4.000001
v -1.500002 10.000000 3.000001
v -2.500002 11.000000 3.000001
v -2.500002 10.000000 3.000001
v -0.500002 10.000000 3.000001
v 0.499998 10.000000 3.000001
v 1.499998 10.000000 3.000001
v 2.499998 11.000000 3.000001
v 2.499998 10.000000 3.000001
v -1.500002 10.000000 2.000001
v -2.500002 11.000000 2.000001
v -2.500002 10.000000 2.000001
v -0.500002 10.000000 2.000001
v 0.499998 10.000000 2.000001
v 1.499998 10.000000 2.000001
v 2.499998 11.000000 2.000001
v 2.499998 10.000000 2.000001
v -1.500002 10.000000 1.000001
v -2.500002 11.000000 1.000001
v -2.500002 10.000000 1.000001
v -0.500002 10.000000 1.000001
v 0.499998 10.000000 1.000001
v 1.499998 10.000000 1.000001
v 2.499998 11.000000 1.000001
v 2.499998 10.000000 1.000001
v -1.500002 10.000000 0.000001
v -2.500002 11.000000 0.000001
v -2.500002 10.000000 0.000001
v -0.500002 10.000000 0.000001
v 0.499998 10.000000 0.000001
v 1.499998 10.000000 0.000001
v 2.499998 11.000000 0.000001
v 2.499998 10.000000 0.000001
v 0.499998 9.000000 3.000001
v 0.499998 9.000000 2.000001
v 2.499998 9.000000 2.000001
v 2.499998 9.000000 3.000001
v 1.499998 9.000000 3.000001
v 1.499998 9.000000 2.000001
v -2.500002 9.000000 3.000001
v -1.500002 9.000000 3.000001
v -2.500002 9.000000 2.000001
v -1.500002 9.000000 2.000001
v -0.500002 9.000000 3.000001
v -0.500002 9.000000 2.000001
v 0.499998 8.000000 3.000001
v 0.499998 8.000000 2.000001
v 1.499998 8.000000 3.000001
v 1.499998 8.000000 2.000001
v -0.500002 8.000000 3.000001
v -1.500002 8.000000 3.000001
v -0.500002 8.000000 2.000001
v -1.500002 8.000000 2.000001
v 0.499998 7.000000 3.000001
v 0.499998 7.000000 2.000001
v -0.500002 7.000000 3.000001
v -0.500002 7.000000 2.000001
v 0.499998 9.000000 1.000001
v -0.500002 9.000000 1.000001
v 0.499998 9.000000 0.000001
v -0.500002 9.000000 0.000001
v 1.499998 9.000000 0.000001
v 1.499998 9.000000 1.000001
v 2.499998 9.000000 1.000001
v 2.499998 9.000000 0.000001
v 1.499998 8.000000 0.000001
v 1.499998 8.000000 1.000001
v 2.499998 8.000000 1.000001
v 2.499998 8.000000 0.000001
v -2.500002 9.000000 0.000001
v -2.500002 9.000000 1.000001
v -1.500002 9.000000 1.000001
v -1.500002 9.000000 0.000001
v -2.500002 8.000000 0.000001
v -2.500002 8.000000 1.000001
v -1.500002 8.000000 1.000001
v -1.500002 8.000000 0.000001
v -2.500000 1.000000 -1.000000
v -2.500000 0.000000 -1.000000
v 1.500000 1.000000 -1.000000
v 2.500000 1.000000 -1.000000
v 2.500000 0.000000 -1.000000
v 0.500000 1.000000 -1.000000
v -2.500002 11.000000 -0.999999
v -2.500002 10.000000 -0.999999
v 2.499998 11.000000 -0.999999
v 2.499998 10.000000 -0.999999
v -2.500000 1.000000 -2.000002
v -2.500000 0.000000 -2.000002
v 1.500000 1.000000 -2.000002
v 2.500000 1.000000 -2.000002
v 2.500000 0.000000 -2.000002
v -2.500002 11.000000 -2.000000
v -2.500002 10.000000 -2.000000
v 2.499998 11.000000 -2.000000
v 2.499998 10.000000 -2.000000
v -2.500000 1.000000 -3.000002
v -2.500000 0.000000 -3.000002
v 2.500000 1.000000 -3.000002
v 2.500000 0.000000 -3.000002
v -2.500002 11.000000 -3.000000
v -2.500002 10.000000 -3.000000
v 2.499998 11.000000 -3.000000
v 2.499998 10.000000 -3.000000
v -2.500000 1.000000 -4.000004
v -2.500000 0.000000 -4.000004
v 2.500000 1.000000 -4.000004
v 2.500000 0.000000 -4.000004
v -2.500002 11.000000 -4.000002
v -2.500002 10.000000 -4.000002
v 2.499998 11.000000 -4.000002
v 2.499998 10.000000 -4.000002
v -2.500000 1.000000 -5.000004
v -2.500000 0.000000 -5.000004
v 2.500000 1.000000 -5.000004
v 2.500000 0.000000 -5.000004
v -0.500000 1.000000 -5.000004
v -2.500002 11.000000 -5.000002
v -2.500002 10.000000 -5.000002
v 2.499998 11.000000 -5.000002
v 2.499998 10.000000 -5.000002
v -2.500000 1.000000 -6.000006
v -2.500000 0.000000 -6.000006
v 2.500000 1.000000 -6.000006
v 2.500000 0.000000 -6.000006
v -0.500000 1.000000 -6.000006
v -2.500002 11.000000 -6.000004
v -2.500002 10.000000 -6.000004
v 2.499998 11.000000 -6.000004
v 2.499998 10.000000 -6.000004
v -2.500000 1.000000 -7.000006
v -2.500000 0.000000 -7.000006
v 2.500000 1.000000 -7.000006
v 2.500000 0.000000 -7.000006
v -2.500002 11.000000 -7.000004
v -2.500002 10.000000 -7.000004
v 2.499998 11.000000 -7.000004
v 2.499998 10.000000 -7.000004
v -2.500000 1.000000 -8.000008
v -2.500000 0.000000 -8.000008
v 2.500000 1.000000 -8.000008
v 2.500000 0.000000 -8.000008
v -2.500002 11.000000 -8.000006
v -2.500002 10.000000 -8.000006
v 2.499998 11.000000 -8.000006
v 2.499998 10.000000 -8.000006
v -2.500000 1.000000 -9.000008
v -2.500000 0.000000 -9.000008
v 2.500000 1.000000 -9.000008
v 2.500000 0.000000 -9.000008
v -2.500002 11.000000 -9.000006
v -2.500002 10.000000 -9.000006
v 2.499998 11.000000 -9.000006
v 2.499998 10.000000 -9.000006
v -2.500000 1.000000 -10.000008
v -2.500000 0.000000 -10.000008
v 2.500000 1.000000 -10.000008
v 2.500000 0.000000 -10.000008
v -2.500002 11.000000 -10.000006
v -2.500002 10.000000 -10.000006
v 2.499998 11.000000 -10.000006
v 2.499998 10.000000 -10.000006
v -2.500000 1.000000 -11.000010
v 2.500000 1.000000 -11.000010
v -0.500000 1.000000 -11.000010
v -2.500002 10.000000 -11.000008
v 2.499998 11.000000 -11.000008
v 2.499998 10.000000 -11.000008
v -2.500000 0.000000 -11.000010
v -1.500000 0.000000 -11.000010
v 2.500000 0.000000 -11.000010
v 0.500000 1.000000 -11.000010
v -1.500002 11.000000 -11.000008
v -1.500002 10.000000 -11.000008
v -2.500002 11.000000 -11.000008
v -2.500000 1.000000 -12.000010
v -2.500000 0.000000 -12.000010
v -1.500000 0.000000 -12.000010
v 2.500000 1.000000 -12.000010
v 2.500000 0.000000 -12.000010
v -0.500000 0.000000 -12.000010
v -1.500000 1.000000 -12.000010
v -0.500000 1.000000 -12.000010
v 0.500000 1.000000 -12.000010
v -1.500002 11.000000 -12.000008
v -1.500002 10.000000 -12.000008
v -2.500002 11.000000 -12.000008
v -2.500002 10.000000 -12.000008
v -0.500002 11.000000 -12.000008
v -0.500002 10.000000 -12.000008
v 2.499998 11.000000 -12.000008
v 2.499998 10.000000 -12.000008
v -2.500000 1.000000 -13.000011
v -2.500000 0.000000 -13.000011
v -1.500000 0.000000 -13.000011
v 2.500000 1.000000 -13.000011
v 2.500000 0.000000 -13.000011
v 0.500000 0.000000 -13.000011
v -0.500000 0.000000 -13.000011
v -1.500000 1.000000 -13.000011
v -0.500000 1.000000 -13.000011
v 0.500000 1.000000 -13.000011
v -1.500002 11.000000 -13.000010
v -1.500002 10.000000 -13.000010
v -2.500002 11.000000 -13.000010
v -2.500002 10.000000 -13.000010
v -0.500002 11.000000 -13.000010
v -0.500002 10.000000 -13.000010
v 0.499998 11.000000 -13.000010
v 0.499998 10.000000 -13.000010
v 1.499998 10.000000 -13.000010
v 2.499998 11.000000 -13.000010
v 2.499998 10.000000 -13.000010
v -2.500000 1.000000 -14.000011
v -2.500000 0.000000 -14.000011
v -1.500000 0.000000 -14.000011
v 2.500000 1.000000 -14.000011
v 2.500000 0.000000 -14.000011
v 0.500000 0.000000 -14.000011
v -1.500000 1.000000 -14.000011
v 0.500000 1.000000 -14.000011
v -1.500002 11.000000 -14.000010
v -1.500002 10.000000 -14.000010
v -2.500002 11.000000 -14.000010
v -2.500002 10.000000 -14.000010
v -0.500002 10.000000 -14.000010
v 0.499998 11.000000 -14.000010
v 0.499998 10.000000 -14.000010
v 1.499998 10.000000 -14.000010
v 2.499998 11.000000 -14.000010
v 2.499998 10.000000 -14.000010
v -2.500000 1.000000 -15.000011
v -2.500000 0.000000 -15.000011
v 2.500000 1.000000 -15.000011
v 2.500000 0.000000 -15.000011
v 0.500000 0.000000 -15.000011
v -1.500000 1.000000 -15.000011
v 0.500000 1.000000 -15.000011
v -1.500002 10.000000 -15.000011
v -2.500002 11.000000 -15.000011
v -2.500002 10.000000 -15.000011
v -0.500002 10.000000 -15.000011
v 0.499998 11.000000 -15.000011
v 0.499998 10.000000 -15.000011
v 2.499998 11.000000 -15.000011
v 2.499998 10.000000 -15.000011
v -2.500000 1.000000 -16.000010
v -2.500000 0.000000 -16.000010
v 2.500000 1.000000 -16.000010
v 2.500000 0.000000 -16.000010
v 0.500000 0.000000 -16.000010
v -0.500000 0.000000 -16.000010
v -1.500000 1.000000 -16.000010
v -0.500000 1.000000 -16.000010
v 0.500000 1.000000 -16.000010
v -1.500002 10.000000 -16.000010
v -2.500002 11.000000 -16.000010
v -2.500002 10.000000 -16.000010
v -0.500002 11.000000 -16.000010
v -0.500002 10.000000 -16.000010
v 0.499998 11.000000 -16.000010
v 0.499998 10.000000 -16.000010
v 2.499998 11.000000 -16.000010
v 2.499998 10.000000 -16.000010
v -2.500000 1.000000 -17.000008
v -2.500000 0.000000 -17.000008
v -1.500000 0.000000 -17.000008
v 1.500000 1.000000 -17.000008
v 2.500000 1.000000 -17.000008
v 2.500000 0.000000 -17.000008
v 0.500000 0.000000 -17.000008
v -0.500000 0.000000 -17.000008
v -1.500000 1.000000 -17.000008
v -0.500000 1.000000 -17.000008
v 0.500000 1.000000 -17.000008
v -1.500002 11.000000 -17.000008
v -1.500002 10.000000 -17.000008
v -2.500002 11.000000 -17.000008
v -2.500002 10.000000 -17.000008
v -0.500002 11.000000 -17.000008
v -0.500002 10.000000 -17.000008
v 0.499998 11.000000 -17.000008
v 1.499998 10.000000 -17.000008
v 2.499998 11.000000 -17.000008
v 2.499998 10.000000 -17.000008
v -2.500000 1.000000 -18.000008
v -2.500000 0.000000 -18.000008
v -1.500000 0.000000 -18.000008
v 1.500000 1.000000 -18.000008
v 2.500000 1.000000 -18.000008
v 2.500000 0.000000 -18.000008
v -0.500000 0.000000 -18.000008
v -1.500000 1.000000 -18.000008
v -0.500000 1.000000 -18.000008
v 0.500000 1.000000 -18.000008
v -1.500002 11.000000 -18.000008
v -1.500002 10.000000 -18.000008
v -2.500002 11.000000 -18.000008
v -2.500002 10.000000 -18.000008
v -0.500002 11.000000 -18.000008
v -0.500002 10.000000 -18.000008
v 0.499998 10.000000 -18.000008
v 1.499998 10.000000 -18.000008
v 2.499998 11.000000 -18.000008
v 2.499998 10.000000 -18.000008
v -2.500000 1.000000 -19.000008
v -2.500000 0.000000 -19.000008
v -1.500000 0.000000 -19.000008
v 2.500000 1.000000 -19.000008
v 2.500000 0.000000 -19.000008
v -1.500000 1.000000 -19.000008
v -1.500002 11.000000 -19.000008
v -1.500002 10.000000 -19.000008
v -2.500002 11.000000 -19.000008
v -2.500002 10.000000 -19.000008
v 0.499998 10.000000 -19.000008
v 1.499998 10.000000 -19.000008
v 2.499998 11.000000 -19.000008
v 2.499998 10.000000 -19.000008
v -2.500000 1.000000 -20.000008
v -2.500000 0.000000 -20.000008
v 2.500000 1.000000 -20.000008
v 2.500000 0.000000 -20.000008
v -2.500002 11.000000 -20.000008
v -2.500002 10.000000 -20.000008
v 0.499998 10.000000 -20.000008
v 1.499998 10.000000 -20.000008
v 2.499998 11.000000 -20.000008
v 2.499998 10.000000 -20.000008
v -2.500000 1.000000 -21.000004
v -2.500000 0.000000 -21.000004
v 2.500000 1.000000 -21.000004
v 2.500000 0.000000 -21.000004
v -2.500002 11.000000 -21.000004
v -2.500002 10.000000 -21.000004
v 2.499998 11.000000 -21.000004
v 2.499998 10.000000 -21.000004
v -2.500000 1.000000 -22.000004
v -2.500000 0.000000 -22.000004
v 2.500000 1.000000 -22.000004
v 2.500000 0.000000 -22.000004
v -2.500002 11.000000 -22.000004
v -2.500002 10.000000 -22.000004
v 2.499998 11.000000 -22.000004
v 2.499998 10.000000 -22.000004
v -2.500000 1.000000 -23.000004
v -2.500000 0.000000 -23.000004
v 2.500000 1.000000 -23.000004
v 2.500000 0.000000 -23.000004
v -2.500002 11.000000 -23.000004
v -2.500002 10.000000 -23.000004
v 2.499998 11.000000 -23.000004
v 2.499998 10.000000 -23.000004
v -2.500000 1.000000 -24.000004
v -2.500000 0.000000 -24.000004
v 2.500000 1.000000 -24.000004
v 2.500000 0.000000 -24.000004
v -2.500000 1.000000 -25.000000
v -2.500000 0.000000 -25.000000
v 2.500000 1.000000 -25.000000
v 2.500000 0.000000 -25.000000
v -2.500000 1.000000 -26.000000
v -2.500000 0.000000 -26.000000
v 2.500000 1.000000 -26.000000
v 2.500000 0.000000 -26.000000
v -2.500002 11.000000 -26.000000
v -2.500002 10.000000 -26.000000
v 2.499998 11.000000 -26.000000
v 2.499998 10.000000 -26.000000
v -2.500000 1.000000 -27.000000
v -2.500000 0.000000 -27.000000
v 2.500000 1.000000 -27.000000
v 2.500000 0.000000 -27.000000
v -1.500000 1.000000 -27.000000
v -0.500000 1.000000 -27.000000
v 0.500000 1.000000 -27.000000
v -1.500002 10.000000 -27.000000
v -2.500002 11.000000 -27.000000
v -0.500002 10.000000 -27.000000
v 2.499998 11.000000 -27.000000
v 2.499998 10.000000 -27.000000
v -2.500000 1.000000 -28.000000
v -2.500000 0.000000 -28.000000
v -1.500000 1.000000 -28.000000
v -0.500000 1.000000 -28.000000
v -1.500002 10.000000 -28.000000
v -2.500002 11.000000 -28.000000
v 2.500000 1.000000 -28.000000
v 2.500000 0.000000 -28.000000
v 0.500000 1.000000 -28.000000
v -2.500002 10.000000 -28.000000
v -0.500002 10.000000 -28.000000
v 2.499998 11.000000 -28.000000
v 2.499998 10.000000 -28.000000
v -2.500000 1.000000 -28.999996
v -2.500000 0.000000 -28.999996
v 2.500000 1.000000 -28.999996
v 2.500000 0.000000 -28.999996
v -2.500002 11.000000 -28.999996
v -2.500002 10.000000 -28.999996
v 2.499998 11.000000 -28.999996
v 2.499998 10.000000 -28.999996
v -2.500000 1.000000 -29.999996
v -2.500000 0.000000 -29.999996
v 1.500000 1.000000 -29.999996
v 2.500000 1.000000 -29.999996
v 2.500000 0.000000 -29.999996
v -2.500002 11.000000 -29.999996
v -2.500002 10.000000 -29.999996
v 2.499998 11.000000 -29.999996
v 2.499998 10.000000 -29.999996
v -0.500000 2.000000 6.000001
v 0.500000 2.000000 6.000001
v -0.500000 2.000000 7.000000
v 0.500000 2.000000 7.000000
v -0.500000 3.000000 6.000001
v 0.500000 3.000000 6.000001
v -0.500000 3.000000 7.000000
v 0.500000 3.000000 7.000000
v -0.500000 2.000000 5.000001
v 0.500000 2.000000 5.000001
v -0.500000 3.000000 5.000001
v 0.500000 3.000000 5.000001
v -0.500000 2.000000 4.000001
v 0.500000 2.000000 4.000001
v -0.500000 3.000000 4.000001
v 0.500000 3.000000 4.000001
v -0.500000 2.000000 3.000001
v 0.500000 2.000000 3.000001
v -0.500000 3.000000 3.000001
v 0.500000 3.000000 3.000001
v -0.500000 4.000000 4.000001
v 0.500000 4.000000 4.000001
v -0.500000 4.000000 3.000001
v 0.500000 4.000000 3.000001
v -0.500000 5.000000 4.000001
v 0.500000 5.000000 4.000001
v -0.500000 5.000000 3.000001
v 0.500000 5.000000 3.000001
v -0.500000 4.000000 2.000001
v 0.500000 4.000000 2.000001
v -0.500000 5.000000 2.000001
v 0.500000 5.000000 2.000001
v -0.500000 4.000000 1.000001
v 0.500000 4.000000 1.000001
v -0.500000 5.000000 1.000001
v 0.500000 5.000000 1.000001
v -0.500000 4.000000 0.000001
v 0.500000 4.000000 0.000001
v -0.500000 5.000000 0.000001
v 0.500000 5.000000 0.000001
v -0.500000 4.000000 -0.999999
v 0.500000 5.000000 -0.999999
v 0.500000 4.000000 -0.999999
v -0.500000 5.000000 -0.999999
v -0.500000 4.000000 -2.000000
v 0.500000 4.000000 -2.000000
v -0.500000 5.000000 -2.000000
v 0.500000 5.000000 -2.000000
v -0.500000 3.000000 -0.999999
v 0.500000 3.000000 -0.999999
v -0.500000 3.000000 -2.000000
v 0.500000 3.000000 -2.000000
v 0.500000 2.000000 -0.999999
v 0.500000 2.000000 -2.000000
v -0.500000 1.000000 -2.000000
v 0.500000 1.000000 -2.000000
v -0.500000 2.000000 -5.000004
v 0.500000 2.000000 -5.000004
v -0.500000 2.000000 -6.000006
v 0.500000 2.000000 -6.000006
v -0.500000 3.000000 -5.000004
v -0.500000 3.000000 -6.000006
v 0.500000 3.000000 -6.000006
v -0.500000 4.000000 -5.000004
v 0.500000 4.000000 -5.000004
v -0.500000 4.000000 -6.000006
v 0.500000 4.000000 -6.000006
v -0.500000 5.000000 -5.000004
v 0.500000 5.000000 -5.000004
v -0.500000 5.000000 -6.000006
v 0.500000 5.000000 -6.000006
v -0.500000 6.000000 -5.000004
v 0.500000 6.000000 -5.000004
v -0.500000 6.000000 -6.000006
v 0.500000 6.000000 -6.000006
v -0.500000 5.000000 -4.000004
v 0.500000 5.000000 -4.000004
v -0.500000 6.000000 -4.000004
v 0.500000 6.000000 -4.000004
v -0.500000 7.000000 -5.000004
v 0.500000 7.000000 -5.000004
v -0.500000 7.000000 -4.000004
v 0.500000 7.000000 -4.000004
v -0.500000 5.000000 -7.000006
v 0.500000 5.000000 -7.000006
v -0.500000 6.000000 -7.000006
v 0.500000 6.000000 -7.000006
v -0.500000 5.000000 -8.000008
v 0.500000 5.000000 -8.000008
v -0.500000 6.000000 -8.000008
v 0.500000 6.000000 -8.000008
v 1.500000 2.000000 -5.000004
v 1.500000 2.000000 -6.000006
v 2.500000 2.000000 -5.000004
v 2.500000 2.000000 -6.000006
v 0.500000 3.000000 -5.000004
v 1.500000 3.000000 -5.000004
v 1.500000 3.000000 -6.000006
v 1.500000 3.000000 -2.000000
v 1.500000 3.000000 -0.999999
v 2.500000 4.000000 -2.000000
v 2.500000 4.000000 -0.999999
v 2.500000 3.000000 -0.999999
v 1.500000 2.000000 -1.000000
v 2.500000 2.000000 -1.000000
v 1.500000 2.000000 -2.000002
v 2.500000 2.000000 -2.000002
v 2.500000 3.000000 -2.000002
v -0.500000 2.000000 -0.999999
v -0.500000 2.000000 -2.000000
v -0.500000 1.000000 -0.999999
v -2.500000 2.000000 -1.000000
v -1.500000 2.000000 -1.000000
v -2.500000 2.000000 -2.000002
v -1.500000 2.000000 -2.000002
v -2.500000 3.000000 -1.000000
v -1.500000 3.000000 -1.000000
v -2.500000 3.000000 -2.000002
v -1.500000 3.000000 -2.000002
v -2.500000 4.000000 -1.000000
v -1.500000 4.000000 -1.000000
v -2.500000 4.000000 -2.000002
v -1.500000 4.000000 -2.000002
v -1.500000 1.000000 -11.000010
v -0.500000 2.000000 -11.000010
v 0.500000 2.000000 -11.000010
v -0.500000 2.000000 -12.000010
v 0.500000 2.000000 -12.000010
v 2.500000 2.000000 -14.000011
v 0.500000 2.000000 -14.000011
v 2.500000 2.000000 -15.000011
v 0.500000 2.000000 -15.000011
v -1.500000 2.000000 -16.000010
v -0.500000 2.000000 -16.000010
v -1.500000 2.000000 -17.000008
v -0.500000 2.000000 -17.000008
v 0.500000 3.000000 -14.000011
v 2.500000 3.000000 -14.000011
v -0.500000 3.000000 -12.000010
v 0.500000 3.000000 -12.000010
v 0.500000 3.000000 -11.000010
v -0.500000 3.000000 -11.000010
v 2.500000 3.000000 -15.000011
v 0.500000 3.000000 -15.000011
v -1.500000 3.000000 -17.000008
v -0.500000 3.000000 -17.000008
v 0.500000 4.000000 -14.000011
v 2.500000 4.000000 -14.000011
v 2.500000 4.000000 -15.000011
v 0.500000 4.000000 -15.000011
v 0.500000 5.000000 -14.000011
v 2.500000 5.000000 -14.000011
v 2.500000 5.000000 -15.000011
v 0.500000 5.000000 -15.000011
v -1.500000 3.000000 -14.000011
v -1.500000 4.000000 -14.000011
v -2.500000 2.000000 -14.000011
v -1.500000 2.000000 -14.000011
v -2.500000 2.000000 -15.000011
v -1.500000 2.000000 -15.000011
v -1.500000 2.000000 -18.000008
v -0.500000 2.000000 -18.000008
v -1.500000 3.000000 -18.000008
v -0.500000 3.000000 -18.000008
v -1.500000 4.000000 -17.000008
v -0.500000 4.000000 -17.000008
v -1.500000 4.000000 -18.000008
v -0.500000 4.000000 -18.000008
v -1.500000 3.000000 -19.000008
v -0.500000 3.000000 -19.000008
v -1.500000 4.000000 -19.000008
v -0.500000 4.000000 -19.000008
v -1.500002 9.000000 -16.000010
v -1.500002 9.000000 -15.000011
v -1.500002 8.000000 -16.000010
v -1.500002 8.000000 -15.000011
v -0.500002 8.000000 -15.000011
v -0.500002 8.000000 -16.000010
v -1.500002 7.000000 -16.000010
v -1.500002 7.000000 -15.000011
v -0.500002 7.000000 -15.000011
v -0.500002 7.000000 -16.000010
v -1.500002 6.000000 -16.000010
v -1.500002 6.000000 -15.000011
v -0.500002 6.000000 -15.000011
v -0.500002 6.000000 -16.000010
v -1.500002 5.000000 -16.000010
v -1.500002 5.000000 -15.000011
v -0.500002 5.000000 -15.000011
v -0.500002 5.000000 -16.000010
v -1.500002 4.000000 -16.000010
v -1.500002 4.000000 -15.000011
v -0.500002 4.000000 -15.000011
v -0.500002 4.000000 -16.000010
v -1.500002 3.000000 -16.000010
v -1.500002 3.000000 -15.000011
v -0.500002 3.000000 -15.000011
v -0.500002 3.000000 -16.000010
v 0.499998 9.000000 -16.000010
v 0.499998 9.000000 -15.000011
v -0.500002 9.000000 -16.000010
v 0.499998 7.000000 -16.000010
v 0.499998 6.000000 -15.000011
v 0.499998 6.000000 -16.000010
v 2.499998 9.000000 -14.000010
v 1.499998 9.000000 -13.000010
v 2.499998 9.000000 -13.000010
v 1.499998 9.000000 -14.000010
v 1.499998 8.000000 -13.000010
v 2.499998 8.000000 -13.000010
v 1.499998 8.000000 -14.000010
v 2.499998 8.000000 -14.000010
v -0.500002 9.000000 -15.000011
v -0.500002 9.000000 -14.000010
v 0.499998 9.000000 -14.000010
v -0.500002 8.000000 -14.000010
v 0.499998 8.000000 -14.000010
v 0.499998 8.000000 -15.000011
v -0.500002 7.000000 -14.000010
v 0.499998 7.000000 -14.000010
v 0.499998 7.000000 -15.000011
v -3.500002 8.000000 -16.000010
v -3.500002 8.000000 -15.000011
v -3.500002 7.000000 -16.000010
v -3.500002 7.000000 -15.000011
v -1.500000 7.261178 -28.089569
v -0.500000 7.261178 -28.089569
v -1.500000 8.261178 -28.089569
v -0.500000 8.261178 -28.089569
v -2.500000 2.000000 -27.000000
v -1.500000 2.000000 -27.000000
v -2.500000 2.000000 -28.000000
v -1.500000 2.000000 -28.000000
v -2.500000 3.000000 -27.000000
v -1.500000 3.000000 -27.000000
v -2.500000 3.000000 -28.000000
v -1.500000 3.000000 -28.000000
v -2.500000 4.000000 -27.000000
v -1.500000 4.000000 -27.000000
v -2.500000 4.000000 -28.000000
v -1.500000 4.000000 -28.000000
v -2.500000 5.000000 -27.000000
v -1.500000 5.000000 -27.000000
v -2.500000 5.000000 -28.000000
v -1.500000 5.000000 -28.000000
v -1.500000 6.000000 -27.000000
v -1.500000 6.000000 -28.000000
v -2.500000 6.000000 -27.000000
v -2.500000 6.000000 -28.000000
v -2.500000 7.000000 -27.000000
v -1.500000 7.000000 -27.000000
v -2.500000 7.000000 -28.000000
v -1.500000 7.000000 -28.000000
v -2.500000 8.000000 -27.000000
v -1.500000 8.000000 -27.000000
v -2.500000 8.000000 -28.000000
v -1.500000 8.000000 -28.000000
v -0.500000 2.000000 -27.000000
v 0.500000 2.000000 -27.000000
v -0.500000 2.000000 -28.000000
v 0.500000 2.000000 -28.000000
v -0.500000 3.000000 -27.000000
v 0.500000 3.000000 -27.000000
v -0.500000 3.000000 -28.000000
v 0.500000 3.000000 -28.000000
v -0.500000 4.000000 -27.000000
v 0.500000 4.000000 -27.000000
v -0.500000 4.000000 -28.000000
v 0.500000 4.000000 -28.000000
v -0.500000 5.000000 -27.000000
v 0.500000 5.000000 -27.000000
v -0.500000 5.000000 -28.000000
v 0.500000 5.000000 -28.000000
v -0.500000 6.000000 -27.000000
v 0.500000 6.000000 -27.000000
v -0.500000 6.000000 -28.000000
v 0.500000 6.000000 -28.000000
v -0.500000 7.000000 -27.000000
v 0.500000 7.000000 -27.000000
v -0.500000 7.000000 -28.000000
v 0.500000 7.000000 -28.000000
v -0.500000 8.000000 -27.000000
v 0.500000 8.000000 -27.000000
v -0.500000 8.000000 -28.000000
v 0.500000 8.000000 -28.000000
v 0.500000 2.000000 -17.000008
v 1.500000 2.000000 -17.000008
v 0.500000 2.000000 -18.000008
v 1.500000 2.000000 -18.000008
v 0.500000 3.000000 -17.000008
v 1.500000 3.000000 -17.000008
v 0.500000 3.000000 -18.000008
v 1.500000 3.000000 -18.000008
v 0.500000 4.000000 -17.000008
v 1.500000 4.000000 -17.000008
v 0.500000 4.000000 -18.000008
v 1.500000 4.000000 -18.000008
v 0.500000 5.000000 -17.000008
v 1.500000 5.000000 -17.000008
v 0.500000 5.000000 -18.000008
v 1.500000 5.000000 -18.000008
v 0.500000 6.000000 -17.000008
v 1.500000 6.000000 -17.000008
v 0.500000 6.000000 -18.000008
v 1.500000 6.000000 -18.000008
v 0.500000 7.000000 -17.000008
v 1.500000 7.000000 -17.000008
v 0.500000 7.000000 -18.000008
v 1.500000 7.000000 -18.000008
v 0.500000 8.000000 -17.000008
v 1.500000 8.000000 -17.000008
v 0.500000 8.000000 -18.000008
v 1.500000 8.000000 -18.000008
v 0.500000 9.000000 -17.000008
v 1.500000 9.000000 -17.000008
v 0.500000 10.000000 -17.000008
v 0.499998 9.000000 -18.000008
v 1.499998 9.000000 -18.000008
v 0.499998 9.000000 -19.000008
v 1.499998 9.000000 -19.000008
v 0.499998 9.000000 -20.000008
v 1.499998 9.000000 -20.000008
v 0.499998 8.000000 -19.000008
v 1.499998 8.000000 -19.000008
v 0.499998 8.000000 -20.000008
v 1.499998 8.000000 -20.000008
v 2.499998 9.000000 -19.000008
v 2.499998 9.000000 -20.000008
v 1.499998 2.010637 -28.014782
v 2.499998 2.010637 -28.014782
v 1.499998 1.010637 -28.014782
v 1.499998 2.010637 -29.014782
v 2.499998 2.010637 -29.014782
v 1.499998 1.010637 -29.014782
v -2.500000 9.000000 -27.000000
v -1.500000 9.000000 -27.000000
v -2.500000 9.000000 -28.000000
v -1.500000 9.000000 -28.000000
v -0.500000 9.000000 -27.000000
v 0.500000 9.000000 -27.000000
v -0.500000 9.000000 -28.000000
v 0.500000 9.000000 -28.000000
v -2.500000 10.000000 -27.000000
v 0.500000 10.000000 -27.000000
v 0.500000 10.000000 -28.000000
v -1.500000 7.261178 -29.089569
v -0.500000 7.261178 -29.089569
v -1.500000 8.261178 -29.089569
v -0.500000 8.261178 -29.089569
v -1.500000 7.261178 -30.089569
v -0.500000 7.261178 -30.089569
v -1.500000 8.261178 -30.089569
v -0.500000 8.261178 -30.089569
v 1.499998 2.010637 -30.014782
v 2.499998 2.010637 -30.014782
vn -1.0000 -0.0000 -0.0000
vn 1.0000 -0.0000 -0.0000
vn -0.0000 1.0000 -0.0000
vn -0.0000 -1.0000 -0.0000
vt 0.375000 0.000000
vt 0.625000 0.000000
vt 0.375000 0.250000
vt 0.625000 0.250000
vt 0.375000 0.750000
vt 0.625000 0.750000
vt 0.375000 0.500000
vt 0.625000 0.500000
vt 0.375000 0.241667
vt 0.375000 0.233333
vt 0.375000 0.225000
vt 0.375000 0.216667
vt 0.375000 0.208333
vt 0.375000 0.200000
vt 0.375000 0.191667
vt 0.375000 0.183333
vt 0.375000 0.175000
vt 0.375000 0.166667
vt 0.375000 0.158333
vt 0.375000 0.150000
vt 0.375000 0.141667
vt 0.375000 0.133333
vt 0.375000 0.125000
vt 0.375000 0.116667
vt 0.375000 0.108333
vt 0.375000 0.100000
vt 0.375000 0.091667
vt 0.375000 0.083333
vt 0.375000 0.075000
vt 0.375000 0.066667
vt 0.375000 0.058333
vt 0.375000 0.050000
vt 0.375000 0.041667
vt 0.375000 0.033333
vt 0.375000 0.025000
vt 0.375000 0.016667
vt 0.375000 0.008333
vt 0.625000 0.008333
vt 0.625000 0.016667
vt 0.625000 0.025000
vt 0.625000 0.033333
vt 0.625000 0.041667
vt 0.625000 0.050000
vt 0.625000 0.058333
vt 0.625000 0.066667
vt 0.625000 0.075000
vt 0.625000 0.083333
vt 0.625000 0.091667
vt 0.625000 0.100000
vt 0.625000 0.108333
vt 0.625000 0.116667
vt 0.625000 0.125000
vt 0.625000 0.133333
vt 0.625000 0.141667
vt 0.625000 0.150000
vt 0.625000 0.158333
vt 0.625000 0.166667
vt 0.625000 0.175000
vt 0.625000 0.183333
vt 0.625000 0.191667
vt 0.625000 0.200000
vt 0.625000 0.208333
vt 0.625000 0.216667
vt 0.625000 0.225000
vt 0.625000 0.233333
vt 0.625000 0.241667
vt 0.375000 0.741667
vt 0.375000 0.733333
vt 0.375000 0.725000
vt 0.375000 0.716667
vt 0.375000 0.708333
vt 0.375000 0.700000
vt 0.375000 0.691666
vt 0.375000 0.683333
vt 0.375000 0.675000
vt 0.375000 0.666667
vt 0.375000 0.658333
vt 0.375000 0.650000
vt 0.375000 0.641667
vt 0.375000 0.633333
vt 0.375000 0.625000
vt 0.375000 0.616667
vt 0.375000 0.608333
vt 0.375000 0.600000
vt 0.375000 0.591667
vt 0.375000 0.583333
vt 0.375000 0.575000
vt 0.375000 0.566667
vt 0.375000 0.558333
vt 0.375000 0.550000
vt 0.375000 0.541667
vt 0.375000 0.533333
vt 0.375000 0.525000
vt 0.375000 0.516667
vt 0.375000 0.508333
vt 0.625000 0.508333
vt 0.625000 0.516667
vt 0.625000 0.525000
vt 0.625000 0.533333
vt 0.625000 0.541667
vt 0.625000 0.550000
vt 0.625000 0.558333
vt 0.625000 0.566667
vt 0.625000 0.575000
vt 0.625000 0.583333
vt 0.625000 0.591667
vt 0.625000 0.600000
vt 0.625000 0.608333
vt 0.625000 0.616667
vt 0.625000 0.625000
vt 0.625000 0.633333
vt 0.625000 0.641667
vt 0.625000 0.650000
vt 0.625000 0.658333
vt 0.625000 0.666667
vt 0.625000 0.675000
vt 0.625000 0.683333
vt 0.625000 0.691667
vt 0.625000 0.700000
vt 0.625000 0.708333
vt 0.625000 0.716667
vt 0.625000 0.725000
vt 0.625000 0.733333
vt 0.625000 0.741667
vt 0.775000 0.550000
vt 0.725000 0.550000
vt 0.775000 0.558333
vt 0.725000 0.558333
vt 0.625000 0.033333
vt 0.625000 0.041667
vt 0.625000 0.708333
vt 0.625000 0.716667
vt 0.625000 0.033333
vt 0.625000 0.041667
vt 0.625000 0.708333
vt 0.625000 0.716667
vt 0.625000 0.033333
vt 0.625000 0.041667
vt 0.625000 0.708333
vt 0.625000 0.716667
vt 0.625000 0.033333
vt 0.625000 0.041667
vt 0.625000 0.708333
vt 0.625000 0.716667
vt 0.625000 0.033333
vt 0.625000 0.041667
vt 0.625000 0.708333
vt 0.625000 0.716667
vt 0.625000 0.033333
vt 0.625000 0.041667
vt 0.625000 0.708333
vt 0.625000 0.716667
vt 0.625000 0.033333
vt 0.625000 0.041667
vt 0.625000 0.708333
vt 0.625000 0.716667
vt 0.625000 0.033333
vt 0.625000 0.041667
vt 0.625000 0.708333
vt 0.625000 0.716667
vt 0.625000 0.708333
vt 0.625000 0.041667
vt 0.625000 0.708333
vt 0.625000 0.041667
vt 0.625000 0.708333
vt 0.625000 0.041667
vt 0.775000 0.708333
vt 0.725000 0.708333
vt 0.625000 0.708333
vt 0.625000 0.041667
vt 0.775000 0.708333
vt 0.725000 0.708333
vt 0.625000 0.716667
vt 0.625000 0.033333
vt 0.625000 0.716667
vt 0.625000 0.033333
vt 0.625000 0.716667
vt 0.625000 0.033333
vt 0.625000 0.716667
vt 0.625000 0.033333
vt 0.625000 0.708333
vt 0.625000 0.041667
vt 0.775000 0.708333
vt 0.725000 0.708333
vt 0.625000 0.708333
vt 0.625000 0.041667
vt 0.775000 0.708333
vt 0.725000 0.708333
vt 0.625000 0.708333
vt 0.625000 0.041667
vt 0.775000 0.708333
vt 0.725000 0.708333
vt 0.625000 0.708333
vt 0.625000 0.041667
vt 0.775000 0.708333
vt 0.725000 0.708333
vt 0.625000 0.708333
vt 0.625000 0.041667
vt 0.775000 0.708333
vt 0.725000 0.708333
vt 0.625000 0.708333
vt 0.625000 0.041667
vt 0.775000 0.708333
vt 0.725000 0.708333
vt 0.625000 0.708333
vt 0.625000 0.041667
vt 0.625000 0.708333
vt 0.625000 0.041667
vt 0.000000 0.000000
vt 0.625000 0.708333
vt 0.625000 0.041667
vt 0.725000 0.708333
vt 0.000000 0.000000
vt 0.625000 0.708333
vt 0.625000 0.041667
vt 0.725000 0.708333
vt 0.625000 0.708333
vt 0.625000 0.041667
vt 0.825000 0.708333
vt 0.775000 0.708333
vt 0.725000 0.708333
vt 0.625000 0.708333
vt 0.625000 0.041667
vt 0.725000 0.708333
vt 0.625000 0.716667
vt 0.625000 0.033333
vt 0.625000 0.716667
vt 0.625000 0.033333
vt 0.625000 0.716667
vt 0.625000 0.033333
vt 0.625000 0.716667
vt 0.625000 0.033333
vt 0.625000 0.708333
vt 0.625000 0.041667
vt 0.000000 0.000000
vt 0.825000 0.708333
vt 0.775000 0.708333
vt 0.725000 0.708333
vt 0.625000 0.708333
vt 0.625000 0.041667
vt 0.825000 0.708333
vt 0.725000 0.708333
vt 0.625000 0.708333
vt 0.000000 0.000000
vt 0.775000 0.708333
vt 0.725000 0.708333
vt 0.625000 0.708333
vt 0.725000 0.708333
vt 0.675000 0.708333
vt 0.625000 0.708333
vt 0.625000 0.041667
vt 0.000000 0.000000
vt 0.825000 0.708333
vt 0.725000 0.708333
vt 0.675000 0.708333
vt 0.625000 0.708333
vt 0.625000 0.041667
vt 0.000000 0.000000
vt 0.725000 0.708333
vt 0.675000 0.708333
vt 0.625000 0.708333
vt 0.625000 0.041667
vt 0.825000 0.708333
vt 0.675000 0.708333
vt 0.625000 0.708333
vt 0.625000 0.041667
vt 0.625000 0.041667
vt 0.775000 0.708333
vt 0.725000 0.708333
vt 0.625000 0.041667
vt 0.775000 0.708333
vt 0.725000 0.708333
vt 0.675000 0.708333
vt 0.625000 0.708333
vt 0.625000 0.041667
vt 0.675000 0.708333
vt 0.625000 0.708333
vt 0.625000 0.041667
vt 0.675000 0.708333
vt 0.625000 0.708333
vt 0.625000 0.041667
vt 0.825000 0.708333
vt 0.000000 0.000000
vt 0.625000 0.708333
vt 0.625000 0.041667
vt 0.825000 0.708333
vt 0.675000 0.708333
vt 0.625000 0.708333
vt 0.775000 0.708333
vt 0.825000 0.708333
vt 0.775000 0.708333
vt 0.725000 0.708333
vt 0.000000 0.000000
vt 0.675000 0.708333
vt 0.625000 0.708333
vt 0.825000 0.708333
vt 0.775000 0.708333
vt 0.725000 0.708333
vt 0.000000 0.000000
vt 0.775000 0.708333
vt 0.000000 0.000000
vt 0.775000 0.708333
vt 0.000000 0.000000
vt 0.775000 0.708333
vt 0.000000 0.000000
vt 0.775000 0.708333
vt 0.000000 0.000000
vt 0.775000 0.708333
vt 0.825000 0.708333
vt 0.775000 0.708333
vt 0.000000 0.000000
vt 0.825000 0.708333
vt 0.000000 0.000000
vt 0.675000 0.708333
vt 0.000000 0.000000
vt 0.675000 0.708333
vt 0.000000 0.000000
vt 0.675000 0.708333
vt 0.000000 0.000000
vt 0.675000 0.708333
vt 0.625000 0.041667
vt 0.825000 0.708333
vt 0.625000 0.041667
vt 0.825000 0.708333
vt 0.625000 0.041667
vt 0.825000 0.708333
vt 0.625000 0.041667
vt 0.825000 0.708333
vt 0.625000 0.041667
vt 0.825000 0.708333
vt 0.625000 0.041667
vt 0.825000 0.708333
vt 0.625000 0.041667
vt 0.825000 0.708333
vt 0.625000 0.041667
vt 0.825000 0.708333
vt 0.625000 0.041667
vt 0.825000 0.708333
vt 0.625000 0.041667
vt 0.825000 0.708333
vt 0.625000 0.708333
vt 0.625000 0.708333
vt 0.725000 0.708333
vt 0.675000 0.708333
vt 0.725000 0.708333
vt 0.675000 0.708333
vt 0.825000 0.708333
vt 0.825000 0.708333
vt 0.825000 0.708333
vt 0.825000 0.708333
vt 0.775000 0.708333
vt 0.825000 0.708333
vt 0.775000 0.708333
vt 0.825000 0.708333
vt 0.775000 0.708333
vt 0.625000 0.708333
vt 0.625000 0.708333
vt 0.675000 0.708333
vt 0.675000 0.708333
vt 0.775000 0.708333
vt 0.775000 0.708333
vt 0.775000 0.708333
vt 0.825000 0.708333
vt 0.825000 0.708333
vt 0.825000 0.708333
vt 0.825000 0.708333
vt 0.825000 0.708333
vt 0.825000 0.708333
vt 0.825000 0.708333
vt 0.825000 0.708333
vt 0.825000 0.708333
vt 0.825000 0.708333
vt 0.825000 0.708333
vt 0.825000 0.708333
vt 0.825000 0.708333
vt 0.825000 0.708333
vt 0.825000 0.708333
vt 0.825000 0.708333
vt 0.825000 0.708333
vt 0.825000 0.708333
vt 0.825000 0.708333
vt 0.825000 0.708333
vt 0.825000 0.708333
vt 0.825000 0.708333
vt 0.825000 0.708333
vt 0.825000 0.708333
vt 0.825000 0.708333
vt 0.825000 0.708333
vt 0.825000 0.708333
vt 0.825000 0.708333
vt 0.825000 0.708333
vt 0.825000 0.708333
vt 0.825000 0.708333
vt 0.825000 0.708333
vt 0.825000 0.708333
vt 0.825000 0.708333
vt 0.825000 0.708333
vt 0.825000 0.708333
vt 0.825000 0.708333
vt 0.825000 0.708333
vt 0.825000 0.708333
vt 0.825000 0.708333
vt 0.825000 0.708333
vt 0.825000 0.708333
vt 0.825000 0.708333
vt 0.825000 0.708333
vt 0.825000 0.708333
vt 0.825000 0.708333
vt 0.825000 0.708333
vt 0.825000 0.708333
vt 0.825000 0.708333
vt 0.825000 0.708333
vt 0.825000 0.708333
vt 0.825000 0.708333
vt 0.825000 0.708333
vt 0.825000 0.708333
vt 0.825000 0.708333
vt 0.825000 0.708333
vt 0.825000 0.708333
vt 0.825000 0.708333
vt 0.825000 0.708333
vt 0.825000 0.708333
vt 0.825000 0.708333
vt 0.825000 0.708333
vt 0.825000 0.708333
vt 0.825000 0.708333
vt 0.825000 0.708333
vt 0.825000 0.708333
vt 0.825000 0.708333
vt 0.825000 0.708333
vt 0.825000 0.708333
vt 0.825000 0.708333
vt 0.825000 0.708333
vt 0.825000 0.708333
vt 0.825000 0.708333
vt 0.825000 0.708333
vt 0.825000 0.708333
vt 0.825000 0.708333
vt 0.825000 0.708333
vt 0.825000 0.708333
vt 0.825000 0.708333
vt 0.825000 0.708333
vt 0.825000 0.708333
vt 0.825000 0.708333
vt 0.825000 0.708333
vt 0.825000 0.708333
vt 0.825000 0.708333
vt 0.825000 0.708333
vt 0.825000 0.708333
vt 0.825000 0.708333
vt 0.825000 0.708333
vt 0.825000 0.708333
vt 0.625000 0.250000
vt 0.375000 0.250000
vt 0.675000 0.500000
vt 0.625000 0.500000
vt 0.375000 0.500000
vt 0.725000 0.550000
vt 0.825000 0.708333
vt 0.825000 0.708333
vt 0.825000 0.708333
vt 0.825000 0.708333
vt 0.625000 0.250000
vt 0.375000 0.250000
vt 0.675000 0.500000
vt 0.625000 0.500000
vt 0.375000 0.500000
vt 0.825000 0.708333
vt 0.825000 0.708333
vt 0.825000 0.708333
vt 0.825000 0.708333
vt 0.625000 0.250000
vt 0.375000 0.250000
vt 0.625000 0.500000
vt 0.375000 0.500000
vt 0.825000 0.708333
vt 0.825000 0.708333
vt 0.825000 0.708333
vt 0.825000 0.708333
vt 0.625000 0.250000
vt 0.375000 0.250000
vt 0.625000 0.500000
vt 0.375000 0.500000
vt 0.825000 0.708333
vt 0.825000 0.708333
vt 0.825000 0.708333
vt 0.825000 0.708333
vt 0.625000 0.250000
vt 0.375000 0.250000
vt 0.725000 0.500000
vt 0.625000 0.500000
vt 0.375000 0.500000
vt 0.775000 0.500000
vt 0.825000 0.708333
vt 0.825000 0.708333
vt 0.825000 0.708333
vt 0.825000 0.708333
vt 0.625000 0.250000
vt 0.375000 0.250000
vt 0.625000 0.500000
vt 0.725000 0.500000
vt 0.375000 0.500000
vt 0.775000 0.500000
vt 0.825000 0.708333
vt 0.825000 0.708333
vt 0.825000 0.708333
vt 0.825000 0.708333
vt 0.625000 0.250000
vt 0.375000 0.250000
vt 0.625000 0.500000
vt 0.375000 0.500000
vt 0.825000 0.708333
vt 0.825000 0.708333
vt 0.825000 0.708333
vt 0.825000 0.708333
vt 0.625000 0.250000
vt 0.375000 0.250000
vt 0.625000 0.500000
vt 0.375000 0.500000
vt 0.825000 0.708333
vt 0.825000 0.708333
vt 0.825000 0.708333
vt 0.825000 0.708333
vt 0.625000 0.250000
vt 0.375000 0.250000
vt 0.625000 0.500000
vt 0.375000 0.500000
vt 0.825000 0.708333
vt 0.825000 0.708333
vt 0.825000 0.708333
vt 0.825000 0.708333
vt 0.625000 0.250000
vt 0.375000 0.250000
vt 0.625000 0.500000
vt 0.375000 0.500000
vt 0.825000 0.708333
vt 0.825000 0.708333
vt 0.825000 0.708333
vt 0.825000 0.708333
vt 0.625000 0.250000
vt 0.625000 0.500000
vt 0.775000 0.500000
vt 0.825000 0.708333
vt 0.825000 0.708333
vt 0.825000 0.708333
vt 0.375000 0.250000
vt 0.000000 0.000000
vt 0.375000 0.500000
vt 0.725000 0.500000
vt 0.000000 0.000000
vt 0.000000 0.000000
vt 0.825000 0.708333
vt 0.625000 0.250000
vt 0.375000 0.250000
vt 0.175000 0.500000
vt 0.000000 0.000000
vt 0.625000 0.500000
vt 0.375000 0.500000
vt 0.225000 0.500000
vt 0.000000 0.000000
vt 0.775000 0.500000
vt 0.725000 0.500000
vt 0.000000 0.000000
vt 0.825000 0.708333
vt 0.825000 0.708333
vt 0.000000 0.000000
vt 0.825000 0.708333
vt 0.825000 0.708333
vt 0.825000 0.708333
vt 0.825000 0.708333
vt 0.825000 0.708333
vt 0.825000 0.708333
vt 0.625000 0.250000
vt 0.375000 0.250000
vt 0.175000 0.500000
vt 0.625000 0.500000
vt 0.375000 0.500000
vt 0.275000 0.500000
vt 0.225000 0.500000
vt 0.825000 0.500000
vt 0.775000 0.500000
vt 0.725000 0.500000
vt 0.825000 0.708333
vt 0.825000 0.708333
vt 0.825000 0.708333
vt 0.825000 0.708333
vt 0.825000 0.708333
vt 0.825000 0.708333
vt 0.825000 0.708333
vt 0.825000 0.708333
vt 0.825000 0.708333
vt 0.825000 0.708333
vt 0.825000 0.708333
vt 0.625000 0.250000
vt 0.375000 0.250000
vt 0.175000 0.500000
vt 0.625000 0.500000
vt 0.375000 0.500000
vt 0.275000 0.500000
vt 0.825000 0.500000
vt 0.725000 0.500000
vt 0.825000 0.708333
vt 0.825000 0.708333
vt 0.825000 0.708333
vt 0.825000 0.708333
vt 0.825000 0.708333
vt 0.825000 0.708333
vt 0.825000 0.708333
vt 0.000000 0.000000
vt 0.825000 0.708333
vt 0.825000 0.708333
vt 0.825000 0.708333
vt 0.625000 0.250000
vt 0.375000 0.250000
vt 0.625000 0.500000
vt 0.375000 0.500000
vt 0.275000 0.500000
vt 0.825000 0.500000
vt 0.725000 0.500000
vt 0.000000 0.000000
vt 0.825000 0.708333
vt 0.825000 0.708333
vt 0.825000 0.708333
vt 0.825000 0.708333
vt 0.000000 0.000000
vt 0.825000 0.708333
vt 0.000000 0.000000
vt 0.825000 0.708333
vt 0.825000 0.708333
vt 0.625000 0.250000
vt 0.375000 0.250000
vt 0.625000 0.500000
vt 0.375000 0.500000
vt 0.000000 0.000000
vt 0.275000 0.500000
vt 0.225000 0.500000
vt 0.825000 0.500000
vt 0.000000 0.000000
vt 0.725000 0.500000
vt 0.000000 0.000000
vt 0.825000 0.708333
vt 0.825000 0.708333
vt 0.825000 0.708333
vt 0.000000 0.000000
vt 0.825000 0.708333
vt 0.000000 0.000000
vt 0.825000 0.708333
vt 0.000000 0.000000
vt 0.000000 0.000000
vt 0.825000 0.708333
vt 0.825000 0.708333
vt 0.625000 0.250000
vt 0.375000 0.250000
vt 0.000000 0.000000
vt 0.675000 0.500000
vt 0.625000 0.500000
vt 0.375000 0.500000
vt 0.000000 0.000000
vt 0.225000 0.500000
vt 0.000000 0.000000
vt 0.825000 0.500000
vt 0.000000 0.000000
vt 0.000000 0.000000
vt 0.725000 0.500000
vt 0.000000 0.000000
vt 0.000000 0.000000
vt 0.000000 0.000000
vt 0.825000 0.708333
vt 0.825000 0.708333
vt 0.825000 0.708333
vt 0.000000 0.000000
vt 0.000000 0.000000
vt 0.825000 0.708333
vt 0.000000 0.000000
vt 0.675000 0.500000
vt 0.825000 0.708333
vt 0.825000 0.708333
vt 0.625000 0.250000
vt 0.375000 0.250000
vt 0.175000 0.500000
vt 0.000000 0.000000
vt 0.675000 0.500000
vt 0.625000 0.500000
vt 0.375000 0.500000
vt 0.000000 0.000000
vt 0.825000 0.500000
vt 0.000000 0.000000
vt 0.000000 0.000000
vt 0.725000 0.500000
vt 0.825000 0.708333
vt 0.000000 0.000000
vt 0.000000 0.000000
vt 0.825000 0.708333
vt 0.825000 0.708333
vt 0.825000 0.708333
vt 0.000000 0.000000
vt 0.000000 0.000000
vt 0.825000 0.708333
vt 0.725000 0.500000
vt 0.675000 0.500000
vt 0.825000 0.708333
vt 0.825000 0.708333
vt 0.825000 0.708333
vt 0.625000 0.250000
vt 0.375000 0.250000
vt 0.175000 0.500000
vt 0.625000 0.500000
vt 0.375000 0.500000
vt 0.825000 0.500000
vt 0.825000 0.708333
vt 0.825000 0.708333
vt 0.825000 0.708333
vt 0.825000 0.708333
vt 0.825000 0.708333
vt 0.825000 0.708333
vt 0.825000 0.708333
vt 0.825000 0.708333
vt 0.625000 0.250000
vt 0.375000 0.250000
vt 0.625000 0.500000
vt 0.375000 0.500000
vt 0.825000 0.708333
vt 0.825000 0.708333
vt 0.825000 0.708333
vt 0.825000 0.708333
vt 0.825000 0.708333
vt 0.825000 0.708333
vt 0.625000 0.250000
vt 0.375000 0.250000
vt 0.625000 0.500000
vt 0.375000 0.500000
vt 0.825000 0.708333
vt 0.825000 0.708333
vt 0.825000 0.708333
vt 0.825000 0.708333
vt 0.625000 0.250000
vt 0.375000 0.250000
vt 0.625000 0.500000
vt 0.375000 0.500000
vt 0.825000 0.708333
vt 0.825000 0.708333
vt 0.825000 0.708333
vt 0.825000 0.708333
vt 0.625000 0.250000
vt 0.375000 0.250000
vt 0.625000 0.500000
vt 0.375000 0.500000
vt 0.825000 0.708333
vt 0.825000 0.708333
vt 0.825000 0.708333
vt 0.825000 0.708333
vt 0.625000 0.250000
vt 0.375000 0.250000
vt 0.625000 0.500000
vt 0.375000 0.500000
vt 0.625000 0.250000
vt 0.375000 0.250000
vt 0.625000 0.500000
vt 0.375000 0.500000
vt 0.625000 0.250000
vt 0.375000 0.250000
vt 0.625000 0.500000
vt 0.375000 0.500000
vt 0.825000 0.708333
vt 0.825000 0.708333
vt 0.825000 0.708333
vt 0.825000 0.708333
vt 0.625000 0.250000
vt 0.375000 0.250000
vt 0.625000 0.500000
vt 0.375000 0.500000
vt 0.825000 0.500000
vt 0.775000 0.500000
vt 0.725000 0.500000
vt 0.825000 0.500000
vt 0.825000 0.708333
vt 0.775000 0.500000
vt 0.825000 0.708333
vt 0.825000 0.708333
vt 0.625000 0.250000
vt 0.375000 0.250000
vt 0.825000 0.500000
vt 0.775000 0.500000
vt 0.825000 0.500000
vt 0.825000 0.708333
vt 0.625000 0.500000
vt 0.825000 0.708333
vt 0.375000 0.500000
vt 0.725000 0.500000
vt 0.825000 0.708333
vt 0.625000 0.250000
vt 0.775000 0.500000
vt 0.825000 0.708333
vt 0.825000 0.708333
vt 0.625000 0.250000
vt 0.375000 0.250000
vt 0.625000 0.500000
vt 0.825000 0.708333
vt 0.375000 0.500000
vt 0.825000 0.708333
vt 0.825000 0.708333
vt 0.825000 0.708333
vt 0.825000 0.708333
vt 0.625000 0.250000
vt 0.375000 0.250000
vt 0.825000 0.708333
vt 0.625000 0.500000
vt 0.825000 0.708333
vt 0.375000 0.500000
vt 0.825000 0.708333
vt 0.825000 0.708333
vt 0.825000 0.708333
vt 0.825000 0.708333
vt 0.775000 0.550000
vt 0.725000 0.550000
vt 0.775000 0.558333
vt 0.725000 0.558333
vt 0.775000 0.550000
vt 0.725000 0.550000
vt 0.775000 0.558333
vt 0.725000 0.558333
vt 0.775000 0.550000
vt 0.725000 0.550000
vt 0.775000 0.550000
vt 0.725000 0.550000
vt 0.775000 0.550000
vt 0.725000 0.550000
vt 0.775000 0.550000
vt 0.725000 0.550000
vt 0.775000 0.550000
vt 0.725000 0.550000
vt 0.775000 0.550000
vt 0.725000 0.550000
vt 0.775000 0.550000
vt 0.725000 0.550000
vt 0.775000 0.550000
vt 0.725000 0.550000
vt 0.775000 0.550000
vt 0.725000 0.550000
vt 0.775000 0.550000
vt 0.725000 0.550000
vt 0.775000 0.550000
vt 0.725000 0.550000
vt 0.775000 0.550000
vt 0.725000 0.550000
vt 0.775000 0.550000
vt 0.725000 0.550000
vt 0.775000 0.550000
vt 0.725000 0.550000
vt 0.775000 0.550000
vt 0.725000 0.550000
vt 0.775000 0.550000
vt 0.725000 0.550000
vt 0.775000 0.550000
vt 0.725000 0.550000
vt 0.725000 0.550000
vt 0.775000 0.550000
vt 0.775000 0.550000
vt 0.725000 0.550000
vt 0.775000 0.550000
vt 0.725000 0.550000
vt 0.775000 0.550000
vt 0.725000 0.550000
vt 0.775000 0.550000
vt 0.725000 0.550000
vt 0.725000 0.550000
vt 0.725000 0.550000
vt 0.775000 0.550000
vt 0.725000 0.550000
vt 0.775000 0.500000
vt 0.725000 0.500000
vt 0.775000 0.500000
vt 0.725000 0.500000
vt 0.775000 0.500000
vt 0.775000 0.500000
vt 0.725000 0.500000
vt 0.775000 0.500000
vt 0.725000 0.500000
vt 0.775000 0.500000
vt 0.725000 0.500000
vt 0.775000 0.500000
vt 0.725000 0.500000
vt 0.775000 0.500000
vt 0.725000 0.500000
vt 0.775000 0.500000
vt 0.725000 0.500000
vt 0.775000 0.500000
vt 0.725000 0.500000
vt 0.775000 0.500000
vt 0.725000 0.500000
vt 0.775000 0.500000
vt 0.725000 0.500000
vt 0.775000 0.500000
vt 0.725000 0.500000
vt 0.775000 0.500000
vt 0.725000 0.500000
vt 0.775000 0.500000
vt 0.725000 0.500000
vt 0.775000 0.500000
vt 0.725000 0.500000
vt 0.775000 0.500000
vt 0.725000 0.500000
vt 0.775000 0.500000
vt 0.725000 0.500000
vt 0.725000 0.500000
vt 0.725000 0.500000
vt 0.725000 0.500000
vt 0.725000 0.500000
vt 0.725000 0.500000
vt 0.725000 0.500000
vt 0.725000 0.500000
vt 0.675000 0.500000
vt 0.675000 0.500000
vt 0.725000 0.550000
vt 0.725000 0.550000
vt 0.725000 0.550000
vt 0.625000 0.500000
vt 0.675000 0.500000
vt 0.625000 0.500000
vt 0.675000 0.500000
vt 0.625000 0.500000
vt 0.725000 0.550000
vt 0.625000 0.500000
vt 0.775000 0.550000
vt 0.775000 0.550000
vt 0.775000 0.550000
vt 0.625000 0.250000
vt 0.825000 0.500000
vt 0.625000 0.250000
vt 0.825000 0.500000
vt 0.625000 0.250000
vt 0.825000 0.500000
vt 0.625000 0.250000
vt 0.825000 0.500000
vt 0.625000 0.250000
vt 0.825000 0.500000
vt 0.625000 0.250000
vt 0.825000 0.500000
vt 0.000000 0.000000
vt 0.775000 0.500000
vt 0.725000 0.500000
vt 0.775000 0.500000
vt 0.725000 0.500000
vt 0.625000 0.500000
vt 0.725000 0.500000
vt 0.625000 0.500000
vt 0.725000 0.500000
vt 0.825000 0.500000
vt 0.000000 0.000000
vt 0.825000 0.500000
vt 0.000000 0.000000
vt 0.725000 0.500000
vt 0.625000 0.500000
vt 0.775000 0.500000
vt 0.725000 0.500000
vt 0.725000 0.500000
vt 0.775000 0.500000
vt 0.625000 0.500000
vt 0.725000 0.500000
vt 0.825000 0.500000
vt 0.000000 0.000000
vt 0.725000 0.500000
vt 0.625000 0.500000
vt 0.625000 0.500000
vt 0.725000 0.500000
vt 0.725000 0.500000
vt 0.625000 0.500000
vt 0.625000 0.500000
vt 0.725000 0.500000
vt 0.725000 0.500000
vt 0.725000 0.500000
vt 0.625000 0.250000
vt 0.825000 0.500000
vt 0.625000 0.250000
vt 0.825000 0.500000
vt 0.825000 0.500000
vt 0.000000 0.000000
vt 0.825000 0.500000
vt 0.000000 0.000000
vt 0.825000 0.500000
vt 0.000000 0.000000
vt 0.825000 0.500000
vt 0.000000 0.000000
vt 0.825000 0.500000
vt 0.000000 0.000000
vt 0.825000 0.500000
vt 0.000000 0.000000
vt 0.825000 0.708333
vt 0.825000 0.708333
vt 0.825000 0.708333
vt 0.825000 0.708333
vt 0.825000 0.708333
vt 0.825000 0.708333
vt 0.825000 0.708333
vt 0.825000 0.708333
vt 0.825000 0.708333
vt 0.825000 0.708333
vt 0.825000 0.708333
vt 0.825000 0.708333
vt 0.825000 0.708333
vt 0.825000 0.708333
vt 0.825000 0.708333
vt 0.825000 0.708333
vt 0.825000 0.708333
vt 0.825000 0.708333
vt 0.825000 0.708333
vt 0.725000 0.500000
vt 0.825000 0.708333
vt 0.825000 0.708333
vt 0.825000 0.708333
vt 0.825000 0.500000
vt 0.825000 0.708333
vt 0.725000 0.500000
vt 0.825000 0.708333
vt 0.825000 0.708333
vt 0.000000 0.000000
vt 0.825000 0.708333
vt 0.000000 0.000000
vt 0.825000 0.708333
vt 0.000000 0.000000
vt 0.825000 0.708333
vt 0.825000 0.708333
vt 0.825000 0.708333
vt 0.825000 0.708333
vt 0.825000 0.708333
vt 0.825000 0.708333
vt 0.825000 0.708333
vt 0.825000 0.708333
vt 0.825000 0.708333
vt 0.825000 0.708333
vt 0.825000 0.708333
vt 0.825000 0.708333
vt 0.825000 0.708333
vt 0.825000 0.708333
vt 0.825000 0.708333
vt 0.825000 0.708333
vt 0.825000 0.708333
vt 0.825000 0.708333
vt 0.825000 0.708333
vt 0.825000 0.708333
vt 0.825000 0.708333
vt 0.825000 0.708333
vt 0.825000 0.708333
vt 0.825000 0.708333
vt 0.825000 0.708333
vt 0.825000 0.500000
vt 0.000000 0.000000
vt 0.825000 0.500000
vt 0.000000 0.000000
vt 0.625000 0.250000
vt 0.825000 0.500000
vt 0.625000 0.250000
vt 0.825000 0.500000
vt 0.625000 0.250000
vt 0.825000 0.500000
vt 0.625000 0.250000
vt 0.825000 0.500000
vt 0.625000 0.250000
vt 0.825000 0.500000
vt 0.625000 0.250000
vt 0.825000 0.500000
vt 0.625000 0.250000
vt 0.825000 0.500000
vt 0.625000 0.250000
vt 0.825000 0.500000
vt 0.825000 0.500000
vt 0.825000 0.500000
vt 0.625000 0.250000
vt 0.625000 0.250000
vt 0.625000 0.250000
vt 0.825000 0.500000
vt 0.625000 0.250000
vt 0.825000 0.500000
vt 0.625000 0.250000
vt 0.825000 0.500000
vt 0.625000 0.250000
vt 0.825000 0.500000
vt 0.775000 0.500000
vt 0.725000 0.500000
vt 0.775000 0.500000
vt 0.725000 0.500000
vt 0.775000 0.500000
vt 0.725000 0.500000
vt 0.775000 0.500000
vt 0.725000 0.500000
vt 0.775000 0.500000
vt 0.725000 0.500000
vt 0.775000 0.500000
vt 0.725000 0.500000
vt 0.775000 0.500000
vt 0.725000 0.500000
vt 0.775000 0.500000
vt 0.725000 0.500000
vt 0.775000 0.500000
vt 0.725000 0.500000
vt 0.775000 0.500000
vt 0.725000 0.500000
vt 0.775000 0.500000
vt 0.725000 0.500000
vt 0.775000 0.500000
vt 0.725000 0.500000
vt 0.775000 0.500000
vt 0.725000 0.500000
vt 0.775000 0.500000
vt 0.725000 0.500000
vt 0.725000 0.500000
vt 0.675000 0.500000
vt 0.725000 0.500000
vt 0.675000 0.500000
vt 0.725000 0.500000
vt 0.675000 0.500000
vt 0.725000 0.500000
vt 0.675000 0.500000
vt 0.725000 0.500000
vt 0.675000 0.500000
vt 0.725000 0.500000
vt 0.675000 0.500000
vt 0.725000 0.500000
vt 0.675000 0.500000
vt 0.725000 0.500000
vt 0.675000 0.500000
vt 0.725000 0.500000
vt 0.675000 0.500000
vt 0.725000 0.500000
vt 0.675000 0.500000
vt 0.725000 0.500000
vt 0.675000 0.500000
vt 0.725000 0.500000
vt 0.675000 0.500000
vt 0.725000 0.500000
vt 0.675000 0.500000
vt 0.725000 0.500000
vt 0.675000 0.500000
vt 0.725000 0.500000
vt 0.675000 0.500000
vt 0.725000 0.500000
vt 0.000000 0.000000
vt 0.725000 0.500000
vt 0.825000 0.708333
vt 0.675000 0.500000
vt 0.825000 0.708333
vt 0.825000 0.708333
vt 0.825000 0.708333
vt 0.825000 0.708333
vt 0.825000 0.708333
vt 0.825000 0.708333
vt 0.825000 0.708333
vt 0.825000 0.708333
vt 0.825000 0.708333
vt 0.825000 0.708333
vt 0.825000 0.708333
vt 0.825000 0.708333
vt 0.825000 0.708333
vt 0.825000 0.708333
vt 0.825000 0.708333
vt 0.825000 0.708333
vt 0.825000 0.708333
vt 0.625000 0.250000
vt 0.825000 0.500000
vt 0.625000 0.250000
vt 0.825000 0.500000
vt 0.775000 0.500000
vt 0.725000 0.500000
vt 0.775000 0.500000
vt 0.725000 0.500000
vt 0.825000 0.708333
vt 0.625000 0.250000
vt 0.725000 0.500000
vt 0.725000 0.500000
vt 0.825000 0.500000
vt 0.000000 0.000000
vt 0.825000 0.500000
vt 0.000000 0.000000
vt 0.825000 0.500000
vt 0.000000 0.000000
vt 0.825000 0.500000
vt 0.000000 0.000000
vt 0.825000 0.708333
vt 0.825000 0.708333
s 0
g off
g INSTAKILL.001_INSTAKILL_SIDES.001
usemtl INSTAKILL_SIDES.001
f 1998/2039/10 1935/1976/10 1941/1982/10
f 2056/2097/11 1937/1978/11 1999/2040/11
f 1940/1981/11 2027/2068/11 1939/1980/11
f 2028/2069/11 2026/2067/11 2027/2068/11
f 2029/2070/11 2025/2066/11 2026/2067/11
f 2030/2071/11 2024/2065/11 2025/2066/11
f 2031/2072/11 2023/2064/11 2024/2065/11
f 2032/2073/11 2022/2063/11 2023/2064/11
f 2033/2074/11 2021/2062/11 2022/2063/11
f 2034/2075/11 2020/2061/11 2021/2062/11
f 2035/2076/11 2019/2060/11 2020/2061/11
f 2036/2077/11 2018/2059/11 2019/2060/11
f 2037/2078/11 2017/2058/11 2018/2059/11
f 2038/2079/11 2016/2057/11 2017/2058/11
f 2039/2080/11 2015/2056/11 2016/2057/11
f 2040/2081/11 2014/2055/11 2015/2056/11
f 2041/2082/11 2013/2054/11 2014/2055/11
f 2042/2083/11 2012/2053/11 2013/2054/11
f 2043/2084/11 2011/2052/11 2012/2053/11
f 2044/2085/11 2010/2051/11 2011/2052/11
f 2045/2086/11 2009/2050/11 2010/2051/11
f 2046/2087/11 2008/2049/11 2009/2050/11
f 2047/2088/11 2007/2048/11 2008/2049/11
f 2048/2089/11 2006/2047/11 2007/2048/11
f 2049/2090/11 2005/2046/11 2006/2047/11
f 2050/2091/11 2004/2045/11 2005/2046/11
f 2051/2092/11 2003/2044/11 2004/2045/11
f 2052/2093/11 2002/2043/11 2003/2044/11
f 2053/2094/11 2001/2042/11 2002/2043/11
f 2054/2095/11 2000/2041/11 2001/2042/11
f 2055/2096/11 1999/2040/11 2000/2041/11
f 1934/1975/10 1969/2010/10 1933/1974/10
f 1970/2011/10 1968/2009/10 1969/2010/10
f 1971/2012/10 1967/2008/10 1968/2009/10
f 1972/2013/10 1966/2007/10 1967/2008/10
f 1973/2014/10 1965/2006/10 1966/2007/10
f 1974/2015/10 1964/2005/10 1965/2006/10
f 1975/2016/10 1963/2004/10 1964/2005/10
f 1976/2017/10 1962/2003/10 1963/2004/10
f 1977/2018/10 1961/2002/10 1962/2003/10
f 1978/2019/10 1960/2001/10 1961/2002/10
f 1979/2020/10 1959/2000/10 1960/2001/10
f 1980/2021/10 1958/1999/10 1959/2000/10
f 1981/2022/10 1957/1998/10 1958/1999/10
f 1982/2023/10 1956/1997/10 1957/1998/10
f 1983/2024/10 1955/1996/10 1956/1997/10
f 1984/2025/10 1954/1995/10 1955/1996/10
f 1985/2026/10 1953/1994/10 1954/1995/10
f 1986/2027/10 1952/1993/10 1953/1994/10
f 1987/2028/10 1951/1992/10 1952/1993/10
f 1988/2029/10 1950/1991/10 1951/1992/10
f 1989/2030/10 1949/1990/10 1950/1991/10
f 1990/2031/10 1948/1989/10 1949/1990/10
f 1991/2032/10 1947/1988/10 1948/1989/10
f 1992/2033/10 1946/1987/10 1947/1988/10
f 1993/2034/10 1945/1986/10 1946/1987/10
f 1994/2035/10 1944/1985/10 1945/1986/10
f 1995/2036/10 1943/1984/10 1944/1985/10
f 1996/2037/10 1942/1983/10 1943/1984/10
f 1997/2038/10 1941/1982/10 1942/1983/10
f 2059/2100/10 2715/2787/10 2057/2098/10
f 2063/2104/11 2068/2109/11 2064/2105/11
f 1973/2014/10 2062/2103/10 1974/2015/10
f 2052/2093/11 2064/2105/11 2053/2094/11
f 2067/2108/11 2072/2113/11 2068/2109/11
f 2061/2102/10 2066/2107/10 2062/2103/10
f 2071/2112/11 2076/2117/11 2072/2113/11
f 2069/2110/10 2074/2115/10 2070/2111/10
f 2065/2106/10 2070/2111/10 2066/2107/10
f 2073/2114/10 2078/2119/10 2074/2115/10
f 2077/2118/10 2082/2123/10 2078/2119/10
f 2075/2116/11 2080/2121/11 2076/2117/11
f 2079/2120/11 2084/2125/11 2080/2121/11
f 2087/2128/11 2095/2136/11 2091/2132/11
f 2085/2126/10 2090/2131/10 2086/2127/10
f 2087/2128/11 2092/2133/11 2088/2129/11
f 2090/2131/10 2094/2135/10 2086/2127/10
f 2093/2134/11 2101/2142/11 2095/2136/11
f 2096/2137/10 2098/2139/10 2094/2135/10
f 2097/2138/11 2117/2158/11 2101/2142/11
f 2102/2143/10 2114/2155/10 2098/2139/10
f 2106/2147/10 2112/2153/10 2108/2149/10
f 2085/2126/10 2108/2149/10 2089/2130/10
f 2092/2133/11 2105/2146/11 2088/2129/11
f 2110/2151/10 2160/2201/10 2112/2153/10
f 2107/2148/11 2109/2150/11 2105/2146/11
f 2118/2159/10 2122/2163/10 2114/2155/10
f 2126/2167/10 2130/2171/10 2122/2163/10
f 2113/2154/11 2125/2166/11 2117/2158/11
f 2134/2175/10 2138/2179/10 2130/2171/10
f 2121/2162/11 2133/2174/11 2125/2166/11
f 2140/2181/10 2143/2184/10 2138/2179/10
f 2129/2170/11 2139/2180/11 2133/2174/11
f 2137/2178/11 2146/2187/11 2139/2180/11
f 2147/2188/10 2150/2191/10 2143/2184/10
f 2142/2183/11 2154/2195/11 2146/2187/11
f 2159/2200/11 2161/2202/11 2157/2198/11
f 2111/2152/11 2157/2198/11 2109/2150/11
f 2158/2199/10 2164/2205/10 2160/2201/10
f 2155/2196/10 2166/2207/10 2150/2191/10
f 2149/2190/11 2170/2212/11 2154/2195/11
f 2165/2206/11 2178/2220/11 2170/2212/11
f 2192/2235/10 2249/2294/10 2182/2224/10
f 2181/2223/11 2195/2238/11 2186/2229/11
f 2174/2216/11 2186/2229/11 2178/2220/11
f 2187/2230/10 2192/2235/10 2182/2224/10
f 2196/2239/10 2197/2240/10 2192/2235/10
f 2204/2247/11 2214/2257/11 2207/2250/11
f 2208/2251/10 2211/2254/10 2205/2248/10
f 2200/2243/10 2205/2248/10 2197/2240/10
f 2210/2253/11 2224/2268/11 2214/2257/11
f 2216/2259/10 2220/2263/10 2212/2255/10
f 2217/2260/11 2274/2319/11 2223/2267/11
f 2227/2271/10 2199/2242/10 2202/2245/10
f 2123/2164/11 2127/2168/11 2103/2144/11
f 2120/2161/10 2136/2177/10 2124/2165/10
f 2169/2211/11 2189/2232/11 2173/2215/11
f 2145/2186/10 2180/2222/10 2141/2182/10
f 2172/2214/10 2183/2225/10 2167/2209/10
f 2190/2233/11 2206/2249/11 2194/2237/11
f 2201/2244/11 2221/2264/11 2226/2270/11
f 2219/2262/11 2233/2277/11 2229/2273/11
f 2175/2217/10 2240/2284/10 2167/2208/10
f 2168/2210/11 2229/2273/11 2176/2218/11
f 2228/2272/10 2230/2274/10 2240/2284/10
f 2231/2275/11 2237/2281/11 2233/2277/11
f 2232/2276/10 2234/2278/10 2230/2274/10
f 2152/2193/11 2219/2262/11 2168/2210/11
f 2167/2209/10 2238/2282/10 2151/2192/10
f 2222/2266/10 2241/2286/10 2213/2256/10
f 2209/2252/11 2244/2289/11 2217/2260/11
f 2242/2287/11 2248/2293/11 2244/2289/11
f 2243/2288/10 2245/2290/10 2241/2286/10
f 2251/2296/10 2253/2298/10 2249/2294/10
f 2183/2226/11 2252/2297/11 2193/2236/11
f 2255/2300/10 2257/2302/10 2253/2298/10
f 2250/2295/11 2256/2301/11 2252/2297/11
f 2258/2303/11 2264/2309/11 2260/2305/11
f 2254/2299/11 2260/2305/11 2256/2301/11
f 2263/2308/10 2265/2310/10 2261/2306/10
f 2259/2304/10 2261/2306/10 2257/2302/10
f 2262/2307/11 2268/2313/11 2264/2309/11
f 2218/2261/11 2270/2315/11 2224/2268/11
f 2272/2317/11 2287/2332/11 2274/2319/11
f 2227/2271/10 2271/2316/10 2222/2265/10
f 2276/2321/10 2277/2322/10 2275/2320/10
f 2221/2264/11 2289/2334/11 2226/2270/11
f 2225/2269/10 2275/2320/10 2220/2263/10
f 2290/2335/11 2283/2328/11 2279/2324/11
f 2288/2333/11 2279/2324/11 2289/2334/11
f 2269/2314/11 2285/2330/11 2270/2315/11
f 2291/2336/10 2294/2339/10 2292/2337/10
f 2297/2342/10 2300/2345/10 2298/2343/10
f 2280/2325/11 2295/2340/11 2282/2327/11
f 2293/2338/10 2298/2343/10 2294/2339/10
f 2302/2347/11 2303/2348/11 2301/2346/11
f 2306/2351/10 2315/2360/10 2307/2352/10
f 2312/2357/11 2339/2384/11 2320/2365/11
f 2299/2344/10 2307/2352/10 2300/2345/10
f 2304/2349/11 2311/2356/11 2303/2348/11
f 2314/2359/10 2323/2368/10 2315/2360/10
f 2308/2353/11 2348/2393/11 2316/2361/11
f 2312/2357/11 2319/2364/11 2311/2356/11
f 2322/2367/10 2331/2376/10 2323/2368/10
f 2320/2365/11 2327/2372/11 2319/2364/11
f 2330/2375/10 2388/2433/10 2331/2376/10
f 2325/2370/11 2363/2408/11 2333/2378/11
f 2328/2373/11 2335/2380/11 2327/2372/11
f 2334/2379/10 2366/2411/10 2326/2371/10
f 2309/2354/11 2338/2383/11 2317/2362/11
f 2347/2392/11 2355/2400/11 2348/2393/11
f 2318/2363/10 2341/2386/10 2310/2355/10
f 2305/2350/11 2346/2391/11 2313/2358/11
f 2315/2360/10 2343/2388/10 2307/2352/10
f 2338/2383/10 2349/2394/10 2337/2382/10
f 2341/2386/11 2352/2397/11 2342/2387/11
f 2346/2391/10 2354/2399/10 2344/2389/10
f 2349/2394/11 2358/2403/11 2350/2395/11
f 2355/2400/10 2359/2404/10 2353/2398/10
f 2332/2377/10 2362/2407/10 2324/2369/10
f 2367/2412/11 2372/2417/11 2368/2413/11
f 2328/2373/11 2368/2413/11 2336/2381/11
f 2365/2410/10 2370/2415/10 2366/2411/10
f 2375/2420/11 2380/2425/11 2376/2421/11
f 2331/2376/10 2374/2419/10 2323/2368/10
f 2321/2366/11 2376/2421/11 2329/2374/11
f 2373/2418/10 2378/2423/10 2374/2419/10
f 2381/2426/10 2392/2437/10 2382/2427/10
f 2390/2435/11 2398/2443/11 2389/2434/11
f 1936/1977/10 2382/2427/10 1935/1976/10
f 2336/2381/11 2389/2434/11 2335/2380/11
f 1939/1980/11 2384/2429/11 1940/1981/11
f 2395/2440/11 2402/2447/11 2394/2439/11
f 2396/2441/10 2405/2450/10 2397/2442/10
f 2381/2426/10 2828/2902/10 2391/2436/10
f 2387/2432/10 2397/2442/10 2388/2433/10
f 2385/2430/11 2394/2439/11 2384/2429/11
f 2400/2445/10 2409/2454/10 2401/2446/10
f 2407/2452/11 2414/2459/11 2406/2451/11
f 2399/2444/11 2406/2451/11 2398/2443/11
f 2391/2436/10 2401/2446/10 2392/2437/10
f 2411/2456/11 2418/2464/11 2410/2455/11
f 2412/2457/10 2422/2468/10 2413/2458/10
f 2404/2449/10 2413/2458/10 2405/2450/10
f 2403/2448/11 2410/2455/11 2402/2447/11
f 2416/2461/10 2426/2472/10 2417/2462/10
f 2424/2470/11 2432/2479/11 2423/2469/11
f 2415/2460/11 2423/2469/11 2414/2459/11
f 2408/2453/10 2417/2462/10 2409/2454/10
f 2428/2475/11 2436/2483/11 2427/2473/11
f 2430/2477/10 2439/2486/10 2431/2478/10
f 2421/2467/10 2431/2478/10 2422/2468/10
f 2419/2465/11 2427/2473/11 2418/2464/11
f 2434/2481/10 2443/2490/10 2435/2482/10
f 2441/2488/11 2448/2495/11 2440/2487/11
f 2433/2480/11 2440/2487/11 2432/2479/11
f 2425/2471/10 2435/2482/10 2426/2472/10
f 2445/2492/11 2452/2499/11 2444/2491/11
f 2446/2493/10 2455/2502/10 2447/2494/10
f 2438/2485/10 2447/2494/10 2439/2486/10
f 2437/2484/11 2444/2491/11 2436/2483/11
f 2450/2497/10 2459/2506/10 2451/2498/10
f 2457/2504/11 2464/2511/11 2456/2503/11
f 2449/2496/11 2456/2503/11 2448/2495/11
f 2442/2489/10 2451/2498/10 2443/2490/10
f 2461/2508/11 2467/2514/11 2460/2507/11
f 2462/2509/10 2469/2516/10 2463/2510/10
f 2454/2501/10 2463/2510/10 2455/2502/10
f 2453/2500/11 2460/2507/11 2452/2499/11
f 2465/2512/11 2470/2517/11 2464/2511/11
f 2458/2505/10 2472/2519/10 2459/2506/10
f 2474/2521/11 2482/2530/11 2467/2514/11
f 2479/2526/10 2497/2547/10 2480/2527/10
f 2495/2545/11 2515/2565/11 2494/2544/11
f 2471/2518/11 2494/2544/11 2470/2517/11
f 2500/2550/11 2520/2570/11 2499/2549/11
f 2857/2931/11 2862/2936/11 2852/2926/11
f 2490/2540/10 2509/2559/10 2491/2541/10
f 2483/2531/11 2499/2549/11 2482/2530/11
f 2517/2567/10 2873/2947/10 2535/2586/10
f 2517/2567/10 2536/2587/10 2518/2568/10
f 2534/2585/11 2548/2601/11 2533/2584/11
f 2516/2566/11 2533/2584/11 2515/2565/11
f 2537/2588/11 2843/2917/11 2520/2570/11
f 2496/2546/10 2518/2568/10 2497/2547/10
f 2508/2558/10 2528/2578/10 2509/2559/10
f 2468/2515/10 2841/2915/10 2486/2534/10
f 2563/2618/10 2927/3006/10 2545/2597/10
f 2577/2636/11 2848/2922/11 2557/2611/11
f 2527/2577/10 2544/2596/10 2528/2578/10
f 2531/2581/11 2914/2992/11 2547/2599/11
f 2521/2571/11 2537/2588/11 2520/2570/11
f 2556/2610/10 2849/2923/10 2576/2634/10
f 2550/2603/10 2569/2626/10 2551/2604/10
f 2567/2624/11 2587/2649/11 2566/2623/11
f 2535/2586/10 2551/2604/10 2536/2587/10
f 2543/2595/10 2561/2616/10 2544/2596/10
f 2578/2637/10 3002/3081/10 2598/2662/10
f 2573/2630/11 2593/2656/11 2572/2629/11
f 2560/2615/10 2582/2642/10 2561/2616/10
f 2524/2574/10 2846/2920/10 2541/2592/10
f 2553/2606/11 2572/2629/11 2552/2605/11
f 2487/2535/11 2840/2914/11 2475/2522/11
f 2608/2676/11 2621/2689/11 2607/2675/11
f 2588/2650/11 2607/2675/11 2587/2649/11
f 2568/2625/10 2590/2652/10 2569/2626/10
f 2847/2921/10 2859/2933/10 2849/2923/10
f 2581/2641/10 2602/2668/10 2582/2642/10
f 2629/2697/10 3033/3115/10 2619/2687/10
f 2613/2681/11 2625/2693/11 2612/2680/11
f 2594/2657/11 2612/2680/11 2593/2656/11
f 2623/2691/10 2634/2702/10 2624/2692/10
f 2632/2700/11 2639/2707/11 2631/2699/11
f 2622/2690/11 2631/2699/11 2621/2689/11
f 2609/2677/10 2624/2692/10 2610/2678/10
f 2622/2690/11 3042/3124/11 2632/2700/11
f 2617/2685/10 2628/2696/10 2618/2686/10
f 2640/2708/11 2647/2715/11 2639/2707/11
f 2627/2695/10 2638/2706/10 2628/2696/10
f 2626/2694/11 2635/2703/11 2625/2693/11
f 2641/2709/10 2650/2718/10 2642/2710/10
f 2633/2701/10 2642/2710/10 2634/2702/10
f 2637/2705/10 2646/2714/10 2638/2706/10
f 2636/2704/11 2643/2711/11 2635/2703/11
f 2645/2713/10 2654/2722/10 2646/2714/10
f 2644/2712/11 2651/2719/11 2643/2711/11
f 2648/2716/11 2655/2723/11 2647/2715/11
f 2657/2725/10 2662/2730/10 2658/2726/10
f 2649/2717/10 2658/2726/10 2650/2718/10
f 2652/2720/11 2659/2727/11 2651/2719/11
f 2660/2728/11 2663/2731/11 2659/2727/11
f 2669/2737/10 3057/3139/10 2670/2738/10
f 2665/2733/10 2674/2742/10 2666/2734/10
f 2661/2729/10 2666/2734/10 2662/2730/10
f 2664/2732/11 2667/2735/11 2663/2731/11
f 2684/2752/11 2696/2766/11 2683/2751/11
f 2668/2736/11 2675/2743/11 2667/2735/11
f 2672/2740/11 2683/2751/11 2671/2739/11
f 2673/2741/10 2686/2754/10 2674/2742/10
f 2681/2749/10 2694/2763/10 3057/3139/10
f 2676/2744/11 2691/2759/11 2675/2743/11
f 2697/2767/11 2704/2775/11 2696/2766/11
f 2698/2768/10 2707/2778/10 2699/2769/10
f 2705/2776/11 2713/2785/11 2704/2775/11
f 2685/2753/10 2699/2769/10 2686/2754/10
f 2690/2758/10 2703/2774/10 2694/2763/10
f 2692/2761/11 2700/2770/11 2691/2759/11
f 2702/2773/10 2712/2784/10 2703/2774/10
f 2701/2772/11 2709/2780/11 2700/2770/11
f 2716/2788/11 2722/2794/11 2718/2790/11
f 2058/2099/11 2718/2790/11 2060/2101/11
f 2717/2789/10 2719/2791/10 2715/2787/10
f 2724/2796/11 2730/2802/11 2726/2798/11
f 2719/2791/10 2723/2795/10 2715/2787/10
f 2716/2788/11 2726/2798/11 2720/2792/11
f 2729/2801/10 2731/2803/10 2727/2799/10
f 2725/2797/10 2727/2799/10 2723/2795/10
f 2728/2800/11 2734/2806/11 2730/2802/11
f 2735/2807/10 2741/2813/10 2737/2809/10
f 2734/2806/11 2736/2808/11 2730/2802/11
f 2729/2801/10 2737/2809/10 2733/2805/10
f 2738/2810/11 2740/2812/11 2736/2808/11
f 2738/2810/11 2746/2818/11 2742/2814/11
f 2745/2817/10 2747/2819/10 2743/2815/10
f 2741/2813/10 2743/2815/10 2737/2809/10
f 2749/2821/10 2751/2823/10 2747/2819/10
f 2744/2816/11 2750/2822/11 2746/2818/11
f 2752/2824/11 2756/2828/11 2754/2826/11
f 2748/2820/11 2754/2826/11 2750/2822/11
f 2753/2825/10 2755/2827/10 2751/2823/10
f 2757/2829/11 2762/2834/11 2756/2828/11
f 2758/2830/10 2759/2831/10 2755/2827/10
f 2765/2837/10 2823/2897/10 2763/2835/10
f 2759/2831/10 2763/2835/10 2755/2827/10
f 2767/2839/11 2770/2842/11 2768/2840/11
f 2764/2836/11 2768/2840/11 2766/2838/11
f 2771/2843/10 2776/2848/10 2773/2845/10
f 2420/2466/10 2773/2845/10 2429/2476/10
f 2777/2849/11 2779/2851/11 2810/2882/11
f 2774/2846/11 2810/2882/11 2772/2844/11
f 2778/2850/10 2784/2856/10 2780/2852/10
f 2775/2847/10 2780/2852/10 2776/2848/10
f 2782/2854/10 2788/2860/10 2784/2856/10
f 2781/2853/11 2783/2855/11 2779/2851/11
f 2785/2857/11 2787/2859/11 2783/2855/11
f 2788/2860/10 2798/2870/10 2784/2856/10
f 2787/2859/11 2791/2863/11 2783/2855/11
f 2782/2854/10 2792/2864/10 2786/2858/10
f 2787/2859/11 2797/2869/11 2793/2865/11
f 2792/2864/10 2794/2866/10 2786/2858/10
f 2799/2871/11 2805/2877/11 2801/2873/11
f 2785/2857/11 2801/2873/11 2789/2861/11
f 2800/2872/10 2802/2874/10 2798/2870/10
f 2427/2474/11 2808/2880/11 2418/2463/11
f 2807/2879/11 2811/2883/11 2806/2878/11
f 2816/2888/11 2822/2895/11 2815/2887/11
f 2818/2891/10 2813/2885/10 2820/2893/10
f 2394/2439/11 2819/2892/11 2384/2429/11
f 2383/2428/10 2820/2893/10 2393/2438/10
f 2821/2894/11 2817/2890/11 2819/2892/11
f 2824/2898/10 2825/2899/10 2823/2897/10
f 2826/2900/10 2832/2906/10 2828/2902/10
f 2833/2907/11 2835/2909/11 2831/2905/11
f 2829/2903/11 2831/2905/11 2827/2901/11
f 2830/2904/10 2836/2910/10 2832/2906/10
f 2839/2913/10 2853/2927/10 2841/2915/10
f 2850/2924/11 2912/2989/11 2848/2922/11
f 2845/2919/11 2852/2926/11 2843/2917/11
f 2842/2916/11 2855/2929/11 2840/2914/11
f 2844/2918/10 2858/2932/10 2846/2920/10
f 2861/2935/10 2868/2942/10 2864/2938/10
f 2863/2937/11 2866/2940/11 2862/2936/11
f 2869/2943/10 2906/2980/10 2910/2986/10
f 2540/2591/11 2872/2946/11 2523/2573/11
f 2850/2924/11 2878/2952/11 2860/2934/11
f 2859/2933/10 2875/2949/10 2849/2923/10
f 2859/2933/10 2881/2955/10 2877/2951/10
f 2878/2952/11 2880/2954/11 2860/2934/11
f 2885/2959/10 2940/3019/10 2883/2957/10
f 2878/2952/11 2886/2960/11 2882/2956/11
f 2881/2955/10 2883/2957/10 2877/2951/10
f 2559/2614/10 2888/2962/10 2542/2594/10
f 2927/3006/11 2892/2966/11 2915/2994/11
f 2887/2961/10 2890/2964/10 2888/2962/10
f 2891/2965/11 2896/2970/11 2892/2966/11
f 2893/2967/10 2898/2972/10 2894/2968/10
f 2899/2973/11 2904/2978/11 2900/2974/11
f 2897/2971/10 2902/2976/10 2898/2972/10
f 2905/2979/10 2910/2987/10 2906/2981/10
f 2901/2975/10 2906/2981/10 2902/2976/10
f 2903/2977/11 2908/2983/11 2904/2978/11
f 2907/2982/11 2912/2990/11 2908/2983/11
f 2547/2600/11 2913/2991/11 2565/2622/11
f 2935/3014/11 2918/2997/11 2916/2995/11
f 2516/2566/11 2919/2998/11 2534/2585/11
f 2532/2583/10 2920/2999/10 2514/2564/10
f 2922/3001/10 2923/3002/10 2920/2999/10
f 2921/3000/11 2926/3005/11 2919/2998/11
f 2929/3008/11 2932/3011/11 2914/2992/11
f 2545/2597/10 2928/3007/10 2529/2579/10
f 2927/3006/10 2930/3009/10 2928/3007/10
f 2891/2965/10 2933/3012/10 2930/3009/10
f 2931/3010/11 2935/3014/11 2932/3011/11
f 2936/3015/10 2939/3018/10 2937/3016/10
f 2942/3021/10 3060/3143/10 2940/3019/10
f 2886/2960/11 2941/3020/11 2943/3022/11
f 2944/3023/10 2950/3029/10 2946/3025/10
f 2687/2755/11 2945/3024/11 2677/2745/11
f 2673/2741/10 2946/3025/10 2685/2753/10
f 2951/3030/11 2953/3032/11 2949/3028/11
f 2947/3026/11 2949/3028/11 2945/3024/11
f 2948/3027/10 2954/3033/10 2950/3029/10
f 2956/3035/10 2963/3042/10 2958/3037/10
f 2952/3031/10 2958/3037/10 2954/3033/10
f 2955/3034/11 2957/3036/11 2953/3032/11
f 2959/3038/11 2960/3039/11 2957/3036/11
f 2962/3041/10 2966/3045/10 2963/3042/10
f 2964/3043/10 2970/3049/10 2966/3045/10
f 2961/3040/11 2965/3044/11 2960/3039/11
f 2967/3046/11 2969/3048/11 2965/3044/11
f 2972/3051/10 2978/3057/10 2974/3053/10
f 2678/2746/10 2974/3053/10 2688/2756/10
f 2693/2762/11 2973/3052/11 2679/2747/11
f 2975/3054/11 2977/3056/11 2973/3052/11
f 2983/3062/11 2985/3064/11 2981/3060/11
f 2979/3058/11 2981/3060/11 2977/3056/11
f 2976/3055/10 2982/3061/10 2978/3057/10
f 2984/3063/10 2990/3069/10 2986/3065/10
f 2980/3059/10 2986/3065/10 2982/3061/10
f 2991/3070/11 2993/3072/11 2989/3068/11
f 2987/3066/11 2989/3068/11 2985/3064/11
f 2988/3067/10 2994/3073/10 2990/3069/10
f 2999/3078/11 3054/3136/11 2997/3076/11
f 2992/3071/10 2998/3077/10 2994/3073/10
f 2995/3074/11 2997/3076/11 2993/3072/11
f 2592/2655/11 3001/3080/11 2571/2628/11
f 3007/3086/11 3009/3088/11 3005/3084/11
f 3000/3079/10 3006/3085/10 3002/3081/10
f 3003/3082/11 3005/3084/11 3001/3080/11
f 3011/3090/11 3013/3092/11 3009/3088/11
f 3004/3083/10 3010/3089/10 3006/3085/10
f 3008/3087/10 3014/3093/10 3010/3089/10
f 3012/3091/10 3018/3097/10 3014/3093/10
f 3015/3094/11 3017/3096/11 3013/3092/11
f 3016/3095/10 3022/3101/10 3018/3097/10
f 3019/3098/11 3021/3100/11 3017/3096/11
f 3027/3106/11 3029/3108/11 3025/3104/11
f 3020/3099/10 3026/3105/10 3022/3101/10
f 3023/3102/11 3025/3104/11 3021/3100/11
f 3024/3103/10 3031/3111/10 3026/3105/10
f 3028/3107/10 2605/2672/10 3031/3111/10
f 3032/3113/11 2586/2648/11 3029/3108/11
f 2606/2674/11 3034/3116/11 2620/2688/11
f 2619/2687/10 3031/3112/10 2605/2671/10
f 3034/3116/11 3040/3122/11 3036/3118/11
f 2620/2688/11 3036/3118/11 2630/2698/11
f 3035/3117/10 3037/3119/10 3033/3115/10
f 3042/3124/11 3044/3126/11 2632/2700/11
f 3043/3125/10 3048/3130/10 3045/3127/10
f 3036/3118/10 3043/3125/10 3045/3127/10
f 3044/3126/11 2700/2771/11 3047/3129/11
f 3052/3134/11 2680/2748/11 3050/3132/11
f 2968/3047/10 3051/3133/10 2970/3049/10
f 2996/3075/10 3055/3137/10 2998/3077/10
f 2971/3050/11 3050/3132/11 2969/3048/11
f 3053/3135/10 2695/2765/10 3055/3137/10
f 3049/3131/10 2694/2764/10 3051/3133/10
f 3056/3138/11 3058/3141/11 3054/3136/11
f 2541/2593/11 2554/2608/11 2558/2612/11
f 2577/2636/11 2555/2609/11 2575/2632/11
f 2558/2613/10 2574/2631/10 2554/2607/10
f 2522/2572/10 2505/2555/10 2524/2574/10
f 2484/2532/10 2504/2554/10 2502/2552/10
f 2519/2569/11 2503/2553/11 2481/2528/11
f 2838/2912/10 2481/2529/10 2473/2520/10
f 2591/2653/10 2614/2682/10 2611/2679/10
f 2577/2636/10 2595/2658/10 2575/2633/10
f 2570/2627/11 2596/2660/11 2576/2635/11
f 2600/2666/10 2615/2683/10 2616/2684/10
f 2584/2646/10 2603/2669/10 2604/2670/10
f 2599/2664/11 2580/2640/11 2600/2665/11
f 2583/2644/11 2563/2619/11 2584/2645/11
f 3030/3110/10 2564/2620/10 2585/2647/10
f 2564/2621/11 2547/2600/11 2565/2622/11
f 2526/2576/11 2506/2556/11 2489/2538/11
f 2510/2560/10 2493/2543/10 2492/2542/10
f 2512/2562/10 2531/2582/10 2513/2563/10
f 2489/2539/10 2476/2523/10 2488/2536/10
f 3062/3145/10 3064/3147/10 3060/3143/10
f 2941/3020/11 3063/3146/11 2943/3022/11
f 3061/3144/11 3067/3150/11 3063/3146/11
f 3047/3129/11 2709/2781/11 3069/3152/11
f 3048/3130/10 3068/3151/10 2708/2779/10
f 1998/2039/10 1936/1977/10 1935/1976/10
f 2056/2097/11 1938/1979/11 1937/1978/11
f 1940/1981/11 2028/2069/11 2027/2068/11
f 2028/2069/11 2029/2070/11 2026/2067/11
f 2029/2070/11 2030/2071/11 2025/2066/11
f 2030/2071/11 2031/2072/11 2024/2065/11
f 2031/2072/11 2032/2073/11 2023/2064/11
f 2032/2073/11 2033/2074/11 2022/2063/11
f 2033/2074/11 2034/2075/11 2021/2062/11
f 2034/2075/11 2035/2076/11 2020/2061/11
f 2035/2076/11 2036/2077/11 2019/2060/11
f 2036/2077/11 2037/2078/11 2018/2059/11
f 2037/2078/11 2038/2079/11 2017/2058/11
f 2038/2079/11 2039/2080/11 2016/2057/11
f 2039/2080/11 2040/2081/11 2015/2056/11
f 2040/2081/11 2041/2082/11 2014/2055/11
f 2041/2082/11 2042/2083/11 2013/2054/11
f 2042/2083/11 2043/2084/11 2012/2053/11
f 2043/2084/11 2044/2085/11 2011/2052/11
f 2044/2085/11 2045/2086/11 2010/2051/11
f 2045/2086/11 2046/2087/11 2009/2050/11
f 2046/2087/11 2047/2088/11 2008/2049/11
f 2047/2088/11 2048/2089/11 2007/2048/11
f 2048/2089/11 2049/2090/11 2006/2047/11
f 2049/2090/11 2050/2091/11 2005/2046/11
f 2050/2091/11 2051/2092/11 2004/2045/11
f 2051/2092/11 2052/2093/11 2003/2044/11
f 2052/2093/11 2053/2094/11 2002/2043/11
f 2053/2094/11 2054/2095/11 2001/2042/11
f 2054/2095/11 2055/2096/11 2000/2041/11
f 2055/2096/11 2056/2097/11 1999/2040/11
f 1934/1975/10 1970/2011/10 1969/2010/10
f 1970/2011/10 1971/2012/10 1968/2009/10
f 1971/2012/10 1972/2013/10 1967/2008/10
f 1972/2013/10 1973/2014/10 1966/2007/10
f 1973/2014/10 1974/2015/10 1965/2006/10
f 1974/2015/10 1975/2016/10 1964/2005/10
f 1975/2016/10 1976/2017/10 1963/2004/10
f 1976/2017/10 1977/2018/10 1962/2003/10
f 1977/2018/10 1978/2019/10 1961/2002/10
f 1978/2019/10 1979/2020/10 1960/2001/10
f 1979/2020/10 1980/2021/10 1959/2000/10
f 1980/2021/10 1981/2022/10 1958/1999/10
f 1981/2022/10 1982/2023/10 1957/1998/10
f 1982/2023/10 1983/2024/10 1956/1997/10
f 1983/2024/10 1984/2025/10 1955/1996/10
f 1984/2025/10 1985/2026/10 1954/1995/10
f 1985/2026/10 1986/2027/10 1953/1994/10
f 1986/2027/10 1987/2028/10 1952/1993/10
f 1987/2028/10 1988/2029/10 1951/1992/10
f 1988/2029/10 1989/2030/10 1950/1991/10
f 1989/2030/10 1990/2031/10 1949/1990/10
f 1990/2031/10 1991/2032/10 1948/1989/10
f 1991/2032/10 1992/2033/10 1947/1988/10
f 1992/2033/10 1993/2034/10 1946/1987/10
f 1993/2034/10 1994/2035/10 1945/1986/10
f 1994/2035/10 1995/2036/10 1944/1985/10
f 1995/2036/10 1996/2037/10 1943/1984/10
f 1996/2037/10 1997/2038/10 1942/1983/10
f 1997/2038/10 1998/2039/10 1941/1982/10
f 2059/2100/10 2717/2789/10 2715/2787/10
f 2063/2104/11 2067/2108/11 2068/2109/11
f 1973/2014/10 2061/2102/10 2062/2103/10
f 2052/2093/11 2063/2104/11 2064/2105/11
f 2067/2108/11 2071/2112/11 2072/2113/11
f 2061/2102/10 2065/2106/10 2066/2107/10
f 2071/2112/11 2075/2116/11 2076/2117/11
f 2069/2110/10 2073/2114/10 2074/2115/10
f 2065/2106/10 2069/2110/10 2070/2111/10
f 2073/2114/10 2077/2118/10 2078/2119/10
f 2077/2118/10 2081/2122/10 2082/2123/10
f 2075/2116/11 2079/2120/11 2080/2121/11
f 2079/2120/11 2083/2124/11 2084/2125/11
f 2087/2128/11 2093/2134/11 2095/2136/11
f 2085/2126/10 2089/2130/10 2090/2131/10
f 2087/2128/11 2091/2132/11 2092/2133/11
f 2090/2131/10 2096/2137/10 2094/2135/10
f 2093/2134/11 2097/2138/11 2101/2142/11
f 2096/2137/10 2102/2143/10 2098/2139/10
f 2097/2138/11 2113/2154/11 2117/2158/11
f 2102/2143/10 2118/2159/10 2114/2155/10
f 2106/2147/10 2110/2151/10 2112/2153/10
f 2085/2126/10 2106/2147/10 2108/2149/10
f 2092/2133/11 2107/2148/11 2105/2146/11
f 2110/2151/10 2158/2199/10 2160/2201/10
f 2107/2148/11 2111/2152/11 2109/2150/11
f 2118/2159/10 2126/2167/10 2122/2163/10
f 2126/2167/10 2134/2175/10 2130/2171/10
f 2113/2154/11 2121/2162/11 2125/2166/11
f 2134/2175/10 2140/2181/10 2138/2179/10
f 2121/2162/11 2129/2170/11 2133/2174/11
f 2140/2181/10 2147/2188/10 2143/2184/10
f 2129/2170/11 2137/2178/11 2139/2180/11
f 2137/2178/11 2142/2183/11 2146/2187/11
f 2147/2188/10 2155/2196/10 2150/2191/10
f 2142/2183/11 2149/2190/11 2154/2195/11
f 2159/2200/11 2163/2204/11 2161/2202/11
f 2111/2152/11 2159/2200/11 2157/2198/11
f 2158/2199/10 2162/2203/10 2164/2205/10
f 2155/2196/10 2171/2213/10 2166/2207/10
f 2149/2190/11 2165/2206/11 2170/2212/11
f 2165/2206/11 2174/2216/11 2178/2220/11
f 2192/2235/10 2251/2296/10 2249/2294/10
f 2181/2223/11 2191/2234/11 2195/2238/11
f 2174/2216/11 2181/2223/11 2186/2229/11
f 2187/2230/10 2196/2239/10 2192/2235/10
f 2196/2239/10 2200/2243/10 2197/2240/10
f 2204/2247/11 2210/2253/11 2214/2257/11
f 2208/2251/10 2215/2258/10 2211/2254/10
f 2200/2243/10 2208/2251/10 2205/2248/10
f 2210/2253/11 2218/2261/11 2224/2268/11
f 2216/2259/10 2225/2269/10 2220/2263/10
f 2217/2260/11 2272/2317/11 2274/2319/11
f 2227/2271/10 2222/2265/10 2199/2242/10
f 2099/2140/12 2115/2156/12 2123/2164/12
f 2123/2164/11 2131/2172/11 2135/2176/11
f 2127/2168/13 2119/2160/13 2103/2144/13
f 2123/2164/11 2135/2176/11 2127/2168/11
f 2103/2144/11 2099/2140/11 2123/2164/11
f 2116/2157/10 2100/2141/10 2104/2145/10
f 2120/2161/12 2128/2169/12 2136/2177/12
f 2116/2157/10 2104/2145/10 2120/2161/10
f 2136/2177/10 2132/2173/10 2124/2165/10
f 2124/2165/10 2116/2157/10 2120/2161/10
f 2173/2215/11 2156/2197/11 2148/2189/11
f 2148/2189/11 2144/2185/11 2153/2194/11
f 2169/2211/12 2177/2219/12 2184/2227/12
f 2148/2189/11 2153/2194/11 2169/2211/11
f 2189/2232/12 2179/2221/12 2173/2215/12
f 2173/2215/11 2148/2189/11 2169/2211/11
f 2169/2211/11 2184/2227/11 2189/2232/11
f 2145/2186/10 2185/2228/10 2180/2222/10
f 2172/2214/10 2188/2231/10 2183/2225/10
f 2190/2233/11 2203/2246/11 2206/2249/11
f 2201/2244/11 2198/2241/11 2221/2264/11
f 2219/2262/11 2231/2275/11 2233/2277/11
f 2175/2217/10 2228/2272/10 2240/2284/10
f 2168/2210/11 2219/2262/11 2229/2273/11
f 2228/2272/10 2232/2276/10 2230/2274/10
f 2231/2275/11 2235/2279/11 2237/2281/11
f 2232/2276/10 2236/2280/10 2234/2278/10
f 2152/2193/11 2239/2283/11 2219/2262/11
f 2167/2209/10 2240/2285/10 2238/2282/10
f 2222/2266/10 2243/2288/10 2241/2286/10
f 2209/2252/11 2242/2287/11 2244/2289/11
f 2242/2287/11 2246/2291/11 2248/2293/11
f 2243/2288/10 2247/2292/10 2245/2290/10
f 2251/2296/10 2255/2300/10 2253/2298/10
f 2183/2226/11 2250/2295/11 2252/2297/11
f 2255/2300/10 2259/2304/10 2257/2302/10
f 2250/2295/11 2254/2299/11 2256/2301/11
f 2258/2303/11 2262/2307/11 2264/2309/11
f 2254/2299/11 2258/2303/11 2260/2305/11
f 2263/2308/10 2267/2312/10 2265/2310/10
f 2259/2304/10 2263/2308/10 2261/2306/10
f 2262/2307/11 2266/2311/11 2268/2313/11
f 2218/2261/11 2269/2314/11 2270/2315/11
f 2272/2317/11 2286/2331/11 2287/2332/11
f 2227/2271/10 2273/2318/10 2271/2316/10
f 2276/2321/10 2278/2323/10 2277/2322/10
f 2221/2264/11 2288/2333/11 2289/2334/11
f 2225/2269/10 2276/2321/10 2275/2320/10
f 2290/2335/11 2281/2326/11 2283/2328/11
f 2288/2333/11 2290/2335/11 2279/2324/11
f 2269/2314/11 2284/2329/11 2285/2330/11
f 2291/2336/10 2293/2338/10 2294/2339/10
f 2297/2342/10 2299/2344/10 2300/2345/10
f 2280/2325/11 2296/2341/11 2295/2340/11
f 2293/2338/10 2297/2342/10 2298/2343/10
f 2302/2347/11 2304/2349/11 2303/2348/11
f 2306/2351/10 2314/2359/10 2315/2360/10
f 2312/2357/11 2340/2385/11 2339/2384/11
f 2299/2344/10 2306/2351/10 2307/2352/10
f 2304/2349/11 2312/2357/11 2311/2356/11
f 2314/2359/10 2322/2367/10 2323/2368/10
f 2308/2353/11 2347/2392/11 2348/2393/11
f 2312/2357/11 2320/2365/11 2319/2364/11
f 2322/2367/10 2330/2375/10 2331/2376/10
f 2320/2365/11 2328/2373/11 2327/2372/11
f 2330/2375/10 2387/2432/10 2388/2433/10
f 2325/2370/11 2361/2406/11 2363/2408/11
f 2328/2373/11 2336/2381/11 2335/2380/11
f 2334/2379/10 2365/2410/10 2366/2411/10
f 2309/2354/11 2337/2382/11 2338/2383/11
f 2347/2392/11 2353/2398/11 2355/2400/11
f 2318/2363/10 2342/2387/10 2341/2386/10
f 2305/2350/11 2344/2389/11 2346/2391/11
f 2315/2360/10 2345/2390/10 2343/2388/10
f 2338/2383/10 2350/2395/10 2349/2394/10
f 2341/2386/11 2351/2396/11 2352/2397/11
f 2346/2391/10 2356/2401/10 2354/2399/10
f 2349/2394/11 2357/2402/11 2358/2403/11
f 2355/2400/10 2360/2405/10 2359/2404/10
f 2332/2377/10 2364/2409/10 2362/2407/10
f 2367/2412/11 2371/2416/11 2372/2417/11
f 2328/2373/11 2367/2412/11 2368/2413/11
f 2365/2410/10 2369/2414/10 2370/2415/10
f 2375/2420/11 2379/2424/11 2380/2425/11
f 2331/2376/10 2373/2418/10 2374/2419/10
f 2321/2366/11 2375/2420/11 2376/2421/11
f 2373/2418/10 2377/2422/10 2378/2423/10
f 2381/2426/10 2391/2436/10 2392/2437/10
f 2390/2435/11 2399/2444/11 2398/2443/11
f 1936/1977/10 2381/2426/10 2382/2427/10
f 2336/2381/11 2390/2435/11 2389/2434/11
f 1939/1980/11 2385/2430/11 2384/2429/11
f 2395/2440/11 2403/2448/11 2402/2447/11
f 2396/2441/10 2404/2449/10 2405/2450/10
f 2381/2426/10 2826/2900/10 2828/2902/10
f 2387/2432/10 2396/2441/10 2397/2442/10
f 2385/2430/11 2395/2440/11 2394/2439/11
f 2400/2445/10 2408/2453/10 2409/2454/10
f 2407/2452/11 2415/2460/11 2414/2459/11
f 2399/2444/11 2407/2452/11 2406/2451/11
f 2391/2436/10 2400/2445/10 2401/2446/10
f 2411/2456/11 2419/2465/11 2418/2464/11
f 2412/2457/10 2421/2467/10 2422/2468/10
f 2404/2449/10 2412/2457/10 2413/2458/10
f 2403/2448/11 2411/2456/11 2410/2455/11
f 2416/2461/10 2425/2471/10 2426/2472/10
f 2424/2470/11 2433/2480/11 2432/2479/11
f 2415/2460/11 2424/2470/11 2423/2469/11
f 2408/2453/10 2416/2461/10 2417/2462/10
f 2428/2475/11 2437/2484/11 2436/2483/11
f 2430/2477/10 2438/2485/10 2439/2486/10
f 2421/2467/10 2430/2477/10 2431/2478/10
f 2419/2465/11 2428/2475/11 2427/2473/11
f 2434/2481/10 2442/2489/10 2443/2490/10
f 2441/2488/11 2449/2496/11 2448/2495/11
f 2433/2480/11 2441/2488/11 2440/2487/11
f 2425/2471/10 2434/2481/10 2435/2482/10
f 2445/2492/11 2453/2500/11 2452/2499/11
f 2446/2493/10 2454/2501/10 2455/2502/10
f 2438/2485/10 2446/2493/10 2447/2494/10
f 2437/2484/11 2445/2492/11 2444/2491/11
f 2450/2497/10 2458/2505/10 2459/2506/10
f 2457/2504/11 2465/2512/11 2464/2511/11
f 2449/2496/11 2457/2504/11 2456/2503/11
f 2442/2489/10 2450/2497/10 2451/2498/10
f 2461/2508/11 2474/2521/11 2467/2514/11
f 2462/2509/10 2478/2525/10 2469/2516/10
f 2454/2501/10 2462/2509/10 2463/2510/10
f 2453/2500/11 2461/2508/11 2460/2507/11
f 2465/2512/11 2471/2518/11 2470/2517/11
f 2458/2505/10 2466/2513/10 2472/2519/10
f 2474/2521/11 2483/2531/11 2482/2530/11
f 2479/2526/10 2496/2546/10 2497/2547/10
f 2495/2545/11 2516/2566/11 2515/2565/11
f 2471/2518/11 2495/2545/11 2494/2544/11
f 2500/2550/11 2521/2571/11 2520/2570/11
f 2857/2931/11 2863/2937/11 2862/2936/11
f 2490/2540/10 2508/2558/10 2509/2559/10
f 2483/2531/11 2500/2550/11 2499/2549/11
f 2517/2567/10 2871/2945/10 2873/2947/10
f 2517/2567/10 2535/2586/10 2536/2587/10
f 2534/2585/11 2549/2602/11 2548/2601/11
f 2516/2566/11 2534/2585/11 2533/2584/11
f 2537/2588/11 2845/2919/11 2843/2917/11
f 2496/2546/10 2517/2567/10 2518/2568/10
f 2508/2558/10 2527/2577/10 2528/2578/10
f 2468/2515/10 2839/2913/10 2841/2915/10
f 2563/2618/10 2915/2994/10 2927/3006/10
f 2577/2636/11 2850/2924/11 2848/2922/11
f 2527/2577/10 2543/2595/10 2544/2596/10
f 2531/2581/11 2929/3008/11 2914/2992/11
f 2521/2571/11 2538/2589/11 2537/2588/11
f 2556/2610/10 2847/2921/10 2849/2923/10
f 2550/2603/10 2568/2625/10 2569/2626/10
f 2567/2624/11 2588/2650/11 2587/2649/11
f 2535/2586/10 2550/2603/10 2551/2604/10
f 2543/2595/10 2560/2615/10 2561/2616/10
f 2578/2637/10 3000/3079/10 3002/3081/10
f 2573/2630/11 2594/2657/11 2593/2656/11
f 2560/2615/10 2581/2641/10 2582/2642/10
f 2524/2574/10 2844/2918/10 2846/2920/10
f 2553/2606/11 2573/2630/11 2572/2629/11
f 2487/2535/11 2842/2916/11 2840/2914/11
f 2608/2676/11 2622/2690/11 2621/2689/11
f 2588/2650/11 2608/2676/11 2607/2675/11
f 2568/2625/10 2589/2651/10 2590/2652/10
f 2847/2921/10 2909/2984/10 2859/2933/10
f 2581/2641/10 2601/2667/10 2602/2668/10
f 2629/2697/10 3035/3117/10 3033/3115/10
f 2613/2681/11 2626/2694/11 2625/2693/11
f 2594/2657/11 2613/2681/11 2612/2680/11
f 2623/2691/10 2633/2701/10 2634/2702/10
f 2632/2700/11 2640/2708/11 2639/2707/11
f 2622/2690/11 2632/2700/11 2631/2699/11
f 2609/2677/10 2623/2691/10 2624/2692/10
f 2622/2690/11 3041/3123/11 3042/3124/11
f 2617/2685/10 2627/2695/10 2628/2696/10
f 2640/2708/11 2648/2716/11 2647/2715/11
f 2627/2695/10 2637/2705/10 2638/2706/10
f 2626/2694/11 2636/2704/11 2635/2703/11
f 2641/2709/10 2649/2717/10 2650/2718/10
f 2633/2701/10 2641/2709/10 2642/2710/10
f 2637/2705/10 2645/2713/10 2646/2714/10
f 2636/2704/11 2644/2712/11 2643/2711/11
f 2645/2713/10 2653/2721/10 2654/2722/10
f 2644/2712/11 2652/2720/11 2651/2719/11
f 2648/2716/11 2656/2724/11 2655/2723/11
f 2657/2725/10 2661/2729/10 2662/2730/10
f 2649/2717/10 2657/2725/10 2658/2726/10
f 2652/2720/11 2660/2728/11 2659/2727/11
f 2660/2728/11 2664/2732/11 2663/2731/11
f 2669/2737/10 2681/2749/10 3057/3139/10
f 2665/2733/10 2673/2741/10 2674/2742/10
f 2661/2729/10 2665/2733/10 2666/2734/10
f 2664/2732/11 2668/2736/11 2667/2735/11
f 2684/2752/11 2697/2767/11 2696/2766/11
f 2668/2736/11 2676/2744/11 2675/2743/11
f 2672/2740/11 2684/2752/11 2683/2751/11
f 2673/2741/10 2685/2753/10 2686/2754/10
f 2681/2749/10 2690/2758/10 2694/2763/10
f 2676/2744/11 2692/2761/11 2691/2759/11
f 2697/2767/11 2705/2776/11 2704/2775/11
f 2698/2768/10 2706/2777/10 2707/2778/10
f 2705/2776/11 2714/2786/11 2713/2785/11
f 2685/2753/10 2698/2768/10 2699/2769/10
f 2690/2758/10 2702/2773/10 2703/2774/10
f 2692/2761/11 2701/2772/11 2700/2770/11
f 2702/2773/10 2711/2783/10 2712/2784/10
f 2701/2772/11 2710/2782/11 2709/2780/11
f 2716/2788/11 2720/2792/11 2722/2794/11
f 2058/2099/11 2716/2788/11 2718/2790/11
f 2717/2789/10 2721/2793/10 2719/2791/10
f 2724/2796/11 2728/2800/11 2730/2802/11
f 2719/2791/10 2725/2797/10 2723/2795/10
f 2716/2788/11 2724/2796/11 2726/2798/11
f 2729/2801/10 2733/2805/10 2731/2803/10
f 2725/2797/10 2729/2801/10 2727/2799/10
f 2728/2800/11 2732/2804/11 2734/2806/11
f 2735/2807/10 2739/2811/10 2741/2813/10
f 2734/2806/11 2738/2810/11 2736/2808/11
f 2729/2801/10 2735/2807/10 2737/2809/10
f 2738/2810/11 2742/2814/11 2740/2812/11
f 2738/2810/11 2744/2816/11 2746/2818/11
f 2745/2817/10 2749/2821/10 2747/2819/10
f 2741/2813/10 2745/2817/10 2743/2815/10
f 2749/2821/10 2753/2825/10 2751/2823/10
f 2744/2816/11 2748/2820/11 2750/2822/11
f 2752/2824/11 2757/2829/11 2756/2828/11
f 2748/2820/11 2752/2824/11 2754/2826/11
f 2753/2825/10 2758/2830/10 2755/2827/10
f 2757/2829/11 2760/2832/11 2762/2834/11
f 2758/2830/10 2761/2833/10 2759/2831/10
f 2765/2837/10 2824/2898/10 2823/2897/10
f 2759/2831/10 2765/2837/10 2763/2835/10
f 2767/2839/11 2386/2431/11 2770/2842/11
f 2764/2836/11 2767/2839/11 2768/2840/11
f 2771/2843/10 2775/2847/10 2776/2848/10
f 2420/2466/10 2771/2843/10 2773/2845/10
f 2777/2849/11 2781/2853/11 2779/2851/11
f 2774/2846/11 2777/2849/11 2810/2882/11
f 2778/2850/10 2782/2854/10 2784/2856/10
f 2775/2847/10 2778/2850/10 2780/2852/10
f 2782/2854/10 2786/2858/10 2788/2860/10
f 2781/2853/11 2785/2857/11 2783/2855/11
f 2785/2857/11 2789/2861/11 2787/2859/11
f 2788/2860/10 2800/2872/10 2798/2870/10
f 2787/2859/11 2793/2865/11 2791/2863/11
f 2782/2854/10 2790/2862/10 2792/2864/10
f 2787/2859/11 2795/2867/11 2797/2869/11
f 2792/2864/10 2796/2868/10 2794/2866/10
f 2799/2871/11 2803/2875/11 2805/2877/11
f 2785/2857/11 2799/2871/11 2801/2873/11
f 2800/2872/10 2804/2876/10 2802/2874/10
f 2427/2474/11 2809/2881/11 2808/2880/11
f 2807/2879/11 2812/2884/11 2811/2883/11
f 2816/2888/11 2817/2889/11 2822/2895/11
f 2818/2891/10 2814/2886/10 2813/2885/10
f 2394/2439/11 2821/2894/11 2819/2892/11
f 2383/2428/10 2818/2891/10 2820/2893/10
f 2821/2894/11 2822/2896/11 2817/2890/11
f 2824/2898/10 2769/2841/10 2825/2899/10
f 2826/2900/10 2830/2904/10 2832/2906/10
f 2833/2907/11 2837/2911/11 2835/2909/11
f 2829/2903/11 2833/2907/11 2831/2905/11
f 2830/2904/10 2834/2908/10 2836/2910/10
f 2839/2913/10 2856/2930/10 2853/2927/10
f 2850/2924/11 2860/2934/11 2912/2989/11
f 2845/2919/11 2857/2931/11 2852/2926/11
f 2842/2916/11 2854/2928/11 2855/2929/11
f 2844/2918/10 2851/2925/10 2858/2932/10
f 2861/2935/10 2865/2939/10 2868/2942/10
f 2863/2937/11 2867/2941/11 2866/2940/11
f 2869/2943/10 2870/2944/10 2906/2980/10
f 2540/2591/11 2874/2948/11 2872/2946/11
f 2850/2924/11 2876/2950/11 2878/2952/11
f 2859/2933/10 2877/2951/10 2875/2949/10
f 2859/2933/10 2879/2953/10 2881/2955/10
f 2878/2952/11 2882/2956/11 2880/2954/11
f 2885/2959/10 2942/3021/10 2940/3019/10
f 2878/2952/11 2884/2958/11 2886/2960/11
f 2881/2955/10 2885/2959/10 2883/2957/10
f 2559/2614/10 2887/2961/10 2888/2962/10
f 2927/3006/11 2891/2965/11 2892/2966/11
f 2887/2961/10 2889/2963/10 2890/2964/10
f 2891/2965/11 2895/2969/11 2896/2970/11
f 2893/2967/10 2897/2971/10 2898/2972/10
f 2899/2973/11 2903/2977/11 2904/2978/11
f 2897/2971/10 2901/2975/10 2902/2976/10
f 2905/2979/10 2909/2985/10 2910/2987/10
f 2901/2975/10 2905/2979/10 2906/2981/10
f 2903/2977/11 2907/2982/11 2908/2983/11
f 2907/2982/11 2911/2988/11 2912/2990/11
f 2547/2600/11 2914/2993/11 2913/2991/11
f 2935/3014/11 2917/2996/11 2918/2997/11
f 2516/2566/11 2921/3000/11 2919/2998/11
f 2532/2583/10 2922/3001/10 2920/2999/10
f 2922/3001/10 2925/3004/10 2923/3002/10
f 2921/3000/11 2924/3003/11 2926/3005/11
f 2929/3008/11 2931/3010/11 2932/3011/11
f 2545/2597/10 2927/3006/10 2928/3007/10
f 2927/3006/10 2891/2965/10 2930/3009/10
f 2891/2965/10 2895/2969/10 2933/3012/10
f 2931/3010/11 2934/3013/11 2935/3014/11
f 2936/3015/10 2938/3017/10 2939/3018/10
f 2942/3021/10 3062/3145/10 3060/3143/10
f 2886/2960/11 2884/2958/11 2941/3020/11
f 2944/3023/10 2948/3027/10 2950/3029/10
f 2687/2755/11 2947/3026/11 2945/3024/11
f 2673/2741/10 2944/3023/10 2946/3025/10
f 2951/3030/11 2955/3034/11 2953/3032/11
f 2947/3026/11 2951/3030/11 2949/3028/11
f 2948/3027/10 2952/3031/10 2954/3033/10
f 2956/3035/10 2962/3041/10 2963/3042/10
f 2952/3031/10 2956/3035/10 2958/3037/10
f 2955/3034/11 2959/3038/11 2957/3036/11
f 2959/3038/11 2961/3040/11 2960/3039/11
f 2962/3041/10 2964/3043/10 2966/3045/10
f 2964/3043/10 2968/3047/10 2970/3049/10
f 2961/3040/11 2967/3046/11 2965/3044/11
f 2967/3046/11 2971/3050/11 2969/3048/11
f 2972/3051/10 2976/3055/10 2978/3057/10
f 2678/2746/10 2972/3051/10 2974/3053/10
f 2693/2762/11 2975/3054/11 2973/3052/11
f 2975/3054/11 2979/3058/11 2977/3056/11
f 2983/3062/11 2987/3066/11 2985/3064/11
f 2979/3058/11 2983/3062/11 2981/3060/11
f 2976/3055/10 2980/3059/10 2982/3061/10
f 2984/3063/10 2988/3067/10 2990/3069/10
f 2980/3059/10 2984/3063/10 2986/3065/10
f 2991/3070/11 2995/3074/11 2993/3072/11
f 2987/3066/11 2991/3070/11 2989/3068/11
f 2988/3067/10 2992/3071/10 2994/3073/10
f 2999/3078/11 3056/3138/11 3054/3136/11
f 2992/3071/10 2996/3075/10 2998/3077/10
f 2995/3074/11 2999/3078/11 2997/3076/11
f 2592/2655/11 3003/3082/11 3001/3080/11
f 3007/3086/11 3011/3090/11 3009/3088/11
f 3000/3079/10 3004/3083/10 3006/3085/10
f 3003/3082/11 3007/3086/11 3005/3084/11
f 3011/3090/11 3015/3094/11 3013/3092/11
f 3004/3083/10 3008/3087/10 3010/3089/10
f 3008/3087/10 3012/3091/10 3014/3093/10
f 3012/3091/10 3016/3095/10 3018/3097/10
f 3015/3094/11 3019/3098/11 3017/3096/11
f 3016/3095/10 3020/3099/10 3022/3101/10
f 3019/3098/11 3023/3102/11 3021/3100/11
f 3027/3106/11 3032/3113/11 3029/3108/11
f 3020/3099/10 3024/3103/10 3026/3105/10
f 3023/3102/11 3027/3106/11 3025/3104/11
f 3024/3103/10 3028/3107/10 3031/3111/10
f 3028/3107/10 3030/3109/10 2605/2672/10
f 3032/3113/11 2606/2673/11 2586/2648/11
f 2606/2674/11 3032/3114/11 3034/3116/11
f 2619/2687/10 3033/3115/10 3031/3112/10
f 3034/3116/11 3038/3120/11 3040/3122/11
f 2620/2688/11 3034/3116/11 3036/3118/11
f 3035/3117/10 3039/3121/10 3037/3119/10
f 3042/3124/11 2691/2760/11 3044/3126/11
f 3043/3125/10 3046/3128/10 3048/3130/10
f 3036/3118/10 2630/2698/10 3043/3125/10
f 3044/3126/11 2691/2760/11 2700/2771/11
f 3052/3134/11 2689/2757/11 2680/2748/11
f 2968/3047/10 3049/3131/10 3051/3133/10
f 2996/3075/10 3053/3135/10 3055/3137/10
f 2971/3050/11 3052/3134/11 3050/3132/11
f 3053/3135/10 2682/2750/10 2695/2765/10
f 3049/3131/10 3057/3140/10 2694/2764/10
f 3056/3138/11 3059/3142/11 3058/3141/11
f 2541/2593/11 2539/2590/11 2554/2608/11
f 2577/2636/11 2557/2611/11 2555/2609/11
f 2558/2613/10 2578/2638/10 2574/2631/10
f 2522/2572/10 2501/2551/10 2505/2555/10
f 2484/2532/10 2486/2534/10 2504/2554/10
f 2481/2528/12 2498/2548/12 2519/2569/12
f 2519/2569/11 2523/2573/11 2503/2553/11
f 2503/2553/11 2485/2533/11 2481/2528/11
f 2838/2912/10 2485/2533/10 2481/2529/10
f 2591/2653/10 2596/2659/10 2614/2682/10
f 2577/2636/10 2597/2661/10 2595/2658/10
f 2570/2627/11 2591/2654/11 2596/2660/11
f 2600/2666/10 2599/2663/10 2615/2683/10
f 2584/2646/10 2583/2643/10 2603/2669/10
f 2599/2664/11 2579/2639/11 2580/2640/11
f 2583/2644/11 2562/2617/11 2563/2619/11
f 3030/3110/10 2565/2622/10 2564/2620/10
f 2564/2621/11 2546/2598/11 2547/2600/11
f 2489/2538/12 2507/2557/12 2526/2576/12
f 2526/2576/11 2525/2575/11 2506/2556/11
f 2506/2556/11 2488/2537/11 2489/2538/11
f 2510/2560/10 2511/2561/10 2493/2543/10
f 2512/2562/10 2530/2580/10 2531/2582/10
f 2489/2539/10 2477/2524/10 2476/2523/10
f 3062/3145/10 3066/3149/10 3064/3147/10
f 2941/3020/11 3061/3144/11 3063/3146/11
f 3061/3144/11 3065/3148/11 3067/3150/11
f 3047/3129/11 2700/2771/11 2709/2781/11
f 3048/3130/10 3046/3128/10 3068/3151/10
g SAFEGROUND.001_Mesh
v -2.500000 1.000000 30.000000
v -2.500000 1.000000 0.000000
v 2.500000 1.000000 30.000000
v 2.500000 1.000000 0.000000
v -2.500000 1.000000 29.000000
v -2.500000 1.000000 28.000000
v -2.500000 1.000000 27.000000
v -2.500000 1.000000 26.000000
v -2.500000 1.000000 25.000000
v -2.500000 1.000000 24.000000
v -2.500000 1.000000 23.000000
v -2.500000 1.000000 22.000000
v -2.500000 1.000000 21.000000
v -2.500000 1.000000 20.000000
v -2.500000 1.000000 19.000000
v -2.500000 1.000000 18.000000
v -2.500000 1.000000 17.000000
v -2.500000 1.000000 16.000000
v -2.500000 1.000000 15.000001
v -2.500000 1.000000 14.000001
v -2.500000 1.000000 13.000001
v -2.500000 1.000000 12.000001
v -2.500000 1.000000 11.000000
v -2.500000 1.000000 10.000000
v -2.500000 1.000000 9.000000
v -2.500000 1.000000 8.000000
v -2.500000 1.000000 7.000000
v -2.500000 1.000000 6.000001
v -2.500000 1.000000 5.000001
v -2.500000 1.000000 4.000001
v -2.500000 1.000000 3.000001
v -2.500000 1.000000 2.000001
v -2.500000 1.000000 1.000001
v 2.500000 1.000000 1.000000
v 2.500000 1.000000 2.000000
v 2.500000 1.000000 3.000000
v 2.500000 1.000000 4.000000
v 2.500000 1.000000 5.000000
v 2.500000 1.000000 6.000000
v 2.500000 1.000000 7.000000
v 2.500000 1.000000 8.000000
v 2.500000 1.000000 9.000000
v 2.500000 1.000000 10.000000
v 2.500000 1.000000 11.000000
v 2.500000 1.000000 11.999999
v 2.500000 1.000000 12.999999
v 2.500000 1.000000 13.999999
v 2.500000 1.000000 14.999999
v 2.500000 1.000000 15.999999
v 2.500000 1.000000 17.000000
v 2.500000 1.000000 18.000000
v 2.500000 1.000000 19.000000
v 2.500000 1.000000 20.000000
v 2.500000 1.000000 21.000000
v 2.500000 1.000000 22.000000
v 2.500000 1.000000 23.000000
v 2.500000 1.000000 24.000000
v 2.500000 1.000000 25.000000
v 2.500000 1.000000 26.000000
v 2.500000 1.000000 27.000000
v 2.500000 1.000000 28.000000
v 2.500000 1.000000 29.000000
v -1.500000 1.000000 0.000000
v -0.500000 1.000000 0.000000
v 0.500000 1.000000 0.000000
v 1.500000 1.000000 0.000000
v 1.500000 1.000000 30.000000
v 0.500000 1.000000 30.000000
v -0.500000 1.000000 30.000000
v -1.500000 1.000000 30.000000
v -1.500000 1.000000 1.000001
v -0.500000 1.000000 1.000001
v 0.500000 1.000000 1.000001
v 1.500000 1.000000 1.000001
v -1.500000 1.000000 2.000001
v -0.500000 1.000000 2.000001
v 0.500000 1.000000 2.000001
v 1.500000 1.000000 2.000000
v -1.500000 1.000000 3.000001
v -0.500000 1.000000 3.000001
v 0.500000 1.000000 3.000001
v 1.500000 1.000000 3.000001
v -1.500000 1.000000 4.000001
v -0.500000 1.000000 4.000001
v 0.500000 1.000000 4.000001
v 1.500000 1.000000 4.000000
v -1.500000 1.000000 5.000001
v -0.500000 1.000000 5.000001
v 0.500000 1.000000 5.000001
v 1.500000 1.000000 5.000001
v -1.500000 1.000000 6.000001
v -0.500000 1.000000 6.000001
v 0.500000 1.000000 6.000001
v 1.500000 1.000000 6.000000
v -1.500000 1.000000 7.000000
v -0.500000 1.000000 7.000000
v 0.500000 1.000000 7.000000
v 1.500000 1.000000 7.000000
v -1.500000 1.000000 8.000000
v -0.500000 1.000000 8.000000
v 0.500000 1.000000 8.000000
v 1.500000 1.000000 8.000000
v -1.500000 1.000000 9.000000
v -0.500000 1.000000 9.000000
v 0.500000 1.000000 9.000000
v 1.500000 1.000000 9.000000
v -1.500000 1.000000 10.000000
v -0.500000 1.000000 10.000000
v 0.500000 1.000000 10.000000
v 1.500000 1.000000 10.000000
v -1.500000 1.000000 11.000000
v -0.500000 1.000000 11.000000
v 0.500000 1.000000 11.000000
v 1.500000 1.000000 11.000000
v -1.500000 1.000000 12.000000
v -0.500000 1.000000 12.000000
v 0.500000 1.000000 12.000000
v 1.500000 1.000000 12.000000
v -1.500000 1.000000 13.000000
v -0.500000 1.000000 13.000000
v 0.500000 1.000000 13.000000
v 1.500000 1.000000 13.000000
v -1.500000 1.000000 14.000000
v -0.500000 1.000000 14.000000
v 0.500000 1.000000 14.000000
v 1.500000 1.000000 14.000000
v -1.500000 1.000000 15.000000
v -0.500000 1.000000 15.000000
v 0.500000 1.000000 15.000000
v 1.500000 1.000000 15.000000
v -1.500000 1.000000 16.000000
v -0.500000 1.000000 16.000000
v 0.500000 1.000000 16.000000
v 1.500000 1.000000 16.000000
v -1.500000 1.000000 17.000000
v -0.500000 1.000000 17.000000
v 0.500000 1.000000 17.000000
v 1.500000 1.000000 17.000000
v -1.500000 1.000000 18.000000
v -0.500000 1.000000 18.000000
v 0.500000 1.000000 18.000000
v 1.500000 1.000000 18.000000
v -1.500000 1.000000 19.000000
v -0.500000 1.000000 19.000000
v 0.500000 1.000000 19.000000
v 1.500000 1.000000 19.000000
v -1.500000 1.000000 20.000000
v -0.500000 1.000000 20.000000
v 0.500000 1.000000 20.000000
v 1.500000 1.000000 20.000000
v -1.500000 1.000000 21.000000
v -0.500000 1.000000 21.000000
v 0.500000 1.000000 21.000000
v 1.500000 1.000000 21.000000
v -1.500000 1.000000 22.000000
v -0.500000 1.000000 22.000000
v 0.500000 1.000000 22.000000
v 1.500000 1.000000 22.000000
v -1.500000 1.000000 23.000000
v -0.500000 1.000000 23.000000
v 0.500000 1.000000 23.000000
v 1.500000 1.000000 23.000000
v -1.500000 1.000000 24.000000
v -0.500000 1.000000 24.000000
v 0.500000 1.000000 24.000000
v 1.500000 1.000000 24.000000
v -1.500000 1.000000 25.000000
v -0.500000 1.000000 25.000000
v 0.500000 1.000000 25.000000
v 1.500000 1.000000 25.000000
v -1.500000 1.000000 26.000000
v -0.500000 1.000000 26.000000
v 0.500000 1.000000 26.000000
v 1.500000 1.000000 26.000000
v -1.500000 1.000000 27.000000
v -0.500000 1.000000 27.000000
v 0.500000 1.000000 27.000000
v 1.500000 1.000000 27.000000
v -1.500000 1.000000 28.000000
v -0.500000 1.000000 28.000000
v 0.500000 1.000000 28.000000
v 1.500000 1.000000 28.000000
v -1.500000 1.000000 29.000000
v -0.500000 1.000000 29.000000
v 0.500000 1.000000 29.000000
v 1.500000 1.000000 29.000000
v -2.500000 1.000000 -1.000000
v 1.500000 1.000000 -1.000000
v 2.500000 1.000000 -1.000000
v -1.500000 1.000000 -1.000000
v 0.500000 1.000000 -1.000000
v -2.500000 1.000000 -2.000002
v 1.500000 1.000000 -2.000002
v 2.500000 1.000000 -2.000002
v -1.500000 1.000000 -2.000002
v -2.500000 1.000000 -3.000002
v 1.500000 1.000000 -3.000002
v 2.500000 1.000000 -3.000002
v -1.500000 1.000000 -3.000002
v -0.500000 1.000000 -3.000002
v 0.500000 1.000000 -3.000002
v -2.500000 1.000000 -4.000004
v 1.500000 1.000000 -4.000004
v 2.500000 1.000000 -4.000004
v -1.500000 1.000000 -4.000004
v -0.500000 1.000000 -4.000004
v 0.500000 1.000000 -4.000004
v -2.500000 1.000000 -5.000004
v 1.500000 1.000000 -5.000004
v 2.500000 1.000000 -5.000004
v -1.500000 1.000000 -5.000004
v -0.500000 1.000000 -5.000004
v 0.500000 1.000000 -5.000004
v -2.500000 1.000000 -6.000006
v 2.500000 1.000000 -6.000006
v -1.500000 1.000000 -6.000006
v -0.500000 1.000000 -6.000006
v 0.500000 1.000000 -6.000006
v -2.500000 1.000000 -7.000006
v 1.500000 1.000000 -7.000006
v 2.500000 1.000000 -7.000006
v -1.500000 1.000000 -7.000006
v -0.500000 1.000000 -7.000006
v 0.500000 1.000000 -7.000006
v -2.500000 1.000000 -8.000008
v 1.500000 1.000000 -8.000008
v 2.500000 1.000000 -8.000008
v -1.500000 1.000000 -8.000008
v -0.500000 1.000000 -8.000008
v 0.500000 1.000000 -8.000008
v -2.500000 1.000000 -9.000008
v 1.500000 1.000000 -9.000008
v 2.500000 1.000000 -9.000008
v -1.500000 1.000000 -9.000008
v -0.500000 1.000000 -9.000008
v 0.500000 1.000000 -9.000008
v -2.500000 1.000000 -10.000008
v 1.500000 1.000000 -10.000008
v 2.500000 1.000000 -10.000008
v -1.500000 1.000000 -10.000008
v -0.500000 1.000000 -10.000008
v 0.500000 1.000000 -10.000008
v -2.500000 1.000000 -11.000010
v 2.500000 1.000000 -11.000010
v -0.500000 1.000000 -11.000010
v 1.500000 1.000000 -11.000010
v 0.500000 1.000000 -11.000010
v -2.500000 1.000000 -12.000010
v 1.500000 1.000000 -12.000010
v 2.500000 1.000000 -12.000010
v -1.500000 1.000000 -12.000010
v -0.500000 1.000000 -12.000010
v 0.500000 1.000000 -12.000010
v -2.500000 1.000000 -13.000011
v 1.500000 1.000000 -13.000011
v 2.500000 1.000000 -13.000011
v -1.500000 1.000000 -13.000011
v -0.500000 1.000000 -13.000011
v 0.500000 1.000000 -13.000011
v -2.500000 1.000000 -14.000011
v 1.500000 1.000000 -14.000011
v 2.500000 1.000000 -14.000011
v -1.500000 1.000000 -14.000011
v -0.500000 1.000000 -14.000011
v 0.500000 1.000000 -14.000011
v -2.500000 1.000000 -15.000011
v -1.500000 1.000000 -15.000011
v -0.500000 1.000000 -15.000011
v 0.500000 1.000000 -15.000011
v -2.500000 1.000000 -16.000010
v 1.500000 1.000000 -16.000010
v 2.500000 1.000000 -16.000010
v -1.500000 1.000000 -16.000010
v -0.500000 1.000000 -16.000010
v 0.500000 1.000000 -16.000010
v -2.500000 1.000000 -17.000008
v 1.500000 1.000000 -17.000008
v 2.500000 1.000000 -17.000008
v -1.500000 1.000000 -17.000008
v -0.500000 1.000000 -17.000008
v 0.500000 1.000000 -17.000008
v -2.500000 1.000000 -18.000008
v 1.500000 1.000000 -18.000008
v 2.500000 1.000000 -18.000008
v -1.500000 1.000000 -18.000008
v -0.500000 1.000000 -18.000008
v 0.500000 1.000000 -18.000008
v -2.500000 1.000000 -19.000008
v 1.500000 1.000000 -19.000008
v 2.500000 1.000000 -19.000008
v -1.500000 1.000000 -19.000008
v -0.500000 1.000000 -19.000008
v 0.500000 1.000000 -19.000008
v -2.500000 1.000000 -20.000008
v 1.500000 1.000000 -20.000008
v 2.500000 1.000000 -20.000008
v -1.500000 1.000000 -20.000008
v -0.500000 1.000000 -20.000008
v 0.500000 1.000000 -20.000008
v -2.500000 1.000000 -21.000004
v 1.500000 1.000000 -21.000004
v 2.500000 1.000000 -21.000004
v -1.500000 1.000000 -21.000004
v -0.500000 1.000000 -21.000004
v 0.500000 1.000000 -21.000004
v -2.500000 1.000000 -22.000004
v 1.500000 1.000000 -22.000004
v 2.500000 1.000000 -22.000004
v -1.500000 1.000000 -22.000004
v -0.500000 1.000000 -22.000004
v 0.500000 1.000000 -22.000004
v -2.500000 1.000000 -23.000004
v 1.500000 1.000000 -23.000004
v 2.500000 1.000000 -23.000004
v -1.500000 1.000000 -23.000004
v -0.500000 1.000000 -23.000004
v 0.500000 1.000000 -23.000004
v -2.500000 1.000000 -24.000004
v 1.500000 1.000000 -24.000004
v 2.500000 1.000000 -24.000004
v -1.500000 1.000000 -24.000004
v -0.500000 1.000000 -24.000004
v 0.500000 1.000000 -24.000004
v -2.500000 1.000000 -25.000000
v 1.500000 1.000000 -25.000000
v 2.500000 1.000000 -25.000000
v -1.500000 1.000000 -25.000000
v -0.500000 1.000000 -25.000000
v 0.500000 1.000000 -25.000000
v -2.500000 1.000000 -26.000000
v 1.500000 1.000000 -26.000000
v 2.500000 1.000000 -26.000000
v -1.500000 1.000000 -26.000000
v -0.500000 1.000000 -26.000000
v 0.500000 1.000000 -26.000000
v -2.500000 1.000000 -27.000000
v 1.500000 1.000000 -27.000000
v 2.500000 1.000000 -27.000000
v -1.500000 1.000000 -27.000000
v -0.500000 1.000000 -27.000000
v 0.500000 1.000000 -27.000000
v -2.500000 1.000000 -28.000000
v -1.500000 1.000000 -28.000000
v -0.500000 1.000000 -28.000000
v 0.500000 1.000000 -28.000000
v -2.500000 1.000000 -28.999996
v -1.500000 1.000000 -28.999996
v -0.500000 1.000000 -28.999996
v 0.500000 1.000000 -28.999996
v -2.500000 1.000000 -29.999996
v -1.500000 1.000000 -29.999996
v -0.500000 1.000000 -29.999996
v 0.500000 1.000000 -29.999996
v -0.500000 1.000000 -2.000000
v 0.500000 1.000000 -2.000000
v 1.500000 1.000000 -6.000006
v -0.500000 1.000000 -0.999999
v -1.500000 1.000000 -11.000010
vn -0.0000 1.0000 -0.0000
vt 0.875000 0.750000
vt 0.875000 0.500000
vt 0.625000 0.750000
vt 0.625000 0.500000
vt 0.875000 0.741667
vt 0.875000 0.733333
vt 0.875000 0.725000
vt 0.875000 0.716667
vt 0.875000 0.708333
vt 0.875000 0.700000
vt 0.875000 0.691666
vt 0.875000 0.683333
vt 0.875000 0.675000
vt 0.875000 0.666667
vt 0.875000 0.658333
vt 0.875000 0.650000
vt 0.875000 0.641667
vt 0.875000 0.633333
vt 0.875000 0.625000
vt 0.875000 0.616667
vt 0.875000 0.608333
vt 0.875000 0.600000
vt 0.875000 0.591667
vt 0.875000 0.583333
vt 0.875000 0.575000
vt 0.875000 0.566667
vt 0.875000 0.558333
vt 0.875000 0.550000
vt 0.875000 0.541667
vt 0.875000 0.533333
vt 0.875000 0.525000
vt 0.875000 0.516667
vt 0.875000 0.508333
vt 0.625000 0.508333
vt 0.625000 0.516667
vt 0.625000 0.525000
vt 0.625000 0.533333
vt 0.625000 0.541667
vt 0.625000 0.550000
vt 0.625000 0.558333
vt 0.625000 0.566667
vt 0.625000 0.575000
vt 0.625000 0.583333
vt 0.625000 0.591667
vt 0.625000 0.600000
vt 0.625000 0.608333
vt 0.625000 0.616667
vt 0.625000 0.625000
vt 0.625000 0.633333
vt 0.625000 0.641667
vt 0.625000 0.650000
vt 0.625000 0.658333
vt 0.625000 0.666667
vt 0.625000 0.675000
vt 0.625000 0.683333
vt 0.625000 0.691667
vt 0.625000 0.700000
vt 0.625000 0.708333
vt 0.625000 0.716667
vt 0.625000 0.725000
vt 0.625000 0.733333
vt 0.625000 0.741667
vt 0.825000 0.500000
vt 0.775000 0.500000
vt 0.725000 0.500000
vt 0.675000 0.500000
vt 0.675000 0.750000
vt 0.725000 0.750000
vt 0.775000 0.750000
vt 0.825000 0.750000
vt 0.825000 0.508333
vt 0.775000 0.508333
vt 0.725000 0.508333
vt 0.675000 0.508333
vt 0.825000 0.516667
vt 0.775000 0.516667
vt 0.725000 0.516667
vt 0.675000 0.516667
vt 0.825000 0.525000
vt 0.775000 0.525000
vt 0.725000 0.525000
vt 0.675000 0.525000
vt 0.825000 0.533333
vt 0.775000 0.533333
vt 0.725000 0.533333
vt 0.675000 0.533333
vt 0.825000 0.541667
vt 0.775000 0.541667
vt 0.725000 0.541667
vt 0.675000 0.541667
vt 0.825000 0.550000
vt 0.775000 0.550000
vt 0.725000 0.550000
vt 0.675000 0.550000
vt 0.825000 0.558333
vt 0.775000 0.558333
vt 0.725000 0.558333
vt 0.675000 0.558333
vt 0.825000 0.566667
vt 0.775000 0.566667
vt 0.725000 0.566667
vt 0.675000 0.566667
vt 0.825000 0.575000
vt 0.775000 0.575000
vt 0.725000 0.575000
vt 0.675000 0.575000
vt 0.825000 0.583333
vt 0.775000 0.583333
vt 0.725000 0.583333
vt 0.675000 0.583333
vt 0.825000 0.591667
vt 0.775000 0.591667
vt 0.725000 0.591667
vt 0.675000 0.591667
vt 0.825000 0.600000
vt 0.775000 0.600000
vt 0.725000 0.600000
vt 0.675000 0.600000
vt 0.825000 0.608333
vt 0.775000 0.608333
vt 0.725000 0.608333
vt 0.675000 0.608333
vt 0.825000 0.616667
vt 0.775000 0.616667
vt 0.725000 0.616667
vt 0.675000 0.616667
vt 0.825000 0.625000
vt 0.775000 0.625000
vt 0.725000 0.625000
vt 0.675000 0.625000
vt 0.825000 0.633333
vt 0.775000 0.633333
vt 0.725000 0.633333
vt 0.675000 0.633333
vt 0.825000 0.641667
vt 0.775000 0.641667
vt 0.725000 0.641667
vt 0.675000 0.641667
vt 0.825000 0.650000
vt 0.775000 0.650000
vt 0.725000 0.650000
vt 0.675000 0.650000
vt 0.825000 0.658333
vt 0.775000 0.658333
vt 0.725000 0.658333
vt 0.675000 0.658333
vt 0.825000 0.666667
vt 0.775000 0.666667
vt 0.725000 0.666667
vt 0.675000 0.666667
vt 0.825000 0.675000
vt 0.775000 0.675000
vt 0.725000 0.675000
vt 0.675000 0.675000
vt 0.825000 0.683333
vt 0.775000 0.683333
vt 0.725000 0.683333
vt 0.675000 0.683333
vt 0.825000 0.691667
vt 0.775000 0.691667
vt 0.725000 0.691667
vt 0.675000 0.691667
vt 0.825000 0.700000
vt 0.775000 0.700000
vt 0.725000 0.700000
vt 0.675000 0.700000
vt 0.825000 0.708333
vt 0.775000 0.708333
vt 0.725000 0.708333
vt 0.675000 0.708333
vt 0.825000 0.716667
vt 0.775000 0.716667
vt 0.725000 0.716667
vt 0.675000 0.716667
vt 0.825000 0.725000
vt 0.775000 0.725000
vt 0.725000 0.725000
vt 0.675000 0.725000
vt 0.825000 0.733333
vt 0.775000 0.733333
vt 0.725000 0.733333
vt 0.675000 0.733333
vt 0.825000 0.741667
vt 0.775000 0.741667
vt 0.725000 0.741667
vt 0.675000 0.741667
vt 0.875000 0.500000
vt 0.675000 0.500000
vt 0.625000 0.500000
vt 0.825000 0.500000
vt 0.725000 0.500000
vt 0.875000 0.500000
vt 0.675000 0.500000
vt 0.625000 0.500000
vt 0.825000 0.500000
vt 0.875000 0.500000
vt 0.675000 0.500000
vt 0.625000 0.500000
vt 0.825000 0.500000
vt 0.775000 0.500000
vt 0.725000 0.500000
vt 0.875000 0.500000
vt 0.675000 0.500000
vt 0.625000 0.500000
vt 0.825000 0.500000
vt 0.775000 0.500000
vt 0.725000 0.500000
vt 0.875000 0.500000
vt 0.675000 0.500000
vt 0.625000 0.500000
vt 0.825000 0.500000
vt 0.775000 0.500000
vt 0.725000 0.500000
vt 0.875000 0.500000
vt 0.625000 0.500000
vt 0.825000 0.500000
vt 0.775000 0.500000
vt 0.725000 0.500000
vt 0.875000 0.500000
vt 0.675000 0.500000
vt 0.625000 0.500000
vt 0.825000 0.500000
vt 0.775000 0.500000
vt 0.725000 0.500000
vt 0.875000 0.500000
vt 0.675000 0.500000
vt 0.625000 0.500000
vt 0.825000 0.500000
vt 0.775000 0.500000
vt 0.725000 0.500000
vt 0.875000 0.500000
vt 0.675000 0.500000
vt 0.625000 0.500000
vt 0.825000 0.500000
vt 0.775000 0.500000
vt 0.725000 0.500000
vt 0.875000 0.500000
vt 0.675000 0.500000
vt 0.625000 0.500000
vt 0.825000 0.500000
vt 0.775000 0.500000
vt 0.725000 0.500000
vt 0.875000 0.500000
vt 0.625000 0.500000
vt 0.775000 0.500000
vt 0.675000 0.500000
vt 0.725000 0.500000
vt 0.875000 0.500000
vt 0.675000 0.500000
vt 0.625000 0.500000
vt 0.825000 0.500000
vt 0.775000 0.500000
vt 0.725000 0.500000
vt 0.875000 0.500000
vt 0.675000 0.500000
vt 0.625000 0.500000
vt 0.825000 0.500000
vt 0.775000 0.500000
vt 0.725000 0.500000
vt 0.875000 0.500000
vt 0.675000 0.500000
vt 0.625000 0.500000
vt 0.825000 0.500000
vt 0.775000 0.500000
vt 0.725000 0.500000
vt 0.875000 0.500000
vt 0.825000 0.500000
vt 0.775000 0.500000
vt 0.725000 0.500000
vt 0.875000 0.500000
vt 0.675000 0.500000
vt 0.625000 0.500000
vt 0.825000 0.500000
vt 0.775000 0.500000
vt 0.725000 0.500000
vt 0.875000 0.500000
vt 0.675000 0.500000
vt 0.625000 0.500000
vt 0.825000 0.500000
vt 0.775000 0.500000
vt 0.725000 0.500000
vt 0.875000 0.500000
vt 0.675000 0.500000
vt 0.625000 0.500000
vt 0.825000 0.500000
vt 0.775000 0.500000
vt 0.725000 0.500000
vt 0.875000 0.500000
vt 0.675000 0.500000
vt 0.625000 0.500000
vt 0.825000 0.500000
vt 0.775000 0.500000
vt 0.725000 0.500000
vt 0.875000 0.500000
vt 0.675000 0.500000
vt 0.625000 0.500000
vt 0.825000 0.500000
vt 0.775000 0.500000
vt 0.725000 0.500000
vt 0.875000 0.500000
vt 0.675000 0.500000
vt 0.625000 0.500000
vt 0.825000 0.500000
vt 0.775000 0.500000
vt 0.725000 0.500000
vt 0.875000 0.500000
vt 0.675000 0.500000
vt 0.625000 0.500000
vt 0.825000 0.500000
vt 0.775000 0.500000
vt 0.725000 0.500000
vt 0.875000 0.500000
vt 0.675000 0.500000
vt 0.625000 0.500000
vt 0.825000 0.500000
vt 0.775000 0.500000
vt 0.725000 0.500000
vt 0.875000 0.500000
vt 0.675000 0.500000
vt 0.625000 0.500000
vt 0.825000 0.500000
vt 0.775000 0.500000
vt 0.725000 0.500000
vt 0.875000 0.500000
vt 0.675000 0.500000
vt 0.625000 0.500000
vt 0.825000 0.500000
vt 0.775000 0.500000
vt 0.725000 0.500000
vt 0.875000 0.500000
vt 0.675000 0.500000
vt 0.625000 0.500000
vt 0.825000 0.500000
vt 0.775000 0.500000
vt 0.725000 0.500000
vt 0.875000 0.500000
vt 0.675000 0.500000
vt 0.625000 0.500000
vt 0.825000 0.500000
vt 0.775000 0.500000
vt 0.725000 0.500000
vt 0.875000 0.500000
vt 0.825000 0.500000
vt 0.775000 0.500000
vt 0.725000 0.500000
vt 0.875000 0.500000
vt 0.825000 0.500000
vt 0.775000 0.500000
vt 0.725000 0.500000
vt 0.875000 0.500000
vt 0.825000 0.500000
vt 0.775000 0.500000
vt 0.725000 0.500000
vt 0.775000 0.500000
vt 0.725000 0.500000
vt 0.675000 0.500000
vt 0.775000 0.500000
vt 0.825000 0.500000
s 0
g off
g SAFEGROUND.001_SAFEGROUND
usemtl SAFEGROUND
f 3074/3157/14 3139/3222/14 3252/3335/14
f 3071/3154/14 3140/3223/14 3132/3215/14
f 3102/3185/14 3144/3227/14 3140/3223/14
f 3101/3184/14 3148/3231/14 3144/3227/14
f 3100/3183/14 3152/3235/14 3148/3231/14
f 3099/3182/14 3156/3239/14 3152/3235/14
f 3098/3181/14 3160/3243/14 3156/3239/14
f 3097/3180/14 3164/3247/14 3160/3243/14
f 3096/3179/14 3168/3251/14 3164/3247/14
f 3095/3178/14 3172/3255/14 3168/3251/14
f 3094/3177/14 3176/3259/14 3172/3255/14
f 3093/3176/14 3180/3263/14 3176/3259/14
f 3092/3175/14 3184/3267/14 3180/3263/14
f 3091/3174/14 3188/3271/14 3184/3267/14
f 3090/3173/14 3192/3275/14 3188/3271/14
f 3089/3172/14 3196/3279/14 3192/3275/14
f 3088/3171/14 3200/3283/14 3196/3279/14
f 3087/3170/14 3204/3287/14 3200/3283/14
f 3086/3169/14 3208/3291/14 3204/3287/14
f 3085/3168/14 3212/3295/14 3208/3291/14
f 3084/3167/14 3216/3299/14 3212/3295/14
f 3083/3166/14 3220/3303/14 3216/3299/14
f 3082/3165/14 3224/3307/14 3220/3303/14
f 3081/3164/14 3228/3311/14 3224/3307/14
f 3080/3163/14 3232/3315/14 3228/3311/14
f 3079/3162/14 3236/3319/14 3232/3315/14
f 3077/3160/14 3244/3327/14 3240/3323/14
f 3076/3159/14 3248/3331/14 3244/3327/14
f 3075/3158/14 3252/3335/14 3248/3331/14
f 3251/3334/14 3131/3214/14 3130/3213/14
f 3250/3333/14 3255/3338/14 3251/3334/14
f 3249/3332/14 3254/3337/14 3250/3333/14
f 3248/3331/14 3253/3336/14 3249/3332/14
f 3247/3330/14 3130/3213/14 3129/3212/14
f 3246/3329/14 3251/3334/14 3247/3330/14
f 3245/3328/14 3250/3333/14 3246/3329/14
f 3244/3327/14 3249/3332/14 3245/3328/14
f 3243/3326/14 3129/3212/14 3128/3211/14
f 3242/3325/14 3247/3330/14 3243/3326/14
f 3241/3324/14 3246/3329/14 3242/3325/14
f 3240/3323/14 3245/3328/14 3241/3324/14
f 3235/3318/14 3127/3210/14 3126/3209/14
f 3234/3317/14 3239/3322/14 3235/3318/14
f 3233/3316/14 3238/3321/14 3234/3317/14
f 3232/3315/14 3237/3320/14 3233/3316/14
f 3231/3314/14 3126/3209/14 3125/3208/14
f 3230/3313/14 3235/3318/14 3231/3314/14
f 3229/3312/14 3234/3317/14 3230/3313/14
f 3228/3311/14 3233/3316/14 3229/3312/14
f 3227/3310/14 3125/3208/14 3124/3207/14
f 3226/3309/14 3231/3314/14 3227/3310/14
f 3225/3308/14 3230/3313/14 3226/3309/14
f 3224/3307/14 3229/3312/14 3225/3308/14
f 3223/3306/14 3124/3207/14 3123/3206/14
f 3222/3305/14 3227/3310/14 3223/3306/14
f 3221/3304/14 3226/3309/14 3222/3305/14
f 3220/3303/14 3225/3308/14 3221/3304/14
f 3219/3302/14 3123/3206/14 3122/3205/14
f 3218/3301/14 3223/3306/14 3219/3302/14
f 3217/3300/14 3222/3305/14 3218/3301/14
f 3216/3299/14 3221/3304/14 3217/3300/14
f 3215/3298/14 3122/3205/14 3121/3204/14
f 3214/3297/14 3219/3302/14 3215/3298/14
f 3213/3296/14 3218/3301/14 3214/3297/14
f 3212/3295/14 3217/3300/14 3213/3296/14
f 3211/3294/14 3121/3204/14 3120/3203/14
f 3210/3293/14 3215/3298/14 3211/3294/14
f 3209/3292/14 3214/3297/14 3210/3293/14
f 3208/3291/14 3213/3296/14 3209/3292/14
f 3207/3290/14 3120/3203/14 3119/3202/14
f 3206/3289/14 3211/3294/14 3207/3290/14
f 3205/3288/14 3210/3293/14 3206/3289/14
f 3204/3287/14 3209/3292/14 3205/3288/14
f 3203/3286/14 3119/3202/14 3118/3201/14
f 3202/3285/14 3207/3290/14 3203/3286/14
f 3201/3284/14 3206/3289/14 3202/3285/14
f 3200/3283/14 3205/3288/14 3201/3284/14
f 3199/3282/14 3118/3201/14 3117/3200/14
f 3198/3281/14 3203/3286/14 3199/3282/14
f 3197/3280/14 3202/3285/14 3198/3281/14
f 3196/3279/14 3201/3284/14 3197/3280/14
f 3195/3278/14 3117/3200/14 3116/3199/14
f 3194/3277/14 3199/3282/14 3195/3278/14
f 3193/3276/14 3198/3281/14 3194/3277/14
f 3192/3275/14 3197/3280/14 3193/3276/14
f 3191/3274/14 3116/3199/14 3115/3198/14
f 3190/3273/14 3195/3278/14 3191/3274/14
f 3189/3272/14 3194/3277/14 3190/3273/14
f 3188/3271/14 3193/3276/14 3189/3272/14
f 3187/3270/14 3115/3198/14 3114/3197/14
f 3186/3269/14 3191/3274/14 3187/3270/14
f 3185/3268/14 3190/3273/14 3186/3269/14
f 3184/3267/14 3189/3272/14 3185/3268/14
f 3183/3266/14 3114/3197/14 3113/3196/14
f 3182/3265/14 3187/3270/14 3183/3266/14
f 3181/3264/14 3186/3269/14 3182/3265/14
f 3180/3263/14 3185/3268/14 3181/3264/14
f 3179/3262/14 3113/3196/14 3112/3195/14
f 3178/3261/14 3183/3266/14 3179/3262/14
f 3177/3260/14 3182/3265/14 3178/3261/14
f 3176/3259/14 3181/3264/14 3177/3260/14
f 3175/3258/14 3112/3195/14 3111/3194/14
f 3174/3257/14 3179/3262/14 3175/3258/14
f 3173/3256/14 3178/3261/14 3174/3257/14
f 3172/3255/14 3177/3260/14 3173/3256/14
f 3171/3254/14 3111/3194/14 3110/3193/14
f 3170/3253/14 3175/3258/14 3171/3254/14
f 3169/3252/14 3174/3257/14 3170/3253/14
f 3168/3251/14 3173/3256/14 3169/3252/14
f 3167/3250/14 3110/3193/14 3109/3192/14
f 3166/3249/14 3171/3254/14 3167/3250/14
f 3165/3248/14 3170/3253/14 3166/3249/14
f 3164/3247/14 3169/3252/14 3165/3248/14
f 3163/3246/14 3109/3192/14 3108/3191/14
f 3162/3245/14 3167/3250/14 3163/3246/14
f 3160/3243/14 3165/3248/14 3161/3244/14
f 3159/3242/14 3108/3191/14 3107/3190/14
f 3158/3241/14 3163/3246/14 3159/3242/14
f 3157/3240/14 3162/3245/14 3158/3241/14
f 3156/3239/14 3161/3244/14 3157/3240/14
f 3155/3238/14 3107/3190/14 3106/3189/14
f 3154/3237/14 3159/3242/14 3155/3238/14
f 3153/3236/14 3158/3241/14 3154/3237/14
f 3152/3235/14 3157/3240/14 3153/3236/14
f 3151/3234/14 3106/3189/14 3105/3188/14
f 3150/3233/14 3155/3238/14 3151/3234/14
f 3149/3232/14 3154/3237/14 3150/3233/14
f 3148/3231/14 3153/3236/14 3149/3232/14
f 3147/3230/14 3105/3188/14 3104/3187/14
f 3146/3229/14 3151/3234/14 3147/3230/14
f 3145/3228/14 3150/3233/14 3146/3229/14
f 3144/3227/14 3149/3232/14 3145/3228/14
f 3143/3226/14 3104/3187/14 3103/3186/14
f 3142/3225/14 3147/3230/14 3143/3226/14
f 3141/3224/14 3146/3229/14 3142/3225/14
f 3140/3223/14 3145/3228/14 3141/3224/14
f 3135/3218/14 3103/3186/14 3073/3156/14
f 3134/3217/14 3143/3226/14 3135/3218/14
f 3133/3216/14 3142/3225/14 3134/3217/14
f 3132/3215/14 3141/3224/14 3133/3216/14
f 3255/3338/14 3072/3155/14 3131/3214/14
f 3254/3337/14 3136/3219/14 3255/3338/14
f 3253/3336/14 3137/3220/14 3254/3337/14
f 3252/3335/14 3138/3221/14 3253/3336/14
f 3135/3218/14 3260/3343/14 3134/3217/14
f 3132/3215/14 3256/3339/14 3071/3154/14
f 3133/3216/14 3259/3342/14 3132/3215/14
f 3073/3156/14 3257/3340/14 3135/3218/14
f 3134/3217/14 3426/3509/14 3133/3216/14
f 3262/3345/14 3270/3353/14 3424/3507/14
f 3424/3507/14 3269/3352/14 3423/3506/14
f 3263/3346/14 3266/3349/14 3262/3345/14
f 3264/3347/14 3269/3352/14 3268/3351/14
f 3260/3343/14 3423/3506/14 3426/3509/14
f 3257/3340/14 3424/3507/14 3260/3343/14
f 3268/3351/14 3271/3354/14 3265/3348/14
f 3264/3347/14 3265/3348/14 3261/3344/14
f 3272/3355/14 3282/3365/14 3276/3359/14
f 3276/3359/14 3281/3364/14 3275/3358/14
f 3273/3356/14 3278/3361/14 3272/3355/14
f 3275/3358/14 3280/3363/14 3274/3357/14
f 3269/3352/14 3274/3357/14 3268/3351/14
f 3267/3350/14 3272/3355/14 3266/3349/14
f 3270/3353/14 3275/3358/14 3269/3352/14
f 3266/3349/14 3276/3359/14 3270/3353/14
f 3280/3363/14 3283/3366/14 3277/3360/14
f 3274/3357/14 3277/3360/14 3271/3354/14
f 3425/3508/14 3293/3376/14 3287/3370/14
f 3287/3370/14 3292/3375/14 3286/3369/14
f 3284/3367/14 3289/3372/14 3425/3508/14
f 3286/3369/14 3291/3374/14 3285/3368/14
f 3281/3364/14 3285/3368/14 3280/3363/14
f 3279/3362/14 3425/3508/14 3278/3361/14
f 3278/3361/14 3287/3370/14 3282/3365/14
f 3291/3374/14 3294/3377/14 3288/3371/14
f 3285/3368/14 3288/3371/14 3283/3366/14
f 3295/3378/14 3305/3388/14 3299/3382/14
f 3299/3382/14 3304/3387/14 3298/3381/14
f 3296/3379/14 3301/3384/14 3295/3378/14
f 3292/3375/14 3297/3380/14 3291/3374/14
f 3290/3373/14 3295/3378/14 3289/3372/14
f 3293/3376/14 3298/3381/14 3292/3375/14
f 3289/3372/14 3299/3382/14 3293/3376/14
f 3303/3386/14 3306/3389/14 3300/3383/14
f 3297/3380/14 3300/3383/14 3294/3377/14
f 3298/3381/14 3303/3386/14 3297/3380/14
f 3307/3390/14 3316/3399/14 3311/3394/14
f 3311/3394/14 3314/3397/14 3310/3393/14
f 3308/3391/14 3315/3398/14 3307/3390/14
f 3304/3387/14 3309/3392/14 3303/3386/14
f 3302/3385/14 3307/3390/14 3301/3384/14
f 3305/3388/14 3310/3393/14 3304/3387/14
f 3301/3384/14 3311/3394/14 3305/3388/14
f 3309/3392/14 3312/3395/14 3306/3389/14
f 3310/3393/14 3427/3510/14 3309/3392/14
f 3315/3398/14 3322/3405/14 3316/3399/14
f 3320/3403/14 3323/3406/14 3317/3400/14
f 3314/3397/14 3320/3403/14 3427/3510/14
f 3313/3396/14 3318/3401/14 3315/3398/14
f 3324/3407/14 3334/3417/14 3328/3411/14
f 3319/3402/14 3324/3407/14 3318/3401/14
f 3322/3405/14 3327/3410/14 3321/3404/14
f 3318/3401/14 3328/3411/14 3322/3405/14
f 3333/3416/14 3336/3419/14 3332/3415/14
f 3326/3409/14 3329/3412/14 3323/3406/14
f 3325/3408/14 3330/3413/14 3324/3407/14
f 3338/3421/14 3343/3426/14 3337/3420/14
f 3334/3417/14 3337/3420/14 3333/3416/14
f 3342/3425/14 3345/3428/14 3339/3422/14
f 3336/3419/14 3339/3422/14 3335/3418/14
f 3337/3420/14 3342/3425/14 3336/3419/14
f 3341/3424/14 3346/3429/14 3340/3423/14
f 3340/3423/14 3350/3433/14 3344/3427/14
f 3355/3438/14 3360/3443/14 3354/3437/14
f 3348/3431/14 3351/3434/14 3345/3428/14
f 3347/3430/14 3352/3435/14 3346/3429/14
f 3350/3433/14 3355/3438/14 3349/3432/14
f 3358/3441/14 3368/3451/14 3362/3445/14
f 3353/3436/14 3358/3441/14 3352/3435/14
f 3356/3439/14 3361/3444/14 3355/3438/14
f 3352/3435/14 3362/3445/14 3356/3439/14
f 3367/3450/14 3372/3455/14 3366/3449/14
f 3366/3449/14 3369/3452/14 3363/3446/14
f 3360/3443/14 3363/3446/14 3357/3440/14
f 3361/3444/14 3366/3449/14 3360/3443/14
f 3359/3442/14 3364/3447/14 3358/3441/14
f 3362/3445/14 3367/3450/14 3361/3444/14
f 3370/3453/14 3380/3463/14 3374/3457/14
f 3365/3448/14 3370/3453/14 3364/3447/14
f 3368/3451/14 3373/3456/14 3367/3450/14
f 3364/3447/14 3374/3457/14 3368/3451/14
f 3377/3460/14 3382/3465/14 3376/3459/14
f 3379/3462/14 3384/3467/14 3378/3461/14
f 3378/3461/14 3381/3464/14 3375/3458/14
f 3372/3455/14 3375/3458/14 3369/3452/14
f 3373/3456/14 3378/3461/14 3372/3455/14
f 3371/3454/14 3376/3459/14 3370/3453/14
f 3374/3457/14 3379/3462/14 3373/3456/14
f 3382/3465/14 3392/3475/14 3386/3469/14
f 3380/3463/14 3385/3468/14 3379/3462/14
f 3376/3459/14 3386/3469/14 3380/3463/14
f 3389/3472/14 3394/3477/14 3388/3471/14
f 3391/3474/14 3396/3479/14 3390/3473/14
f 3390/3473/14 3393/3476/14 3387/3470/14
f 3384/3467/14 3387/3470/14 3381/3464/14
f 3385/3468/14 3390/3473/14 3384/3467/14
f 3383/3466/14 3388/3471/14 3382/3465/14
f 3386/3469/14 3391/3474/14 3385/3468/14
f 3394/3477/14 3404/3487/14 3398/3481/14
f 3392/3475/14 3397/3480/14 3391/3474/14
f 3388/3471/14 3398/3481/14 3392/3475/14
f 3404/3487/14 3409/3492/14 3403/3486/14
f 3401/3484/14 3406/3489/14 3400/3483/14
f 3403/3486/14 3408/3491/14 3402/3485/14
f 3402/3485/14 3405/3488/14 3399/3482/14
f 3396/3479/14 3399/3482/14 3393/3476/14
f 3397/3480/14 3402/3485/14 3396/3479/14
f 3395/3478/14 3400/3483/14 3394/3477/14
f 3398/3481/14 3403/3486/14 3397/3480/14
f 3400/3483/14 3410/3493/14 3404/3487/14
f 3409/3492/14 3412/3495/14 3408/3491/14
f 3416/3499/14 3419/3502/14 3415/3498/14
f 3412/3495/14 3415/3498/14 3411/3494/14
f 3413/3496/14 3416/3499/14 3412/3495/14
f 3414/3497/14 3417/3500/14 3413/3496/14
f 3417/3500/14 3420/3503/14 3416/3499/14
f 3418/3501/14 3421/3504/14 3417/3500/14
f 3074/3157/14 3070/3153/14 3139/3222/14
f 3071/3154/14 3102/3185/14 3140/3223/14
f 3102/3185/14 3101/3184/14 3144/3227/14
f 3101/3184/14 3100/3183/14 3148/3231/14
f 3100/3183/14 3099/3182/14 3152/3235/14
f 3099/3182/14 3098/3181/14 3156/3239/14
f 3098/3181/14 3097/3180/14 3160/3243/14
f 3097/3180/14 3096/3179/14 3164/3247/14
f 3096/3179/14 3095/3178/14 3168/3251/14
f 3095/3178/14 3094/3177/14 3172/3255/14
f 3094/3177/14 3093/3176/14 3176/3259/14
f 3093/3176/14 3092/3175/14 3180/3263/14
f 3092/3175/14 3091/3174/14 3184/3267/14
f 3091/3174/14 3090/3173/14 3188/3271/14
f 3090/3173/14 3089/3172/14 3192/3275/14
f 3089/3172/14 3088/3171/14 3196/3279/14
f 3088/3171/14 3087/3170/14 3200/3283/14
f 3087/3170/14 3086/3169/14 3204/3287/14
f 3086/3169/14 3085/3168/14 3208/3291/14
f 3085/3168/14 3084/3167/14 3212/3295/14
f 3084/3167/14 3083/3166/14 3216/3299/14
f 3083/3166/14 3082/3165/14 3220/3303/14
f 3082/3165/14 3081/3164/14 3224/3307/14
f 3081/3164/14 3080/3163/14 3228/3311/14
f 3080/3163/14 3079/3162/14 3232/3315/14
f 3079/3162/14 3078/3161/14 3236/3319/14
f 3077/3160/14 3076/3159/14 3244/3327/14
f 3076/3159/14 3075/3158/14 3248/3331/14
f 3075/3158/14 3074/3157/14 3252/3335/14
f 3251/3334/14 3255/3338/14 3131/3214/14
f 3250/3333/14 3254/3337/14 3255/3338/14
f 3249/3332/14 3253/3336/14 3254/3337/14
f 3248/3331/14 3252/3335/14 3253/3336/14
f 3247/3330/14 3251/3334/14 3130/3213/14
f 3246/3329/14 3250/3333/14 3251/3334/14
f 3245/3328/14 3249/3332/14 3250/3333/14
f 3244/3327/14 3248/3331/14 3249/3332/14
f 3243/3326/14 3247/3330/14 3129/3212/14
f 3242/3325/14 3246/3329/14 3247/3330/14
f 3241/3324/14 3245/3328/14 3246/3329/14
f 3240/3323/14 3244/3327/14 3245/3328/14
f 3235/3318/14 3239/3322/14 3127/3210/14
f 3234/3317/14 3238/3321/14 3239/3322/14
f 3233/3316/14 3237/3320/14 3238/3321/14
f 3232/3315/14 3236/3319/14 3237/3320/14
f 3231/3314/14 3235/3318/14 3126/3209/14
f 3230/3313/14 3234/3317/14 3235/3318/14
f 3229/3312/14 3233/3316/14 3234/3317/14
f 3228/3311/14 3232/3315/14 3233/3316/14
f 3227/3310/14 3231/3314/14 3125/3208/14
f 3226/3309/14 3230/3313/14 3231/3314/14
f 3225/3308/14 3229/3312/14 3230/3313/14
f 3224/3307/14 3228/3311/14 3229/3312/14
f 3223/3306/14 3227/3310/14 3124/3207/14
f 3222/3305/14 3226/3309/14 3227/3310/14
f 3221/3304/14 3225/3308/14 3226/3309/14
f 3220/3303/14 3224/3307/14 3225/3308/14
f 3219/3302/14 3223/3306/14 3123/3206/14
f 3218/3301/14 3222/3305/14 3223/3306/14
f 3217/3300/14 3221/3304/14 3222/3305/14
f 3216/3299/14 3220/3303/14 3221/3304/14
f 3215/3298/14 3219/3302/14 3122/3205/14
f 3214/3297/14 3218/3301/14 3219/3302/14
f 3213/3296/14 3217/3300/14 3218/3301/14
f 3212/3295/14 3216/3299/14 3217/3300/14
f 3211/3294/14 3215/3298/14 3121/3204/14
f 3210/3293/14 3214/3297/14 3215/3298/14
f 3209/3292/14 3213/3296/14 3214/3297/14
f 3208/3291/14 3212/3295/14 3213/3296/14
f 3207/3290/14 3211/3294/14 3120/3203/14
f 3206/3289/14 3210/3293/14 3211/3294/14
f 3205/3288/14 3209/3292/14 3210/3293/14
f 3204/3287/14 3208/3291/14 3209/3292/14
f 3203/3286/14 3207/3290/14 3119/3202/14
f 3202/3285/14 3206/3289/14 3207/3290/14
f 3201/3284/14 3205/3288/14 3206/3289/14
f 3200/3283/14 3204/3287/14 3205/3288/14
f 3199/3282/14 3203/3286/14 3118/3201/14
f 3198/3281/14 3202/3285/14 3203/3286/14
f 3197/3280/14 3201/3284/14 3202/3285/14
f 3196/3279/14 3200/3283/14 3201/3284/14
f 3195/3278/14 3199/3282/14 3117/3200/14
f 3194/3277/14 3198/3281/14 3199/3282/14
f 3193/3276/14 3197/3280/14 3198/3281/14
f 3192/3275/14 3196/3279/14 3197/3280/14
f 3191/3274/14 3195/3278/14 3116/3199/14
f 3190/3273/14 3194/3277/14 3195/3278/14
f 3189/3272/14 3193/3276/14 3194/3277/14
f 3188/3271/14 3192/3275/14 3193/3276/14
f 3187/3270/14 3191/3274/14 3115/3198/14
f 3186/3269/14 3190/3273/14 3191/3274/14
f 3185/3268/14 3189/3272/14 3190/3273/14
f 3184/3267/14 3188/3271/14 3189/3272/14
f 3183/3266/14 3187/3270/14 3114/3197/14
f 3182/3265/14 3186/3269/14 3187/3270/14
f 3181/3264/14 3185/3268/14 3186/3269/14
f 3180/3263/14 3184/3267/14 3185/3268/14
f 3179/3262/14 3183/3266/14 3113/3196/14
f 3178/3261/14 3182/3265/14 3183/3266/14
f 3177/3260/14 3181/3264/14 3182/3265/14
f 3176/3259/14 3180/3263/14 3181/3264/14
f 3175/3258/14 3179/3262/14 3112/3195/14
f 3174/3257/14 3178/3261/14 3179/3262/14
f 3173/3256/14 3177/3260/14 3178/3261/14
f 3172/3255/14 3176/3259/14 3177/3260/14
f 3171/3254/14 3175/3258/14 3111/3194/14
f 3170/3253/14 3174/3257/14 3175/3258/14
f 3169/3252/14 3173/3256/14 3174/3257/14
f 3168/3251/14 3172/3255/14 3173/3256/14
f 3167/3250/14 3171/3254/14 3110/3193/14
f 3166/3249/14 3170/3253/14 3171/3254/14
f 3165/3248/14 3169/3252/14 3170/3253/14
f 3164/3247/14 3168/3251/14 3169/3252/14
f 3163/3246/14 3167/3250/14 3109/3192/14
f 3162/3245/14 3166/3249/14 3167/3250/14
f 3160/3243/14 3164/3247/14 3165/3248/14
f 3159/3242/14 3163/3246/14 3108/3191/14
f 3158/3241/14 3162/3245/14 3163/3246/14
f 3157/3240/14 3161/3244/14 3162/3245/14
f 3156/3239/14 3160/3243/14 3161/3244/14
f 3155/3238/14 3159/3242/14 3107/3190/14
f 3154/3237/14 3158/3241/14 3159/3242/14
f 3153/3236/14 3157/3240/14 3158/3241/14
f 3152/3235/14 3156/3239/14 3157/3240/14
f 3151/3234/14 3155/3238/14 3106/3189/14
f 3150/3233/14 3154/3237/14 3155/3238/14
f 3149/3232/14 3153/3236/14 3154/3237/14
f 3148/3231/14 3152/3235/14 3153/3236/14
f 3147/3230/14 3151/3234/14 3105/3188/14
f 3146/3229/14 3150/3233/14 3151/3234/14
f 3145/3228/14 3149/3232/14 3150/3233/14
f 3144/3227/14 3148/3231/14 3149/3232/14
f 3143/3226/14 3147/3230/14 3104/3187/14
f 3142/3225/14 3146/3229/14 3147/3230/14
f 3141/3224/14 3145/3228/14 3146/3229/14
f 3140/3223/14 3144/3227/14 3145/3228/14
f 3135/3218/14 3143/3226/14 3103/3186/14
f 3134/3217/14 3142/3225/14 3143/3226/14
f 3133/3216/14 3141/3224/14 3142/3225/14
f 3132/3215/14 3140/3223/14 3141/3224/14
f 3255/3338/14 3136/3219/14 3072/3155/14
f 3254/3337/14 3137/3220/14 3136/3219/14
f 3253/3336/14 3138/3221/14 3137/3220/14
f 3252/3335/14 3139/3222/14 3138/3221/14
f 3135/3218/14 3257/3340/14 3260/3343/14
f 3132/3215/14 3259/3342/14 3256/3339/14
f 3133/3216/14 3426/3509/14 3259/3342/14
f 3073/3156/14 3258/3341/14 3257/3340/14
f 3134/3217/14 3260/3343/14 3426/3509/14
f 3262/3345/14 3266/3349/14 3270/3353/14
f 3424/3507/14 3270/3353/14 3269/3352/14
f 3263/3346/14 3267/3350/14 3266/3349/14
f 3264/3347/14 3423/3506/14 3269/3352/14
f 3260/3343/14 3424/3507/14 3423/3506/14
f 3257/3340/14 3262/3345/14 3424/3507/14
f 3268/3351/14 3274/3357/14 3271/3354/14
f 3264/3347/14 3268/3351/14 3265/3348/14
f 3272/3355/14 3278/3361/14 3282/3365/14
f 3276/3359/14 3282/3365/14 3281/3364/14
f 3273/3356/14 3279/3362/14 3278/3361/14
f 3275/3358/14 3281/3364/14 3280/3363/14
f 3269/3352/14 3275/3358/14 3274/3357/14
f 3267/3350/14 3273/3356/14 3272/3355/14
f 3270/3353/14 3276/3359/14 3275/3358/14
f 3266/3349/14 3272/3355/14 3276/3359/14
f 3280/3363/14 3285/3368/14 3283/3366/14
f 3274/3357/14 3280/3363/14 3277/3360/14
f 3425/3508/14 3289/3372/14 3293/3376/14
f 3287/3370/14 3293/3376/14 3292/3375/14
f 3284/3367/14 3290/3373/14 3289/3372/14
f 3286/3369/14 3292/3375/14 3291/3374/14
f 3281/3364/14 3286/3369/14 3285/3368/14
f 3279/3362/14 3284/3367/14 3425/3508/14
f 3278/3361/14 3425/3508/14 3287/3370/14
f 3291/3374/14 3297/3380/14 3294/3377/14
f 3285/3368/14 3291/3374/14 3288/3371/14
f 3295/3378/14 3301/3384/14 3305/3388/14
f 3299/3382/14 3305/3388/14 3304/3387/14
f 3296/3379/14 3302/3385/14 3301/3384/14
f 3292/3375/14 3298/3381/14 3297/3380/14
f 3290/3373/14 3296/3379/14 3295/3378/14
f 3293/3376/14 3299/3382/14 3298/3381/14
f 3289/3372/14 3295/3378/14 3299/3382/14
f 3303/3386/14 3309/3392/14 3306/3389/14
f 3297/3380/14 3303/3386/14 3300/3383/14
f 3298/3381/14 3304/3387/14 3303/3386/14
f 3307/3390/14 3315/3398/14 3316/3399/14
f 3311/3394/14 3316/3399/14 3314/3397/14
f 3308/3391/14 3313/3396/14 3315/3398/14
f 3304/3387/14 3310/3393/14 3309/3392/14
f 3302/3385/14 3308/3391/14 3307/3390/14
f 3305/3388/14 3311/3394/14 3310/3393/14
f 3301/3384/14 3307/3390/14 3311/3394/14
f 3309/3392/14 3427/3510/14 3312/3395/14
f 3310/3393/14 3314/3397/14 3427/3510/14
f 3315/3398/14 3318/3401/14 3322/3405/14
f 3320/3403/14 3326/3409/14 3323/3406/14
f 3314/3397/14 3321/3404/14 3320/3403/14
f 3313/3396/14 3319/3402/14 3318/3401/14
f 3324/3407/14 3330/3413/14 3334/3417/14
f 3319/3402/14 3325/3408/14 3324/3407/14
f 3322/3405/14 3328/3411/14 3327/3410/14
f 3318/3401/14 3324/3407/14 3328/3411/14
f 3333/3416/14 3337/3420/14 3336/3419/14
f 3326/3409/14 3332/3415/14 3329/3412/14
f 3325/3408/14 3331/3414/14 3330/3413/14
f 3338/3421/14 3344/3427/14 3343/3426/14
f 3334/3417/14 3338/3421/14 3337/3420/14
f 3342/3425/14 3348/3431/14 3345/3428/14
f 3336/3419/14 3342/3425/14 3339/3422/14
f 3337/3420/14 3343/3426/14 3342/3425/14
f 3341/3424/14 3347/3430/14 3346/3429/14
f 3340/3423/14 3346/3429/14 3350/3433/14
f 3355/3438/14 3361/3444/14 3360/3443/14
f 3348/3431/14 3354/3437/14 3351/3434/14
f 3347/3430/14 3353/3436/14 3352/3435/14
f 3350/3433/14 3356/3439/14 3355/3438/14
f 3358/3441/14 3364/3447/14 3368/3451/14
f 3353/3436/14 3359/3442/14 3358/3441/14
f 3356/3439/14 3362/3445/14 3361/3444/14
f 3352/3435/14 3358/3441/14 3362/3445/14
f 3367/3450/14 3373/3456/14 3372/3455/14
f 3366/3449/14 3372/3455/14 3369/3452/14
f 3360/3443/14 3366/3449/14 3363/3446/14
f 3361/3444/14 3367/3450/14 3366/3449/14
f 3359/3442/14 3365/3448/14 3364/3447/14
f 3362/3445/14 3368/3451/14 3367/3450/14
f 3370/3453/14 3376/3459/14 3380/3463/14
f 3365/3448/14 3371/3454/14 3370/3453/14
f 3368/3451/14 3374/3457/14 3373/3456/14
f 3364/3447/14 3370/3453/14 3374/3457/14
f 3377/3460/14 3383/3466/14 3382/3465/14
f 3379/3462/14 3385/3468/14 3384/3467/14
f 3378/3461/14 3384/3467/14 3381/3464/14
f 3372/3455/14 3378/3461/14 3375/3458/14
f 3373/3456/14 3379/3462/14 3378/3461/14
f 3371/3454/14 3377/3460/14 3376/3459/14
f 3374/3457/14 3380/3463/14 3379/3462/14
f 3382/3465/14 3388/3471/14 3392/3475/14
f 3380/3463/14 3386/3469/14 3385/3468/14
f 3376/3459/14 3382/3465/14 3386/3469/14
f 3389/3472/14 3395/3478/14 3394/3477/14
f 3391/3474/14 3397/3480/14 3396/3479/14
f 3390/3473/14 3396/3479/14 3393/3476/14
f 3384/3467/14 3390/3473/14 3387/3470/14
f 3385/3468/14 3391/3474/14 3390/3473/14
f 3383/3466/14 3389/3472/14 3388/3471/14
f 3386/3469/14 3392/3475/14 3391/3474/14
f 3394/3477/14 3400/3483/14 3404/3487/14
f 3392/3475/14 3398/3481/14 3397/3480/14
f 3388/3471/14 3394/3477/14 3398/3481/14
f 3404/3487/14 3410/3493/14 3409/3492/14
f 3401/3484/14 3407/3490/14 3406/3489/14
f 3403/3486/14 3409/3492/14 3408/3491/14
f 3402/3485/14 3408/3491/14 3405/3488/14
f 3396/3479/14 3402/3485/14 3399/3482/14
f 3397/3480/14 3403/3486/14 3402/3485/14
f 3395/3478/14 3401/3484/14 3400/3483/14
f 3398/3481/14 3404/3487/14 3403/3486/14
f 3400/3483/14 3406/3489/14 3410/3493/14
f 3409/3492/14 3413/3496/14 3412/3495/14
f 3416/3499/14 3420/3503/14 3419/3502/14
f 3412/3495/14 3416/3499/14 3415/3498/14
f 3413/3496/14 3417/3500/14 3416/3499/14
f 3414/3497/14 3418/3501/14 3417/3500/14
f 3417/3500/14 3421/3504/14 3420/3503/14
f 3418/3501/14 3422/3505/14 3421/3504/14
g SAFEGROUND.002_Mesh
v -2.500000 7.000000 26.000000
v -2.500000 7.000000 25.000000
v 2.500000 7.000000 25.000000
v 2.500000 7.000000 26.000000
v 1.500000 7.000000 25.000000
v 1.500000 7.000000 26.000000
v -1.500000 7.000000 25.000000
v -0.500000 7.000000 25.000000
v 0.500000 7.000000 25.000000
v -1.500000 7.000000 26.000000
v -0.500000 7.000000 26.000000
v 0.500000 7.000000 26.000000
v -0.500002 9.000000 16.000000
v -1.500001 7.000000 16.000000
v -0.500002 7.000000 16.000000
v -1.500002 7.000000 15.000001
v -0.500002 7.000000 15.000001
v -1.500001 9.000000 17.000000
v -0.500002 9.000000 17.000000
v -1.500001 9.000000 16.000000
v 0.499997 8.000000 10.000001
v 1.499998 8.000000 10.000000
v 0.499997 8.000000 9.000001
v 1.499998 8.000000 9.000000
v -2.500003 5.000000 14.000001
v -1.500002 5.000000 14.000001
v -2.500004 5.000000 13.000001
v -1.500002 5.000000 13.000001
v 2.499998 9.000000 2.000001
v 2.499998 9.000000 3.000001
v 1.499998 9.000000 3.000001
v 1.499998 9.000000 2.000001
v -2.500002 9.000000 3.000001
v -1.500002 9.000000 3.000001
v -2.500002 9.000000 2.000001
v -1.500002 9.000000 2.000001
v 0.499998 8.000000 3.000001
v 0.499998 8.000000 2.000001
v 1.499998 8.000000 3.000001
v 1.499998 8.000000 2.000001
v -0.500002 8.000000 3.000001
v -1.500002 8.000000 3.000001
v -0.500002 8.000000 2.000001
v -1.500002 8.000000 2.000001
v 0.499998 7.000000 3.000001
v 0.499998 7.000000 2.000001
v -0.500002 7.000000 3.000001
v -0.500002 7.000000 2.000001
v 0.499998 9.000000 1.000001
v -0.500002 9.000000 1.000001
v 0.499998 9.000000 0.000001
v -0.500002 9.000000 0.000001
v 1.499998 8.000000 0.000001
v 1.499998 8.000000 1.000001
v 2.499998 8.000000 1.000001
v 2.499998 8.000000 0.000001
v -2.500002 8.000000 0.000001
v -2.500002 8.000000 1.000001
v -1.500002 8.000000 1.000001
v -1.500002 8.000000 0.000001
v 1.500000 0.000000 -3.000002
v 0.500000 0.000000 -3.000002
v 2.500000 0.000000 -4.000004
v 1.500000 0.000000 -4.000004
v 0.500000 0.000000 -4.000004
v 2.500000 0.000000 -5.000004
v 1.500000 0.000000 -5.000004
v 0.500000 0.000000 -5.000004
v 1.500000 0.000000 -6.000006
v 0.500000 0.000000 -6.000006
v 1.499998 10.000000 -20.000008
v 2.499998 10.000000 -20.000008
v 1.500000 1.000000 -27.000000
v 2.500000 1.000000 -27.000000
v 0.500000 1.000000 -27.000000
v 2.500000 1.000000 -28.000000
v 0.500000 1.000000 -28.000000
v 0.500000 1.000000 -28.999996
v 1.500000 1.000000 -29.999996
v 0.500000 1.000000 -29.999996
v -0.500000 3.000000 6.000001
v 0.500000 3.000000 6.000001
v -0.500000 3.000000 7.000000
v 0.500000 3.000000 7.000000
v -0.500000 3.000000 5.000001
v 0.500000 3.000000 5.000001
v -0.500000 3.000000 4.000001
v 0.500000 3.000000 4.000001
v -0.500000 5.000000 4.000001
v 0.500000 5.000000 4.000001
v -0.500000 5.000000 3.000001
v 0.500000 5.000000 3.000001
v -0.500000 5.000000 2.000001
v 0.500000 5.000000 2.000001
v -0.500000 5.000000 1.000001
v 0.500000 5.000000 1.000001
v -0.500000 5.000000 0.000001
v 0.500000 5.000000 0.000001
v 0.500000 5.000000 -0.999999
v 0.500000 4.000000 -0.999999
v -0.500000 5.000000 -0.999999
v 0.500000 4.000000 -2.000000
v -0.500000 5.000000 -2.000000
v 0.500000 5.000000 -2.000000
v 0.500000 3.000000 -6.000006
v -0.500000 5.000000 -5.000004
v 0.500000 5.000000 -5.000004
v -0.500000 5.000000 -6.000006
v 0.500000 5.000000 -6.000006
v -0.500000 6.000000 -5.000004
v 0.500000 6.000000 -5.000004
v -0.500000 6.000000 -6.000006
v 0.500000 6.000000 -6.000006
v -0.500000 5.000000 -4.000004
v 0.500000 5.000000 -4.000004
v -0.500000 7.000000 -5.000004
v 0.500000 7.000000 -5.000004
v -0.500000 7.000000 -4.000004
v 0.500000 7.000000 -4.000004
v -0.500000 5.000000 -7.000006
v 0.500000 5.000000 -7.000006
v -0.500000 6.000000 -7.000006
v 0.500000 6.000000 -7.000006
v -0.500000 5.000000 -8.000008
v 0.500000 5.000000 -8.000008
v -0.500000 6.000000 -8.000008
v 0.500000 6.000000 -8.000008
v 1.500000 2.000000 -5.000004
v 1.500000 2.000000 -6.000006
v 2.500000 2.000000 -5.000004
v 2.500000 2.000000 -6.000006
v 0.500000 3.000000 -5.000004
v 1.500000 3.000000 -5.000004
v 1.500000 3.000000 -6.000006
v 1.500000 4.000000 -2.000000
v 1.500000 4.000000 -0.999999
v 2.500000 4.000000 -2.000000
v 2.500000 4.000000 -0.999999
v -0.500000 2.000000 -0.999999
v -0.500000 2.000000 -2.000000
v -1.500000 2.000000 -1.000000
v -1.500000 2.000000 -2.000002
v -2.500000 4.000000 -1.000000
v -1.500000 4.000000 -1.000000
v -2.500000 4.000000 -2.000002
v -1.500000 4.000000 -2.000002
v -1.500000 2.000000 -17.000008
v -0.500000 2.000000 -17.000008
v 0.500000 3.000000 -14.000011
v -0.500000 3.000000 -12.000010
v 0.500000 3.000000 -12.000010
v 0.500000 3.000000 -11.000010
v -0.500000 3.000000 -11.000010
v 0.500000 3.000000 -15.000011
v -1.500000 3.000000 -17.000008
v -0.500000 3.000000 -17.000008
v 0.500000 4.000000 -14.000011
v 0.500000 4.000000 -15.000011
v 0.500000 5.000000 -14.000011
v 1.500000 5.000000 -14.000011
v 2.500000 5.000000 -14.000011
v 1.500000 5.000000 -15.000011
v 2.500000 5.000000 -15.000011
v 0.500000 5.000000 -15.000011
v -0.500000 3.000000 -14.000011
v -0.500000 4.000000 -14.000011
v -1.500000 3.000000 -14.000011
v -1.500000 4.000000 -14.000011
v -2.500000 2.000000 -14.000011
v -1.500000 2.000000 -14.000011
v -2.500000 2.000000 -15.000011
v -1.500000 2.000000 -15.000011
v -1.500000 2.000000 -18.000008
v -0.500000 2.000000 -18.000008
v -1.500000 3.000000 -18.000008
v -0.500000 3.000000 -18.000008
v -1.500000 4.000000 -17.000008
v -0.500000 4.000000 -17.000008
v -1.500000 4.000000 -18.000008
v -0.500000 4.000000 -18.000008
v -1.500000 3.000000 -19.000008
v -0.500000 3.000000 -19.000008
v -1.500000 4.000000 -19.000008
v -0.500000 4.000000 -19.000008
v -1.500002 8.000000 -16.000010
v -1.500002 8.000000 -15.000011
v -1.500002 7.000000 -16.000010
v -1.500002 7.000000 -15.000011
v -0.500002 7.000000 -15.000011
v -0.500002 7.000000 -16.000010
v -0.500002 6.000000 -15.000011
v -0.500002 6.000000 -16.000010
v -1.500002 4.000000 -15.000011
v -0.500002 4.000000 -15.000011
v -1.500002 3.000000 -16.000010
v -1.500002 3.000000 -15.000011
v -0.500002 3.000000 -15.000011
v -0.500002 3.000000 -16.000010
v 0.499998 9.000000 -16.000010
v 0.499998 9.000000 -15.000011
v -0.500002 9.000000 -16.000010
v 0.499998 7.000000 -16.000010
v 0.499998 6.000000 -15.000011
v 0.499998 6.000000 -16.000010
v 1.499998 8.000000 -13.000010
v 2.499998 8.000000 -13.000010
v 1.499998 8.000000 -14.000010
v 2.499998 8.000000 -14.000010
v -0.500002 9.000000 -15.000011
v -0.500002 7.000000 -14.000010
v 0.499998 7.000000 -14.000010
v 0.499998 7.000000 -15.000011
v -2.500002 8.000000 -16.000010
v -2.500002 8.000000 -15.000011
v -2.500002 7.000000 -16.000010
v -2.500002 7.000000 -15.000011
v -3.500002 8.000000 -16.000010
v -3.500002 8.000000 -15.000011
v -3.500002 7.000000 -16.000010
v -3.500002 7.000000 -15.000011
v -1.500000 7.261178 -28.089569
v -0.500000 7.261178 -28.089569
v -1.500000 8.261178 -28.089569
v -0.500000 8.261178 -28.089569
v 1.499998 9.000000 -20.000008
v 2.499998 9.000000 -20.000008
v 1.499998 2.010637 -28.014782
v 2.499998 2.010637 -28.014782
v 1.499998 1.010637 -28.014782
v 1.499998 2.010637 -29.014782
v 2.499998 2.010637 -29.014782
v 1.499998 1.010637 -29.014782
v -1.500000 7.261178 -29.089569
v -0.500000 7.261178 -29.089569
v -1.500000 7.261178 -30.089569
v -0.500000 7.261178 -30.089569
v 1.499998 2.010637 -30.014782
v 2.499998 2.010637 -30.014782
vn -0.0000 1.0000 -0.0000
vn -0.0000 -1.0000 -0.0000
vn 0.0105 0.9999 0.0105
vn -0.0106 0.9999 -0.0000
vn -0.0000 -0.9054 -0.4245
vn -0.0000 0.9054 0.4245
vn -0.0180 -0.7070 0.7070
vn -0.0000 0.7082 -0.7060
vn -0.0105 0.9999 0.0105
vn -0.0108 0.9999 -0.0108
vn -0.0000 -0.7082 0.7060
vt 0.875000 0.716667
vt 0.875000 0.708333
vt 0.625000 0.708333
vt 0.625000 0.716667
vt 0.675000 0.708333
vt 0.675000 0.716667
vt 0.825000 0.708333
vt 0.775000 0.708333
vt 0.725000 0.708333
vt 0.825000 0.716667
vt 0.775000 0.716667
vt 0.725000 0.716667
vt 0.775000 0.708333
vt 0.825000 0.708333
vt 0.775000 0.708333
vt 0.825000 0.708333
vt 0.775000 0.708333
vt 0.825000 0.708333
vt 0.775000 0.708333
vt 0.825000 0.708333
vt 0.725000 0.708333
vt 0.675000 0.708333
vt 0.725000 0.708333
vt 0.675000 0.708333
vt 0.875000 0.708333
vt 0.825000 0.708333
vt 0.875000 0.708333
vt 0.825000 0.708333
vt 0.825000 0.708333
vt 0.825000 0.708333
vt 0.825000 0.708333
vt 0.825000 0.708333
vt 0.825000 0.708333
vt 0.825000 0.708333
vt 0.825000 0.708333
vt 0.825000 0.708333
vt 0.825000 0.708333
vt 0.825000 0.708333
vt 0.825000 0.708333
vt 0.825000 0.708333
vt 0.825000 0.708333
vt 0.825000 0.708333
vt 0.825000 0.708333
vt 0.825000 0.708333
vt 0.825000 0.708333
vt 0.825000 0.708333
vt 0.825000 0.708333
vt 0.825000 0.708333
vt 0.825000 0.708333
vt 0.825000 0.708333
vt 0.825000 0.708333
vt 0.825000 0.708333
vt 0.825000 0.708333
vt 0.825000 0.708333
vt 0.825000 0.708333
vt 0.825000 0.708333
vt 0.825000 0.708333
vt 0.825000 0.708333
vt 0.825000 0.708333
vt 0.825000 0.708333
vt 0.325000 0.500000
vt 0.275000 0.500000
vt 0.375000 0.500000
vt 0.325000 0.500000
vt 0.275000 0.500000
vt 0.375000 0.500000
vt 0.325000 0.500000
vt 0.275000 0.500000
vt 0.325000 0.500000
vt 0.275000 0.500000
vt 0.825000 0.708333
vt 0.825000 0.708333
vt 0.675000 0.500000
vt 0.625000 0.500000
vt 0.725000 0.500000
vt 0.825000 0.708333
vt 0.625000 0.500000
vt 0.725000 0.500000
vt 0.725000 0.500000
vt 0.675000 0.500000
vt 0.725000 0.500000
vt 0.775000 0.550000
vt 0.725000 0.550000
vt 0.775000 0.558333
vt 0.725000 0.558333
vt 0.775000 0.550000
vt 0.725000 0.550000
vt 0.775000 0.550000
vt 0.725000 0.550000
vt 0.775000 0.550000
vt 0.725000 0.550000
vt 0.775000 0.550000
vt 0.725000 0.550000
vt 0.775000 0.550000
vt 0.725000 0.550000
vt 0.775000 0.550000
vt 0.725000 0.550000
vt 0.775000 0.550000
vt 0.725000 0.550000
vt 0.725000 0.550000
vt 0.725000 0.550000
vt 0.775000 0.550000
vt 0.725000 0.550000
vt 0.775000 0.550000
vt 0.725000 0.550000
vt 0.725000 0.500000
vt 0.775000 0.500000
vt 0.725000 0.500000
vt 0.775000 0.500000
vt 0.725000 0.500000
vt 0.775000 0.500000
vt 0.725000 0.500000
vt 0.775000 0.500000
vt 0.725000 0.500000
vt 0.775000 0.500000
vt 0.725000 0.500000
vt 0.775000 0.500000
vt 0.725000 0.500000
vt 0.775000 0.500000
vt 0.725000 0.500000
vt 0.775000 0.500000
vt 0.725000 0.500000
vt 0.775000 0.500000
vt 0.725000 0.500000
vt 0.775000 0.500000
vt 0.725000 0.500000
vt 0.775000 0.500000
vt 0.725000 0.500000
vt 0.725000 0.500000
vt 0.725000 0.500000
vt 0.725000 0.500000
vt 0.725000 0.500000
vt 0.725000 0.500000
vt 0.725000 0.500000
vt 0.725000 0.500000
vt 0.725000 0.550000
vt 0.725000 0.550000
vt 0.725000 0.550000
vt 0.725000 0.550000
vt 0.775000 0.500000
vt 0.775000 0.500000
vt 0.825000 0.500000
vt 0.825000 0.500000
vt 0.875000 0.500000
vt 0.825000 0.500000
vt 0.875000 0.500000
vt 0.825000 0.500000
vt 0.000000 0.000000
vt 0.000000 0.000000
vt 0.725000 0.500000
vt 0.775000 0.500000
vt 0.725000 0.500000
vt 0.725000 0.500000
vt 0.775000 0.500000
vt 0.725000 0.500000
vt 0.825000 0.500000
vt 0.775000 0.500000
vt 0.725000 0.500000
vt 0.725000 0.500000
vt 0.725000 0.500000
vt 0.675000 0.500000
vt 0.625000 0.500000
vt 0.675000 0.500000
vt 0.625000 0.500000
vt 0.725000 0.500000
vt 0.725000 0.500000
vt 0.725000 0.500000
vt 0.725000 0.500000
vt 0.725000 0.500000
vt 0.875000 0.500000
vt 0.825000 0.500000
vt 0.875000 0.500000
vt 0.825000 0.500000
vt 0.000000 0.000000
vt 0.000000 0.000000
vt 0.000000 0.000000
vt 0.000000 0.000000
vt 0.825000 0.500000
vt 0.775000 0.500000
vt 0.825000 0.500000
vt 0.775000 0.500000
vt 0.000000 0.000000
vt 0.000000 0.000000
vt 0.825000 0.500000
vt 0.775000 0.500000
vt 0.825000 0.708333
vt 0.825000 0.708333
vt 0.825000 0.708333
vt 0.825000 0.708333
vt 0.825000 0.708333
vt 0.825000 0.708333
vt 0.825000 0.708333
vt 0.825000 0.708333
vt 0.725000 0.500000
vt 0.725000 0.500000
vt 0.825000 0.500000
vt 0.825000 0.708333
vt 0.725000 0.500000
vt 0.825000 0.708333
vt 0.825000 0.708333
vt 0.725000 0.500000
vt 0.775000 0.500000
vt 0.825000 0.708333
vt 0.825000 0.708333
vt 0.825000 0.708333
vt 0.825000 0.708333
vt 0.825000 0.708333
vt 0.825000 0.708333
vt 0.825000 0.708333
vt 0.825000 0.708333
vt 0.825000 0.708333
vt 0.825000 0.708333
vt 0.825000 0.708333
vt 0.825000 0.708333
vt 0.825000 0.708333
vt 0.825000 0.708333
vt 0.825000 0.708333
vt 0.825000 0.708333
vt 0.825000 0.708333
vt 0.825000 0.708333
vt 0.825000 0.708333
vt 0.825000 0.708333
vt 0.825000 0.708333
vt 0.825000 0.708333
vt 0.825000 0.708333
vt 0.000000 0.000000
vt 0.000000 0.000000
vt 0.825000 0.500000
vt 0.775000 0.500000
vt 0.825000 0.708333
vt 0.825000 0.708333
vt 0.825000 0.708333
vt 0.825000 0.708333
vt 0.675000 0.500000
vt 0.825000 0.708333
vt 0.825000 0.708333
vt 0.825000 0.708333
vt 0.675000 0.500000
vt 0.000000 0.000000
vt 0.000000 0.000000
vt 0.000000 0.000000
vt 0.000000 0.000000
vt 0.825000 0.708333
vt 0.825000 0.708333
s 0
g off
g SAFEGROUND.002_LighterTopColorSAFEGROUND
usemtl LighterTopColorSAFEGROUND
f 3429/3512/15 3437/3520/15 3434/3517/15
f 3432/3515/15 3431/3514/15 3430/3513/15
f 3436/3519/15 3433/3516/15 3432/3515/15
f 3435/3518/15 3439/3522/15 3436/3519/15
f 3434/3517/15 3438/3521/15 3435/3518/15
f 3441/3524/16 3444/3527/16 3442/3525/16
f 3445/3528/16 3440/3523/16 3446/3529/16
f 3448/3531/16 3451/3534/16 3449/3532/16
f 3452/3535/16 3455/3538/16 3453/3536/16
f 3458/3541/16 3456/3539/16 3457/3540/16
f 3460/3543/16 3463/3546/16 3461/3544/16
f 3464/3547/16 3467/3550/16 3466/3549/16
f 3469/3552/16 3470/3553/16 3468/3551/16
f 3474/3557/16 3473/3556/16 3472/3555/16
f 3477/3560/16 3478/3561/16 3476/3559/16
f 3481/3564/16 3483/3566/16 3482/3565/16
f 3485/3568/16 3487/3570/16 3486/3569/16
f 3489/3572/16 3491/3574/16 3488/3571/16
f 3491/3574/16 3493/3576/16 3490/3573/16
f 3492/3575/16 3494/3577/16 3491/3574/16
f 3495/3578/16 3496/3579/16 3494/3577/16
f 3579/3663/15 3577/3661/15 3580/3664/15
f 3625/3712/15 3582/3666/15 3622/3706/15
f 3574/3658/16 3601/3685/16 3575/3659/16
f 3500/3583/17 3503/3587/17 3656/3744/17
f 3500/3583/15 3504/3588/15 3502/3585/15
f 3656/3744/18 3505/3589/18 3504/3588/18
f 3505/3589/15 3506/3590/15 3507/3591/15
f 3508/3592/15 3511/3595/15 3509/3593/15
f 3509/3593/15 3512/3596/15 3508/3592/15
f 3513/3597/15 3514/3598/15 3512/3596/15
f 3517/3601/15 3518/3602/15 3516/3600/15
f 3519/3603/15 3520/3604/15 3518/3602/15
f 3521/3605/15 3522/3606/15 3520/3604/15
f 3523/3607/15 3524/3608/15 3522/3606/15
f 3525/3609/15 3528/3612/15 3524/3608/15
f 3526/3610/15 3530/3614/15 3528/3612/15
f 3527/3611/15 3562/3646/15 3529/3613/15
f 3538/3622/15 3539/3623/15 3537/3621/15
f 3534/3618/16 3541/3625/16 3533/3617/16
f 3543/3627/15 3546/3630/15 3544/3628/15
f 3540/3624/15 3549/3633/15 3539/3623/15
f 3535/3619/16 3548/3632/16 3536/3620/16
f 3550/3634/15 3553/3637/15 3549/3633/15
f 3547/3631/16 3552/3636/16 3548/3632/16
f 3555/3639/15 3558/3642/15 3556/3640/15
f 3559/3643/15 3561/3645/15 3532/3616/15
f 3563/3647/15 3564/3648/15 3562/3646/15
f 3566/3650/15 3569/3653/15 3568/3652/15
f 3571/3655/15 3572/3656/15 3570/3654/15
f 3588/3672/15 3589/3673/15 3587/3671/15
f 3587/3671/15 3591/3675/15 3586/3670/15
f 3624/3711/16 3594/3678/16 3623/3708/16
f 3585/3669/15 3593/3677/15 3584/3668/15
f 3581/3665/16 3592/3676/16 3624/3711/16
f 3621/3705/15 3595/3679/15 3593/3677/15
f 3597/3681/15 3598/3682/15 3596/3680/15
f 3605/3689/15 3606/3690/15 3604/3688/15
f 3607/3691/15 3610/3694/15 3606/3690/15
f 3602/3686/16 3609/3693/16 3603/3687/16
f 3615/3699/16 3642/3730/16 3614/3698/16
f 3623/3709/16 3625/3713/16 3624/3710/16
f 3636/3724/16 3626/3714/16 3627/3715/16
f 3619/3703/16 3630/3718/16 3618/3702/16
f 3616/3700/15 3629/3717/15 3617/3701/15
f 3632/3720/16 3635/3723/16 3633/3721/16
f 3637/3725/16 3639/3727/16 3638/3726/16
f 3612/3696/15 3641/3729/15 3613/3697/15
f 3640/3728/15 3645/3733/15 3641/3729/15
f 3643/3731/16 3646/3734/16 3642/3730/16
f 3608/3692/19 3649/3737/19 3609/3693/19
f 3611/3695/20 3650/3738/20 3610/3694/20
f 3653/3741/21 3656/3745/21 3503/3586/21
f 3499/3582/22 3654/3742/22 3498/3581/22
f 3655/3743/15 3657/3746/15 3654/3742/15
f 3648/3736/16 3661/3750/16 3649/3737/16
f 3660/3749/16 3663/3752/16 3661/3750/16
f 3658/3747/15 3664/3753/15 3657/3746/15
f 3429/3512/15 3428/3511/15 3437/3520/15
f 3432/3515/15 3433/3516/15 3431/3514/15
f 3436/3519/15 3439/3522/15 3433/3516/15
f 3435/3518/15 3438/3521/15 3439/3522/15
f 3434/3517/15 3437/3520/15 3438/3521/15
f 3441/3524/16 3443/3526/16 3444/3527/16
f 3445/3528/16 3447/3530/16 3440/3523/16
f 3448/3531/16 3450/3533/16 3451/3534/16
f 3452/3535/16 3454/3537/16 3455/3538/16
f 3458/3541/16 3459/3542/16 3456/3539/16
f 3460/3543/16 3462/3545/16 3463/3546/16
f 3464/3547/16 3465/3548/16 3467/3550/16
f 3469/3552/16 3471/3554/16 3470/3553/16
f 3474/3557/16 3475/3558/16 3473/3556/16
f 3477/3560/16 3479/3562/16 3478/3561/16
f 3481/3564/16 3480/3563/16 3483/3566/16
f 3485/3568/16 3484/3567/16 3487/3570/16
f 3489/3572/16 3492/3575/16 3491/3574/16
f 3491/3574/16 3494/3577/16 3493/3576/16
f 3492/3575/16 3495/3578/16 3494/3577/16
f 3495/3578/16 3497/3580/16 3496/3579/16
f 3579/3663/15 3578/3662/15 3577/3661/15
f 3625/3712/15 3583/3667/15 3582/3666/15
f 3574/3658/16 3600/3684/16 3601/3685/16
f 3500/3583/15 3501/3584/15 3503/3587/15
f 3500/3583/23 3656/3744/23 3504/3588/23
f 3656/3744/18 3659/3748/18 3505/3589/18
f 3505/3589/24 3659/3748/24 3506/3590/24
f 3508/3592/15 3510/3594/15 3511/3595/15
f 3509/3593/15 3513/3597/15 3512/3596/15
f 3513/3597/15 3515/3599/15 3514/3598/15
f 3517/3601/15 3519/3603/15 3518/3602/15
f 3519/3603/15 3521/3605/15 3520/3604/15
f 3521/3605/15 3523/3607/15 3522/3606/15
f 3523/3607/15 3525/3609/15 3524/3608/15
f 3525/3609/15 3526/3610/15 3528/3612/15
f 3526/3610/15 3531/3615/15 3530/3614/15
f 3527/3611/15 3563/3647/15 3562/3646/15
f 3538/3622/15 3540/3624/15 3539/3623/15
f 3534/3618/16 3542/3626/16 3541/3625/16
f 3543/3627/15 3545/3629/15 3546/3630/15
f 3540/3624/15 3550/3634/15 3549/3633/15
f 3535/3619/16 3547/3631/16 3548/3632/16
f 3550/3634/15 3554/3638/15 3553/3637/15
f 3547/3631/16 3551/3635/16 3552/3636/16
f 3555/3639/15 3557/3641/15 3558/3642/15
f 3559/3643/15 3560/3644/15 3561/3645/15
f 3563/3647/15 3565/3649/15 3564/3648/15
f 3566/3650/15 3567/3651/15 3569/3653/15
f 3571/3655/15 3573/3657/15 3572/3656/15
f 3588/3672/15 3590/3674/15 3589/3673/15
f 3587/3671/15 3589/3673/15 3591/3675/15
f 3624/3711/16 3592/3676/16 3594/3678/16
f 3585/3669/15 3621/3705/15 3593/3677/15
f 3581/3665/16 3576/3660/16 3592/3676/16
f 3621/3705/15 3620/3704/15 3595/3679/15
f 3597/3681/15 3599/3683/15 3598/3682/15
f 3605/3689/15 3607/3691/15 3606/3690/15
f 3607/3691/15 3611/3695/15 3610/3694/15
f 3602/3686/16 3608/3692/16 3609/3693/16
f 3615/3699/16 3643/3731/16 3642/3730/16
f 3623/3709/16 3622/3707/16 3625/3713/16
f 3636/3724/16 3628/3716/16 3626/3714/16
f 3619/3703/16 3631/3719/16 3630/3718/16
f 3616/3700/15 3639/3727/15 3629/3717/15
f 3632/3720/16 3634/3722/16 3635/3723/16
f 3637/3725/16 3616/3700/16 3639/3727/16
f 3612/3696/15 3640/3728/15 3641/3729/15
f 3640/3728/15 3644/3732/15 3645/3733/15
f 3643/3731/16 3647/3735/16 3646/3734/16
f 3608/3692/19 3648/3736/19 3649/3737/19
f 3611/3695/20 3651/3739/20 3650/3738/20
f 3653/3741/25 3652/3740/25 3656/3745/25
f 3499/3582/22 3655/3743/22 3654/3742/22
f 3655/3743/15 3658/3747/15 3657/3746/15
f 3648/3736/16 3660/3749/16 3661/3750/16
f 3660/3749/16 3662/3751/16 3663/3752/16
f 3658/3747/15 3665/3754/15 3664/3753/15
