# Blender 3.3.1
# www.blender.org
mtllib Level3.mtl
g INSTAKILL_BASE.002_Mesh
v -0.500028 14.000016 -27.999992
v 0.499972 14.000016 -27.999992
v 2.499972 14.000016 -27.999996
v -2.500026 14.000013 -23.999992
v 2.499974 14.000013 -23.999996
v 2.499974 14.000013 -24.999996
v 0.499976 14.000013 -21.999992
v 0.499975 14.000013 -22.999992
v 0.499975 14.000013 -23.999992
v 0.499974 14.000013 -24.999992
v 0.499973 14.000016 -26.999992
v -0.500027 14.000016 -26.999992
v -0.500026 14.000013 -24.999992
v -0.500025 14.000013 -23.999992
v -0.500025 14.000013 -22.999992
v -0.500024 14.000013 -21.999992
v 1.499972 14.000016 -27.999996
v 1.499976 14.000013 -21.999996
v 1.499975 14.000013 -22.999996
v 1.499975 14.000013 -23.999996
v 1.499974 14.000013 -24.999996
v 1.499973 14.000016 -26.999996
v -1.500028 14.000016 -27.999992
v -1.500024 14.000013 -21.999992
v -1.500025 14.000013 -22.999992
v -1.500025 14.000013 -23.999992
v -1.500026 14.000013 -24.999992
v -1.500027 14.000016 -26.999992
v 0.499971 14.000017 -29.999992
v -2.500029 14.000017 -29.999992
v -1.500029 14.000017 -29.999992
v 2.499971 14.000017 -29.999996
v 1.499971 14.000017 -29.999996
v 1.499971 14.000017 -28.999996
v 0.499971 14.000017 -28.999992
v -0.500029 14.000017 -28.999992
v 2.499971 14.000017 -28.999996
v -1.500029 14.000017 -28.999992
v -2.500029 14.000017 -28.999992
v -0.500024 13.000013 -21.999992
v 0.499976 13.000013 -21.999996
v -0.500025 13.000013 -22.999992
v 0.499975 13.000013 -22.999996
v -1.500024 13.000013 -21.999992
v -1.500025 13.000013 -22.999992
v 1.499976 13.000013 -21.999996
v 1.499975 13.000013 -22.999996
v -0.500024 12.000013 -21.999992
v 0.499976 12.000013 -21.999996
v -0.500025 12.000013 -22.999992
v 0.499975 12.000013 -22.999996
v -1.500024 12.000013 -21.999992
v -1.500025 12.000013 -22.999992
v 1.499976 12.000013 -21.999996
v 1.499975 12.000013 -22.999996
v -2.500026 13.000013 -24.999992
v -2.500026 13.000013 -23.999992
v 2.499974 13.000013 -23.999996
v 2.499974 13.000013 -24.999996
v 0.499975 13.000013 -23.999996
v 0.499974 13.000013 -24.999996
v -0.500026 13.000013 -24.999992
v -0.500025 13.000013 -23.999992
v 1.499975 13.000013 -23.999996
v 1.499974 13.000013 -24.999996
v -1.500025 13.000013 -23.999992
v -1.500026 13.000013 -24.999992
v -2.500026 12.000013 -24.999992
v -2.500026 12.000013 -23.999992
v 2.499974 12.000013 -23.999996
v 2.499974 12.000013 -24.999996
v 0.499975 12.000013 -23.999996
v 0.499974 12.000013 -24.999996
v -0.500026 12.000013 -24.999992
v -0.500025 12.000013 -23.999992
v 1.499975 12.000013 -23.999996
v 1.499974 12.000013 -24.999996
v -1.500025 12.000013 -23.999992
v -1.500026 12.000013 -24.999992
v -2.500026 11.000013 -24.999992
v -2.500026 11.000013 -23.999992
v 2.499974 11.000013 -23.999996
v 2.499974 11.000013 -24.999996
v 0.499975 11.000013 -23.999996
v 0.499974 11.000013 -24.999996
v -0.500026 11.000013 -24.999992
v -0.500025 11.000013 -23.999992
v 1.499975 11.000013 -23.999996
v 1.499974 11.000013 -24.999996
v -1.500025 11.000013 -23.999992
v -1.500026 11.000013 -24.999992
v -2.500026 10.000013 -24.999992
v -2.500026 10.000013 -23.999992
v 2.499974 10.000013 -23.999996
v 2.499974 10.000013 -24.999996
v 0.499975 10.000013 -23.999996
v 0.499974 10.000013 -24.999996
v -0.500026 10.000013 -24.999992
v -0.500025 10.000013 -23.999992
v 1.499975 10.000013 -23.999996
v 1.499974 10.000013 -24.999996
v -1.500025 10.000013 -23.999992
v -1.500026 10.000013 -24.999992
v 2.499972 13.000016 -27.999996
v 2.499973 13.000016 -26.999996
v 1.499972 13.000016 -27.999996
v 1.499973 13.000016 -26.999996
v 2.499972 12.000016 -27.999996
v 2.499973 12.000016 -26.999996
v 1.499972 12.000016 -27.999996
v 1.499973 12.000016 -26.999996
v 2.499972 11.000016 -27.999996
v 2.499973 11.000016 -26.999996
v 1.499972 11.000016 -27.999996
v 1.499973 11.000016 -26.999996
v 2.499972 10.000016 -27.999996
v 2.499973 10.000016 -26.999996
v 1.499972 10.000016 -27.999996
v 1.499973 10.000016 -26.999996
v 2.499972 9.000016 -27.999996
v 2.499973 9.000016 -26.999996
v 1.499972 9.000016 -27.999996
v 1.499973 9.000016 -26.999996
v 2.499972 8.000016 -27.999996
v 2.499973 8.000016 -26.999996
v 1.499972 8.000016 -27.999996
v 1.499973 8.000016 -26.999996
v -0.500028 13.000016 -27.999992
v 0.499972 13.000016 -27.999996
v 0.499973 13.000016 -26.999996
v -0.500027 13.000016 -26.999992
v -0.500028 12.000016 -27.999992
v 0.499972 12.000016 -27.999996
v 0.499973 12.000016 -26.999996
v -0.500027 12.000016 -26.999992
v -0.500028 11.000016 -27.999992
v 0.499972 11.000016 -27.999996
v 0.499973 11.000016 -26.999996
v -0.500027 11.000016 -26.999992
v -0.500028 10.000016 -27.999992
v 0.499972 10.000016 -27.999996
v 0.499973 10.000016 -26.999996
v -0.500027 10.000016 -26.999992
v -0.500028 9.000016 -27.999996
v 0.499972 9.000016 -27.999996
v 0.499973 9.000016 -26.999996
v -0.500027 9.000016 -26.999996
v -0.500028 8.000016 -27.999996
v 0.499972 8.000016 -27.999996
v 0.499973 8.000016 -26.999996
v -0.500027 8.000016 -26.999996
v -2.500028 13.000016 -27.999992
v -2.500027 13.000016 -26.999992
v -1.500028 13.000016 -27.999992
v -1.500027 13.000016 -26.999992
v -2.500028 12.000016 -27.999992
v -2.500027 12.000016 -26.999992
v -1.500028 12.000016 -27.999992
v -1.500027 12.000016 -26.999992
v -2.500028 11.000016 -27.999992
v -2.500027 11.000016 -26.999992
v -1.500028 11.000016 -27.999992
v -1.500027 11.000016 -26.999992
v -2.500028 10.000016 -27.999992
v -2.500027 10.000016 -26.999992
v -1.500028 10.000016 -27.999992
v -1.500027 10.000016 -26.999992
v -2.500028 9.000016 -27.999992
v -2.500027 9.000016 -26.999992
v -1.500028 9.000016 -27.999992
v -1.500027 9.000016 -26.999992
v -2.500028 8.000016 -27.999992
v -2.500027 8.000016 -26.999992
v -1.500028 8.000016 -27.999992
v -1.500027 8.000016 -26.999992
v -0.500029 13.000017 -28.999992
v -0.500029 13.000017 -29.999992
v 0.499971 13.000017 -29.999996
v -1.500029 13.000017 -29.999992
v -2.500029 13.000017 -29.999992
v 1.499971 13.000017 -29.999996
v 2.499971 13.000017 -29.999996
v 2.499971 13.000017 -28.999996
v -1.500029 13.000017 -28.999992
v 1.499971 13.000017 -28.999996
v 0.499971 13.000017 -28.999996
v -2.500029 13.000017 -28.999992
v -0.500029 12.000017 -28.999992
v -0.500029 12.000017 -29.999992
v 0.499971 12.000017 -29.999996
v -1.500029 12.000017 -29.999992
v -2.500029 12.000017 -29.999992
v 1.499971 12.000017 -29.999996
v 2.499971 12.000017 -29.999996
v 2.499971 12.000017 -28.999996
v -1.500029 12.000017 -28.999992
v 1.499971 12.000017 -28.999996
v 0.499971 12.000017 -28.999996
v -2.500029 12.000017 -28.999992
v -0.500029 11.000017 -28.999992
v -0.500029 11.000017 -29.999992
v 0.499971 11.000017 -29.999996
v -1.500029 11.000017 -29.999992
v -2.500029 11.000017 -29.999992
v 1.499971 11.000017 -29.999996
v 2.499971 11.000017 -29.999996
v 2.499971 11.000017 -28.999996
v -1.500029 11.000017 -28.999992
v 1.499971 11.000017 -28.999996
v 0.499971 11.000017 -28.999996
v -2.500029 11.000017 -28.999992
v -0.500029 10.000017 -28.999992
v -0.500029 10.000017 -29.999992
v 0.499971 10.000017 -29.999996
v -1.500029 10.000017 -29.999992
v -2.500029 10.000017 -29.999992
v 1.499971 10.000017 -29.999996
v 2.499971 10.000017 -29.999996
v 2.499971 10.000017 -28.999996
v -1.500029 10.000017 -28.999992
v 1.499971 10.000017 -28.999996
v 0.499971 10.000017 -28.999996
v -2.500029 10.000017 -28.999992
v -0.500029 9.000017 -28.999996
v -0.500029 9.000017 -29.999996
v 0.499971 9.000017 -29.999996
v -1.500029 9.000017 -29.999992
v -2.500029 9.000017 -29.999992
v 1.499971 9.000017 -29.999996
v 2.499971 9.000017 -29.999996
v 2.499971 9.000017 -28.999996
v -1.500029 9.000017 -28.999992
v 1.499971 9.000017 -28.999996
v 0.499971 9.000017 -28.999996
v -2.500029 9.000017 -28.999992
v -0.500029 8.000017 -28.999996
v -0.500029 8.000017 -29.999996
v 0.499971 8.000017 -29.999996
v -1.500029 8.000017 -29.999992
v -2.500029 8.000017 -29.999992
v 1.499971 8.000017 -29.999996
v 2.499971 8.000017 -29.999996
v 2.499971 8.000017 -28.999996
v -1.500029 8.000017 -28.999992
v 1.499971 8.000017 -28.999996
v 0.499971 8.000017 -28.999996
v -2.500029 8.000017 -28.999992
v -0.500029 7.000017 -28.999996
v -0.500029 7.000017 -29.999996
v 0.499971 7.000017 -29.999996
v -1.500029 7.000017 -29.999992
v -2.500029 7.000017 -29.999992
v 1.499971 7.000017 -29.999996
v 2.499971 7.000017 -29.999996
v 2.499971 7.000017 -28.999996
v -1.500029 7.000017 -28.999992
v 1.499971 7.000017 -28.999996
v 0.499971 7.000017 -28.999996
v -2.500029 7.000017 -28.999992
v -0.500029 6.000017 -28.999996
v -0.500029 6.000017 -29.999996
v 0.499971 6.000017 -29.999996
v -1.500029 6.000017 -29.999992
v -2.500029 6.000017 -29.999992
v 1.499971 6.000017 -29.999996
v 2.499971 6.000017 -29.999996
v 2.499971 6.000017 -28.999996
v -1.500029 6.000017 -28.999992
v 1.499971 6.000017 -28.999996
v 0.499971 6.000017 -28.999996
v -2.500029 6.000017 -28.999992
v -0.500014 7.000005 -5.999996
v 2.499986 7.000005 -5.999998
v -2.500013 7.000005 -4.999996
v 1.499986 7.000005 -5.999998
v 0.499987 7.000005 -4.999998
v 0.499986 7.000005 -5.999998
v -0.500013 7.000005 -4.999996
v -1.500013 7.000005 -4.999996
v 1.499987 7.000005 -4.999998
v 2.499987 7.000005 -4.999998
v -1.500014 7.000005 -5.999996
v -2.500014 7.000005 -5.999996
v -1.500014 8.000006 -5.999996
v -2.500014 8.000006 -5.999994
v 0.499988 6.000003 -2.999998
v 0.499988 5.000003 -2.999998
v 0.499988 5.000003 -3.999998
v 0.499988 6.000003 -3.999998
v -1.500012 4.000003 -2.999996
v -1.500012 4.000003 -3.999996
v -2.500010 3.000003 -0.999997
v -2.500010 4.000002 -0.999996
v -1.500010 4.000002 -0.999996
v -1.500010 3.000003 -0.999997
v -2.500012 2.000005 -2.999998
v -2.500012 3.000005 -2.999998
v -2.500012 4.000003 -2.999996
v -2.500012 5.000003 -2.999996
v -2.500012 6.000003 -2.999996
v -2.500012 7.000003 -2.999996
v -1.500012 7.000003 -2.999996
v -1.500012 6.000003 -2.999996
v -1.500012 5.000003 -2.999996
v -1.500012 3.000005 -2.999998
v -1.500012 2.000005 -2.999998
v -1.500012 2.000005 -3.999998
v -1.500012 3.000005 -3.999998
v -1.500012 5.000003 -3.999996
v -1.500012 6.000003 -3.999996
v -1.500012 7.000003 -3.999996
v -2.500012 7.000003 -3.999996
v -2.500012 6.000003 -3.999996
v -2.500012 5.000003 -3.999996
v -2.500012 4.000003 -3.999996
v -2.500012 3.000005 -3.999998
v -1.500012 1.000003 -2.999998
v -2.500012 1.000003 -2.999998
v -1.500012 1.000005 -3.999998
v 1.499987 1.000005 -5.000000
v -1.500013 1.000005 -4.999998
v -0.500013 1.000005 -5.000000
v -2.500013 1.000005 -4.999998
v 0.499987 1.000005 -5.000000
v 1.499986 1.000005 -6.000000
v -1.500014 1.000005 -5.999998
v -0.500014 1.000005 -6.000000
v 0.499986 1.000005 -6.000000
v -1.500012 8.000005 -2.999996
v -2.500012 8.000005 -2.999994
v -2.500012 2.000005 -3.999998
v 0.499994 5.999999 6.000003
v 0.499993 6.000000 4.000003
v 1.499994 5.999999 6.000002
v 1.499993 6.000000 4.000002
v 0.499994 8.000000 6.000003
v 0.499993 8.000000 4.000003
v 1.499994 8.000000 6.000002
v 1.499993 8.000000 4.000002
v 1.499995 4.999999 7.000002
v 1.499992 5.000000 3.000003
v -2.500010 1.000003 0.000002
v -2.499997 0.999993 20.000002
v -2.499997 0.999993 19.000002
v -2.499999 0.999994 17.000004
v -2.500009 1.000002 1.000003
v 2.500001 0.999994 16.999998
v 2.500002 0.999994 17.999998
v -1.500009 1.000002 1.000002
v 1.499992 1.000002 1.999999
v 0.499992 1.000002 3.000001
v 1.499992 1.000002 3.000000
v 0.499995 0.999999 8.000000
v 1.499995 0.999999 7.999999
v -1.500004 0.999997 9.000001
v 0.499999 0.999996 13.000000
v 1.499999 0.999996 12.999999
v 1.500000 0.999996 14.999999
v 0.500001 0.999994 16.000000
v 1.500001 0.999994 15.999999
v -1.499998 0.999994 18.000002
v -0.499998 0.999994 18.000000
v 0.500002 0.999994 18.000000
v 1.500002 0.999994 18.000000
v -0.499997 0.999993 20.000000
v 0.500003 0.999993 20.000000
v 1.500003 0.999993 20.000000
v 1.500005 0.999991 22.000000
v 0.500006 0.999991 24.000000
v -1.499993 0.999990 25.000000
v -0.499993 0.999990 25.000000
v 0.500006 0.999990 25.000000
v -0.499992 0.999990 27.000000
v -0.499992 0.999988 28.000000
v 0.500008 0.999988 28.000000
v -0.499992 2.999990 28.000000
v 0.500008 2.999990 28.000000
v -2.499994 3.999990 25.000002
v -2.499994 3.999991 24.000002
v -1.499993 3.999990 25.000002
v -0.499993 3.999990 25.000000
v 0.500006 3.999990 25.000000
v 2.500003 6.999993 20.000004
v 1.500003 6.999993 20.000004
v -0.499997 6.999993 20.000006
v 0.500003 6.999993 20.000004
v 2.500004 5.999993 21.000004
v 2.500005 5.999991 22.000004
v 1.500005 5.999991 22.000004
v -2.499997 3.999993 20.000002
v -1.499997 3.999993 20.000002
v 0.500001 7.999996 16.000004
v 1.500001 7.999996 16.000004
v -2.499998 6.999994 18.000008
v 2.500002 6.999994 18.000002
v 1.500002 6.999994 18.000004
v -1.499998 6.999994 18.000006
v -0.499998 6.999994 18.000006
v 0.500002 6.999994 18.000004
v 0.499999 8.999996 13.000005
v 1.499999 8.999996 13.000004
v 0.499995 8.999999 7.000003
v 0.499995 8.999999 8.000005
v 1.499995 8.999999 8.000004
v -2.500004 8.999997 9.000007
v -1.500005 8.999999 8.000006
v -1.500004 8.999997 9.000006
v 1.499995 1.999999 8.000000
v 1.499995 2.999999 8.000002
v 1.499995 3.999999 8.000002
v 1.499995 4.999999 8.000002
v 1.499995 5.999999 8.000002
v 1.499995 6.999999 8.000002
v 1.499995 7.999999 8.000002
v 0.499995 7.999999 8.000003
v 0.499995 6.999999 8.000003
v 0.499995 5.999999 8.000002
v 0.499995 4.999999 8.000002
v 0.499995 3.999999 8.000002
v 0.499995 2.999999 8.000002
v 0.499995 1.999999 8.000000
v 0.499995 2.999999 7.000000
v 0.499995 3.999999 7.000000
v 0.499995 6.999999 7.000003
v 1.499995 6.999999 7.000002
v 1.499995 2.999999 7.000000
v 1.499995 1.999999 7.000000
v 0.499992 5.000000 3.000004
v 0.499992 6.000000 3.000004
v 1.499992 6.000000 3.000003
v 0.499992 8.000002 2.000004
v 1.499992 8.000002 2.000002
v 0.499992 8.000000 3.000004
v 1.499992 8.000000 3.000003
v -2.500009 3.000002 1.000003
v -1.500010 3.000002 0.000002
v -1.500009 3.000002 1.000003
v -1.500003 0.999997 10.000001
v -0.500003 0.999997 10.000000
v -1.500003 0.999997 11.000001
v -0.500003 0.999997 11.000000
v -1.500003 7.999999 10.000004
v -0.500003 7.999999 10.000004
v -2.500004 0.999997 9.000002
v -2.499994 0.999991 24.000002
v 0.499992 1.000002 2.000001
v 0.499995 0.999999 7.000000
v 1.499995 0.999999 6.999999
v 0.499998 0.999996 12.000000
v 1.499998 0.999996 11.999999
v 0.500000 0.999996 15.000000
v -1.499999 0.999994 17.000002
v -0.499999 0.999994 17.000000
v 0.500001 0.999994 17.000000
v 1.500001 0.999994 17.000000
v -1.499997 0.999993 19.000000
v -0.499997 0.999993 19.000000
v 0.500003 0.999993 19.000000
v 1.500003 0.999993 19.000000
v 1.500004 0.999993 21.000000
v -1.499994 0.999991 24.000000
v -0.499994 0.999991 24.000000
v 0.500008 0.999990 27.000000
v -0.499992 2.999990 27.000000
v 0.500008 2.999990 27.000000
v -1.499994 3.999991 24.000002
v -0.499994 3.999991 24.000000
v 0.500006 3.999991 24.000000
v 2.500003 6.999994 19.000004
v 1.500003 6.999994 19.000004
v -0.499997 6.999994 19.000006
v 0.500003 6.999994 19.000004
v 1.500004 5.999993 21.000004
v -2.499997 3.999993 19.000002
v -1.499997 3.999993 19.000002
v 0.500000 7.999996 15.000003
v 1.500000 7.999996 15.000002
v -2.499999 6.999994 17.000008
v 2.500001 6.999994 17.000002
v 1.500001 6.999994 17.000004
v -1.499999 6.999994 17.000006
v -0.499999 6.999994 17.000006
v 0.500001 6.999994 17.000004
v 0.499998 8.999997 12.000005
v 1.499998 8.999997 12.000004
v 1.499995 8.999999 7.000002
v 0.499995 1.999999 7.000000
v 0.499995 4.999999 7.000002
v 0.499995 5.999999 7.000002
v 0.499995 7.999999 7.000003
v 1.499995 7.999999 7.000002
v 1.499995 5.999999 7.000002
v 1.499995 3.999999 7.000000
v -2.500010 3.000002 0.000002
v -2.500005 0.999999 8.000002
v -1.500005 0.999999 8.000001
v -2.500005 8.999999 8.000007
v -2.500014 6.000005 -5.999996
v -2.500014 5.000005 -5.999996
v -2.500014 4.000005 -5.999998
v -2.500014 3.000005 -5.999998
v -2.500014 2.000005 -5.999998
v 2.499986 6.000005 -5.999998
v 2.499986 5.000005 -5.999998
v 2.499986 4.000005 -6.000000
v 2.499986 3.000005 -6.000000
v 2.499986 2.000005 -6.000000
v -1.500013 2.000005 -4.999998
v -1.500013 3.000005 -4.999998
v -1.500013 4.000005 -4.999998
v -1.500013 5.000005 -4.999996
v -1.500013 6.000005 -4.999996
v 2.499987 2.000005 -5.000000
v 2.499987 3.000005 -5.000000
v 2.499987 4.000005 -5.000000
v 2.499987 5.000005 -4.999998
v 2.499987 6.000005 -4.999998
v 1.499986 6.000005 -5.999998
v 1.499986 5.000005 -5.999998
v 1.499986 4.000005 -6.000000
v 1.499986 3.000005 -6.000000
v 1.499986 2.000005 -6.000000
v 1.499987 2.000005 -5.000000
v 1.499987 3.000005 -5.000000
v 1.499987 4.000005 -5.000000
v 1.499987 5.000005 -4.999998
v 1.499987 6.000005 -4.999998
v -2.500013 2.000005 -4.999998
v -2.500013 3.000005 -4.999998
v -2.500013 4.000005 -4.999998
v -2.500013 5.000005 -4.999996
v -2.500013 6.000005 -4.999996
v -1.500014 6.000005 -5.999996
v -1.500014 5.000005 -5.999996
v -1.500014 4.000005 -5.999998
v -1.500014 3.000005 -5.999998
v -1.500014 2.000005 -5.999998
v 0.499986 6.000005 -5.999998
v 0.499986 5.000005 -5.999998
v 0.499986 4.000005 -6.000000
v 0.499986 3.000005 -6.000000
v 0.499986 2.000005 -6.000000
v -0.500014 2.000005 -6.000000
v -0.500014 3.000005 -6.000000
v -0.500014 4.000005 -5.999998
v -0.500014 5.000005 -5.999996
v -0.500014 6.000005 -5.999996
v -0.500013 6.000005 -4.999996
v -0.500013 5.000005 -4.999996
v -0.500013 4.000005 -4.999998
v -0.500013 3.000005 -5.000000
v -0.500013 2.000005 -5.000000
v 0.499987 2.000005 -5.000000
v 0.499987 3.000005 -5.000000
v 0.499987 4.000005 -5.000000
v 0.499987 5.000005 -4.999998
v 0.499987 6.000005 -4.999998
v 2.499991 5.000002 1.000001
v 2.499991 6.000002 1.000001
v 1.499991 5.000002 1.000002
v 1.499991 6.000002 1.000002
v -2.499990 -0.000012 30.000002
v -2.499990 0.999988 30.000002
v -2.500010 0.000002 0.000002
v 2.500010 -0.000012 29.999998
v 2.500010 0.999988 29.999998
v 2.499990 0.000002 -0.000002
v 2.499990 1.000003 -0.000002
v -2.499994 0.999990 25.000002
v -2.499998 0.999994 18.000004
v 2.500003 0.999993 18.999998
v 2.500003 0.999993 19.999998
v 2.500004 0.999993 20.999998
v 2.500005 0.999991 21.999998
v 1.499990 0.000002 -0.000001
v 0.499990 0.000002 0.000000
v -0.500010 0.000002 0.000000
v -1.500010 0.000002 0.000001
v -1.500010 1.000003 0.000001
v -0.500010 1.000003 0.000001
v 0.499990 1.000003 0.000000
v 1.499990 1.000003 -0.000001
v -1.499990 -0.000012 30.000000
v -0.499990 -0.000012 30.000000
v 0.500010 -0.000012 30.000000
v 1.500010 -0.000012 30.000000
v 1.500010 0.999988 30.000000
v 0.500010 0.999988 30.000000
v -0.499990 0.999988 30.000000
v -1.499990 0.999988 30.000000
v -1.499997 0.999993 20.000000
v -1.499997 6.999994 19.000006
v -1.499997 6.999993 20.000006
v -2.500012 1.000005 -3.999998
v 2.499987 1.000005 -5.000002
v 2.499986 1.000005 -6.000002
v -2.500014 1.000005 -5.999998
v 2.499985 1.000006 -8.000002
v 1.499985 1.000006 -8.000000
v -1.500015 1.000006 -7.999998
v -0.500015 1.000006 -8.000000
v -2.500015 1.000006 -7.999998
v 0.499985 1.000006 -8.000000
v 2.499984 1.000006 -9.000002
v 1.499984 1.000006 -9.000000
v -1.500016 1.000006 -8.999998
v -0.500016 1.000006 -9.000000
v -2.500016 1.000006 -8.999998
v 0.499984 1.000006 -9.000000
v 2.499983 1.000008 -11.000002
v 1.499983 1.000008 -11.000000
v -1.500017 1.000008 -10.999998
v -0.500017 1.000008 -11.000000
v -2.500017 1.000008 -10.999998
v 0.499983 1.000008 -11.000000
v 2.499982 1.000008 -12.000002
v 1.499982 1.000008 -12.000000
v -1.500018 1.000008 -11.999998
v -0.500018 1.000008 -12.000000
v -2.500018 1.000008 -11.999998
v 0.499982 1.000008 -12.000000
v 2.499980 1.000010 -15.000002
v 1.499980 1.000010 -15.000000
v -1.500020 1.000010 -14.999998
v -0.500020 1.000010 -15.000000
v -2.500020 1.000010 -14.999998
v 0.499980 1.000010 -15.000000
v 2.499980 1.000011 -16.000002
v 1.499980 1.000011 -16.000000
v -1.500020 1.000011 -15.999998
v -0.500020 1.000011 -16.000000
v -2.500020 1.000011 -15.999998
v 0.499980 1.000011 -16.000000
v 2.499971 0.000017 -30.000000
v 2.499971 1.000017 -30.000000
v 1.499971 0.000017 -30.000000
v 1.499971 1.000017 -30.000000
v -0.500029 1.000017 -30.000000
v 0.499971 0.000017 -30.000000
v -2.500029 0.000017 -30.000000
v -2.500029 1.000017 -30.000000
v -0.500029 0.000017 -30.000000
v -1.500029 0.000017 -30.000000
v 2.499985 6.000006 -7.999998
v 1.499985 6.000006 -7.999998
v -1.500015 6.000006 -7.999996
v -0.500015 10.000006 -7.999996
v -2.500015 6.000006 -7.999996
v 0.499985 10.000006 -7.999996
v 2.499984 6.000006 -8.999998
v 1.499984 6.000006 -8.999998
v -1.500016 6.000006 -8.999996
v -0.500016 10.000008 -8.999994
v -2.500016 6.000006 -8.999996
v 0.499984 10.000008 -8.999994
v 2.499983 7.000008 -10.999998
v 1.499983 7.000008 -10.999998
v -1.500017 7.000008 -10.999996
v -0.500017 4.786534 -10.999996
v -0.500018 4.786534 -11.999996
v 0.499983 4.786534 -10.999998
v 0.499982 4.786534 -11.999998
v -2.500017 7.000008 -10.999996
v 2.499982 7.000008 -11.999998
v 1.499982 7.000008 -11.999998
v -1.500018 7.000008 -11.999996
v -2.500018 7.000008 -11.999996
v 2.499983 9.000008 -10.999996
v 1.499983 9.000008 -10.999996
v 2.499982 9.000009 -11.999996
v 1.499982 9.000009 -11.999996
v -2.500017 9.000008 -10.999992
v -1.500017 9.000008 -10.999994
v -2.500018 9.000009 -11.999992
v -1.500018 9.000009 -11.999994
v -1.500017 11.000008 -10.999994
v -1.500018 11.000009 -11.999994
v -2.500017 11.000008 -10.999992
v -2.500018 11.000009 -11.999992
v -2.500017 12.000008 -10.999992
v -1.500017 12.000008 -10.999992
v -2.500018 12.000009 -11.999992
v -1.500018 12.000009 -11.999992
v -0.500020 6.000010 -14.999996
v -0.500020 6.000010 -15.999996
v 0.499980 6.000010 -14.999998
v 0.499980 6.000010 -15.999998
v -0.500020 2.000011 -16.000000
v -0.500020 3.000011 -15.999998
v -0.500020 4.000010 -15.999996
v -0.500020 5.000010 -15.999996
v 0.499980 5.000010 -15.999998
v 0.499980 4.000010 -15.999998
v 0.499980 3.000011 -15.999998
v 0.499980 2.000011 -16.000000
v 0.499980 2.000009 -15.000000
v 0.499980 3.000009 -14.999998
v 0.499980 4.000010 -14.999998
v 0.499980 5.000010 -14.999998
v -0.500020 5.000010 -14.999996
v -0.500020 4.000010 -14.999996
v -0.500020 3.000009 -14.999998
v -0.500020 2.000009 -15.000000
v 2.499980 4.000010 -16.000002
v 2.499980 3.000011 -16.000002
v 2.499980 3.000009 -15.000000
v 2.499980 4.000010 -15.000000
v -2.500020 4.000010 -15.999996
v -2.500020 5.000010 -15.999996
v -2.500020 5.000010 -14.999996
v -2.500020 4.000010 -14.999996
v 2.499980 2.000009 -15.000002
v 1.499980 2.000009 -15.000000
v 2.499980 2.000011 -16.000002
v 1.499980 2.000011 -16.000000
v -2.500020 3.000009 -14.999996
v -1.500020 3.000009 -14.999996
v -1.500020 3.000011 -15.999996
v -2.500020 3.000011 -15.999996
v -0.500020 15.000010 -14.999992
v 0.499980 15.000010 -14.999992
v 0.499980 7.000010 -14.999998
v 0.499980 8.000010 -14.999996
v 0.499980 9.000010 -14.999994
v 0.499980 10.000010 -14.999994
v 0.499980 11.000010 -14.999994
v 0.499980 12.000010 -14.999994
v 0.499980 13.000010 -14.999994
v 0.499980 14.000010 -14.999994
v -0.500020 14.000010 -14.999994
v -0.500020 13.000010 -14.999994
v -0.500020 12.000010 -14.999994
v -0.500020 11.000010 -14.999994
v -0.500020 10.000010 -14.999994
v -0.500020 9.000010 -14.999994
v -0.500020 8.000010 -14.999996
v -0.500020 7.000010 -14.999996
v -0.500020 7.000010 -15.999996
v -0.500020 8.000010 -15.999996
v -0.500020 9.000010 -15.999994
v -0.500020 10.000010 -15.999994
v -0.500020 11.000010 -15.999994
v -0.500020 12.000010 -15.999994
v -0.500020 13.000010 -15.999994
v -0.500020 14.000010 -15.999994
v 0.499980 14.000010 -15.999994
v 0.499980 13.000010 -15.999994
v 0.499980 12.000010 -15.999994
v 0.499980 11.000010 -15.999994
v 0.499980 10.000010 -15.999994
v 0.499980 9.000010 -15.999994
v 0.499980 8.000010 -15.999996
v 0.499980 7.000010 -15.999998
v -2.500020 15.000010 -14.999990
v -2.500020 14.000010 -14.999992
v 2.499980 15.000010 -14.999994
v 2.499980 14.000010 -14.999996
v -2.500028 14.000016 -27.999992
v -2.500027 14.000016 -26.999992
v -2.500026 14.000013 -24.999992
v 2.499973 14.000016 -26.999996
v 1.499980 14.000010 -14.999994
v 1.499980 15.000010 -14.999992
v -1.500020 15.000010 -14.999990
v -1.500020 14.000010 -14.999992
v -0.500029 15.000017 -29.999992
v 0.499971 15.000017 -29.999992
v -0.500029 14.000017 -29.999992
v -2.500029 15.000017 -29.999992
v -1.500029 15.000017 -29.999992
v 2.499971 15.000017 -29.999996
v 1.499971 15.000017 -29.999996
v 0.499982 12.000009 -12.999994
v 0.499982 13.000009 -12.999994
v -0.500018 13.000009 -12.999994
v -0.500018 12.000009 -12.999994
v -1.500003 1.999997 11.000001
v -1.500003 2.999997 11.000004
v -1.500003 3.999996 11.000004
v -1.500003 4.999996 11.000004
v -1.500003 5.999996 11.000004
v -1.500003 6.999996 11.000004
v -1.500003 6.999999 10.000004
v -1.500003 5.999999 10.000004
v -1.500003 4.999999 10.000004
v -1.500003 3.999997 10.000004
v -1.500003 2.999997 10.000004
v -1.500003 1.999997 10.000002
v -0.500003 1.999997 11.000001
v -0.500003 2.999997 11.000003
v -0.500003 3.999996 11.000003
v -0.500003 4.999996 11.000003
v -0.500003 5.999996 11.000003
v -0.500003 6.999996 11.000004
v -0.500003 1.999997 10.000000
v -0.500003 2.999997 10.000003
v -0.500003 3.999997 10.000003
v -0.500003 4.999999 10.000003
v -0.500003 5.999999 10.000004
v -0.500003 6.999999 10.000004
v -1.500001 6.999996 13.000004
v -1.500001 7.999996 13.000004
v -0.500001 7.999996 13.000004
v -0.500001 6.999996 13.000004
v 0.499971 1.000017 -30.000000
v -1.500029 1.000017 -30.000000
vn -0.0000 -0.0000 1.0000
vn -0.0000 -0.0000 -1.0000
vt 0.625000 0.350000
vt 0.625000 0.400000
vt 0.625000 0.400000
vt 0.625000 0.350000
vt 0.625000 0.400000
vt 0.625000 0.400000
vt 0.625000 0.400000
vt 0.625000 0.400000
vt 0.625000 0.400000
vt 0.625000 0.400000
vt 0.625000 0.400000
vt 0.625000 0.350000
vt 0.625000 0.350000
vt 0.625000 0.350000
vt 0.625000 0.350000
vt 0.625000 0.350000
vt 0.625000 0.400000
vt 0.625000 0.400000
vt 0.625000 0.400000
vt 0.625000 0.400000
vt 0.625000 0.400000
vt 0.625000 0.400000
vt 0.625000 0.350000
vt 0.625000 0.350000
vt 0.625000 0.350000
vt 0.625000 0.350000
vt 0.625000 0.350000
vt 0.625000 0.350000
vt 0.000000 0.000000
vt 0.625000 0.400000
vt 0.625000 0.350000
vt 0.000000 0.000000
vt 0.000000 0.000000
vt 0.625000 0.350000
vt 0.000000 0.000000
vt 0.625000 0.400000
vt 0.000000 0.000000
vt 0.625000 0.400000
vt 0.625000 0.400000
vt 0.625000 0.400000
vt 0.625000 0.350000
vt 0.625000 0.400000
vt 0.625000 0.350000
vt 0.625000 0.350000
vt 0.625000 0.350000
vt 0.625000 0.400000
vt 0.625000 0.350000
vt 0.625000 0.400000
vt 0.625000 0.350000
vt 0.625000 0.350000
vt 0.625000 0.400000
vt 0.625000 0.400000
vt 0.625000 0.350000
vt 0.625000 0.400000
vt 0.625000 0.350000
vt 0.625000 0.400000
vt 0.625000 0.350000
vt 0.625000 0.350000
vt 0.625000 0.400000
vt 0.625000 0.400000
vt 0.625000 0.350000
vt 0.625000 0.350000
vt 0.625000 0.400000
vt 0.625000 0.400000
vt 0.625000 0.400000
vt 0.625000 0.400000
vt 0.625000 0.350000
vt 0.625000 0.350000
vt 0.625000 0.400000
vt 0.625000 0.400000
vt 0.625000 0.350000
vt 0.625000 0.350000
vt 0.625000 0.350000
vt 0.625000 0.350000
vt 0.625000 0.400000
vt 0.625000 0.400000
vt 0.625000 0.400000
vt 0.625000 0.400000
vt 0.625000 0.350000
vt 0.625000 0.350000
vt 0.625000 0.400000
vt 0.625000 0.400000
vt 0.625000 0.350000
vt 0.625000 0.350000
vt 0.625000 0.350000
vt 0.625000 0.350000
vt 0.625000 0.400000
vt 0.625000 0.400000
vt 0.625000 0.400000
vt 0.625000 0.400000
vt 0.625000 0.350000
vt 0.625000 0.350000
vt 0.625000 0.400000
vt 0.625000 0.400000
vt 0.625000 0.350000
vt 0.625000 0.350000
vt 0.625000 0.350000
vt 0.625000 0.350000
vt 0.625000 0.400000
vt 0.625000 0.400000
vt 0.625000 0.400000
vt 0.625000 0.400000
vt 0.625000 0.350000
vt 0.625000 0.350000
vt 0.625000 0.400000
vt 0.625000 0.400000
vt 0.625000 0.350000
vt 0.625000 0.350000
vt 0.625000 0.400000
vt 0.625000 0.400000
vt 0.625000 0.400000
vt 0.625000 0.400000
vt 0.625000 0.400000
vt 0.625000 0.400000
vt 0.625000 0.400000
vt 0.625000 0.400000
vt 0.625000 0.400000
vt 0.625000 0.400000
vt 0.625000 0.400000
vt 0.625000 0.400000
vt 0.625000 0.400000
vt 0.625000 0.400000
vt 0.625000 0.400000
vt 0.625000 0.400000
vt 0.625000 0.400000
vt 0.625000 0.400000
vt 0.625000 0.400000
vt 0.625000 0.400000
vt 0.625000 0.400000
vt 0.625000 0.400000
vt 0.625000 0.400000
vt 0.625000 0.400000
vt 0.625000 0.350000
vt 0.625000 0.400000
vt 0.625000 0.400000
vt 0.625000 0.350000
vt 0.625000 0.350000
vt 0.625000 0.400000
vt 0.625000 0.400000
vt 0.625000 0.350000
vt 0.625000 0.350000
vt 0.625000 0.400000
vt 0.625000 0.400000
vt 0.625000 0.350000
vt 0.625000 0.350000
vt 0.625000 0.400000
vt 0.625000 0.400000
vt 0.625000 0.350000
vt 0.625000 0.350000
vt 0.625000 0.400000
vt 0.625000 0.400000
vt 0.625000 0.350000
vt 0.625000 0.350000
vt 0.625000 0.400000
vt 0.625000 0.400000
vt 0.625000 0.350000
vt 0.625000 0.350000
vt 0.625000 0.350000
vt 0.625000 0.350000
vt 0.625000 0.350000
vt 0.625000 0.350000
vt 0.625000 0.350000
vt 0.625000 0.350000
vt 0.625000 0.350000
vt 0.625000 0.350000
vt 0.625000 0.350000
vt 0.625000 0.350000
vt 0.625000 0.350000
vt 0.625000 0.350000
vt 0.625000 0.350000
vt 0.625000 0.350000
vt 0.625000 0.350000
vt 0.625000 0.350000
vt 0.625000 0.350000
vt 0.625000 0.350000
vt 0.625000 0.350000
vt 0.625000 0.350000
vt 0.625000 0.350000
vt 0.625000 0.350000
vt 0.625000 0.350000
vt 0.625000 0.350000
vt 0.000000 0.000000
vt 0.000000 0.000000
vt 0.000000 0.000000
vt 0.000000 0.000000
vt 0.000000 0.000000
vt 0.000000 0.000000
vt 0.625000 0.400000
vt 0.625000 0.350000
vt 0.625000 0.400000
vt 0.625000 0.400000
vt 0.625000 0.350000
vt 0.625000 0.350000
vt 0.000000 0.000000
vt 0.000000 0.000000
vt 0.000000 0.000000
vt 0.000000 0.000000
vt 0.000000 0.000000
vt 0.000000 0.000000
vt 0.625000 0.400000
vt 0.625000 0.350000
vt 0.625000 0.400000
vt 0.625000 0.400000
vt 0.625000 0.350000
vt 0.625000 0.350000
vt 0.000000 0.000000
vt 0.000000 0.000000
vt 0.000000 0.000000
vt 0.000000 0.000000
vt 0.000000 0.000000
vt 0.000000 0.000000
vt 0.625000 0.400000
vt 0.625000 0.350000
vt 0.625000 0.400000
vt 0.625000 0.400000
vt 0.625000 0.350000
vt 0.625000 0.350000
vt 0.000000 0.000000
vt 0.000000 0.000000
vt 0.000000 0.000000
vt 0.000000 0.000000
vt 0.000000 0.000000
vt 0.000000 0.000000
vt 0.625000 0.400000
vt 0.625000 0.350000
vt 0.625000 0.400000
vt 0.625000 0.400000
vt 0.625000 0.350000
vt 0.625000 0.350000
vt 0.000000 0.000000
vt 0.000000 0.000000
vt 0.000000 0.000000
vt 0.000000 0.000000
vt 0.000000 0.000000
vt 0.000000 0.000000
vt 0.625000 0.400000
vt 0.625000 0.350000
vt 0.625000 0.400000
vt 0.625000 0.400000
vt 0.625000 0.350000
vt 0.625000 0.350000
vt 0.000000 0.000000
vt 0.000000 0.000000
vt 0.000000 0.000000
vt 0.000000 0.000000
vt 0.000000 0.000000
vt 0.000000 0.000000
vt 0.625000 0.400000
vt 0.625000 0.350000
vt 0.625000 0.400000
vt 0.625000 0.400000
vt 0.625000 0.350000
vt 0.625000 0.350000
vt 0.000000 0.000000
vt 0.000000 0.000000
vt 0.000000 0.000000
vt 0.000000 0.000000
vt 0.000000 0.000000
vt 0.000000 0.000000
vt 0.625000 0.400000
vt 0.625000 0.350000
vt 0.625000 0.400000
vt 0.625000 0.400000
vt 0.625000 0.350000
vt 0.625000 0.350000
vt 0.000000 0.000000
vt 0.000000 0.000000
vt 0.000000 0.000000
vt 0.000000 0.000000
vt 0.000000 0.000000
vt 0.000000 0.000000
vt 0.625000 0.400000
vt 0.625000 0.350000
vt 0.625000 0.400000
vt 0.625000 0.400000
vt 0.625000 0.350000
vt 0.625000 0.350000
vt 0.625000 0.500000
vt 0.625000 0.250000
vt 0.625000 0.450000
vt 0.625000 0.400000
vt 0.625000 0.400000
vt 0.625000 0.350000
vt 0.625000 0.300000
vt 0.625000 0.450000
vt 0.625000 0.500000
vt 0.625000 0.300000
vt 0.625000 0.250000
vt 0.625000 0.300000
vt 0.625000 0.250000
vt 0.625000 0.300000
vt 0.625000 0.300000
vt 0.625000 0.300000
vt 0.625000 0.300000
vt 0.625000 0.300000
vt 0.625000 0.300000
vt 0.625000 0.250000
vt 0.625000 0.250000
vt 0.625000 0.300000
vt 0.625000 0.300000
vt 0.625000 0.250000
vt 0.625000 0.250000
vt 0.625000 0.250000
vt 0.625000 0.250000
vt 0.625000 0.250000
vt 0.625000 0.250000
vt 0.625000 0.300000
vt 0.625000 0.300000
vt 0.625000 0.300000
vt 0.625000 0.300000
vt 0.625000 0.300000
vt 0.625000 0.300000
vt 0.625000 0.300000
vt 0.625000 0.300000
vt 0.625000 0.300000
vt 0.625000 0.300000
vt 0.625000 0.250000
vt 0.625000 0.250000
vt 0.625000 0.250000
vt 0.625000 0.250000
vt 0.625000 0.250000
vt 0.625000 0.300000
vt 0.625000 0.250000
vt 0.625000 0.300000
vt 0.625000 0.450000
vt 0.625000 0.300000
vt 0.625000 0.350000
vt 0.625000 0.250000
vt 0.625000 0.400000
vt 0.625000 0.450000
vt 0.625000 0.300000
vt 0.625000 0.350000
vt 0.625000 0.400000
vt 0.625000 0.300000
vt 0.625000 0.250000
vt 0.625000 0.250000
vt 0.725000 0.558333
vt 0.725000 0.558333
vt 0.675000 0.558333
vt 0.675000 0.558333
vt 0.725000 0.558333
vt 0.725000 0.558333
vt 0.675000 0.558333
vt 0.675000 0.558333
vt 0.675000 0.558333
vt 0.675000 0.558333
vt 0.625000 0.250000
vt 0.875000 0.666667
vt 0.875000 0.658333
vt 0.875000 0.641667
vt 0.875000 0.508333
vt 0.625000 0.641667
vt 0.625000 0.650000
vt 0.825000 0.508333
vt 0.675000 0.516667
vt 0.725000 0.525000
vt 0.675000 0.525000
vt 0.725000 0.566667
vt 0.675000 0.566667
vt 0.825000 0.575000
vt 0.725000 0.608333
vt 0.675000 0.608333
vt 0.675000 0.625000
vt 0.725000 0.633333
vt 0.675000 0.633333
vt 0.825000 0.650000
vt 0.775000 0.650000
vt 0.725000 0.650000
vt 0.675000 0.650000
vt 0.775000 0.666667
vt 0.725000 0.666667
vt 0.675000 0.666667
vt 0.675000 0.683333
vt 0.725000 0.700000
vt 0.825000 0.708333
vt 0.775000 0.708333
vt 0.725000 0.708333
vt 0.775000 0.725000
vt 0.775000 0.733333
vt 0.725000 0.733333
vt 0.775000 0.733333
vt 0.725000 0.733333
vt 0.875000 0.708333
vt 0.875000 0.700000
vt 0.825000 0.708333
vt 0.775000 0.708333
vt 0.725000 0.708333
vt 0.625000 0.666667
vt 0.675000 0.666667
vt 0.775000 0.666667
vt 0.725000 0.666667
vt 0.625000 0.675000
vt 0.625000 0.683333
vt 0.675000 0.683333
vt 0.875000 0.666667
vt 0.825000 0.666667
vt 0.725000 0.633333
vt 0.675000 0.633333
vt 0.875000 0.650000
vt 0.625000 0.650000
vt 0.675000 0.650000
vt 0.825000 0.650000
vt 0.775000 0.650000
vt 0.725000 0.650000
vt 0.725000 0.608333
vt 0.675000 0.608333
vt 0.725000 0.558333
vt 0.725000 0.566667
vt 0.675000 0.566667
vt 0.875000 0.575000
vt 0.825000 0.566667
vt 0.825000 0.575000
vt 0.675000 0.566667
vt 0.675000 0.566667
vt 0.675000 0.566667
vt 0.675000 0.566667
vt 0.675000 0.566667
vt 0.675000 0.566667
vt 0.675000 0.566667
vt 0.725000 0.566667
vt 0.725000 0.566667
vt 0.725000 0.566667
vt 0.725000 0.566667
vt 0.725000 0.566667
vt 0.725000 0.566667
vt 0.725000 0.566667
vt 0.725000 0.558333
vt 0.725000 0.558333
vt 0.725000 0.558333
vt 0.675000 0.558333
vt 0.675000 0.558333
vt 0.675000 0.558333
vt 0.725000 0.558333
vt 0.725000 0.558333
vt 0.675000 0.558333
vt 0.725000 0.516667
vt 0.675000 0.516667
vt 0.725000 0.525000
vt 0.675000 0.525000
vt 0.875000 0.508333
vt 0.625000 0.300000
vt 0.825000 0.508333
vt 0.000000 0.000000
vt 0.000000 0.000000
vt 0.825000 0.591667
vt 0.775000 0.591667
vt 0.000000 0.000000
vt 0.000000 0.000000
vt 0.875000 0.575000
vt 0.875000 0.700000
vt 0.725000 0.516667
vt 0.725000 0.558333
vt 0.675000 0.558333
vt 0.725000 0.600000
vt 0.675000 0.600000
vt 0.725000 0.625000
vt 0.825000 0.641667
vt 0.775000 0.641667
vt 0.725000 0.641667
vt 0.675000 0.641667
vt 0.825000 0.658333
vt 0.775000 0.658333
vt 0.725000 0.658333
vt 0.675000 0.658333
vt 0.675000 0.675000
vt 0.825000 0.700000
vt 0.775000 0.700000
vt 0.725000 0.725000
vt 0.775000 0.725000
vt 0.725000 0.725000
vt 0.825000 0.700000
vt 0.775000 0.700000
vt 0.725000 0.700000
vt 0.625000 0.658333
vt 0.675000 0.658333
vt 0.775000 0.658333
vt 0.725000 0.658333
vt 0.675000 0.675000
vt 0.875000 0.658333
vt 0.825000 0.658333
vt 0.725000 0.625000
vt 0.675000 0.625000
vt 0.875000 0.641667
vt 0.625000 0.641667
vt 0.675000 0.641667
vt 0.825000 0.641667
vt 0.775000 0.641667
vt 0.725000 0.641667
vt 0.725000 0.600000
vt 0.675000 0.600000
vt 0.675000 0.558333
vt 0.725000 0.558333
vt 0.725000 0.558333
vt 0.725000 0.558333
vt 0.725000 0.558333
vt 0.675000 0.558333
vt 0.675000 0.558333
vt 0.675000 0.558333
vt 0.625000 0.250000
vt 0.875000 0.566667
vt 0.825000 0.566667
vt 0.875000 0.566667
vt 0.625000 0.250000
vt 0.625000 0.250000
vt 0.625000 0.250000
vt 0.625000 0.250000
vt 0.625000 0.250000
vt 0.625000 0.500000
vt 0.625000 0.500000
vt 0.625000 0.500000
vt 0.625000 0.500000
vt 0.625000 0.500000
vt 0.625000 0.300000
vt 0.625000 0.300000
vt 0.625000 0.300000
vt 0.625000 0.300000
vt 0.625000 0.300000
vt 0.625000 0.500000
vt 0.625000 0.500000
vt 0.625000 0.500000
vt 0.625000 0.500000
vt 0.625000 0.500000
vt 0.625000 0.450000
vt 0.625000 0.450000
vt 0.625000 0.450000
vt 0.625000 0.450000
vt 0.625000 0.450000
vt 0.625000 0.450000
vt 0.625000 0.450000
vt 0.625000 0.450000
vt 0.625000 0.450000
vt 0.625000 0.450000
vt 0.625000 0.250000
vt 0.625000 0.250000
vt 0.625000 0.250000
vt 0.625000 0.250000
vt 0.625000 0.250000
vt 0.625000 0.300000
vt 0.625000 0.300000
vt 0.625000 0.300000
vt 0.625000 0.300000
vt 0.625000 0.300000
vt 0.625000 0.400000
vt 0.625000 0.400000
vt 0.625000 0.400000
vt 0.625000 0.400000
vt 0.625000 0.400000
vt 0.625000 0.350000
vt 0.625000 0.350000
vt 0.625000 0.350000
vt 0.625000 0.350000
vt 0.625000 0.350000
vt 0.625000 0.350000
vt 0.625000 0.350000
vt 0.625000 0.350000
vt 0.625000 0.350000
vt 0.625000 0.350000
vt 0.625000 0.400000
vt 0.625000 0.400000
vt 0.625000 0.400000
vt 0.625000 0.400000
vt 0.625000 0.400000
vt 0.625000 0.500000
vt 0.625000 0.500000
vt 0.625000 0.450000
vt 0.625000 0.450000
vt 0.375000 1.000000
vt 0.625000 1.000000
vt 0.375000 0.250000
vt 0.375000 0.750000
vt 0.625000 0.750000
vt 0.375000 0.500000
vt 0.625000 0.500000
vt 0.875000 0.708333
vt 0.875000 0.650000
vt 0.625000 0.658333
vt 0.625000 0.666667
vt 0.625000 0.675000
vt 0.625000 0.683333
vt 0.375000 0.450000
vt 0.375000 0.400000
vt 0.375000 0.350000
vt 0.375000 0.300000
vt 0.625000 0.300000
vt 0.625000 0.350000
vt 0.625000 0.400000
vt 0.625000 0.450000
vt 0.375000 0.950000
vt 0.375000 0.900000
vt 0.375000 0.850000
vt 0.375000 0.800000
vt 0.625000 0.800000
vt 0.625000 0.850000
vt 0.625000 0.900000
vt 0.625000 0.950000
vt 0.825000 0.666667
vt 0.825000 0.658333
vt 0.825000 0.666667
vt 0.625000 0.250000
vt 0.625000 0.500000
vt 0.625000 0.500000
vt 0.625000 0.250000
vt 0.625000 0.500000
vt 0.625000 0.450000
vt 0.625000 0.300000
vt 0.625000 0.350000
vt 0.625000 0.250000
vt 0.625000 0.400000
vt 0.625000 0.500000
vt 0.625000 0.450000
vt 0.625000 0.300000
vt 0.625000 0.350000
vt 0.625000 0.250000
vt 0.625000 0.400000
vt 0.625000 0.500000
vt 0.625000 0.450000
vt 0.625000 0.300000
vt 0.625000 0.350000
vt 0.625000 0.250000
vt 0.625000 0.400000
vt 0.625000 0.500000
vt 0.625000 0.450000
vt 0.625000 0.300000
vt 0.625000 0.350000
vt 0.625000 0.250000
vt 0.625000 0.400000
vt 0.625000 0.500000
vt 0.625000 0.450000
vt 0.625000 0.300000
vt 0.625000 0.350000
vt 0.625000 0.250000
vt 0.625000 0.400000
vt 0.625000 0.500000
vt 0.625000 0.450000
vt 0.625000 0.300000
vt 0.625000 0.350000
vt 0.625000 0.250000
vt 0.625000 0.400000
vt 0.375000 0.500000
vt 0.625000 0.500000
vt 0.375000 0.450000
vt 0.625000 0.450000
vt 0.625000 0.350000
vt 0.375000 0.400000
vt 0.375000 0.250000
vt 0.625000 0.250000
vt 0.375000 0.350000
vt 0.375000 0.300000
vt 0.625000 0.500000
vt 0.625000 0.450000
vt 0.625000 0.300000
vt 0.625000 0.350000
vt 0.625000 0.250000
vt 0.625000 0.400000
vt 0.625000 0.500000
vt 0.625000 0.450000
vt 0.625000 0.300000
vt 0.625000 0.350000
vt 0.625000 0.250000
vt 0.625000 0.400000
vt 0.625000 0.500000
vt 0.625000 0.450000
vt 0.625000 0.300000
vt 0.625000 0.350000
vt 0.625000 0.350000
vt 0.625000 0.400000
vt 0.625000 0.400000
vt 0.625000 0.250000
vt 0.625000 0.500000
vt 0.625000 0.450000
vt 0.625000 0.300000
vt 0.625000 0.250000
vt 0.625000 0.500000
vt 0.625000 0.450000
vt 0.625000 0.500000
vt 0.625000 0.450000
vt 0.625000 0.250000
vt 0.625000 0.300000
vt 0.625000 0.250000
vt 0.625000 0.300000
vt 0.625000 0.300000
vt 0.625000 0.300000
vt 0.625000 0.250000
vt 0.625000 0.250000
vt 0.625000 0.250000
vt 0.625000 0.300000
vt 0.625000 0.250000
vt 0.625000 0.300000
vt 0.625000 0.350000
vt 0.625000 0.350000
vt 0.625000 0.400000
vt 0.625000 0.400000
vt 0.625000 0.350000
vt 0.625000 0.350000
vt 0.625000 0.350000
vt 0.625000 0.350000
vt 0.625000 0.400000
vt 0.625000 0.400000
vt 0.625000 0.400000
vt 0.625000 0.400000
vt 0.625000 0.400000
vt 0.625000 0.400000
vt 0.625000 0.400000
vt 0.625000 0.400000
vt 0.625000 0.350000
vt 0.625000 0.350000
vt 0.625000 0.350000
vt 0.625000 0.350000
vt 0.625000 0.400000
vt 0.625000 0.400000
vt 0.625000 0.400000
vt 0.625000 0.400000
vt 0.625000 0.350000
vt 0.625000 0.350000
vt 0.625000 0.350000
vt 0.625000 0.350000
vt 0.625000 0.500000
vt 0.625000 0.450000
vt 0.625000 0.500000
vt 0.625000 0.450000
vt 0.625000 0.250000
vt 0.625000 0.300000
vt 0.625000 0.300000
vt 0.625000 0.250000
vt 0.625000 0.350000
vt 0.625000 0.400000
vt 0.625000 0.400000
vt 0.625000 0.400000
vt 0.625000 0.400000
vt 0.625000 0.400000
vt 0.625000 0.400000
vt 0.625000 0.400000
vt 0.625000 0.400000
vt 0.625000 0.400000
vt 0.625000 0.350000
vt 0.625000 0.350000
vt 0.625000 0.350000
vt 0.625000 0.350000
vt 0.625000 0.350000
vt 0.625000 0.350000
vt 0.625000 0.350000
vt 0.625000 0.350000
vt 0.625000 0.350000
vt 0.625000 0.350000
vt 0.625000 0.350000
vt 0.625000 0.350000
vt 0.625000 0.350000
vt 0.625000 0.350000
vt 0.625000 0.350000
vt 0.625000 0.350000
vt 0.625000 0.400000
vt 0.625000 0.400000
vt 0.625000 0.400000
vt 0.625000 0.400000
vt 0.625000 0.400000
vt 0.625000 0.400000
vt 0.625000 0.400000
vt 0.625000 0.400000
vt 0.625000 0.350000
vt 0.625000 0.350000
vt 0.625000 0.400000
vt 0.625000 0.400000
vt 0.625000 0.350000
vt 0.625000 0.350000
vt 0.625000 0.350000
vt 0.625000 0.400000
vt 0.625000 0.400000
vt 0.625000 0.400000
vt 0.625000 0.350000
vt 0.625000 0.350000
vt 0.625000 0.350000
vt 0.625000 0.400000
vt 0.000000 0.000000
vt 0.625000 0.350000
vt 0.625000 0.350000
vt 0.625000 0.350000
vt 0.625000 0.400000
vt 0.625000 0.400000
vt 0.625000 0.400000
vt 0.625000 0.400000
vt 0.625000 0.350000
vt 0.625000 0.350000
vt 0.825000 0.591667
vt 0.825000 0.591667
vt 0.825000 0.591667
vt 0.825000 0.591667
vt 0.825000 0.591667
vt 0.825000 0.591667
vt 0.000000 0.000000
vt 0.000000 0.000000
vt 0.000000 0.000000
vt 0.000000 0.000000
vt 0.000000 0.000000
vt 0.000000 0.000000
vt 0.775000 0.591667
vt 0.775000 0.591667
vt 0.775000 0.591667
vt 0.775000 0.591667
vt 0.775000 0.591667
vt 0.775000 0.591667
vt 0.000000 0.000000
vt 0.000000 0.000000
vt 0.000000 0.000000
vt 0.000000 0.000000
vt 0.000000 0.000000
vt 0.000000 0.000000
vt 0.825000 0.591667
vt 0.825000 0.591667
vt 0.775000 0.591667
vt 0.775000 0.591667
vt 0.625000 0.400000
vt 0.625000 0.300000
s 0
g off
g INSTAKILL_BASE.002_INSTAKILL
usemtl INSTAKILL
f 183/188/1 34/39/1 185/190/1
f 74/79/2 61/66/2 73/78/2
f 160/165/2 158/163/2 162/167/2
f 456/461/2 471/476/2 457/462/2
f 193/198/2 182/187/2 194/199/2
f 90/95/1 69/74/1 81/86/1
f 349/354/1 435/440/1 346/351/1
f 225/230/2 214/219/2 226/231/2
f 268/273/1 259/264/1 271/276/1
f 278/283/1 557/562/1 276/281/1
f 370/375/1 378/383/1 569/574/1
f 196/201/1 187/192/1 199/204/1
f 647/652/1 603/608/1 649/654/1
f 220/225/1 211/216/1 223/228/1
f 657/662/1 610/615/1 656/661/1
f 548/553/1 556/561/1 557/562/1
f 136/141/2 133/138/2 137/142/2
f 212/217/1 208/213/1 220/225/1
f 675/680/2 667/672/2 674/679/2
f 40/45/1 24/24/1 44/49/1
f 648/653/1 600/605/1 646/651/1
f 781/787/1 792/798/1 793/799/1
f 311/316/2 313/318/2 312/317/2
f 345/350/2 481/486/2 452/457/2
f 805/811/2 636/641/2 639/644/2
f 638/643/2 639/644/2 642/647/2
f 226/231/2 217/222/2 229/234/2
f 578/583/1 342/347/1 564/569/1
f 339/344/2 333/338/2 337/342/2
f 48/53/1 44/49/1 52/57/1
f 203/208/2 189/194/2 201/206/2
f 707/712/1 697/702/1 706/711/1
f 76/81/1 60/65/1 72/77/1
f 45/50/2 15/15/2 42/47/2
f 554/559/1 523/528/1 524/529/1
f 251/256/2 237/242/2 249/254/2
f 505/510/2 521/526/2 520/525/2
f 424/429/2 491/496/2 425/430/2
f 716/721/1 624/629/1 717/722/1
f 140/145/2 137/142/2 141/146/2
f 641/646/2 643/648/2 640/645/2
f 274/279/1 512/517/1 279/284/1
f 535/540/2 501/506/2 500/505/2
f 309/314/2 315/320/2 314/319/2
f 100/105/1 84/89/1 96/101/1
f 297/302/1 306/311/1 305/310/1
f 257/262/1 246/251/1 258/263/1
f 422/427/2 493/498/2 426/431/2
f 798/804/2 786/792/2 785/791/2
f 176/181/1 38/43/1 184/189/1
f 342/347/2 436/441/2 579/584/2
f 511/516/1 550/555/1 549/554/1
f 663/668/1 612/617/1 658/663/1
f 33/38/2 767/772/2 772/778/2
f 357/362/1 400/405/1 356/361/1
f 687/692/2 691/696/2 685/690/2
f 678/683/1 673/678/1 676/681/1
f 711/716/1 700/705/1 710/715/1
f 526/531/1 515/520/1 516/521/1
f 260/265/1 256/261/1 268/273/1
f 63/68/1 26/26/1 66/71/1
f 209/214/1 198/203/1 210/215/1
f 495/500/2 406/411/2 496/501/2
f 191/196/2 177/182/2 189/194/2
f 694/699/2 688/693/2 689/694/2
f 118/123/2 112/117/2 116/121/2
f 780/786/1 791/797/1 792/798/1
f 423/428/2 340/345/2 493/498/2
f 747/752/2 743/748/2 744/749/2
f 240/245/2 227/232/2 239/244/2
f 77/82/2 59/64/2 71/76/2
f 92/97/2 91/96/2 103/108/2
f 101/106/2 83/88/2 95/100/2
f 714/719/2 629/634/2 715/720/2
f 150/155/1 147/152/1 151/156/1
f 146/151/1 143/148/1 147/152/1
f 730/735/1 728/733/1 729/734/1
f 280/285/1 517/522/1 281/286/1
f 539/544/2 545/550/2 546/551/2
f 360/365/1 392/397/1 359/364/1
f 779/785/1 790/796/1 791/797/1
f 86/91/2 73/78/2 85/90/2
f 172/177/2 170/175/2 174/179/2
f 121/126/1 119/124/1 123/128/1
f 449/454/2 485/490/2 450/455/2
f 670/675/2 665/670/2 671/676/2
f 296/301/1 317/322/1 306/311/1
f 110/115/2 104/109/2 108/113/2
f 105/110/1 22/22/1 107/112/1
f 67/72/2 13/13/2 62/67/2
f 575/580/1 581/586/1 576/581/1
f 184/189/1 39/44/1 187/192/1
f 752/757/2 738/743/2 739/744/2
f 748/753/2 742/747/2 743/748/2
f 541/546/2 543/548/2 544/549/2
f 428/433/2 430/435/2 341/346/2
f 87/92/1 78/83/1 90/95/1
f 512/517/1 549/554/1 548/553/1
f 96/101/1 87/92/1 99/104/1
f 250/255/2 241/246/2 253/258/2
f 156/161/2 154/159/2 158/163/2
f 770/776/2 768/774/2 31/34/2
f 244/249/1 235/240/1 247/252/1
f 138/143/1 135/140/1 139/144/1
f 82/87/1 76/81/1 88/93/1
f 293/298/1 295/300/1 294/299/1
f 308/313/2 331/336/2 316/321/2
f 192/197/2 179/184/2 191/196/2
f 117/122/1 115/120/1 119/124/1
f 267/272/1 257/262/1 269/274/1
f 210/215/1 188/193/1 200/205/1
f 215/220/2 201/206/2 213/218/2
f 666/671/2 620/625/2 667/672/2
f 78/83/1 57/62/1 69/74/1
f 264/269/2 251/256/2 263/268/2
f 66/71/1 4/4/1 57/62/1
f 669/674/1 656/661/1 668/673/1
f 455/460/2 479/484/2 347/352/2
f 168/173/2 166/171/2 170/175/2
f 800/806/2 784/790/2 783/789/2
f 228/233/2 215/220/2 227/232/2
f 529/534/1 508/513/1 509/514/1
f 672/677/1 658/663/1 673/678/1
f 51/56/2 47/52/2 55/60/2
f 371/376/1 380/385/1 370/375/1
f 197/202/1 186/191/1 198/203/1
f 144/149/2 141/146/2 145/150/2
f 178/183/2 33/37/2 181/186/2
f 130/135/1 12/12/1 131/136/1
f 732/737/1 726/731/1 727/732/1
f 61/66/2 21/21/2 65/70/2
f 41/46/1 16/16/1 40/45/1
f 185/190/1 35/40/1 186/191/1
f 556/561/1 525/530/1 526/531/1
f 652/657/2 608/613/2 654/659/2
f 177/182/2 29/29/2 178/183/2
f 43/48/2 19/19/2 47/52/2
f 79/84/2 62/67/2 74/79/2
f 227/232/2 213/218/2 225/230/2
f 186/191/1 36/41/1 176/181/1
f 277/282/2 547/552/2 272/277/2
f 54/59/1 41/46/1 49/54/1
f 65/70/2 6/6/2 59/64/2
f 85/90/2 77/82/2 89/94/2
f 454/459/2 480/485/2 455/460/2
f 53/58/2 42/47/2 50/55/2
f 70/75/1 64/69/1 76/81/1
f 549/554/1 555/560/1 556/561/1
f 189/194/2 178/183/2 190/195/2
f 102/107/1 81/86/1 93/98/1
f 68/73/2 67/72/2 79/84/2
f 249/254/2 238/243/2 250/255/2
f 103/108/2 86/91/2 98/103/2
f 200/205/1 196/201/1 208/213/1
f 73/78/2 65/70/2 77/82/2
f 88/93/1 72/77/1 84/89/1
f 106/111/2 3/3/2 104/109/2
f 180/185/2 31/33/2 179/184/2
f 590/595/1 562/567/1 583/588/1
f 737/742/1 686/691/1 722/727/1
f 94/99/1 88/93/1 100/105/1
f 709/714/2 690/695/2 708/713/2
f 98/103/2 85/90/2 97/102/2
f 125/130/1 123/128/1 127/132/1
f 692/697/2 690/695/2 691/696/2
f 97/102/2 89/94/2 101/106/2
f 99/104/1 90/95/1 102/107/1
f 126/131/2 120/125/2 124/129/2
f 367/372/1 386/391/1 366/371/1
f 336/341/1 334/339/1 338/343/1
f 42/47/2 8/8/2 43/48/2
f 132/137/2 129/134/2 133/138/2
f 561/566/1 558/563/1 559/564/1
f 214/219/2 205/210/2 217/222/2
f 756/761/1 762/767/1 757/762/1
f 589/594/1 583/588/1 584/589/1
f 128/133/2 2/2/2 129/134/2
f 64/69/1 9/9/1 60/65/1
f 167/172/1 161/166/1 165/170/1
f 684/689/1 699/704/1 686/691/1
f 175/180/1 169/174/1 173/178/1
f 159/164/1 153/158/1 157/162/1
f 248/253/1 244/249/1 256/261/1
f 307/312/2 594/599/2 331/336/2
f 365/370/1 593/598/1 591/596/1
f 164/169/2 162/167/2 166/171/2
f 462/467/2 468/473/2 369/374/2
f 238/243/2 229/234/2 241/246/2
f 713/718/1 622/627/1 712/717/1
f 364/369/1 399/404/1 363/368/1
f 221/226/1 210/215/1 222/227/1
f 60/65/1 14/14/1 63/68/1
f 49/54/1 40/45/1 48/53/1
f 46/51/1 7/7/1 41/46/1
f 179/184/2 768/773/2 177/182/2
f 262/267/2 253/258/2 265/270/2
f 190/195/2 181/186/2 193/198/2
f 222/227/1 200/205/1 212/217/1
f 273/278/2 518/523/2 275/280/2
f 490/495/2 486/491/2 491/496/2
f 201/206/2 190/195/2 202/207/2
f 547/552/2 534/539/2 533/538/2
f 232/237/1 223/228/1 235/240/1
f 551/556/1 553/558/1 554/559/1
f 361/366/1 394/399/1 570/575/1
f 245/250/1 234/239/1 246/251/1
f 234/239/1 212/217/1 224/229/1
f 229/234/2 218/223/2 230/235/2
f 246/251/1 224/229/1 236/241/1
f 204/209/2 191/196/2 203/208/2
f 261/266/2 250/255/2 262/267/2
f 217/222/2 206/211/2 218/223/2
f 62/67/2 10/10/2 61/66/2
f 224/229/1 220/225/1 232/237/1
f 148/153/2 145/150/2 149/154/2
f 163/168/1 157/162/1 161/166/1
f 269/274/1 258/263/1 270/275/1
f 50/55/2 43/48/2 51/56/2
f 746/751/2 744/749/2 745/750/2
f 258/263/1 236/241/1 248/253/1
f 253/258/2 242/247/2 254/259/2
f 219/224/1 209/214/1 221/226/1
f 487/492/2 426/431/2 427/432/2
f 270/275/1 248/253/1 260/265/1
f 72/77/1 63/68/1 75/80/1
f 237/242/2 226/231/2 238/243/2
f 195/200/1 185/190/1 197/202/1
f 243/248/1 233/238/1 245/250/1
f 720/725/1 729/734/1 721/726/1
f 542/547/2 327/332/2 543/548/2
f 263/268/2 249/254/2 261/266/2
f 288/293/2 310/315/2 289/294/2
f 544/549/2 537/542/2 536/541/2
f 413/418/1 415/420/1 416/421/1
f 252/257/2 239/244/2 251/256/2
f 522/527/2 328/333/2 542/547/2
f 521/526/2 542/547/2 541/546/2
f 536/541/2 502/507/2 501/506/2
f 677/682/2 674/679/2 679/684/2
f 241/246/2 230/235/2 242/247/2
f 265/270/2 254/259/2 266/271/2
f 239/244/2 225/230/2 237/242/2
f 291/296/2 316/321/2 315/320/2
f 552/557/1 324/329/1 553/558/1
f 301/306/1 303/308/1 302/307/1
f 778/784/1 789/795/1 790/796/1
f 518/523/2 539/544/2 538/543/2
f 56/61/2 27/27/2 67/72/2
f 587/592/1 585/590/1 586/591/1
f 701/706/1 697/702/1 698/703/1
f 524/529/1 513/518/1 514/519/1
f 233/238/1 222/227/1 234/239/1
f 142/147/1 139/144/1 143/148/1
f 459/464/2 469/474/2 571/576/2
f 557/562/1 526/531/1 527/532/1
f 453/458/2 483/488/2 454/459/2
f 445/450/2 466/471/2 461/466/2
f 363/368/1 398/403/1 362/367/1
f 655/660/2 607/612/2 653/658/2
f 574/579/1 389/394/1 368/373/1
f 411/416/1 417/422/1 418/423/1
f 489/494/2 425/430/2 492/497/2
f 534/539/2 500/505/2 499/504/2
f 507/512/2 325/330/2 522/527/2
f 255/260/1 245/250/1 257/262/1
f 344/349/2 475/480/2 456/461/2
f 198/203/1 176/181/1 188/193/1
f 650/655/2 605/610/2 651/656/2
f 443/448/2 783/789/2 442/447/2
f 795/801/2 438/443/2 788/794/2
f 695/700/2 631/636/2 688/693/2
f 523/528/1 595/600/1 513/518/1
f 134/139/1 131/136/1 135/140/1
f 348/353/1 396/401/1 364/369/1
f 645/650/1 598/603/1 644/649/1
f 412/417/1 416/421/1 417/422/1
f 461/466/2 467/472/2 462/467/2
f 231/236/1 221/226/1 233/238/1
f 366/371/1 385/390/1 365/370/1
f 460/465/2 387/392/2 573/578/2
f 775/781/1 773/779/1 774/780/1
f 664/669/2 617/622/2 665/670/2
f 352/357/1 433/438/1 351/356/1
f 362/367/1 397/402/1 361/366/1
f 591/596/1 390/395/1 343/348/1
f 567/572/1 582/587/1 575/580/1
f 543/548/2 326/331/2 537/542/2
f 519/524/2 540/545/2 539/544/2
f 531/536/1 510/515/1 511/516/1
f 408/413/1 420/425/1 421/426/1
f 540/545/2 544/549/2 545/550/2
f 537/542/2 597/602/2 502/507/2
f 702/707/1 696/701/1 697/702/1
f 256/261/1 247/252/1 259/264/1
f 525/530/1 514/519/1 515/520/1
f 286/291/1 304/309/1 287/292/1
f 279/284/1 548/553/1 278/283/1
f 355/360/1 405/410/1 444/449/1
f 282/287/2 498/503/2 283/288/2
f 533/538/2 499/504/2 498/503/2
f 683/688/2 679/684/2 682/687/2
f 272/277/2 533/538/2 282/287/2
f 538/543/2 546/551/2 547/552/2
f 409/414/1 419/424/1 420/425/1
f 506/511/2 522/527/2 521/526/2
f 550/555/1 554/559/1 555/560/1
f 181/186/2 32/35/2 182/187/2
f 546/551/2 535/540/2 534/539/2
f 510/515/1 551/556/1 550/555/1
f 700/705/1 698/703/1 699/704/1
f 207/212/1 197/202/1 209/214/1
f 155/160/1 759/764/1 153/158/1
f 693/698/2 689/694/2 690/695/2
f 802/808/1 804/810/1 803/809/1
f 799/805/2 785/791/2 784/790/2
f 530/535/1 509/514/1 510/515/1
f 555/560/1 524/529/1 525/530/1
f 213/218/2 202/207/2 214/219/2
f 520/525/2 541/546/2 540/545/2
f 503/508/2 519/524/2 518/523/2
f 705/710/2 693/698/2 704/709/2
f 458/463/2 470/475/2 459/464/2
f 330/335/1 302/307/1 329/334/1
f 457/462/2 472/477/2 458/463/2
f 508/513/1 322/327/1 552/557/1
f 566/571/1 586/591/1 565/570/1
f 113/118/1 111/116/1 115/120/1
f 91/96/2 74/79/2 86/91/2
f 202/207/2 193/198/2 205/210/2
f 588/593/1 584/589/1 585/590/1
f 75/80/1 66/71/1 78/83/1
f 751/756/2 739/744/2 740/745/2
f 609/614/2 651/656/2 605/610/2
f 603/608/1 645/650/1 649/654/1
f 80/85/2 79/84/2 91/96/2
f 617/622/2 662/667/2 665/670/2
f 611/616/1 661/666/1 615/620/1
f 662/667/2 619/624/2 660/665/2
f 637/642/2 634/639/2 636/641/2
f 300/305/1 304/309/1 303/308/1
f 753/758/2 685/690/2 738/743/2
f 806/812/2 642/647/2 643/648/2
f 375/380/1 376/381/1 374/379/1
f 275/280/2 538/543/2 277/282/2
f 763/768/1 729/734/1 762/767/1
f 236/241/1 232/237/1 244/249/1
f 414/419/1 403/408/1 415/420/1
f 451/456/2 477/482/2 358/363/2
f 659/664/1 615/620/1 661/666/1
f 410/415/1 418/423/1 419/424/1
f 601/606/1 646/651/1 600/605/1
f 607/612/2 652/657/2 653/658/2
f 452/457/2 482/487/2 453/458/2
f 572/577/1 384/389/1 367/372/1
f 612/617/1 659/664/1 658/663/1
f 618/623/2 660/665/2 619/624/2
f 284/289/2 283/288/2 285/290/2
f 782/788/1 793/799/1 794/800/1
f 680/685/1 676/681/1 681/686/1
f 216/221/2 203/208/2 215/220/2
f 109/114/1 107/112/1 111/116/1
f 208/213/1 199/204/1 211/216/1
f 446/451/2 432/437/2 350/355/2
f 703/708/1 627/632/1 696/701/1
f 545/550/2 536/541/2 535/540/2
f 372/377/1 381/386/1 371/376/1
f 797/803/2 787/793/2 786/792/2
f 733/738/1 725/730/1 726/731/1
f 188/193/1 184/189/1 196/201/1
f 84/89/1 75/80/1 87/92/1
f 718/723/2 632/637/2 719/724/2
f 152/157/2 23/23/2 154/159/2
f 576/581/1 580/585/1 577/582/1
f 58/63/1 20/20/1 64/69/1
f 750/755/2 740/745/2 741/746/2
f 749/754/2 741/746/2 742/747/2
f 736/741/1 722/727/1 723/728/1
f 735/740/1 723/728/1 724/729/1
f 769/775/2 31/34/2 30/31/2
f 205/210/2 194/199/2 206/211/2
f 373/378/2 465/470/2 463/468/2
f 767/772/2 768/774/2 766/771/2
f 765/770/1 720/725/1 764/769/1
f 171/176/1 165/170/1 169/174/1
f 310/315/2 314/319/2 313/318/2
f 32/36/2 772/778/2 771/777/2
f 553/558/1 320/325/1 523/528/1
f 528/533/1 321/326/1 508/513/1
f 114/119/2 108/113/2 112/117/2
f 755/760/1 764/769/1 754/759/1
f 299/304/1 290/295/1 304/309/1
f 509/514/1 552/557/1 551/556/1
f 447/452/2 427/432/2 448/453/2
f 504/509/2 520/525/2 519/524/2
f 577/582/1 579/584/1 578/583/1
f 777/783/1 441/446/1 789/795/1
f 796/802/2 788/794/2 787/793/2
f 276/281/1 527/532/1 280/285/1
f 532/537/1 511/516/1 512/517/1
f 354/359/1 421/426/1 353/358/1
f 122/127/2 116/121/2 120/125/2
f 609/614/2 655/660/2 651/656/2
f 603/608/1 599/604/1 645/650/1
f 617/622/2 621/626/2 662/667/2
f 611/616/1 657/662/1 661/666/1
f 601/606/1 647/652/1 646/651/1
f 607/612/2 606/611/2 652/657/2
f 612/617/1 613/618/1 659/664/1
f 618/623/2 666/671/2 660/665/2
f 734/739/1 724/729/1 725/730/1
f 89/94/2 71/76/2 83/88/2
f 183/188/1 37/42/1 34/39/1
f 74/79/2 62/67/2 61/66/2
f 160/165/2 156/161/2 158/163/2
f 456/461/2 592/597/2 471/476/2
f 193/198/2 181/186/2 182/187/2
f 90/95/1 78/83/1 69/74/1
f 349/354/1 437/442/1 435/440/1
f 225/230/2 213/218/2 214/219/2
f 268/273/1 256/261/1 259/264/1
f 278/283/1 548/553/1 557/562/1
f 370/375/1 380/385/1 378/383/1
f 196/201/1 184/189/1 187/192/1
f 647/652/1 601/606/1 603/608/1
f 220/225/1 208/213/1 211/216/1
f 657/662/1 611/616/1 610/615/1
f 548/553/1 549/554/1 556/561/1
f 136/141/2 132/137/2 133/138/2
f 212/217/1 200/205/1 208/213/1
f 675/680/2 666/671/2 667/672/2
f 40/45/1 16/16/1 24/24/1
f 648/653/1 602/607/1 600/605/1
f 781/787/1 780/786/1 792/798/1
f 311/316/2 310/315/2 313/318/2
f 345/350/2 478/483/2 481/486/2
f 805/811/2 637/642/2 636/641/2
f 638/643/2 805/811/2 639/644/2
f 226/231/2 214/219/2 217/222/2
f 578/583/1 579/584/1 342/347/1
f 339/344/2 335/340/2 333/338/2
f 48/53/1 40/45/1 44/49/1
f 203/208/2 191/196/2 189/194/2
f 707/712/1 698/703/1 697/702/1
f 76/81/1 64/69/1 60/65/1
f 45/50/2 25/25/2 15/15/2
f 554/559/1 553/558/1 523/528/1
f 251/256/2 239/244/2 237/242/2
f 505/510/2 506/511/2 521/526/2
f 424/429/2 490/495/2 491/496/2
f 716/721/1 626/631/1 624/629/1
f 140/145/2 136/141/2 137/142/2
f 641/646/2 806/812/2 643/648/2
f 274/279/1 532/537/1 512/517/1
f 535/540/2 536/541/2 501/506/2
f 309/314/2 291/296/2 315/320/2
f 100/105/1 88/93/1 84/89/1
f 297/302/1 296/301/1 306/311/1
f 257/262/1 245/250/1 246/251/1
f 422/427/2 423/428/2 493/498/2
f 798/804/2 797/803/2 786/792/2
f 176/181/1 36/41/1 38/43/1
f 342/347/2 494/499/2 436/441/2
f 511/516/1 510/515/1 550/555/1
f 663/668/1 614/619/1 612/617/1
f 33/38/2 29/30/2 767/772/2
f 357/362/1 401/406/1 400/405/1
f 687/692/2 692/697/2 691/696/2
f 678/683/1 672/677/1 673/678/1
f 711/716/1 701/706/1 700/705/1
f 526/531/1 525/530/1 515/520/1
f 260/265/1 248/253/1 256/261/1
f 63/68/1 14/14/1 26/26/1
f 209/214/1 197/202/1 198/203/1
f 495/500/2 497/502/2 406/411/2
f 191/196/2 179/184/2 177/182/2
f 694/699/2 695/700/2 688/693/2
f 118/123/2 114/119/2 112/117/2
f 780/786/1 779/785/1 791/797/1
f 423/428/2 488/493/2 340/345/2
f 747/752/2 748/753/2 743/748/2
f 240/245/2 228/233/2 227/232/2
f 77/82/2 65/70/2 59/64/2
f 92/97/2 80/85/2 91/96/2
f 101/106/2 89/94/2 83/88/2
f 714/719/2 628/633/2 629/634/2
f 150/155/1 146/151/1 147/152/1
f 146/151/1 142/147/1 143/148/1
f 730/735/1 731/736/1 728/733/1
f 280/285/1 527/532/1 517/522/1
f 539/544/2 540/545/2 545/550/2
f 360/365/1 393/398/1 392/397/1
f 779/785/1 778/784/1 790/796/1
f 86/91/2 74/79/2 73/78/2
f 172/177/2 168/173/2 170/175/2
f 121/126/1 117/122/1 119/124/1
f 449/454/2 484/489/2 485/490/2
f 670/675/2 664/669/2 665/670/2
f 296/301/1 318/323/1 317/322/1
f 110/115/2 106/111/2 104/109/2
f 105/110/1 761/766/1 22/22/1
f 67/72/2 27/27/2 13/13/2
f 575/580/1 582/587/1 581/586/1
f 184/189/1 38/43/1 39/44/1
f 752/757/2 753/758/2 738/743/2
f 748/753/2 749/754/2 742/747/2
f 541/546/2 542/547/2 543/548/2
f 428/433/2 429/434/2 430/435/2
f 87/92/1 75/80/1 78/83/1
f 512/517/1 511/516/1 549/554/1
f 96/101/1 84/89/1 87/92/1
f 250/255/2 238/243/2 241/246/2
f 156/161/2 152/157/2 154/159/2
f 770/776/2 766/771/2 768/774/2
f 244/249/1 232/237/1 235/240/1
f 138/143/1 134/139/1 135/140/1
f 82/87/1 70/75/1 76/81/1
f 293/298/1 292/297/1 295/300/1
f 308/313/2 307/312/2 331/336/2
f 192/197/2 180/185/2 179/184/2
f 117/122/1 113/118/1 115/120/1
f 267/272/1 255/260/1 257/262/1
f 210/215/1 198/203/1 188/193/1
f 215/220/2 203/208/2 201/206/2
f 666/671/2 618/623/2 620/625/2
f 78/83/1 66/71/1 57/62/1
f 264/269/2 252/257/2 251/256/2
f 66/71/1 26/26/1 4/4/1
f 669/674/1 657/662/1 656/661/1
f 455/460/2 480/485/2 479/484/2
f 168/173/2 164/169/2 166/171/2
f 800/806/2 799/805/2 784/790/2
f 228/233/2 216/221/2 215/220/2
f 529/534/1 528/533/1 508/513/1
f 672/677/1 663/668/1 658/663/1
f 51/56/2 43/48/2 47/52/2
f 371/376/1 381/386/1 380/385/1
f 197/202/1 185/190/1 186/191/1
f 144/149/2 140/145/2 141/146/2
f 178/183/2 29/29/2 33/37/2
f 130/135/1 11/11/1 12/12/1
f 732/737/1 733/738/1 726/731/1
f 61/66/2 10/10/2 21/21/2
f 41/46/1 7/7/1 16/16/1
f 185/190/1 34/39/1 35/40/1
f 556/561/1 555/560/1 525/530/1
f 652/657/2 606/611/2 608/613/2
f 177/182/2 768/773/2 29/29/2
f 43/48/2 8/8/2 19/19/2
f 79/84/2 67/72/2 62/67/2
f 227/232/2 215/220/2 213/218/2
f 186/191/1 35/40/1 36/41/1
f 277/282/2 538/543/2 547/552/2
f 54/59/1 46/51/1 41/46/1
f 65/70/2 21/21/2 6/6/2
f 85/90/2 73/78/2 77/82/2
f 454/459/2 483/488/2 480/485/2
f 53/58/2 45/50/2 42/47/2
f 70/75/1 58/63/1 64/69/1
f 549/554/1 550/555/1 555/560/1
f 189/194/2 177/182/2 178/183/2
f 102/107/1 90/95/1 81/86/1
f 68/73/2 56/61/2 67/72/2
f 249/254/2 237/242/2 238/243/2
f 103/108/2 91/96/2 86/91/2
f 200/205/1 188/193/1 196/201/1
f 73/78/2 61/66/2 65/70/2
f 88/93/1 76/81/1 72/77/1
f 106/111/2 17/17/2 3/3/2
f 180/185/2 30/32/2 31/33/2
f 590/595/1 563/568/1 562/567/1
f 737/742/1 684/689/1 686/691/1
f 94/99/1 82/87/1 88/93/1
f 709/714/2 691/696/2 690/695/2
f 98/103/2 86/91/2 85/90/2
f 125/130/1 121/126/1 123/128/1
f 692/697/2 693/698/2 690/695/2
f 97/102/2 85/90/2 89/94/2
f 99/104/1 87/92/1 90/95/1
f 126/131/2 122/127/2 120/125/2
f 367/372/1 384/389/1 386/391/1
f 336/341/1 332/337/1 334/339/1
f 42/47/2 15/15/2 8/8/2
f 132/137/2 128/133/2 129/134/2
f 561/566/1 560/565/1 558/563/1
f 214/219/2 202/207/2 205/210/2
f 756/761/1 763/768/1 762/767/1
f 589/594/1 590/595/1 583/588/1
f 128/133/2 1/1/2 2/2/2
f 64/69/1 20/20/1 9/9/1
f 167/172/1 163/168/1 161/166/1
f 684/689/1 700/705/1 699/704/1
f 175/180/1 171/176/1 169/174/1
f 159/164/1 155/160/1 153/158/1
f 248/253/1 236/241/1 244/249/1
f 307/312/2 319/324/2 594/599/2
f 365/370/1 385/390/1 593/598/1
f 164/169/2 160/165/2 162/167/2
f 462/467/2 467/472/2 468/473/2
f 238/243/2 226/231/2 229/234/2
f 713/718/1 623/628/1 622/627/1
f 364/369/1 396/401/1 399/404/1
f 221/226/1 209/214/1 210/215/1
f 60/65/1 9/9/1 14/14/1
f 49/54/1 41/46/1 40/45/1
f 46/51/1 18/18/1 7/7/1
f 179/184/2 31/33/2 768/773/2
f 262/267/2 250/255/2 253/258/2
f 190/195/2 178/183/2 181/186/2
f 222/227/1 210/215/1 200/205/1
f 273/278/2 503/508/2 518/523/2
f 490/495/2 402/407/2 486/491/2
f 201/206/2 189/194/2 190/195/2
f 547/552/2 546/551/2 534/539/2
f 232/237/1 220/225/1 223/228/1
f 551/556/1 552/557/1 553/558/1
f 361/366/1 397/402/1 394/399/1
f 245/250/1 233/238/1 234/239/1
f 234/239/1 222/227/1 212/217/1
f 229/234/2 217/222/2 218/223/2
f 246/251/1 234/239/1 224/229/1
f 204/209/2 192/197/2 191/196/2
f 261/266/2 249/254/2 250/255/2
f 217/222/2 205/210/2 206/211/2
f 62/67/2 13/13/2 10/10/2
f 224/229/1 212/217/1 220/225/1
f 148/153/2 144/149/2 145/150/2
f 163/168/1 159/164/1 157/162/1
f 269/274/1 257/262/1 258/263/1
f 50/55/2 42/47/2 43/48/2
f 746/751/2 747/752/2 744/749/2
f 258/263/1 246/251/1 236/241/1
f 253/258/2 241/246/2 242/247/2
f 219/224/1 207/212/1 209/214/1
f 487/492/2 422/427/2 426/431/2
f 270/275/1 258/263/1 248/253/1
f 72/77/1 60/65/1 63/68/1
f 237/242/2 225/230/2 226/231/2
f 195/200/1 183/188/1 185/190/1
f 243/248/1 231/236/1 233/238/1
f 720/725/1 730/735/1 729/734/1
f 542/547/2 328/333/2 327/332/2
f 263/268/2 251/256/2 249/254/2
f 288/293/2 309/314/2 310/315/2
f 544/549/2 543/548/2 537/542/2
f 413/418/1 414/419/1 415/420/1
f 252/257/2 240/245/2 239/244/2
f 522/527/2 325/330/2 328/333/2
f 521/526/2 522/527/2 542/547/2
f 536/541/2 537/542/2 502/507/2
f 677/682/2 675/680/2 674/679/2
f 241/246/2 229/234/2 230/235/2
f 265/270/2 253/258/2 254/259/2
f 239/244/2 227/232/2 225/230/2
f 291/296/2 308/313/2 316/321/2
f 552/557/1 322/327/1 324/329/1
f 301/306/1 300/305/1 303/308/1
f 778/784/1 777/783/1 789/795/1
f 518/523/2 519/524/2 539/544/2
f 56/61/2 760/765/2 27/27/2
f 587/592/1 588/593/1 585/590/1
f 701/706/1 702/707/1 697/702/1
f 524/529/1 523/528/1 513/518/1
f 233/238/1 221/226/1 222/227/1
f 142/147/1 138/143/1 139/144/1
f 459/464/2 470/475/2 469/474/2
f 557/562/1 556/561/1 526/531/1
f 453/458/2 482/487/2 483/488/2
f 445/450/2 379/384/2 466/471/2
f 363/368/1 399/404/1 398/403/1
f 655/660/2 609/614/2 607/612/2
f 574/579/1 388/393/1 389/394/1
f 411/416/1 412/417/1 417/422/1
f 489/494/2 424/429/2 425/430/2
f 534/539/2 535/540/2 500/505/2
f 507/512/2 596/601/2 325/330/2
f 255/260/1 243/248/1 245/250/1
f 344/349/2 474/479/2 475/480/2
f 198/203/1 186/191/1 176/181/1
f 650/655/2 604/609/2 605/610/2
f 443/448/2 800/806/2 783/789/2
f 795/801/2 439/444/2 438/443/2
f 695/700/2 633/638/2 631/636/2
f 523/528/1 320/325/1 595/600/1
f 134/139/1 130/135/1 131/136/1
f 348/353/1 395/400/1 396/401/1
f 645/650/1 599/604/1 598/603/1
f 412/417/1 413/418/1 416/421/1
f 461/466/2 466/471/2 467/472/2
f 231/236/1 219/224/1 221/226/1
f 366/371/1 386/391/1 385/390/1
f 460/465/2 473/478/2 387/392/2
f 775/781/1 776/782/1 773/779/1
f 664/669/2 616/621/2 617/622/2
f 352/357/1 434/439/1 433/438/1
f 362/367/1 398/403/1 397/402/1
f 591/596/1 391/396/1 390/395/1
f 567/572/1 568/573/1 582/587/1
f 543/548/2 327/332/2 326/331/2
f 519/524/2 520/525/2 540/545/2
f 531/536/1 530/535/1 510/515/1
f 408/413/1 409/414/1 420/425/1
f 540/545/2 541/546/2 544/549/2
f 537/542/2 326/331/2 597/602/2
f 702/707/1 703/708/1 696/701/1
f 256/261/1 244/249/1 247/252/1
f 525/530/1 524/529/1 514/519/1
f 286/291/1 303/308/1 304/309/1
f 279/284/1 512/517/1 548/553/1
f 355/360/1 407/412/1 405/410/1
f 282/287/2 533/538/2 498/503/2
f 533/538/2 534/539/2 499/504/2
f 683/688/2 677/682/2 679/684/2
f 272/277/2 547/552/2 533/538/2
f 538/543/2 539/544/2 546/551/2
f 409/414/1 410/415/1 419/424/1
f 506/511/2 507/512/2 522/527/2
f 550/555/1 551/556/1 554/559/1
f 181/186/2 33/37/2 32/35/2
f 546/551/2 545/550/2 535/540/2
f 510/515/1 509/514/1 551/556/1
f 700/705/1 701/706/1 698/703/1
f 207/212/1 195/200/1 197/202/1
f 155/160/1 28/28/1 759/764/1
f 693/698/2 694/699/2 689/694/2
f 802/808/1 801/807/1 804/810/1
f 799/805/2 798/804/2 785/791/2
f 530/535/1 529/534/1 509/514/1
f 555/560/1 554/559/1 524/529/1
f 213/218/2 201/206/2 202/207/2
f 520/525/2 521/526/2 541/546/2
f 503/508/2 504/509/2 519/524/2
f 705/710/2 694/699/2 693/698/2
f 458/463/2 472/477/2 470/475/2
f 330/335/1 301/306/1 302/307/1
f 457/462/2 471/476/2 472/477/2
f 508/513/1 321/326/1 322/327/1
f 566/571/1 587/592/1 586/591/1
f 113/118/1 109/114/1 111/116/1
f 91/96/2 79/84/2 74/79/2
f 202/207/2 190/195/2 193/198/2
f 588/593/1 589/594/1 584/589/1
f 75/80/1 63/68/1 66/71/1
f 751/756/2 752/757/2 739/744/2
f 80/85/2 68/73/2 79/84/2
f 662/667/2 621/626/2 619/624/2
f 637/642/2 635/640/2 634/639/2
f 300/305/1 299/304/1 304/309/1
f 753/758/2 687/692/2 685/690/2
f 806/812/2 638/643/2 642/647/2
f 375/380/1 377/382/1 376/381/1
f 275/280/2 518/523/2 538/543/2
f 763/768/1 721/726/1 729/734/1
f 236/241/1 224/229/1 232/237/1
f 414/419/1 404/409/1 403/408/1
f 451/456/2 476/481/2 477/482/2
f 659/664/1 613/618/1 615/620/1
f 410/415/1 411/416/1 418/423/1
f 452/457/2 481/486/2 482/487/2
f 572/577/1 383/388/1 384/389/1
f 284/289/2 282/287/2 283/288/2
f 782/788/1 781/787/1 793/799/1
f 680/685/1 678/683/1 676/681/1
f 216/221/2 204/209/2 203/208/2
f 109/114/1 105/110/1 107/112/1
f 208/213/1 196/201/1 199/204/1
f 446/451/2 431/436/2 432/437/2
f 703/708/1 625/630/1 627/632/1
f 545/550/2 544/549/2 536/541/2
f 372/377/1 382/387/1 381/386/1
f 797/803/2 796/802/2 787/793/2
f 733/738/1 734/739/1 725/730/1
f 188/193/1 176/181/1 184/189/1
f 84/89/1 72/77/1 75/80/1
f 718/723/2 630/635/2 632/637/2
f 152/157/2 758/763/2 23/23/2
f 576/581/1 581/586/1 580/585/1
f 58/63/1 5/5/1 20/20/1
f 750/755/2 751/756/2 740/745/2
f 749/754/2 750/755/2 741/746/2
f 736/741/1 737/742/1 722/727/1
f 735/740/1 736/741/1 723/728/1
f 769/775/2 770/776/2 31/34/2
f 205/210/2 193/198/2 194/199/2
f 373/378/2 464/469/2 465/470/2
f 767/772/2 29/30/2 768/774/2
f 765/770/1 730/735/1 720/725/1
f 171/176/1 167/172/1 165/170/1
f 310/315/2 309/314/2 314/319/2
f 32/36/2 33/38/2 772/778/2
f 553/558/1 324/329/1 320/325/1
f 528/533/1 323/328/1 321/326/1
f 114/119/2 110/115/2 108/113/2
f 755/760/1 765/770/1 764/769/1
f 299/304/1 298/303/1 290/295/1
f 509/514/1 508/513/1 552/557/1
f 447/452/2 487/492/2 427/432/2
f 504/509/2 505/510/2 520/525/2
f 577/582/1 580/585/1 579/584/1
f 777/783/1 440/445/1 441/446/1
f 796/802/2 795/801/2 788/794/2
f 276/281/1 557/562/1 527/532/1
f 532/537/1 531/536/1 511/516/1
f 354/359/1 408/413/1 421/426/1
f 122/127/2 118/123/2 116/121/2
f 734/739/1 735/740/1 724/729/1
f 89/94/2 77/82/2 71/76/2
g INSTAKILL_SIDES.002_Mesh
v -0.500028 14.000016 -27.999992
v 0.499972 14.000016 -27.999992
v 2.499972 14.000016 -27.999996
v -2.500026 14.000013 -23.999992
v 2.499974 14.000013 -23.999996
v 2.499974 14.000013 -24.999996
v 0.499973 14.000016 -26.999992
v -0.500027 14.000016 -26.999992
v 1.499972 14.000016 -27.999996
v 1.499976 14.000013 -21.999996
v 1.499975 14.000013 -22.999996
v 1.499973 14.000016 -26.999996
v -1.500028 14.000016 -27.999992
v -1.500024 14.000013 -21.999992
v -1.500025 14.000013 -22.999992
v -1.500027 14.000016 -26.999992
v -2.500029 14.000017 -29.999992
v 2.499971 14.000017 -29.999996
v 2.499971 14.000017 -28.999996
v -2.500029 14.000017 -28.999992
v -1.500024 13.000013 -21.999992
v -1.500025 13.000013 -22.999992
v 1.499976 13.000013 -21.999996
v 1.499975 13.000013 -22.999996
v -1.500024 12.000013 -21.999992
v -1.500025 12.000013 -22.999992
v 1.499976 12.000013 -21.999996
v 1.499975 12.000013 -22.999996
v -2.500026 13.000013 -24.999992
v -2.500026 13.000013 -23.999992
v 2.499974 13.000013 -23.999996
v 2.499974 13.000013 -24.999996
v -2.500026 12.000013 -24.999992
v -2.500026 12.000013 -23.999992
v 2.499974 12.000013 -23.999996
v 2.499974 12.000013 -24.999996
v -2.500026 11.000013 -24.999992
v -2.500026 11.000013 -23.999992
v 2.499974 11.000013 -23.999996
v 2.499974 11.000013 -24.999996
v -2.500026 10.000013 -24.999992
v -2.500026 10.000013 -23.999992
v 2.499974 10.000013 -23.999996
v 2.499974 10.000013 -24.999996
v 2.499972 13.000016 -27.999996
v 2.499973 13.000016 -26.999996
v 1.499972 13.000016 -27.999996
v 1.499973 13.000016 -26.999996
v 2.499972 12.000016 -27.999996
v 2.499973 12.000016 -26.999996
v 1.499972 12.000016 -27.999996
v 1.499973 12.000016 -26.999996
v 2.499972 11.000016 -27.999996
v 2.499973 11.000016 -26.999996
v 1.499972 11.000016 -27.999996
v 1.499973 11.000016 -26.999996
v 2.499972 10.000016 -27.999996
v 2.499973 10.000016 -26.999996
v 1.499972 10.000016 -27.999996
v 1.499973 10.000016 -26.999996
v 2.499972 9.000016 -27.999996
v 2.499973 9.000016 -26.999996
v 1.499972 9.000016 -27.999996
v 1.499973 9.000016 -26.999996
v 2.499972 8.000016 -27.999996
v 2.499973 8.000016 -26.999996
v 1.499972 8.000016 -27.999996
v 1.499973 8.000016 -26.999996
v -0.500028 13.000016 -27.999992
v 0.499972 13.000016 -27.999996
v 0.499973 13.000016 -26.999996
v -0.500027 13.000016 -26.999992
v -0.500028 12.000016 -27.999992
v 0.499972 12.000016 -27.999996
v 0.499973 12.000016 -26.999996
v -0.500027 12.000016 -26.999992
v -0.500028 11.000016 -27.999992
v 0.499972 11.000016 -27.999996
v 0.499973 11.000016 -26.999996
v -0.500027 11.000016 -26.999992
v -0.500028 10.000016 -27.999992
v 0.499972 10.000016 -27.999996
v 0.499973 10.000016 -26.999996
v -0.500027 10.000016 -26.999992
v -0.500028 9.000016 -27.999996
v 0.499972 9.000016 -27.999996
v 0.499973 9.000016 -26.999996
v -0.500027 9.000016 -26.999996
v -0.500028 8.000016 -27.999996
v 0.499972 8.000016 -27.999996
v 0.499973 8.000016 -26.999996
v -0.500027 8.000016 -26.999996
v -2.500028 13.000016 -27.999992
v -2.500027 13.000016 -26.999992
v -1.500028 13.000016 -27.999992
v -1.500027 13.000016 -26.999992
v -2.500028 12.000016 -27.999992
v -2.500027 12.000016 -26.999992
v -1.500028 12.000016 -27.999992
v -1.500027 12.000016 -26.999992
v -2.500028 11.000016 -27.999992
v -2.500027 11.000016 -26.999992
v -1.500028 11.000016 -27.999992
v -1.500027 11.000016 -26.999992
v -2.500028 10.000016 -27.999992
v -2.500027 10.000016 -26.999992
v -1.500028 10.000016 -27.999992
v -1.500027 10.000016 -26.999992
v -2.500028 9.000016 -27.999992
v -2.500027 9.000016 -26.999992
v -1.500028 9.000016 -27.999992
v -1.500027 9.000016 -26.999992
v -2.500028 8.000016 -27.999992
v -2.500027 8.000016 -26.999992
v -1.500028 8.000016 -27.999992
v -1.500027 8.000016 -26.999992
v -2.500029 13.000017 -29.999992
v 2.499971 13.000017 -29.999996
v 2.499971 13.000017 -28.999996
v -2.500029 13.000017 -28.999992
v -2.500029 12.000017 -29.999992
v 2.499971 12.000017 -29.999996
v 2.499971 12.000017 -28.999996
v -2.500029 12.000017 -28.999992
v -2.500029 11.000017 -29.999992
v 2.499971 11.000017 -29.999996
v 2.499971 11.000017 -28.999996
v -2.500029 11.000017 -28.999992
v -2.500029 10.000017 -29.999992
v 2.499971 10.000017 -29.999996
v 2.499971 10.000017 -28.999996
v -2.500029 10.000017 -28.999992
v -2.500029 9.000017 -29.999992
v 2.499971 9.000017 -29.999996
v 2.499971 9.000017 -28.999996
v -2.500029 9.000017 -28.999992
v -2.500029 8.000017 -29.999992
v 2.499971 8.000017 -29.999996
v 2.499971 8.000017 -28.999996
v -2.500029 8.000017 -28.999992
v -2.500029 7.000017 -29.999992
v 2.499971 7.000017 -29.999996
v 2.499971 7.000017 -28.999996
v -2.500029 7.000017 -28.999992
v -2.500029 6.000017 -29.999992
v 2.499971 6.000017 -29.999996
v 2.499971 6.000017 -28.999996
v -2.500029 6.000017 -28.999992
v 2.499986 7.000005 -5.999998
v -2.500013 7.000005 -4.999996
v 2.499987 7.000005 -4.999998
v -1.500014 7.000005 -5.999996
v -2.500014 7.000005 -5.999996
v -1.500014 8.000006 -5.999996
v -2.500014 8.000006 -5.999994
v 0.499988 6.000003 -2.999998
v 0.499988 5.000003 -2.999998
v 0.499988 5.000003 -3.999998
v 0.499988 6.000003 -3.999998
v -1.500012 4.000003 -2.999996
v -1.500012 4.000003 -3.999996
v -2.500010 3.000003 -0.999997
v -2.500010 4.000002 -0.999996
v -1.500010 4.000002 -0.999996
v -1.500010 3.000003 -0.999997
v -2.500012 2.000005 -2.999998
v -2.500012 3.000005 -2.999998
v -2.500012 4.000003 -2.999996
v -2.500012 5.000003 -2.999996
v -2.500012 6.000003 -2.999996
v -2.500012 7.000003 -2.999996
v -1.500012 7.000003 -2.999996
v -1.500012 6.000003 -2.999996
v -1.500012 5.000003 -2.999996
v -1.500012 3.000005 -2.999998
v -1.500012 2.000005 -2.999998
v -1.500012 2.000005 -3.999998
v -1.500012 3.000005 -3.999998
v -1.500012 5.000003 -3.999996
v -1.500012 6.000003 -3.999996
v -1.500012 7.000003 -3.999996
v -2.500012 7.000003 -3.999996
v -2.500012 6.000003 -3.999996
v -2.500012 5.000003 -3.999996
v -2.500012 4.000003 -3.999996
v -2.500012 3.000005 -3.999998
v -1.500012 1.000003 -2.999998
v -2.500012 1.000003 -2.999998
v -1.500012 1.000005 -3.999998
v -2.500013 1.000005 -4.999998
v -1.500012 8.000005 -2.999996
v -1.500012 8.000005 -3.999996
v -2.500012 8.000005 -2.999994
v -2.500012 8.000005 -3.999994
v -2.500012 2.000005 -3.999998
v 0.499994 5.999999 6.000003
v 0.499993 5.999999 5.000003
v 0.499993 6.000000 4.000003
v 1.499994 5.999999 6.000002
v 1.499993 5.999999 5.000002
v 1.499993 6.000000 4.000002
v 0.499994 8.000000 6.000003
v 0.499993 8.000000 5.000003
v 0.499993 8.000000 4.000003
v 1.499994 8.000000 6.000002
v 1.499993 8.000000 5.000002
v 1.499993 8.000000 4.000002
v 1.499995 4.999999 7.000002
v 1.499992 5.000000 3.000003
v -2.500010 1.000003 0.000002
v -2.499997 0.999993 20.000002
v -2.499997 0.999993 19.000002
v -2.499999 0.999994 17.000004
v -2.500009 1.000002 1.000003
v 2.500001 0.999994 16.999998
v 2.500002 0.999994 17.999998
v -1.500009 1.000002 1.000002
v 1.499992 1.000002 1.999999
v 0.499992 1.000002 3.000001
v 1.499992 1.000002 3.000000
v 0.499995 0.999999 8.000000
v 1.499995 0.999999 7.999999
v -1.500004 0.999997 9.000001
v 0.499999 0.999996 13.000000
v 1.499999 0.999996 12.999999
v 1.500000 0.999996 14.999999
v 0.500001 0.999994 16.000000
v 1.500001 0.999994 15.999999
v 1.500005 0.999991 22.000000
v 0.500006 0.999991 24.000000
v 0.500006 0.999990 25.000000
v -0.499992 0.999990 27.000000
v -0.499992 0.999988 28.000000
v 0.500008 0.999988 28.000000
v -0.499992 2.999990 28.000000
v 0.500008 2.999990 28.000000
v -2.499994 3.999990 25.000002
v -2.499994 3.999991 24.000002
v 0.500006 3.999990 25.000000
v 2.500003 6.999993 20.000004
v 2.500004 5.999993 21.000004
v 2.500005 5.999991 22.000004
v 1.500005 5.999991 22.000004
v -2.499997 3.999993 20.000002
v -1.499997 3.999993 20.000002
v 0.500001 7.999996 16.000004
v 1.500001 7.999996 16.000004
v -2.499998 6.999994 18.000008
v 2.500002 6.999994 18.000002
v 0.499999 8.999996 13.000005
v 1.499999 8.999996 13.000004
v 0.499995 8.999999 7.000003
v 0.499995 8.999999 8.000005
v 1.499995 8.999999 8.000004
v -2.500004 8.999997 9.000007
v -1.500005 8.999999 8.000006
v -1.500004 8.999997 9.000006
v 1.499995 1.999999 8.000000
v 1.499995 2.999999 8.000002
v 1.499995 3.999999 8.000002
v 1.499995 4.999999 8.000002
v 1.499995 5.999999 8.000002
v 1.499995 6.999999 8.000002
v 1.499995 7.999999 8.000002
v 0.499995 7.999999 8.000003
v 0.499995 6.999999 8.000003
v 0.499995 5.999999 8.000002
v 0.499995 4.999999 8.000002
v 0.499995 3.999999 8.000002
v 0.499995 2.999999 8.000002
v 0.499995 1.999999 8.000000
v 0.499995 2.999999 7.000000
v 0.499995 3.999999 7.000000
v 0.499995 6.999999 7.000003
v 1.499995 6.999999 7.000002
v 1.499995 2.999999 7.000000
v 1.499995 1.999999 7.000000
v 0.499992 5.000000 3.000004
v 0.499992 6.000000 3.000004
v 1.499992 6.000000 3.000003
v 0.499992 8.000002 2.000004
v 1.499992 8.000002 2.000002
v 0.499992 8.000000 3.000004
v 1.499992 8.000000 3.000003
v -2.500009 3.000002 1.000003
v -1.500010 3.000002 0.000002
v -1.500009 3.000002 1.000003
v -1.500003 0.999997 10.000001
v -0.500003 0.999997 10.000000
v -1.500003 0.999997 11.000001
v -0.500003 0.999997 11.000000
v -1.500003 7.999999 10.000004
v -0.500003 7.999999 10.000004
v -1.500003 7.999997 11.000004
v -0.500003 7.999997 11.000004
v -2.500004 0.999997 9.000002
v -2.499994 0.999991 24.000002
v 0.499992 1.000002 2.000001
v 0.499995 0.999999 7.000000
v 1.499995 0.999999 6.999999
v 0.499998 0.999996 12.000000
v 1.499998 0.999996 11.999999
v 0.500000 0.999996 15.000000
v -1.499997 0.999993 19.000000
v 1.500004 0.999993 21.000000
v 0.500008 0.999990 27.000000
v -0.499992 2.999990 27.000000
v 0.500008 2.999990 27.000000
v 0.500006 3.999991 24.000000
v 2.500003 6.999994 19.000004
v 1.500004 5.999993 21.000004
v -2.499997 3.999993 19.000002
v -1.499997 3.999993 19.000002
v 0.500000 7.999996 15.000003
v 1.500000 7.999996 15.000002
v -2.499999 6.999994 17.000008
v 2.500001 6.999994 17.000002
v 0.499998 8.999997 12.000005
v 1.499998 8.999997 12.000004
v 1.499995 8.999999 7.000002
v 0.499995 1.999999 7.000000
v 0.499995 4.999999 7.000002
v 0.499995 5.999999 7.000002
v 0.499995 7.999999 7.000003
v 1.499995 7.999999 7.000002
v 1.499995 5.999999 7.000002
v 1.499995 3.999999 7.000000
v -2.500010 3.000002 0.000002
v -2.500005 0.999999 8.000002
v -1.500005 0.999999 8.000001
v -2.500005 8.999999 8.000007
v -2.500014 6.000005 -5.999996
v -2.500014 5.000005 -5.999996
v -2.500014 4.000005 -5.999998
v -2.500014 3.000005 -5.999998
v -2.500014 2.000005 -5.999998
v 2.499986 6.000005 -5.999998
v 2.499986 5.000005 -5.999998
v 2.499986 4.000005 -6.000000
v 2.499986 3.000005 -6.000000
v 2.499986 2.000005 -6.000000
v 2.499987 2.000005 -5.000000
v 2.499987 3.000005 -5.000000
v 2.499987 4.000005 -5.000000
v 2.499987 5.000005 -4.999998
v 2.499987 6.000005 -4.999998
v 1.499987 5.000005 -4.999998
v 1.499987 6.000005 -4.999998
v -2.500013 2.000005 -4.999998
v -2.500013 3.000005 -4.999998
v -2.500013 4.000005 -4.999998
v -2.500013 5.000005 -4.999996
v -2.500013 6.000005 -4.999996
v 2.499991 5.000002 1.000001
v 2.499991 6.000002 1.000001
v 1.499991 5.000002 1.000002
v 1.499991 6.000002 1.000002
v -2.499990 -0.000012 30.000002
v -2.499990 0.999988 30.000002
v -2.500010 0.000002 0.000002
v 2.500010 -0.000012 29.999998
v 2.500010 0.999988 29.999998
v 2.499990 0.000002 -0.000002
v 2.499990 1.000003 -0.000002
v -2.500009 0.000002 1.000002
v -2.500009 0.000002 2.000002
v -2.500008 0.000002 3.000002
v -2.500007 0.000000 4.000002
v -2.500006 0.000000 5.000002
v -2.500006 -0.000001 6.000002
v -2.500005 -0.000001 7.000001
v -2.500005 -0.000001 8.000002
v -2.500004 -0.000001 9.000002
v -2.500003 -0.000003 10.000002
v -2.500003 -0.000003 11.000002
v -2.500002 -0.000004 12.000001
v -2.500001 -0.000004 13.000001
v -2.500001 -0.000004 14.000001
v -2.500000 -0.000004 15.000001
v -2.499999 -0.000006 16.000000
v -2.499999 -0.000006 17.000000
v -2.499998 -0.000006 18.000000
v -2.499997 -0.000007 19.000002
v -2.499997 -0.000007 20.000002
v -2.499996 -0.000007 21.000002
v -2.499995 -0.000009 22.000002
v -2.499995 -0.000009 23.000002
v -2.499994 -0.000009 24.000000
v -2.499994 -0.000010 25.000000
v -2.499993 -0.000010 26.000000
v -2.499992 -0.000010 27.000000
v -2.499991 -0.000012 28.000000
v -2.499991 -0.000012 29.000000
v -2.499991 0.999988 29.000002
v -2.499991 0.999988 28.000002
v -2.499992 0.999990 27.000002
v -2.499993 0.999990 26.000002
v -2.499994 0.999990 25.000002
v -2.499995 0.999991 23.000002
v -2.499995 0.999991 22.000002
v -2.499996 0.999993 21.000002
v -2.499998 0.999994 18.000004
v -2.499999 0.999994 16.000002
v -2.500000 0.999996 15.000003
v -2.500001 0.999996 14.000003
v -2.500001 0.999996 13.000003
v -2.500002 0.999996 12.000003
v -2.500003 0.999997 11.000002
v -2.500003 0.999997 10.000002
v -2.500005 0.999999 7.000002
v -2.500006 0.999999 6.000003
v -2.500006 1.000000 5.000003
v -2.500007 1.000000 4.000003
v -2.500008 1.000002 3.000003
v -2.500009 1.000002 2.000003
v 2.500009 -0.000012 28.999998
v 2.500009 -0.000012 27.999998
v 2.500008 -0.000010 26.999998
v 2.500007 -0.000010 25.999998
v 2.500006 -0.000010 24.999998
v 2.500006 -0.000009 23.999998
v 2.500005 -0.000009 22.999998
v 2.500005 -0.000009 21.999998
v 2.500004 -0.000007 20.999998
v 2.500003 -0.000007 19.999998
v 2.500003 -0.000007 18.999998
v 2.500002 -0.000006 18.000000
v 2.500001 -0.000006 17.000000
v 2.500001 -0.000006 15.999999
v 2.500000 -0.000004 14.999999
v 2.499999 -0.000004 13.999999
v 2.499999 -0.000004 12.999999
v 2.499998 -0.000004 11.999999
v 2.499997 -0.000003 10.999998
v 2.499997 -0.000003 9.999998
v 2.499996 -0.000001 8.999998
v 2.499995 -0.000001 7.999999
v 2.499995 -0.000001 6.999998
v 2.499994 -0.000001 5.999999
v 2.499994 0.000000 4.999999
v 2.499993 0.000000 3.999999
v 2.499992 0.000002 2.999999
v 2.499991 0.000002 1.999999
v 2.499991 0.000002 0.999999
v 2.499991 1.000002 0.999998
v 2.499991 1.000002 1.999998
v 2.499992 1.000002 2.999998
v 2.499993 1.000000 3.999998
v 2.499994 1.000000 4.999998
v 2.499994 0.999999 5.999998
v 2.499995 0.999999 6.999998
v 2.499995 0.999999 7.999999
v 2.499996 0.999997 8.999998
v 2.499997 0.999997 9.999998
v 2.499997 0.999997 10.999998
v 2.499998 0.999996 11.999998
v 2.499999 0.999996 12.999998
v 2.499999 0.999996 13.999998
v 2.500000 0.999996 14.999997
v 2.500001 0.999994 15.999997
v 2.500003 0.999993 18.999998
v 2.500003 0.999993 19.999998
v 2.500004 0.999993 20.999998
v 2.500005 0.999991 21.999998
v 2.500005 0.999991 22.999998
v 2.500006 0.999991 23.999996
v 2.500006 0.999990 24.999996
v 2.500007 0.999990 25.999996
v 2.500008 0.999990 26.999996
v 2.500009 0.999988 27.999996
v 2.500009 0.999988 28.999996
v -1.500010 1.000003 0.000001
v -1.499997 0.999993 20.000000
v -1.499997 6.999994 19.000006
v -1.499997 6.999993 20.000006
v 2.499990 0.000003 -1.000002
v 2.499990 1.000003 -1.000002
v -2.500010 0.000003 -0.999998
v -2.500010 1.000003 -0.999998
v 2.499989 0.000003 -2.000002
v 2.499989 1.000003 -2.000002
v -2.500011 0.000003 -1.999998
v -2.500011 1.000003 -1.999998
v 2.499988 0.000003 -3.000002
v 2.499988 1.000003 -3.000002
v -2.500012 0.000003 -2.999998
v 2.499988 0.000005 -4.000002
v 2.499988 1.000005 -4.000002
v -2.500012 0.000005 -3.999998
v -2.500012 1.000005 -3.999998
v 2.499987 0.000005 -5.000002
v 2.499987 1.000005 -5.000002
v -2.500013 0.000005 -4.999998
v 2.499986 0.000005 -6.000002
v 2.499986 1.000005 -6.000002
v -2.500014 0.000005 -5.999998
v -2.500014 1.000005 -5.999998
v 2.499986 0.000006 -7.000002
v 2.499986 1.000006 -7.000002
v -2.500014 0.000006 -6.999998
v -2.500014 1.000006 -6.999998
v 2.499985 0.000006 -8.000002
v 2.499985 1.000006 -8.000002
v -2.500015 0.000006 -7.999998
v -2.500015 1.000006 -7.999998
v 2.499984 0.000006 -9.000002
v 2.499984 1.000006 -9.000002
v -2.500016 0.000006 -8.999998
v -2.500016 1.000006 -8.999998
v 2.499984 0.000008 -10.000002
v 2.499984 1.000008 -10.000002
v -2.500016 0.000008 -9.999998
v -2.500016 1.000008 -9.999998
v 2.499983 0.000008 -11.000002
v 2.499983 1.000008 -11.000002
v -2.500017 0.000008 -10.999998
v -2.500017 1.000008 -10.999998
v 2.499982 0.000008 -12.000002
v 2.499982 1.000008 -12.000002
v -2.500018 0.000008 -11.999998
v -2.500018 1.000008 -11.999998
v 2.499982 0.000009 -13.000002
v 2.499982 1.000009 -13.000002
v -2.500018 0.000009 -12.999998
v -2.500018 1.000009 -12.999998
v 2.499981 0.000009 -14.000002
v 2.499981 1.000009 -14.000002
v -2.500019 0.000009 -13.999998
v -2.500019 1.000009 -13.999998
v 2.499980 0.000009 -15.000002
v 2.499980 1.000010 -15.000002
v 1.499980 1.000010 -15.000000
v -1.500020 1.000010 -14.999998
v -0.500020 1.000010 -15.000000
v -2.500020 0.000009 -14.999998
v -2.500020 1.000010 -14.999998
v 0.499980 1.000010 -15.000000
v 2.499980 0.000011 -16.000002
v 2.499980 1.000011 -16.000002
v 1.499980 1.000011 -16.000000
v -1.500020 1.000011 -15.999998
v -0.500020 1.000011 -16.000000
v -2.500020 0.000011 -15.999998
v -2.500020 1.000011 -15.999998
v 0.499980 1.000011 -16.000000
v 2.499979 0.000011 -17.000000
v 2.499979 1.000011 -17.000000
v -2.500021 0.000011 -16.999998
v -2.500021 1.000011 -16.999998
v 2.499979 0.000011 -18.000000
v 2.499979 1.000011 -18.000000
v -2.500021 0.000011 -18.000000
v -2.500021 1.000011 -18.000000
v 2.499978 0.000012 -19.000000
v 2.499978 1.000011 -19.000000
v -2.500022 0.000012 -19.000000
v -2.500022 1.000011 -19.000000
v 2.499977 0.000012 -20.000000
v 2.499977 1.000012 -20.000000
v -2.500023 0.000012 -20.000000
v -2.500023 1.000012 -20.000000
v 2.499977 0.000012 -21.000000
v 2.499977 1.000012 -21.000000
v -2.500023 0.000012 -21.000000
v -2.500023 1.000012 -21.000000
v 2.499976 0.000014 -22.000000
v 2.499976 1.000014 -22.000000
v -2.500024 0.000014 -22.000000
v -2.500024 1.000014 -22.000000
v 2.499975 0.000014 -23.000000
v 2.499975 1.000014 -23.000000
v -2.500025 0.000014 -23.000000
v -2.500025 1.000014 -23.000000
v 2.499974 0.000014 -24.000000
v 2.499974 1.000014 -24.000000
v -2.500026 0.000014 -24.000000
v -2.500026 1.000014 -24.000000
v 2.499974 0.000015 -25.000000
v -2.500026 0.000015 -25.000000
v -2.500026 1.000015 -25.000000
v 2.499973 0.000015 -26.000000
v -2.500027 0.000015 -26.000000
v -2.500027 1.000015 -26.000000
v 2.499973 0.000015 -27.000000
v 2.499973 1.000015 -27.000000
v -2.500027 0.000015 -27.000000
v -2.500027 1.000015 -27.000000
v 2.499972 0.000017 -28.000000
v 2.499972 1.000017 -28.000000
v -2.500028 0.000017 -28.000000
v -2.500028 1.000017 -28.000000
v 2.499971 0.000017 -29.000000
v 2.499971 1.000017 -29.000000
v -2.500029 0.000017 -29.000000
v -2.500029 1.000017 -29.000000
v 2.499971 0.000017 -30.000000
v 2.499971 1.000017 -30.000000
v -2.500029 0.000017 -30.000000
v -2.500029 1.000017 -30.000000
v 2.499985 6.000006 -7.999998
v -2.500015 6.000006 -7.999996
v 2.499984 6.000006 -8.999998
v -2.500016 6.000006 -8.999996
v 2.499983 7.000008 -10.999998
v 1.499983 7.000008 -10.999998
v -1.500017 7.000008 -10.999996
v -2.500017 7.000008 -10.999996
v 2.499982 7.000008 -11.999998
v 1.499982 7.000008 -11.999998
v -1.500018 7.000008 -11.999996
v -2.500018 7.000008 -11.999996
v 2.499983 9.000008 -10.999996
v 1.499983 9.000008 -10.999996
v 2.499982 9.000009 -11.999996
v 1.499982 9.000009 -11.999996
v -2.500017 9.000008 -10.999992
v -1.500017 9.000008 -10.999994
v -2.500018 9.000009 -11.999992
v -1.500018 9.000009 -11.999994
v -1.500017 11.000008 -10.999994
v -1.500018 11.000009 -11.999994
v -2.500017 11.000008 -10.999992
v -2.500018 11.000009 -11.999992
v -2.500017 12.000008 -10.999992
v -1.500017 12.000008 -10.999992
v -2.500018 12.000009 -11.999992
v -1.500018 12.000009 -11.999992
v -0.500020 6.000010 -14.999996
v -0.500020 6.000010 -15.999996
v 0.499980 6.000010 -14.999998
v 0.499980 6.000010 -15.999998
v -0.500020 2.000011 -16.000000
v -0.500020 3.000011 -15.999998
v -0.500020 4.000010 -15.999996
v -0.500020 5.000010 -15.999996
v 0.499980 5.000010 -15.999998
v 0.499980 4.000010 -15.999998
v 0.499980 3.000011 -15.999998
v 0.499980 2.000011 -16.000000
v 0.499980 2.000009 -15.000000
v 0.499980 3.000009 -14.999998
v 0.499980 4.000010 -14.999998
v 0.499980 5.000010 -14.999998
v -0.500020 5.000010 -14.999996
v -0.500020 4.000010 -14.999996
v -0.500020 3.000009 -14.999998
v -0.500020 2.000009 -15.000000
v 2.499980 4.000010 -16.000002
v 2.499980 3.000011 -16.000002
v 2.499980 3.000009 -15.000000
v 2.499980 4.000010 -15.000000
v -2.500020 4.000010 -15.999996
v -2.500020 5.000010 -15.999996
v -2.500020 5.000010 -14.999996
v -2.500020 4.000010 -14.999996
v 2.499980 2.000009 -15.000002
v 1.499980 2.000009 -15.000000
v 2.499980 2.000011 -16.000002
v 1.499980 2.000011 -16.000000
v -2.500020 3.000009 -14.999996
v -1.500020 3.000009 -14.999996
v -1.500020 3.000011 -15.999996
v -2.500020 3.000011 -15.999996
v 0.499980 7.000010 -14.999998
v 0.499980 8.000010 -14.999996
v 0.499980 9.000010 -14.999994
v 0.499980 10.000010 -14.999994
v 0.499980 11.000010 -14.999994
v 0.499980 12.000010 -14.999994
v 0.499980 13.000010 -14.999994
v 0.499980 14.000010 -14.999994
v -0.500020 14.000010 -14.999994
v -0.500020 13.000010 -14.999994
v -0.500020 12.000010 -14.999994
v -0.500020 11.000010 -14.999994
v -0.500020 10.000010 -14.999994
v -0.500020 9.000010 -14.999994
v -0.500020 8.000010 -14.999996
v -0.500020 7.000010 -14.999996
v -0.500020 7.000010 -15.999996
v -0.500020 8.000010 -15.999996
v -0.500020 9.000010 -15.999994
v -0.500020 10.000010 -15.999994
v -0.500020 11.000010 -15.999994
v -0.500020 12.000010 -15.999994
v -0.500020 13.000010 -15.999994
v -0.500020 14.000010 -15.999994
v 0.499980 14.000010 -15.999994
v 0.499980 13.000010 -15.999994
v 0.499980 12.000010 -15.999994
v 0.499980 11.000010 -15.999994
v 0.499980 10.000010 -15.999994
v 0.499980 9.000010 -15.999994
v 0.499980 8.000010 -15.999996
v 0.499980 7.000010 -15.999998
v -2.500020 15.000010 -14.999990
v -2.500020 15.000010 -15.999990
v -2.500020 14.000010 -15.999992
v -2.500020 14.000010 -14.999992
v 2.499980 15.000010 -14.999994
v 2.499980 15.000010 -15.999994
v 2.499980 14.000010 -14.999996
v 2.499980 14.000010 -15.999996
v -2.500028 14.000016 -27.999992
v -2.500028 15.000016 -27.999992
v 2.499972 15.000016 -27.999996
v -2.500027 15.000016 -26.999992
v -2.500027 15.000013 -25.999992
v -2.500026 15.000013 -24.999992
v -2.500026 15.000013 -23.999992
v -2.500025 15.000013 -22.999992
v -2.500024 15.000013 -21.999992
v -2.500023 15.000013 -20.999992
v -2.500023 15.000011 -19.999992
v -2.500022 15.000011 -18.999992
v -2.500021 15.000011 -17.999992
v -2.500021 15.000010 -16.999992
v 2.499979 15.000010 -16.999996
v 2.499979 15.000011 -17.999996
v 2.499978 15.000011 -18.999996
v 2.499977 15.000011 -19.999996
v 2.499977 15.000013 -20.999996
v 2.499976 15.000013 -21.999996
v 2.499975 15.000013 -22.999996
v 2.499974 15.000013 -23.999996
v 2.499974 15.000013 -24.999996
v 2.499973 15.000013 -25.999996
v 2.499973 15.000016 -26.999996
v -2.500027 14.000016 -26.999992
v -2.500027 14.000013 -25.999992
v -2.500026 14.000013 -24.999992
v -2.500025 14.000013 -22.999992
v -2.500024 14.000013 -21.999992
v -2.500023 14.000013 -20.999992
v -2.500023 14.000011 -19.999992
v -2.500022 14.000011 -18.999992
v -2.500021 14.000011 -17.999992
v -2.500021 14.000010 -16.999992
v 2.499979 14.000010 -16.999996
v 2.499979 14.000011 -17.999996
v 2.499978 14.000011 -18.999996
v 2.499977 14.000011 -19.999996
v 2.499977 14.000013 -20.999996
v 2.499976 14.000013 -21.999996
v 2.499975 14.000013 -22.999996
v 2.499973 14.000013 -25.999996
v 2.499973 14.000016 -26.999996
v -2.500029 15.000017 -29.999992
v 2.499971 15.000017 -29.999996
v 2.499971 15.000017 -28.999996
v -2.500029 15.000017 -28.999992
v 0.499982 12.000009 -12.999994
v 0.499982 13.000009 -12.999994
v -0.500018 13.000009 -12.999994
v -0.500018 12.000009 -12.999994
v -1.500003 1.999997 11.000001
v -1.500003 2.999997 11.000004
v -1.500003 3.999996 11.000004
v -1.500003 4.999996 11.000004
v -1.500003 5.999996 11.000004
v -1.500003 6.999996 11.000004
v -1.500003 6.999999 10.000004
v -1.500003 5.999999 10.000004
v -1.500003 4.999999 10.000004
v -1.500003 3.999997 10.000004
v -1.500003 2.999997 10.000004
v -1.500003 1.999997 10.000002
v -0.500003 1.999997 11.000001
v -0.500003 2.999997 11.000003
v -0.500003 3.999996 11.000003
v -0.500003 4.999996 11.000003
v -0.500003 5.999996 11.000003
v -0.500003 6.999996 11.000004
v -0.500003 1.999997 10.000000
v -0.500003 2.999997 10.000003
v -0.500003 3.999997 10.000003
v -0.500003 4.999999 10.000003
v -0.500003 5.999999 10.000004
v -0.500003 6.999999 10.000004
v -1.500002 6.999996 12.000004
v -1.500002 7.999997 12.000004
v -0.500002 7.999997 12.000004
v -0.500002 6.999996 12.000004
v -1.500001 6.999996 13.000004
v -1.500001 7.999996 13.000004
v -0.500001 7.999996 13.000004
v -0.500001 6.999996 13.000004
v 2.499974 1.000015 -25.000000
v 2.499973 1.000015 -26.000000
vn 1.0000 -0.0000 -0.0000
vn -1.0000 -0.0000 -0.0000
vt 0.000000 0.000000
vt 0.625000 0.400000
vt 0.625000 0.400000
vt 0.000000 0.000000
vt 0.000000 0.000000
vt 0.625000 0.350000
vt 0.625000 0.400000
vt 0.000000 0.000000
vt 0.000000 0.000000
vt 0.625000 0.400000
vt 0.625000 0.400000
vt 0.000000 0.000000
vt 0.000000 0.000000
vt 0.625000 0.400000
vt 0.625000 0.400000
vt 0.000000 0.000000
vt 0.625000 0.350000
vt 0.625000 0.350000
vt 0.625000 0.350000
vt 0.625000 0.350000
vt 0.000000 0.000000
vt 0.625000 0.350000
vt 0.625000 0.400000
vt 0.000000 0.000000
vt 0.625000 0.400000
vt 0.000000 0.000000
vt 0.000000 0.000000
vt 0.625000 0.350000
vt 0.625000 0.350000
vt 0.625000 0.350000
vt 0.625000 0.400000
vt 0.625000 0.400000
vt 0.625000 0.350000
vt 0.625000 0.350000
vt 0.625000 0.400000
vt 0.625000 0.400000
vt 0.000000 0.000000
vt 0.000000 0.000000
vt 0.000000 0.000000
vt 0.000000 0.000000
vt 0.000000 0.000000
vt 0.000000 0.000000
vt 0.000000 0.000000
vt 0.000000 0.000000
vt 0.000000 0.000000
vt 0.000000 0.000000
vt 0.000000 0.000000
vt 0.000000 0.000000
vt 0.000000 0.000000
vt 0.000000 0.000000
vt 0.000000 0.000000
vt 0.000000 0.000000
vt 0.000000 0.000000
vt 0.000000 0.000000
vt 0.000000 0.000000
vt 0.000000 0.000000
vt 0.000000 0.000000
vt 0.000000 0.000000
vt 0.000000 0.000000
vt 0.000000 0.000000
vt 0.000000 0.000000
vt 0.000000 0.000000
vt 0.000000 0.000000
vt 0.000000 0.000000
vt 0.000000 0.000000
vt 0.000000 0.000000
vt 0.000000 0.000000
vt 0.000000 0.000000
vt 0.000000 0.000000
vt 0.000000 0.000000
vt 0.000000 0.000000
vt 0.000000 0.000000
vt 0.000000 0.000000
vt 0.000000 0.000000
vt 0.000000 0.000000
vt 0.000000 0.000000
vt 0.000000 0.000000
vt 0.625000 0.400000
vt 0.625000 0.400000
vt 0.000000 0.000000
vt 0.000000 0.000000
vt 0.625000 0.400000
vt 0.625000 0.400000
vt 0.000000 0.000000
vt 0.000000 0.000000
vt 0.625000 0.400000
vt 0.625000 0.400000
vt 0.000000 0.000000
vt 0.000000 0.000000
vt 0.625000 0.400000
vt 0.625000 0.400000
vt 0.000000 0.000000
vt 0.000000 0.000000
vt 0.625000 0.400000
vt 0.625000 0.400000
vt 0.000000 0.000000
vt 0.000000 0.000000
vt 0.625000 0.400000
vt 0.625000 0.400000
vt 0.000000 0.000000
vt 0.000000 0.000000
vt 0.000000 0.000000
vt 0.625000 0.350000
vt 0.625000 0.350000
vt 0.000000 0.000000
vt 0.000000 0.000000
vt 0.625000 0.350000
vt 0.625000 0.350000
vt 0.000000 0.000000
vt 0.000000 0.000000
vt 0.625000 0.350000
vt 0.625000 0.350000
vt 0.000000 0.000000
vt 0.000000 0.000000
vt 0.625000 0.350000
vt 0.625000 0.350000
vt 0.000000 0.000000
vt 0.000000 0.000000
vt 0.625000 0.350000
vt 0.625000 0.350000
vt 0.000000 0.000000
vt 0.000000 0.000000
vt 0.625000 0.350000
vt 0.625000 0.350000
vt 0.000000 0.000000
vt 0.000000 0.000000
vt 0.000000 0.000000
vt 0.000000 0.000000
vt 0.000000 0.000000
vt 0.000000 0.000000
vt 0.000000 0.000000
vt 0.000000 0.000000
vt 0.000000 0.000000
vt 0.000000 0.000000
vt 0.000000 0.000000
vt 0.000000 0.000000
vt 0.000000 0.000000
vt 0.000000 0.000000
vt 0.000000 0.000000
vt 0.000000 0.000000
vt 0.000000 0.000000
vt 0.000000 0.000000
vt 0.000000 0.000000
vt 0.000000 0.000000
vt 0.000000 0.000000
vt 0.000000 0.000000
vt 0.000000 0.000000
vt 0.000000 0.000000
vt 0.000000 0.000000
vt 0.000000 0.000000
vt 0.000000 0.000000
vt 0.000000 0.000000
vt 0.000000 0.000000
vt 0.000000 0.000000
vt 0.000000 0.000000
vt 0.000000 0.000000
vt 0.625000 0.500000
vt 0.625000 0.250000
vt 0.625000 0.500000
vt 0.625000 0.300000
vt 0.625000 0.250000
vt 0.625000 0.300000
vt 0.625000 0.250000
vt 0.625000 0.300000
vt 0.625000 0.300000
vt 0.625000 0.300000
vt 0.625000 0.300000
vt 0.625000 0.300000
vt 0.625000 0.300000
vt 0.625000 0.250000
vt 0.625000 0.250000
vt 0.625000 0.300000
vt 0.625000 0.300000
vt 0.625000 0.250000
vt 0.625000 0.250000
vt 0.625000 0.250000
vt 0.625000 0.250000
vt 0.625000 0.250000
vt 0.625000 0.250000
vt 0.625000 0.300000
vt 0.625000 0.300000
vt 0.625000 0.300000
vt 0.625000 0.300000
vt 0.625000 0.300000
vt 0.625000 0.300000
vt 0.625000 0.300000
vt 0.625000 0.300000
vt 0.625000 0.300000
vt 0.625000 0.300000
vt 0.625000 0.250000
vt 0.625000 0.250000
vt 0.625000 0.250000
vt 0.625000 0.250000
vt 0.625000 0.250000
vt 0.625000 0.300000
vt 0.625000 0.250000
vt 0.625000 0.300000
vt 0.625000 0.250000
vt 0.625000 0.300000
vt 0.625000 0.300000
vt 0.625000 0.250000
vt 0.625000 0.250000
vt 0.625000 0.250000
vt 0.000000 0.000000
vt 0.000000 0.000000
vt 0.000000 0.000000
vt 0.000000 0.000000
vt 0.000000 0.000000
vt 0.000000 0.000000
vt 0.000000 0.000000
vt 0.000000 0.000000
vt 0.000000 0.000000
vt 0.000000 0.000000
vt 0.000000 0.000000
vt 0.000000 0.000000
vt 0.675000 0.558333
vt 0.675000 0.558333
vt 0.625000 0.250000
vt 0.625000 0.083333
vt 0.625000 0.091667
vt 0.625000 0.108333
vt 0.625000 0.241667
vt 0.625000 0.641667
vt 0.625000 0.650000
vt 0.825000 0.508333
vt 0.675000 0.516667
vt 0.725000 0.525000
vt 0.675000 0.525000
vt 0.725000 0.566667
vt 0.675000 0.566667
vt 0.825000 0.575000
vt 0.725000 0.608333
vt 0.675000 0.608333
vt 0.675000 0.625000
vt 0.725000 0.633333
vt 0.675000 0.633333
vt 0.675000 0.683333
vt 0.725000 0.700000
vt 0.725000 0.708333
vt 0.775000 0.725000
vt 0.775000 0.733333
vt 0.725000 0.733333
vt 0.775000 0.733333
vt 0.725000 0.733333
vt 0.625000 0.041667
vt 0.625000 0.050000
vt 0.725000 0.708333
vt 0.625000 0.666667
vt 0.625000 0.675000
vt 0.625000 0.683333
vt 0.675000 0.683333
vt 0.625000 0.083333
vt 0.825000 0.666667
vt 0.725000 0.633333
vt 0.675000 0.633333
vt 0.625000 0.100000
vt 0.625000 0.650000
vt 0.725000 0.608333
vt 0.675000 0.608333
vt 0.725000 0.558333
vt 0.725000 0.566667
vt 0.675000 0.566667
vt 0.625000 0.175000
vt 0.825000 0.566667
vt 0.825000 0.575000
vt 0.675000 0.566667
vt 0.675000 0.566667
vt 0.675000 0.566667
vt 0.675000 0.566667
vt 0.675000 0.566667
vt 0.675000 0.566667
vt 0.675000 0.566667
vt 0.725000 0.566667
vt 0.725000 0.566667
vt 0.725000 0.566667
vt 0.725000 0.566667
vt 0.725000 0.566667
vt 0.725000 0.566667
vt 0.725000 0.566667
vt 0.725000 0.558333
vt 0.725000 0.558333
vt 0.725000 0.558333
vt 0.675000 0.558333
vt 0.675000 0.558333
vt 0.675000 0.558333
vt 0.725000 0.558333
vt 0.725000 0.558333
vt 0.675000 0.558333
vt 0.725000 0.516667
vt 0.675000 0.516667
vt 0.725000 0.525000
vt 0.675000 0.525000
vt 0.625000 0.241667
vt 0.825000 0.500000
vt 0.825000 0.508333
vt 0.825000 0.583333
vt 0.000000 0.000000
vt 0.825000 0.591667
vt 0.000000 0.000000
vt 0.825000 0.583333
vt 0.000000 0.000000
vt 0.825000 0.591667
vt 0.000000 0.000000
vt 0.625000 0.175000
vt 0.625000 0.050000
vt 0.725000 0.516667
vt 0.725000 0.558333
vt 0.675000 0.558333
vt 0.725000 0.600000
vt 0.675000 0.600000
vt 0.725000 0.625000
vt 0.825000 0.658333
vt 0.675000 0.675000
vt 0.725000 0.725000
vt 0.775000 0.725000
vt 0.725000 0.725000
vt 0.725000 0.700000
vt 0.625000 0.658333
vt 0.675000 0.675000
vt 0.625000 0.091667
vt 0.825000 0.658333
vt 0.725000 0.625000
vt 0.675000 0.625000
vt 0.625000 0.108333
vt 0.625000 0.641667
vt 0.725000 0.600000
vt 0.675000 0.600000
vt 0.675000 0.558333
vt 0.725000 0.558333
vt 0.725000 0.558333
vt 0.725000 0.558333
vt 0.725000 0.558333
vt 0.675000 0.558333
vt 0.675000 0.558333
vt 0.675000 0.558333
vt 0.625000 0.250000
vt 0.625000 0.183333
vt 0.825000 0.566667
vt 0.625000 0.183333
vt 0.625000 0.250000
vt 0.625000 0.250000
vt 0.625000 0.250000
vt 0.625000 0.250000
vt 0.625000 0.250000
vt 0.625000 0.500000
vt 0.625000 0.500000
vt 0.625000 0.500000
vt 0.625000 0.500000
vt 0.625000 0.500000
vt 0.625000 0.500000
vt 0.625000 0.500000
vt 0.625000 0.500000
vt 0.625000 0.500000
vt 0.625000 0.500000
vt 0.625000 0.450000
vt 0.625000 0.450000
vt 0.625000 0.250000
vt 0.625000 0.250000
vt 0.625000 0.250000
vt 0.625000 0.250000
vt 0.625000 0.250000
vt 0.625000 0.500000
vt 0.625000 0.500000
vt 0.625000 0.450000
vt 0.625000 0.450000
vt 0.375000 0.000000
vt 0.625000 0.000000
vt 0.375000 0.250000
vt 0.375000 0.750000
vt 0.625000 0.750000
vt 0.375000 0.500000
vt 0.625000 0.500000
vt 0.375000 0.241667
vt 0.375000 0.233333
vt 0.375000 0.225000
vt 0.375000 0.216667
vt 0.375000 0.208333
vt 0.375000 0.200000
vt 0.375000 0.191667
vt 0.375000 0.183333
vt 0.375000 0.175000
vt 0.375000 0.166667
vt 0.375000 0.158333
vt 0.375000 0.150000
vt 0.375000 0.141667
vt 0.375000 0.133333
vt 0.375000 0.125000
vt 0.375000 0.116667
vt 0.375000 0.108333
vt 0.375000 0.100000
vt 0.375000 0.091667
vt 0.375000 0.083333
vt 0.375000 0.075000
vt 0.375000 0.066667
vt 0.375000 0.058333
vt 0.375000 0.050000
vt 0.375000 0.041667
vt 0.375000 0.033333
vt 0.375000 0.025000
vt 0.375000 0.016667
vt 0.375000 0.008333
vt 0.625000 0.008333
vt 0.625000 0.016667
vt 0.625000 0.025000
vt 0.625000 0.033333
vt 0.625000 0.041667
vt 0.625000 0.058333
vt 0.625000 0.066667
vt 0.625000 0.075000
vt 0.625000 0.100000
vt 0.625000 0.116667
vt 0.625000 0.125000
vt 0.625000 0.133333
vt 0.625000 0.141667
vt 0.625000 0.150000
vt 0.625000 0.158333
vt 0.625000 0.166667
vt 0.625000 0.191667
vt 0.625000 0.200000
vt 0.625000 0.208333
vt 0.625000 0.216667
vt 0.625000 0.225000
vt 0.625000 0.233333
vt 0.375000 0.741667
vt 0.375000 0.733333
vt 0.375000 0.725000
vt 0.375000 0.716667
vt 0.375000 0.708333
vt 0.375000 0.700000
vt 0.375000 0.691666
vt 0.375000 0.683333
vt 0.375000 0.675000
vt 0.375000 0.666667
vt 0.375000 0.658333
vt 0.375000 0.650000
vt 0.375000 0.641667
vt 0.375000 0.633333
vt 0.375000 0.625000
vt 0.375000 0.616667
vt 0.375000 0.608333
vt 0.375000 0.600000
vt 0.375000 0.591667
vt 0.375000 0.583333
vt 0.375000 0.575000
vt 0.375000 0.566667
vt 0.375000 0.558333
vt 0.375000 0.550000
vt 0.375000 0.541667
vt 0.375000 0.533333
vt 0.375000 0.525000
vt 0.375000 0.516667
vt 0.375000 0.508333
vt 0.625000 0.508333
vt 0.625000 0.516667
vt 0.625000 0.525000
vt 0.625000 0.533333
vt 0.625000 0.541667
vt 0.625000 0.550000
vt 0.625000 0.558333
vt 0.625000 0.566667
vt 0.625000 0.575000
vt 0.625000 0.583333
vt 0.625000 0.591667
vt 0.625000 0.600000
vt 0.625000 0.608333
vt 0.625000 0.616667
vt 0.625000 0.625000
vt 0.625000 0.633333
vt 0.625000 0.658333
vt 0.625000 0.666667
vt 0.625000 0.675000
vt 0.625000 0.683333
vt 0.625000 0.691667
vt 0.625000 0.700000
vt 0.625000 0.708333
vt 0.625000 0.716667
vt 0.625000 0.725000
vt 0.625000 0.733333
vt 0.625000 0.741667
vt 0.825000 0.500000
vt 0.825000 0.666667
vt 0.825000 0.658333
vt 0.825000 0.666667
vt 0.375000 0.500000
vt 0.625000 0.500000
vt 0.375000 0.250000
vt 0.625000 0.250000
vt 0.375000 0.500000
vt 0.625000 0.500000
vt 0.375000 0.250000
vt 0.625000 0.250000
vt 0.375000 0.500000
vt 0.625000 0.500000
vt 0.375000 0.250000
vt 0.375000 0.500000
vt 0.625000 0.500000
vt 0.375000 0.250000
vt 0.625000 0.250000
vt 0.375000 0.500000
vt 0.625000 0.500000
vt 0.375000 0.250000
vt 0.375000 0.500000
vt 0.625000 0.500000
vt 0.375000 0.250000
vt 0.625000 0.250000
vt 0.375000 0.500000
vt 0.625000 0.500000
vt 0.375000 0.250000
vt 0.625000 0.250000
vt 0.375000 0.500000
vt 0.625000 0.500000
vt 0.375000 0.250000
vt 0.625000 0.250000
vt 0.375000 0.500000
vt 0.625000 0.500000
vt 0.375000 0.250000
vt 0.625000 0.250000
vt 0.375000 0.500000
vt 0.625000 0.500000
vt 0.375000 0.250000
vt 0.625000 0.250000
vt 0.375000 0.500000
vt 0.625000 0.500000
vt 0.375000 0.250000
vt 0.625000 0.250000
vt 0.375000 0.500000
vt 0.625000 0.500000
vt 0.375000 0.250000
vt 0.625000 0.250000
vt 0.375000 0.500000
vt 0.625000 0.500000
vt 0.375000 0.250000
vt 0.625000 0.250000
vt 0.375000 0.500000
vt 0.625000 0.500000
vt 0.375000 0.250000
vt 0.625000 0.250000
vt 0.375000 0.500000
vt 0.625000 0.500000
vt 0.625000 0.450000
vt 0.625000 0.300000
vt 0.625000 0.350000
vt 0.375000 0.250000
vt 0.625000 0.250000
vt 0.625000 0.400000
vt 0.375000 0.500000
vt 0.625000 0.500000
vt 0.625000 0.450000
vt 0.625000 0.300000
vt 0.625000 0.350000
vt 0.375000 0.250000
vt 0.625000 0.250000
vt 0.625000 0.400000
vt 0.375000 0.500000
vt 0.625000 0.500000
vt 0.375000 0.250000
vt 0.625000 0.250000
vt 0.375000 0.500000
vt 0.625000 0.500000
vt 0.375000 0.250000
vt 0.625000 0.250000
vt 0.375000 0.500000
vt 0.625000 0.500000
vt 0.375000 0.250000
vt 0.625000 0.250000
vt 0.375000 0.500000
vt 0.625000 0.500000
vt 0.375000 0.250000
vt 0.625000 0.250000
vt 0.375000 0.500000
vt 0.625000 0.500000
vt 0.375000 0.250000
vt 0.625000 0.250000
vt 0.375000 0.500000
vt 0.625000 0.500000
vt 0.375000 0.250000
vt 0.625000 0.250000
vt 0.375000 0.500000
vt 0.625000 0.500000
vt 0.375000 0.250000
vt 0.625000 0.250000
vt 0.375000 0.500000
vt 0.625000 0.500000
vt 0.375000 0.250000
vt 0.625000 0.250000
vt 0.375000 0.500000
vt 0.375000 0.250000
vt 0.625000 0.250000
vt 0.375000 0.500000
vt 0.375000 0.250000
vt 0.625000 0.250000
vt 0.375000 0.500000
vt 0.625000 0.500000
vt 0.375000 0.250000
vt 0.625000 0.250000
vt 0.375000 0.500000
vt 0.625000 0.500000
vt 0.375000 0.250000
vt 0.625000 0.250000
vt 0.375000 0.500000
vt 0.625000 0.500000
vt 0.375000 0.250000
vt 0.625000 0.250000
vt 0.375000 0.500000
vt 0.625000 0.500000
vt 0.375000 0.250000
vt 0.625000 0.250000
vt 0.625000 0.500000
vt 0.625000 0.250000
vt 0.625000 0.500000
vt 0.625000 0.250000
vt 0.625000 0.500000
vt 0.625000 0.450000
vt 0.625000 0.300000
vt 0.625000 0.250000
vt 0.625000 0.500000
vt 0.625000 0.450000
vt 0.625000 0.300000
vt 0.625000 0.250000
vt 0.625000 0.500000
vt 0.625000 0.450000
vt 0.625000 0.500000
vt 0.625000 0.450000
vt 0.625000 0.250000
vt 0.625000 0.300000
vt 0.625000 0.250000
vt 0.625000 0.300000
vt 0.625000 0.300000
vt 0.625000 0.300000
vt 0.625000 0.250000
vt 0.625000 0.250000
vt 0.625000 0.250000
vt 0.625000 0.300000
vt 0.625000 0.250000
vt 0.625000 0.300000
vt 0.625000 0.350000
vt 0.625000 0.350000
vt 0.625000 0.400000
vt 0.625000 0.400000
vt 0.625000 0.350000
vt 0.625000 0.350000
vt 0.625000 0.350000
vt 0.625000 0.350000
vt 0.625000 0.400000
vt 0.625000 0.400000
vt 0.625000 0.400000
vt 0.625000 0.400000
vt 0.625000 0.400000
vt 0.625000 0.400000
vt 0.625000 0.400000
vt 0.625000 0.400000
vt 0.625000 0.350000
vt 0.625000 0.350000
vt 0.625000 0.350000
vt 0.625000 0.350000
vt 0.625000 0.400000
vt 0.625000 0.400000
vt 0.625000 0.400000
vt 0.625000 0.400000
vt 0.625000 0.350000
vt 0.625000 0.350000
vt 0.625000 0.350000
vt 0.625000 0.350000
vt 0.625000 0.500000
vt 0.625000 0.450000
vt 0.625000 0.500000
vt 0.625000 0.450000
vt 0.625000 0.250000
vt 0.625000 0.300000
vt 0.625000 0.300000
vt 0.625000 0.250000
vt 0.625000 0.400000
vt 0.625000 0.400000
vt 0.625000 0.400000
vt 0.625000 0.400000
vt 0.625000 0.400000
vt 0.625000 0.400000
vt 0.625000 0.400000
vt 0.625000 0.400000
vt 0.625000 0.350000
vt 0.625000 0.350000
vt 0.625000 0.350000
vt 0.625000 0.350000
vt 0.625000 0.350000
vt 0.625000 0.350000
vt 0.625000 0.350000
vt 0.625000 0.350000
vt 0.625000 0.350000
vt 0.625000 0.350000
vt 0.625000 0.350000
vt 0.625000 0.350000
vt 0.625000 0.350000
vt 0.625000 0.350000
vt 0.625000 0.350000
vt 0.625000 0.350000
vt 0.625000 0.400000
vt 0.625000 0.400000
vt 0.625000 0.400000
vt 0.625000 0.400000
vt 0.625000 0.400000
vt 0.625000 0.400000
vt 0.625000 0.400000
vt 0.625000 0.400000
vt 0.625000 0.350000
vt 0.625000 0.350000
vt 0.625000 0.350000
vt 0.625000 0.350000
vt 0.625000 0.400000
vt 0.625000 0.400000
vt 0.625000 0.400000
vt 0.625000 0.400000
vt 0.000000 0.000000
vt 0.625000 0.350000
vt 0.625000 0.350000
vt 0.625000 0.400000
vt 0.625000 0.350000
vt 0.625000 0.350000
vt 0.625000 0.350000
vt 0.625000 0.350000
vt 0.625000 0.350000
vt 0.625000 0.350000
vt 0.625000 0.350000
vt 0.625000 0.350000
vt 0.625000 0.350000
vt 0.625000 0.350000
vt 0.625000 0.350000
vt 0.625000 0.400000
vt 0.625000 0.400000
vt 0.625000 0.400000
vt 0.625000 0.400000
vt 0.625000 0.400000
vt 0.625000 0.400000
vt 0.625000 0.400000
vt 0.625000 0.400000
vt 0.625000 0.400000
vt 0.625000 0.400000
vt 0.625000 0.400000
vt 0.000000 0.000000
vt 0.625000 0.350000
vt 0.625000 0.350000
vt 0.000000 0.000000
vt 0.625000 0.350000
vt 0.625000 0.350000
vt 0.625000 0.350000
vt 0.625000 0.350000
vt 0.625000 0.350000
vt 0.625000 0.350000
vt 0.625000 0.350000
vt 0.625000 0.350000
vt 0.625000 0.400000
vt 0.625000 0.400000
vt 0.625000 0.400000
vt 0.625000 0.400000
vt 0.625000 0.400000
vt 0.625000 0.400000
vt 0.625000 0.400000
vt 0.625000 0.400000
vt 0.625000 0.400000
vt 0.000000 0.000000
vt 0.625000 0.350000
vt 0.625000 0.400000
vt 0.625000 0.400000
vt 0.625000 0.350000
vt 0.625000 0.400000
vt 0.625000 0.400000
vt 0.625000 0.350000
vt 0.625000 0.350000
vt 0.825000 0.591667
vt 0.825000 0.591667
vt 0.825000 0.591667
vt 0.825000 0.591667
vt 0.825000 0.591667
vt 0.825000 0.591667
vt 0.825000 0.583333
vt 0.825000 0.583333
vt 0.825000 0.583333
vt 0.825000 0.583333
vt 0.825000 0.583333
vt 0.825000 0.583333
vt 0.000000 0.000000
vt 0.000000 0.000000
vt 0.000000 0.000000
vt 0.000000 0.000000
vt 0.000000 0.000000
vt 0.000000 0.000000
vt 0.000000 0.000000
vt 0.000000 0.000000
vt 0.000000 0.000000
vt 0.000000 0.000000
vt 0.000000 0.000000
vt 0.000000 0.000000
vt 0.825000 0.591667
vt 0.825000 0.591667
vt 0.000000 0.000000
vt 0.000000 0.000000
vt 0.825000 0.591667
vt 0.825000 0.591667
vt 0.000000 0.000000
vt 0.000000 0.000000
vt 0.625000 0.500000
vt 0.625000 0.500000
s 0
g off
g INSTAKILL_SIDES.002_SideDarkerINSTAKILL
usemtl SideDarkerINSTAKILL
f 1147/1161/3 1298/1312/3 1301/1315/3
f 1009/1023/4 1004/1018/4 1003/1017/4
f 1212/1226/4 1184/1198/4 1211/1225/4
f 1133/1147/3 1067/1081/3 1066/1080/3
f 870/884/4 865/879/4 869/883/4
f 1511/1526/4 826/840/4 1510/1525/4
f 1527/1542/3 1547/1564/3 1548/1565/3
f 827/841/4 821/831/4 828/842/4
f 1582/1600/3 1577/1595/3 1576/1594/3
f 1318/1332/4 1315/1329/4 1319/1333/4
f 1303/1317/4 1306/1320/4 1302/1316/4
f 1433/1447/3 1426/1440/3 1427/1441/3
f 1164/1178/4 1200/1214/4 1199/1213/4
f 1360/1374/3 1357/1371/3 1356/1370/3
f 1282/1296/3 1170/1184/3 1169/1183/3
f 1257/1271/3 1245/1259/3 1256/1270/3
f 1372/1386/3 1369/1383/3 1368/1382/3
f 958/972/3 998/1012/3 987/1001/3
f 1272/1286/3 1228/1242/3 1271/1285/3
f 1206/1220/4 1191/1205/4 1192/1206/4
f 1463/1477/4 1346/1360/4 1338/1352/4
f 971/985/3 966/980/3 970/984/3
f 1499/1513/3 1471/1485/3 1500/1514/3
f 1136/1150/3 1063/1077/3 1029/1043/3
f 1581/1599/3 1574/1592/3 1580/1598/3
f 1591/1609/4 1586/1604/4 1590/1608/4
f 1394/1408/3 1391/1405/3 1390/1404/3
f 961/975/4 988/1002/4 1000/1014/4
f 1452/1466/4 1440/1454/4 1439/1453/4
f 1381/1395/3 1376/1390/3 1380/1394/3
f 1277/1291/3 1223/1237/3 1276/1290/3
f 1584/1602/3 1579/1597/3 1578/1596/3
f 1559/1577/3 1475/1489/3 1476/1490/3
f 1182/1196/4 1214/1228/4 1181/1195/4
f 1396/1410/4 1393/1407/4 1397/1411/4
f 1265/1279/3 1237/1251/3 1264/1278/3
f 1408/1422/3 1309/1323/3 1313/1327/3
f 1374/1388/4 1371/1385/4 1375/1389/4
f 1420/1434/3 1410/1424/3 1414/1428/3
f 1581/1599/3 1576/1594/3 1575/1593/3
f 1230/1244/3 1270/1284/3 1229/1243/3
f 1344/1358/3 1337/1351/3 1336/1350/3
f 1025/1039/4 1087/1101/4 1104/1118/4
f 1242/1256/3 1260/1274/3 1241/1255/3
f 1103/1117/4 1043/1057/4 1044/1058/4
f 1488/1502/4 1484/1498/4 1483/1497/4
f 1252/1266/3 1250/1264/3 1251/1265/3
f 1255/1269/3 1247/1261/3 1254/1268/3
f 1201/1215/4 1199/1213/4 1200/1214/4
f 1264/1278/3 1238/1252/3 1263/1277/3
f 1459/1473/4 1461/1475/4 1460/1474/4
f 1531/1546/3 1551/1568/3 811/819/3
f 1103/1117/4 1195/1209/4 1204/1218/4
f 1274/1288/3 1226/1240/3 1273/1287/3
f 1430/1444/4 1429/1443/4 1428/1442/4
f 1540/1557/4 1520/1535/4 1519/1534/4
f 1144/1158/3 1150/1164/3 1145/1159/3
f 1021/1035/3 1235/1249/3 1266/1280/3
f 1384/1398/3 1381/1395/3 1380/1394/3
f 1523/1538/4 1543/1560/4 1544/1561/4
f 1500/1514/3 1470/1484/3 1501/1515/3
f 1507/1521/3 1508/1522/3 1509/1523/3
f 1491/1505/4 1481/1495/4 1480/1494/4
f 1210/1224/4 1186/1200/4 1209/1223/4
f 1243/1257/3 1259/1273/3 1242/1256/3
f 1278/1292/3 1093/1107/3 1023/1037/3
f 1392/1406/4 1389/1403/4 1393/1407/4
f 1358/1372/4 1355/1369/4 1359/1373/4
f 1316/1330/3 1313/1327/3 1312/1326/3
f 982/996/3 995/1009/3 983/997/3
f 1333/1347/3 1328/1342/3 1332/1346/3
f 1313/1327/3 1308/1322/3 1312/1326/3
f 1222/1236/3 1168/1182/3 1167/1181/3
f 1413/1427/4 1424/1438/4 1417/1431/4
f 1045/1059/3 1036/1050/3 1115/1129/3
f 1112/1126/3 1042/1056/3 1040/1054/3
f 1268/1282/3 1116/1130/3 1046/1060/3
f 1524/1539/3 1509/1523/3 1545/1562/3
f 1072/1086/4 1130/1144/4 1080/1094/4
f 1020/1034/4 1172/1186/4 1221/1235/4
f 834/848/3 829/843/3 833/847/3
f 1476/1490/3 1496/1510/3 1495/1509/3
f 1263/1277/3 1239/1253/3 1262/1276/3
f 926/940/4 823/833/4 923/937/4
f 1080/1094/4 1073/1087/4 1072/1086/4
f 1215/1229/4 1179/1193/4 1180/1194/4
f 1293/1307/3 1291/1305/3 1290/1304/3
f 1328/1342/3 1325/1339/3 1324/1338/3
f 1220/1234/4 1174/1188/4 1219/1233/4
f 887/901/4 894/908/4 890/904/4
f 1017/1031/4 1118/1132/4 1018/1032/4
f 1169/1183/3 1251/1265/3 1250/1264/3
f 1546/1563/3 1524/1539/3 1545/1562/3
f 1109/1123/4 1052/1066/4 1120/1134/4
f 1019/1033/4 1188/1202/4 1208/1222/4
f 877/891/3 808/814/3 813/823/3
f 1276/1290/3 1224/1238/3 1275/1289/3
f 1267/1281/3 1233/1247/3 1022/1036/3
f 1337/1351/3 1332/1346/3 1336/1350/3
f 1139/1153/4 1157/1171/4 1158/1172/4
f 1205/1219/4 1194/1208/4 1103/1117/4
f 1266/1280/3 1236/1250/3 1265/1279/3
f 1542/1559/4 1522/1537/4 1521/1536/4
f 1526/1541/3 1546/1563/3 1547/1564/3
f 1327/1341/4 1330/1344/4 1326/1340/4
f 1017/1031/4 1189/1203/4 1190/1204/4
f 1302/1316/4 996/1010/4 1303/1317/4
f 863/877/3 860/874/3 864/878/3
f 1369/1383/3 1364/1378/3 1368/1382/3
f 886/900/4 879/893/4 883/897/4
f 830/844/3 816/826/3 829/843/3
f 1477/1491/3 1495/1509/3 1494/1508/3
f 1532/1547/3 811/819/3 812/822/3
f 1074/1088/4 1129/1143/4 1128/1142/4
f 1022/1036/3 1234/1248/3 1021/1035/3
f 1171/1185/4 1016/1030/4 1166/1180/4
f 1024/1038/3 1090/1104/3 1026/1040/3
f 1349/1363/4 1342/1356/4 1350/1364/4
f 1032/1046/3 1053/1067/3 1034/1048/3
f 1269/1283/3 1048/1062/3 1270/1284/3
f 1574/1592/3 1095/1109/3 1580/1598/3
f 1435/1449/4 1450/1464/4 1434/1448/4
f 1425/1439/3 1412/1426/3 1416/1430/3
f 1370/1384/4 1367/1381/4 1371/1385/4
f 990/1004/4 974/988/4 975/989/4
f 1275/1289/3 1225/1239/3 1274/1288/3
f 1565/1583/4 1571/1589/4 1564/1582/4
f 1208/1222/4 1189/1203/4 1018/1032/4
f 1209/1223/4 1187/1201/4 1019/1033/4
f 1135/1149/4 1177/1191/4 1178/1192/4
f 1341/1355/4 1335/1349/4 1342/1356/4
f 1354/1368/4 1350/1364/4 1355/1369/4
f 1421/1435/4 1411/1425/4 1419/1433/4
f 1364/1378/3 1361/1375/3 1360/1374/3
f 882/896/4 875/889/4 879/893/4
f 1493/1507/4 1479/1493/4 1478/1492/4
f 1555/1573/3 825/837/3 824/835/3
f 1503/1517/4 1505/1519/4 1502/1516/4
f 959/973/4 1159/1173/4 956/970/4
f 901/915/3 822/832/3 902/916/3
f 846/860/3 841/855/3 845/859/3
f 1382/1396/4 1379/1393/4 1383/1397/4
f 859/873/3 856/870/3 860/874/3
f 1425/1439/3 1426/1440/3 1423/1437/3
f 1428/1442/4 1424/1438/4 1422/1436/4
f 1038/1052/4 1041/1055/4 1113/1127/4
f 1523/1538/4 1504/1518/4 1503/1517/4
f 1202/1216/4 1198/1212/4 1201/1215/4
f 844/858/4 839/853/4 843/857/4
f 1176/1190/4 1218/1232/4 1175/1189/4
f 1383/1397/4 1385/1399/4 1382/1396/4
f 1417/1431/4 1323/1337/4 1413/1427/4
f 1287/1301/3 1282/1296/3 1286/1300/3
f 1100/1114/4 1568/1586/4 1567/1585/4
f 1357/1371/3 1352/1366/3 1356/1370/3
f 1270/1284/3 1228/1242/3 1229/1243/3
f 1560/1578/4 1480/1494/4 1561/1579/4
f 1567/1585/4 1569/1587/4 1566/1584/4
f 1359/1373/4 1362/1376/4 1358/1372/4
f 1363/1377/4 1366/1380/4 1362/1376/4
f 1163/1177/4 1153/1167/4 1162/1176/4
f 1593/1611/3 1588/1606/3 1592/1610/3
f 1101/1115/3 1585/1603/3 1099/1113/3
f 1583/1601/3 1578/1596/3 1577/1595/3
f 1071/1085/4 1058/1072/4 1130/1144/4
f 1152/1166/3 1144/1158/3 1143/1157/3
f 1298/1312/3 1293/1307/3 1297/1311/3
f 1462/1476/3 1345/1359/3 1464/1478/3
f 1213/1227/4 1183/1197/4 1212/1226/4
f 854/868/4 815/825/4 853/867/4
f 1082/1096/3 1066/1080/3 1065/1079/3
f 850/864/3 845/859/3 849/863/3
f 1535/1551/4 1514/1529/4 1513/1528/4
f 1254/1268/3 1248/1262/3 1253/1267/3
f 888/902/3 885/899/3 889/903/3
f 1273/1287/3 1227/1241/3 1272/1286/3
f 858/872/4 853/867/4 857/871/4
f 1295/1309/4 994/1008/4 1296/1310/4
f 1587/1605/4 1567/1585/4 1586/1604/4
f 1131/1145/3 1060/1074/3 1070/1084/3
f 1207/1221/4 1190/1204/4 1191/1205/4
f 1253/1267/3 1249/1263/3 1252/1266/3
f 1009/1023/4 1002/1016/4 1008/1022/4
f 1211/1225/4 1185/1199/4 1210/1224/4
f 1022/1036/3 1123/1137/3 1055/1069/3
f 1028/1042/3 1083/1097/3 1064/1078/3
f 1399/1413/3 1394/1408/3 1398/1412/3
f 898/912/4 891/905/4 895/909/4
f 1135/1149/4 1061/1075/4 1137/1151/4
f 1203/1217/4 1197/1211/4 1202/1216/4
f 1205/1219/4 1192/1206/4 1193/1207/4
f 1204/1218/4 1196/1210/4 1203/1217/4
f 1150/1164/3 1146/1160/3 1145/1159/3
f 988/1002/4 976/990/4 977/991/4
f 823/834/4 1557/1575/4 1554/1572/4
f 1334/1348/4 1331/1345/4 1335/1349/4
f 1299/1313/4 1296/1310/4 996/1010/4
f 1326/1340/4 1323/1337/4 1327/1341/4
f 848/862/4 843/857/4 847/861/4
f 866/880/4 861/875/4 865/879/4
f 855/869/3 852/866/3 856/870/3
f 874/888/4 869/883/4 873/887/4
f 1536/1552/4 1515/1530/4 1514/1529/4
f 1512/1527/3 1553/1570/3 809/815/3
f 867/881/3 864/878/3 868/882/3
f 871/885/3 868/882/3 872/886/3
f 1257/1271/3 1243/1257/3 1244/1258/3
f 896/910/3 893/907/3 897/911/3
f 1301/1315/3 1297/1311/3 1300/1314/3
f 913/927/3 910/924/3 914/928/3
f 1549/1566/3 1527/1542/3 1548/1565/3
f 1530/1545/3 1550/1567/3 1551/1568/3
f 921/935/3 918/932/3 922/936/3
f 1310/1324/4 1307/1321/4 1311/1325/4
f 884/898/3 881/895/3 885/899/3
f 1076/1090/4 1079/1093/4 1078/1092/4
f 838/852/3 811/820/3 837/851/3
f 916/930/4 911/925/4 915/929/4
f 842/856/3 837/851/3 841/855/3
f 1214/1228/4 1180/1194/4 1181/1195/4
f 900/914/4 1510/1524/4 899/913/4
f 938/952/4 931/945/4 935/949/4
f 840/854/4 835/849/4 839/853/4
f 862/876/4 857/871/4 861/875/4
f 972/986/4 1296/1310/4 994/1008/4
f 932/946/3 929/943/3 933/947/3
f 1452/1466/4 1438/1452/4 1453/1467/4
f 946/960/4 939/953/4 943/957/4
f 1541/1558/4 1521/1536/4 1520/1535/4
f 934/948/4 927/941/4 931/945/4
f 1404/1418/4 1401/1415/4 1405/1419/4
f 992/1006/4 972/986/4 973/987/4
f 948/962/3 945/959/3 949/963/3
f 1378/1392/4 1375/1389/4 1379/1393/4
f 954/968/4 947/961/4 951/965/4
f 942/956/4 935/949/4 939/953/4
f 980/994/3 967/981/3 985/999/3
f 950/964/4 943/957/4 947/961/4
f 1129/1143/4 1084/1098/4 1128/1142/4
f 1436/1450/3 1442/1456/3 1437/1451/3
f 1539/1556/4 1519/1534/4 1518/1533/4
f 967/981/3 981/995/3 984/998/3
f 940/954/3 937/951/3 941/955/3
f 962/976/3 964/978/3 965/979/3
f 997/1011/3 987/1001/3 998/1012/3
f 1284/1298/4 1016/1030/4 1285/1299/4
f 1011/1025/3 1006/1020/3 1012/1026/3
f 1353/1367/3 1344/1358/3 1352/1366/3
f 904/918/4 899/913/4 903/917/4
f 1217/1231/4 1177/1191/4 1216/1230/4
f 957/971/3 1143/1157/3 955/969/3
f 1595/1613/3 1384/1398/3 1387/1401/3
f 909/923/3 906/920/3 910/924/3
f 1279/1293/4 1280/1294/4 1110/1124/4
f 989/1003/4 975/989/4 976/990/4
f 1208/1222/4 1122/1136/4 1019/1033/4
f 1102/1116/4 1178/1192/4 1179/1193/4
f 952/966/3 949/963/3 953/967/3
f 1075/1089/4 1128/1142/4 1079/1093/4
f 936/950/3 933/947/3 937/951/3
f 1132/1146/3 1069/1083/3 1068/1082/3
f 1030/1044/4 1124/1138/4 1107/1121/4
f 1077/1091/4 1078/1092/4 1127/1141/4
f 1279/1293/3 1119/1133/3 1051/1065/3
f 878/892/4 807/813/4 875/889/4
f 1014/1028/3 1068/1082/3 1067/1081/3
f 1467/1481/3 1347/1361/3 1468/1482/3
f 1138/1152/4 1158/1172/4 1159/1173/4
f 1510/1525/4 1513/1528/4 1511/1526/4
f 1446/1460/3 1351/1365/3 1445/1459/3
f 1016/1030/4 1091/1105/4 1134/1148/4
f 1492/1506/4 1480/1494/4 1479/1493/4
f 1142/1156/4 996/1010/4 1155/1169/4
f 905/919/3 902/916/3 906/920/3
f 1096/1110/4 1573/1591/4 1094/1108/4
f 928/942/3 925/939/3 929/943/3
f 1533/1548/3 812/822/3 1552/1569/3
f 1291/1305/3 1286/1300/3 1290/1304/3
f 1083/1097/3 1065/1079/3 1064/1078/3
f 1149/1163/3 1147/1161/3 1146/1160/3
f 1529/1544/3 1549/1566/3 1550/1567/3
f 1538/1555/4 1518/1533/4 1517/1532/4
f 1140/1154/4 1156/1170/4 1157/1171/4
f 1447/1461/3 1445/1459/3 1444/1458/3
f 1589/1607/3 1101/1115/3 1588/1606/3
f 892/906/3 889/903/3 893/907/3
f 1141/1155/4 1155/1169/4 1156/1170/4
f 1221/1235/4 1173/1187/4 1220/1234/4
f 1566/1584/4 1570/1588/4 1565/1583/4
f 977/991/4 1000/1014/4 988/1002/4
f 908/922/4 903/917/4 907/921/4
f 890/904/4 883/897/4 887/901/4
f 1553/1570/3 1533/1548/3 1552/1569/3
f 1268/1282/3 1230/1244/3 1231/1245/3
f 1219/1233/4 1175/1189/4 1218/1232/4
f 1111/1125/4 1049/1063/4 1117/1131/4
f 851/865/3 1553/1571/3 852/866/3
f 981/995/3 983/997/3 984/998/3
f 917/931/3 914/928/3 918/932/3
f 978/992/3 986/1000/3 987/1001/3
f 1267/1281/3 1231/1245/3 1232/1246/3
f 920/934/4 915/929/4 919/933/4
f 1466/1480/4 1350/1364/4 1342/1356/4
f 1304/1318/3 1301/1315/3 1300/1314/3
f 1321/1335/3 1316/1330/3 1320/1334/3
f 1564/1582/4 1572/1590/4 1563/1581/4
f 1292/1306/4 1289/1303/4 994/1008/4
f 968/982/4 974/988/4 973/987/4
f 912/926/4 907/921/4 911/925/4
f 1453/1467/4 1348/1362/4 1340/1354/4
f 1325/1339/3 1320/1334/3 1324/1338/3
f 1377/1391/3 1372/1386/3 1376/1390/3
f 1108/1122/3 1057/1071/3 1031/1045/3
f 1391/1405/3 1387/1401/3 1390/1404/3
f 831/845/4 828/842/4 832/846/4
f 1487/1501/4 1485/1499/4 1484/1498/4
f 944/958/3 941/955/3 945/959/3
f 1007/1021/3 1012/1026/3 1006/1020/3
f 991/1005/4 973/987/4 974/988/4
f 1288/1302/4 1285/1299/4 1289/1303/4
f 1409/1423/4 1311/1325/4 1407/1421/4
f 1081/1095/3 1070/1084/3 1069/1083/3
f 1309/1323/3 1304/1318/3 1308/1322/3
f 1486/1500/4 1434/1448/4 1485/1499/4
f 1449/1463/3 1443/1457/3 1442/1456/3
f 1262/1276/3 1240/1254/3 1261/1275/3
f 880/894/3 877/891/3 881/895/3
f 1322/1336/4 1319/1333/4 1323/1337/4
f 1388/1402/4 1386/1400/4 1389/1403/4
f 1132/1146/3 1015/1029/3 1086/1100/3
f 1314/1328/4 1311/1325/4 1315/1329/4
f 836/850/4 1537/1553/4 835/849/4
f 1475/1489/3 1497/1511/3 1496/1510/3
f 1400/1414/4 1397/1411/4 1401/1415/4
f 825/837/3 1512/1527/3 809/815/3
f 1403/1417/3 1398/1412/3 1402/1416/3
f 1537/1554/4 1516/1531/4 1515/1530/4
f 1470/1484/3 1437/1451/3 1501/1515/3
f 930/944/4 923/937/4 927/941/4
f 1489/1503/4 1483/1497/4 1482/1496/4
f 924/938/3 825/838/3 925/939/3
f 1260/1274/3 1240/1254/3 1241/1255/3
f 1474/1488/3 1498/1512/3 1497/1511/3
f 1161/1175/3 1151/1165/3 1152/1166/3
f 1490/1504/4 1482/1496/4 1481/1495/4
f 1473/1487/3 1499/1513/3 1498/1512/3
f 1027/1041/4 1127/1141/4 1105/1119/4
f 1256/1270/3 1246/1260/3 1255/1269/3
f 1516/1531/4 1538/1555/4 1517/1532/4
f 1457/1471/3 1455/1469/3 1454/1468/3
f 1414/1428/3 1321/1335/3 1325/1339/3
f 1562/1580/4 1572/1590/4 1573/1591/4
f 1147/1161/3 1148/1162/3 1298/1312/3
f 1009/1023/4 1010/1024/4 1004/1018/4
f 1212/1226/4 1183/1197/4 1184/1198/4
f 1133/1147/3 1014/1028/3 1067/1081/3
f 870/884/4 866/880/4 865/879/4
f 1511/1526/4 1557/1575/4 826/840/4
f 1527/1542/3 1526/1541/3 1547/1564/3
f 827/841/4 820/830/4 821/831/4
f 1582/1600/3 1583/1601/3 1577/1595/3
f 1318/1332/4 1314/1328/4 1315/1329/4
f 1303/1317/4 1307/1321/4 1306/1320/4
f 1433/1447/3 1431/1445/3 1426/1440/3
f 1164/1178/4 1165/1179/4 1200/1214/4
f 1360/1374/3 1361/1375/3 1357/1371/3
f 1282/1296/3 1283/1297/3 1170/1184/3
f 1257/1271/3 1244/1258/3 1245/1259/3
f 1372/1386/3 1373/1387/3 1369/1383/3
f 958/972/3 960/974/3 998/1012/3
f 1272/1286/3 1227/1241/3 1228/1242/3
f 1206/1220/4 1207/1221/4 1191/1205/4
f 1463/1477/4 1465/1479/4 1346/1360/4
f 971/985/3 981/995/3 966/980/3
f 1499/1513/3 1472/1486/3 1471/1485/3
f 1136/1150/3 1062/1076/3 1063/1077/3
f 1581/1599/3 1575/1593/3 1574/1592/3
f 1591/1609/4 1587/1605/4 1586/1604/4
f 1394/1408/3 1395/1409/3 1391/1405/3
f 961/975/4 959/973/4 988/1002/4
f 1452/1466/4 1451/1465/4 1440/1454/4
f 1381/1395/3 1377/1391/3 1376/1390/3
f 1277/1291/3 1222/1236/3 1223/1237/3
f 1584/1602/3 1585/1603/3 1579/1597/3
f 1559/1577/3 1558/1576/3 1475/1489/3
f 1182/1196/4 1213/1227/4 1214/1228/4
f 1396/1410/4 1392/1406/4 1393/1407/4
f 1265/1279/3 1236/1250/3 1237/1251/3
f 1408/1422/3 1406/1420/3 1309/1323/3
f 1374/1388/4 1370/1384/4 1371/1385/4
f 1420/1434/3 1418/1432/3 1410/1424/3
f 1581/1599/3 1582/1600/3 1576/1594/3
f 1230/1244/3 1269/1283/3 1270/1284/3
f 1344/1358/3 1345/1359/3 1337/1351/3
f 1025/1039/4 1089/1103/4 1087/1101/4
f 1242/1256/3 1259/1273/3 1260/1274/3
f 1103/1117/4 1204/1218/4 1043/1057/4
f 1488/1502/4 1487/1501/4 1484/1498/4
f 1252/1266/3 1249/1263/3 1250/1264/3
f 1255/1269/3 1246/1260/3 1247/1261/3
f 1201/1215/4 1198/1212/4 1199/1213/4
f 1264/1278/3 1237/1251/3 1238/1252/3
f 1459/1473/4 1458/1472/4 1461/1475/4
f 1531/1546/3 1530/1545/3 1551/1568/3
f 1103/1117/4 1194/1208/4 1195/1209/4
f 1274/1288/3 1225/1239/3 1226/1240/3
f 1430/1444/4 1432/1446/4 1429/1443/4
f 1540/1557/4 1541/1558/4 1520/1535/4
f 1144/1158/3 1151/1165/3 1150/1164/3
f 1021/1035/3 1234/1248/3 1235/1249/3
f 1384/1398/3 1594/1612/3 1381/1395/3
f 1523/1538/4 1522/1537/4 1543/1560/4
f 1500/1514/3 1471/1485/3 1470/1484/3
f 1507/1521/3 1506/1520/3 1508/1522/3
f 1491/1505/4 1490/1504/4 1481/1495/4
f 1210/1224/4 1185/1199/4 1186/1200/4
f 1243/1257/3 1258/1272/3 1259/1273/3
f 1278/1292/3 1092/1106/3 1093/1107/3
f 1392/1406/4 1388/1402/4 1389/1403/4
f 1358/1372/4 1354/1368/4 1355/1369/4
f 1316/1330/3 1317/1331/3 1313/1327/3
f 982/996/3 993/1007/3 995/1009/3
f 1333/1347/3 1329/1343/3 1328/1342/3
f 1313/1327/3 1309/1323/3 1308/1322/3
f 1222/1236/3 1277/1291/3 1168/1182/3
f 1413/1427/4 1422/1436/4 1424/1438/4
f 1045/1059/3 1037/1051/3 1036/1050/3
f 1112/1126/3 1114/1128/3 1042/1056/3
f 1268/1282/3 1267/1281/3 1116/1130/3
f 1524/1539/3 1507/1521/3 1509/1523/3
f 1072/1086/4 1071/1085/4 1130/1144/4
f 1020/1034/4 1171/1185/4 1172/1186/4
f 834/848/3 830/844/3 829/843/3
f 1476/1490/3 1475/1489/3 1496/1510/3
f 1263/1277/3 1238/1252/3 1239/1253/3
f 926/940/4 826/839/4 823/833/4
f 1080/1094/4 1129/1143/4 1073/1087/4
f 1215/1229/4 1102/1116/4 1179/1193/4
f 1293/1307/3 1294/1308/3 1291/1305/3
f 1328/1342/3 1329/1343/3 1325/1339/3
f 1220/1234/4 1173/1187/4 1174/1188/4
f 887/901/4 891/905/4 894/908/4
f 1017/1031/4 1050/1064/4 1118/1132/4
f 1169/1183/3 1170/1184/3 1251/1265/3
f 1546/1563/3 1525/1540/3 1524/1539/3
f 1109/1123/4 1033/1047/4 1052/1066/4
f 1019/1033/4 1187/1201/4 1188/1202/4
f 877/891/3 876/890/3 808/814/3
f 1276/1290/3 1223/1237/3 1224/1238/3
f 1267/1281/3 1232/1246/3 1233/1247/3
f 1337/1351/3 1333/1347/3 1332/1346/3
f 1139/1153/4 1140/1154/4 1157/1171/4
f 1205/1219/4 1193/1207/4 1194/1208/4
f 1266/1280/3 1235/1249/3 1236/1250/3
f 1542/1559/4 1543/1560/4 1522/1537/4
f 1526/1541/3 1525/1540/3 1546/1563/3
f 1327/1341/4 1331/1345/4 1330/1344/4
f 1017/1031/4 1018/1032/4 1189/1203/4
f 1302/1316/4 1299/1313/4 996/1010/4
f 863/877/3 859/873/3 860/874/3
f 1369/1383/3 1365/1379/3 1364/1378/3
f 886/900/4 882/896/4 879/893/4
f 830/844/3 817/827/3 816/826/3
f 1477/1491/3 1476/1490/3 1495/1509/3
f 1532/1547/3 1531/1546/3 811/819/3
f 1074/1088/4 1073/1087/4 1129/1143/4
f 1022/1036/3 1233/1247/3 1234/1248/3
f 1171/1185/4 1020/1034/4 1016/1030/4
f 1024/1038/3 1088/1102/3 1090/1104/3
f 1349/1363/4 1341/1355/4 1342/1356/4
f 1032/1046/3 1121/1135/3 1053/1067/3
f 1269/1283/3 1047/1061/3 1048/1062/3
f 1574/1592/3 1097/1111/3 1095/1109/3
f 1435/1449/4 1441/1455/4 1450/1464/4
f 1425/1439/3 1423/1437/3 1412/1426/3
f 1370/1384/4 1366/1380/4 1367/1381/4
f 990/1004/4 991/1005/4 974/988/4
f 1275/1289/3 1224/1238/3 1225/1239/3
f 1565/1583/4 1570/1588/4 1571/1589/4
f 1208/1222/4 1188/1202/4 1189/1203/4
f 1209/1223/4 1186/1200/4 1187/1201/4
f 1135/1149/4 1216/1230/4 1177/1191/4
f 1341/1355/4 1334/1348/4 1335/1349/4
f 1354/1368/4 1349/1363/4 1350/1364/4
f 1421/1435/4 1415/1429/4 1411/1425/4
f 1364/1378/3 1365/1379/3 1361/1375/3
f 882/896/4 878/892/4 875/889/4
f 1493/1507/4 1492/1506/4 1479/1493/4
f 1555/1573/3 1556/1574/3 825/837/3
f 1503/1517/4 1504/1518/4 1505/1519/4
f 959/973/4 1138/1152/4 1159/1173/4
f 901/915/3 819/829/3 822/832/3
f 846/860/3 842/856/3 841/855/3
f 1382/1396/4 1378/1392/4 1379/1393/4
f 859/873/3 855/869/3 856/870/3
f 1425/1439/3 1427/1441/3 1426/1440/3
f 1428/1442/4 1429/1443/4 1424/1438/4
f 1038/1052/4 1039/1053/4 1041/1055/4
f 1523/1538/4 1544/1561/4 1504/1518/4
f 1202/1216/4 1197/1211/4 1198/1212/4
f 844/858/4 840/854/4 839/853/4
f 1176/1190/4 1217/1231/4 1218/1232/4
f 1383/1397/4 1386/1400/4 1385/1399/4
f 1417/1431/4 1327/1341/4 1323/1337/4
f 1287/1301/3 1283/1297/3 1282/1296/3
f 1100/1114/4 1098/1112/4 1568/1586/4
f 1357/1371/3 1353/1367/3 1352/1366/3
f 1270/1284/3 1271/1285/3 1228/1242/3
f 1560/1578/4 1479/1493/4 1480/1494/4
f 1567/1585/4 1568/1586/4 1569/1587/4
f 1359/1373/4 1363/1377/4 1362/1376/4
f 1363/1377/4 1367/1381/4 1366/1380/4
f 1163/1177/4 1154/1168/4 1153/1167/4
f 1593/1611/3 1589/1607/3 1588/1606/3
f 1101/1115/3 1579/1597/3 1585/1603/3
f 1583/1601/3 1584/1602/3 1578/1596/3
f 1071/1085/4 1059/1073/4 1058/1072/4
f 1152/1166/3 1151/1165/3 1144/1158/3
f 1298/1312/3 1294/1308/3 1293/1307/3
f 1462/1476/3 1337/1351/3 1345/1359/3
f 1213/1227/4 1182/1196/4 1183/1197/4
f 854/868/4 818/828/4 815/825/4
f 1082/1096/3 1133/1147/3 1066/1080/3
f 850/864/3 846/860/3 845/859/3
f 1535/1551/4 1536/1552/4 1514/1529/4
f 1254/1268/3 1247/1261/3 1248/1262/3
f 888/902/3 884/898/3 885/899/3
f 1273/1287/3 1226/1240/3 1227/1241/3
f 858/872/4 854/868/4 853/867/4
f 1295/1309/4 1292/1306/4 994/1008/4
f 1587/1605/4 1100/1114/4 1567/1585/4
f 1131/1145/3 1126/1140/3 1060/1074/3
f 1207/1221/4 1017/1031/4 1190/1204/4
f 1253/1267/3 1248/1262/3 1249/1263/3
f 1009/1023/4 1003/1017/4 1002/1016/4
f 1211/1225/4 1184/1198/4 1185/1199/4
f 1022/1036/3 1021/1035/3 1123/1137/3
f 1028/1042/3 1106/1120/3 1083/1097/3
f 1399/1413/3 1395/1409/3 1394/1408/3
f 898/912/4 894/908/4 891/905/4
f 1135/1149/4 1102/1116/4 1061/1075/4
f 1203/1217/4 1196/1210/4 1197/1211/4
f 1205/1219/4 1206/1220/4 1192/1206/4
f 1204/1218/4 1195/1209/4 1196/1210/4
f 1150/1164/3 1149/1163/3 1146/1160/3
f 988/1002/4 989/1003/4 976/990/4
f 823/834/4 826/840/4 1557/1575/4
f 1334/1348/4 1330/1344/4 1331/1345/4
f 1299/1313/4 1295/1309/4 1296/1310/4
f 1326/1340/4 1322/1336/4 1323/1337/4
f 848/862/4 844/858/4 843/857/4
f 866/880/4 862/876/4 861/875/4
f 855/869/3 851/865/3 852/866/3
f 874/888/4 870/884/4 869/883/4
f 1536/1552/4 1537/1554/4 1515/1530/4
f 1512/1527/3 1534/1549/3 1553/1570/3
f 867/881/3 863/877/3 864/878/3
f 871/885/3 867/881/3 868/882/3
f 1257/1271/3 1258/1272/3 1243/1257/3
f 896/910/3 892/906/3 893/907/3
f 1301/1315/3 1298/1312/3 1297/1311/3
f 913/927/3 909/923/3 910/924/3
f 1549/1566/3 1528/1543/3 1527/1542/3
f 1530/1545/3 1529/1544/3 1550/1567/3
f 921/935/3 917/931/3 918/932/3
f 1310/1324/4 1306/1320/4 1307/1321/4
f 884/898/3 880/894/3 881/895/3
f 1076/1090/4 1075/1089/4 1079/1093/4
f 838/852/3 812/821/3 811/820/3
f 916/930/4 912/926/4 911/925/4
f 842/856/3 838/852/3 837/851/3
f 1214/1228/4 1215/1229/4 1180/1194/4
f 900/914/4 1535/1550/4 1510/1524/4
f 938/952/4 934/948/4 931/945/4
f 840/854/4 836/850/4 835/849/4
f 862/876/4 858/872/4 857/871/4
f 972/986/4 1001/1015/4 1296/1310/4
f 932/946/3 928/942/3 929/943/3
f 1452/1466/4 1439/1453/4 1438/1452/4
f 946/960/4 942/956/4 939/953/4
f 1541/1558/4 1542/1559/4 1521/1536/4
f 934/948/4 930/944/4 927/941/4
f 1404/1418/4 1400/1414/4 1401/1415/4
f 992/1006/4 1001/1015/4 972/986/4
f 948/962/3 944/958/3 945/959/3
f 1378/1392/4 1374/1388/4 1375/1389/4
f 954/968/4 950/964/4 947/961/4
f 942/956/4 938/952/4 935/949/4
f 980/994/3 966/980/3 967/981/3
f 950/964/4 946/960/4 943/957/4
f 1129/1143/4 1085/1099/4 1084/1098/4
f 1436/1450/3 1449/1463/3 1442/1456/3
f 1539/1556/4 1540/1557/4 1519/1534/4
f 967/981/3 966/980/3 981/995/3
f 940/954/3 936/950/3 937/951/3
f 962/976/3 963/977/3 964/978/3
f 997/1011/3 978/992/3 987/1001/3
f 1284/1298/4 1166/1180/4 1016/1030/4
f 1011/1025/3 1005/1019/3 1006/1020/3
f 1353/1367/3 1345/1359/3 1344/1358/3
f 904/918/4 900/914/4 899/913/4
f 1217/1231/4 1176/1190/4 1177/1191/4
f 957/971/3 1152/1166/3 1143/1157/3
f 1595/1613/3 1594/1612/3 1384/1398/3
f 909/923/3 905/919/3 906/920/3
f 1279/1293/4 1281/1295/4 1280/1294/4
f 989/1003/4 990/1004/4 975/989/4
f 1208/1222/4 1054/1068/4 1122/1136/4
f 1102/1116/4 1135/1149/4 1178/1192/4
f 952/966/3 948/962/3 949/963/3
f 1075/1089/4 1074/1088/4 1128/1142/4
f 936/950/3 932/946/3 933/947/3
f 1132/1146/3 1081/1095/3 1069/1083/3
f 1030/1044/4 1056/1070/4 1124/1138/4
f 1077/1091/4 1076/1090/4 1078/1092/4
f 1279/1293/3 1110/1124/3 1119/1133/3
f 878/892/4 814/824/4 807/813/4
f 1014/1028/3 1132/1146/3 1068/1082/3
f 1467/1481/3 1339/1353/3 1347/1361/3
f 1138/1152/4 1139/1153/4 1158/1172/4
f 1510/1525/4 1535/1551/4 1513/1528/4
f 1446/1460/3 1343/1357/3 1351/1365/3
f 1016/1030/4 1020/1034/4 1091/1105/4
f 1492/1506/4 1491/1505/4 1480/1494/4
f 1142/1156/4 1303/1317/4 996/1010/4
f 905/919/3 901/915/3 902/916/3
f 1096/1110/4 1562/1580/4 1573/1591/4
f 928/942/3 924/938/3 925/939/3
f 1533/1548/3 1532/1547/3 812/822/3
f 1291/1305/3 1287/1301/3 1286/1300/3
f 1083/1097/3 1082/1096/3 1065/1079/3
f 1149/1163/3 1148/1162/3 1147/1161/3
f 1529/1544/3 1528/1543/3 1549/1566/3
f 1538/1555/4 1539/1556/4 1518/1533/4
f 1140/1154/4 1141/1155/4 1156/1170/4
f 1447/1461/3 1446/1460/3 1445/1459/3
f 1589/1607/3 1579/1597/3 1101/1115/3
f 892/906/3 888/902/3 889/903/3
f 1141/1155/4 1142/1156/4 1155/1169/4
f 1221/1235/4 1172/1186/4 1173/1187/4
f 1566/1584/4 1569/1587/4 1570/1588/4
f 977/991/4 999/1013/4 1000/1014/4
f 908/922/4 904/918/4 903/917/4
f 890/904/4 886/900/4 883/897/4
f 1553/1570/3 1534/1549/3 1533/1548/3
f 1268/1282/3 1269/1283/3 1230/1244/3
f 1219/1233/4 1174/1188/4 1175/1189/4
f 1111/1125/4 1035/1049/4 1049/1063/4
f 851/865/3 809/816/3 1553/1571/3
f 981/995/3 982/996/3 983/997/3
f 917/931/3 913/927/3 914/928/3
f 978/992/3 979/993/3 986/1000/3
f 1267/1281/3 1268/1282/3 1231/1245/3
f 920/934/4 916/930/4 915/929/4
f 1466/1480/4 1469/1483/4 1350/1364/4
f 1304/1318/3 1305/1319/3 1301/1315/3
f 1321/1335/3 1317/1331/3 1316/1330/3
f 1564/1582/4 1571/1589/4 1572/1590/4
f 1292/1306/4 1288/1302/4 1289/1303/4
f 968/982/4 969/983/4 974/988/4
f 912/926/4 908/922/4 907/921/4
f 1453/1467/4 1438/1452/4 1348/1362/4
f 1325/1339/3 1321/1335/3 1320/1334/3
f 1377/1391/3 1373/1387/3 1372/1386/3
f 1108/1122/3 1125/1139/3 1057/1071/3
f 1391/1405/3 1595/1613/3 1387/1401/3
f 831/845/4 827/841/4 828/842/4
f 1487/1501/4 1486/1500/4 1485/1499/4
f 944/958/3 940/954/3 941/955/3
f 1007/1021/3 1013/1027/3 1012/1026/3
f 991/1005/4 992/1006/4 973/987/4
f 1288/1302/4 1284/1298/4 1285/1299/4
f 1409/1423/4 1315/1329/4 1311/1325/4
f 1081/1095/3 1131/1145/3 1070/1084/3
f 1309/1323/3 1305/1319/3 1304/1318/3
f 1486/1500/4 1435/1449/4 1434/1448/4
f 1449/1463/3 1448/1462/3 1443/1457/3
f 1262/1276/3 1239/1253/3 1240/1254/3
f 880/894/3 876/890/3 877/891/3
f 1322/1336/4 1318/1332/4 1319/1333/4
f 1388/1402/4 1385/1399/4 1386/1400/4
f 1132/1146/3 1014/1028/3 1015/1029/3
f 1314/1328/4 1310/1324/4 1311/1325/4
f 836/850/4 810/817/4 1537/1553/4
f 1475/1489/3 1474/1488/3 1497/1511/3
f 1400/1414/4 1396/1410/4 1397/1411/4
f 825/837/3 1556/1574/3 1512/1527/3
f 1403/1417/3 1399/1413/3 1398/1412/3
f 1537/1554/4 810/818/4 1516/1531/4
f 1470/1484/3 1436/1450/3 1437/1451/3
f 930/944/4 926/940/4 923/937/4
f 1489/1503/4 1488/1502/4 1483/1497/4
f 924/938/3 824/836/3 825/838/3
f 1260/1274/3 1261/1275/3 1240/1254/3
f 1474/1488/3 1473/1487/3 1498/1512/3
f 1161/1175/3 1160/1174/3 1151/1165/3
f 1490/1504/4 1489/1503/4 1482/1496/4
f 1473/1487/3 1472/1486/3 1499/1513/3
f 1027/1041/4 1077/1091/4 1127/1141/4
f 1256/1270/3 1245/1259/3 1246/1260/3
f 1516/1531/4 810/818/4 1538/1555/4
f 1457/1471/3 1456/1470/3 1455/1469/3
f 1414/1428/3 1410/1424/3 1321/1335/3
f 1562/1580/4 1563/1581/4 1572/1590/4
g SAFEGROUND_BASE.002_Mesh
v -2.499990 -0.000012 30.000002
v -2.499990 0.999988 30.000002
v -2.500010 0.000002 0.000002
v -2.500010 1.000003 0.000002
v 2.500010 -0.000012 29.999998
v 2.500010 0.999988 29.999998
v 2.499990 0.000002 -0.000002
v 2.499990 1.000003 -0.000002
v -2.500009 0.000002 1.000002
v -2.500009 0.000002 2.000002
v -2.500008 0.000002 3.000002
v -2.500007 0.000000 4.000002
v -2.500006 0.000000 5.000002
v -2.500006 -0.000001 6.000002
v -2.500005 -0.000001 7.000001
v -2.500005 -0.000001 8.000002
v -2.500004 -0.000001 9.000002
v -2.500003 -0.000003 10.000002
v -2.500003 -0.000003 11.000002
v -2.500002 -0.000004 12.000001
v -2.500001 -0.000004 13.000001
v -2.500001 -0.000004 14.000001
v -2.500000 -0.000004 15.000001
v -2.499999 -0.000006 16.000000
v -2.499999 -0.000006 17.000000
v -2.499998 -0.000006 18.000000
v -2.499997 -0.000007 19.000002
v -2.499997 -0.000007 20.000002
v -2.499996 -0.000007 21.000002
v -2.499995 -0.000009 22.000002
v -2.499995 -0.000009 23.000002
v -2.499994 -0.000009 24.000000
v -2.499994 -0.000010 25.000000
v -2.499993 -0.000010 26.000000
v -2.499992 -0.000010 27.000000
v -2.499991 -0.000012 28.000000
v -2.499991 -0.000012 29.000000
v -2.499991 0.999988 29.000002
v -2.499991 0.999988 28.000002
v -2.499992 0.999990 27.000002
v -2.499993 0.999990 26.000002
v -2.499994 0.999990 25.000002
v -2.499994 0.999991 24.000002
v -2.499995 0.999991 23.000002
v -2.499995 0.999991 22.000002
v -2.499996 0.999993 21.000002
v -2.499997 0.999993 20.000002
v -2.499997 0.999993 19.000002
v -2.499998 0.999994 18.000004
v -2.499999 0.999994 17.000004
v -2.499999 0.999994 16.000002
v -2.500000 0.999996 15.000003
v -2.500001 0.999996 14.000003
v -2.500001 0.999996 13.000003
v -2.500002 0.999996 12.000003
v -2.500003 0.999997 11.000002
v -2.500003 0.999997 10.000002
v -2.500004 0.999997 9.000002
v -2.500005 0.999999 8.000002
v -2.500005 0.999999 7.000002
v -2.500006 0.999999 6.000003
v -2.500006 1.000000 5.000003
v -2.500007 1.000000 4.000003
v -2.500008 1.000002 3.000003
v -2.500009 1.000002 2.000003
v -2.500009 1.000002 1.000003
v 2.500009 -0.000012 28.999998
v 2.500009 -0.000012 27.999998
v 2.500008 -0.000010 26.999998
v 2.500007 -0.000010 25.999998
v 2.500006 -0.000010 24.999998
v 2.500006 -0.000009 23.999998
v 2.500005 -0.000009 22.999998
v 2.500005 -0.000009 21.999998
v 2.500004 -0.000007 20.999998
v 2.500003 -0.000007 19.999998
v 2.500003 -0.000007 18.999998
v 2.500002 -0.000006 18.000000
v 2.500001 -0.000006 17.000000
v 2.500001 -0.000006 15.999999
v 2.500000 -0.000004 14.999999
v 2.499999 -0.000004 13.999999
v 2.499999 -0.000004 12.999999
v 2.499998 -0.000004 11.999999
v 2.499997 -0.000003 10.999998
v 2.499997 -0.000003 9.999998
v 2.499996 -0.000001 8.999998
v 2.499995 -0.000001 7.999999
v 2.499995 -0.000001 6.999998
v 2.499994 -0.000001 5.999999
v 2.499994 0.000000 4.999999
v 2.499993 0.000000 3.999999
v 2.499992 0.000002 2.999999
v 2.499991 0.000002 1.999999
v 2.499991 0.000002 0.999999
v 2.499991 1.000002 0.999998
v 2.499991 1.000002 1.999998
v 2.499992 1.000002 2.999998
v 2.499993 1.000000 3.999998
v 2.499994 1.000000 4.999998
v 2.499994 0.999999 5.999998
v 2.499995 0.999999 6.999998
v 2.499995 0.999999 7.999999
v 2.499996 0.999997 8.999998
v 2.499997 0.999997 9.999998
v 2.499997 0.999997 10.999998
v 2.499998 0.999996 11.999998
v 2.499999 0.999996 12.999998
v 2.499999 0.999996 13.999998
v 2.500000 0.999996 14.999997
v 2.500001 0.999994 15.999997
v 2.500001 0.999994 16.999998
v 2.500002 0.999994 17.999998
v 2.500003 0.999993 18.999998
v 2.500003 0.999993 19.999998
v 2.500004 0.999993 20.999998
v 2.500005 0.999991 21.999998
v 2.500005 0.999991 22.999998
v 2.500006 0.999991 23.999996
v 2.500006 0.999990 24.999996
v 2.500007 0.999990 25.999996
v 2.500008 0.999990 26.999996
v 2.500009 0.999988 27.999996
v 2.500009 0.999988 28.999996
v 1.499990 0.000002 -0.000001
v 0.499990 0.000002 0.000000
v -0.500010 0.000002 0.000000
v -1.500010 0.000002 0.000001
v -1.500010 1.000003 0.000001
v -0.500010 1.000003 0.000001
v 0.499990 1.000003 0.000000
v 1.499990 1.000003 -0.000001
v -1.499990 -0.000012 30.000000
v -0.499990 -0.000012 30.000000
v 0.500010 -0.000012 30.000000
v 1.500010 -0.000012 30.000000
v 1.500010 0.999988 30.000000
v 0.500010 0.999988 30.000000
v -0.499990 0.999988 30.000000
v -1.499990 0.999988 30.000000
v -1.500009 1.000002 1.000002
v -0.500009 1.000002 1.000002
v 0.499991 1.000002 1.000001
v 1.499991 1.000002 1.000000
v -1.500008 1.000002 2.000002
v -0.500008 1.000002 2.000002
v 0.499992 1.000002 2.000001
v 1.499992 1.000002 1.999999
v -1.500008 1.000002 3.000002
v -0.500008 1.000002 3.000002
v 0.499992 1.000002 3.000001
v 1.499992 1.000002 3.000000
v -1.500007 1.000000 4.000002
v -0.500007 1.000000 4.000002
v 0.499993 1.000000 4.000001
v 1.499993 1.000000 3.999999
v -1.500007 1.000000 5.000002
v -0.500006 1.000000 5.000002
v 0.499993 1.000000 5.000001
v 1.499993 1.000000 5.000000
v -1.500006 0.999999 6.000002
v -0.500006 0.999999 6.000002
v 0.499994 0.999999 6.000001
v 1.499994 0.999999 5.999999
v -1.500005 0.999999 7.000001
v -0.500005 0.999999 7.000000
v 0.499995 0.999999 7.000000
v 1.499995 0.999999 6.999999
v -1.500005 0.999999 8.000001
v -0.500005 0.999999 8.000000
v 0.499995 0.999999 8.000000
v 1.499995 0.999999 7.999999
v -1.500004 0.999997 9.000001
v -0.500004 0.999997 9.000000
v 0.499996 0.999997 9.000000
v 1.499996 0.999997 8.999999
v -1.500003 0.999997 10.000001
v -0.500003 0.999997 10.000000
v 0.499997 0.999997 10.000000
v 1.499997 0.999997 9.999999
v -1.500003 0.999997 11.000001
v -0.500003 0.999997 11.000000
v 0.499997 0.999997 11.000000
v 1.499997 0.999997 10.999999
v -1.500002 0.999996 12.000001
v -0.500002 0.999996 12.000000
v 0.499998 0.999996 12.000000
v 1.499998 0.999996 11.999999
v -1.500001 0.999996 13.000001
v -0.500001 0.999996 13.000000
v 0.499999 0.999996 13.000000
v 1.499999 0.999996 12.999999
v -1.500001 0.999996 14.000001
v -0.500001 0.999996 14.000000
v 0.499999 0.999996 14.000000
v 1.499999 0.999996 13.999999
v -1.500000 0.999996 15.000001
v -0.500000 0.999996 15.000001
v 0.500000 0.999996 15.000000
v 1.500000 0.999996 14.999999
v -1.499999 0.999994 16.000002
v -0.499999 0.999994 16.000000
v 0.500001 0.999994 16.000000
v 1.500001 0.999994 15.999999
v -1.499999 0.999994 17.000002
v -0.499999 0.999994 17.000000
v 0.500001 0.999994 17.000000
v 1.500001 0.999994 17.000000
v -1.499998 0.999994 18.000002
v -0.499998 0.999994 18.000000
v 0.500002 0.999994 18.000000
v 1.500002 0.999994 18.000000
v -1.499997 0.999993 19.000000
v -0.499997 0.999993 19.000000
v 0.500003 0.999993 19.000000
v 1.500003 0.999993 19.000000
v -1.499997 0.999993 20.000000
v -0.499997 0.999993 20.000000
v 0.500003 0.999993 20.000000
v 1.500003 0.999993 20.000000
v -1.499996 0.999993 21.000000
v -0.499996 0.999993 21.000000
v 0.500004 0.999993 21.000000
v 1.500004 0.999993 21.000000
v -1.499995 0.999991 22.000000
v -0.499995 0.999991 22.000000
v 0.500005 0.999991 22.000000
v 1.500005 0.999991 22.000000
v -1.499995 0.999991 23.000000
v -0.499995 0.999991 23.000000
v 0.500005 0.999991 23.000000
v 1.500005 0.999991 23.000000
v -1.499994 0.999991 24.000000
v -0.499994 0.999991 24.000000
v 0.500006 0.999991 24.000000
v 1.500006 0.999991 24.000000
v -1.499993 0.999990 25.000000
v -0.499993 0.999990 25.000000
v 0.500006 0.999990 25.000000
v 1.500007 0.999990 24.999998
v -1.499993 0.999990 26.000000
v -0.499993 0.999990 26.000000
v 0.500007 0.999990 26.000000
v 1.500007 0.999990 26.000000
v -1.499992 0.999990 27.000000
v 1.500008 0.999990 26.999998
v -1.499992 0.999988 28.000000
v 1.500008 0.999988 28.000000
v -1.499991 0.999988 29.000000
v -0.499991 0.999988 29.000000
v 0.500009 0.999988 29.000000
v 1.500009 0.999988 28.999998
v 1.499991 0.000002 1.000000
v 0.499991 0.000002 1.000001
v -0.500009 0.000002 1.000001
v -1.500009 0.000002 1.000002
v 1.499992 0.000002 2.000000
v 0.499992 0.000002 2.000001
v -0.500008 0.000002 2.000001
v -1.500008 0.000002 2.000001
v 1.499992 0.000002 3.000000
v 0.499992 0.000002 3.000001
v -0.500008 0.000002 3.000001
v -1.500008 0.000002 3.000002
v 1.499993 0.000000 4.000000
v 0.499993 0.000000 4.000001
v -0.500007 0.000000 4.000001
v -1.500007 0.000000 4.000001
v 1.499993 0.000000 5.000000
v 0.499993 0.000000 5.000001
v -0.500006 0.000000 5.000001
v -1.500007 0.000000 5.000002
v 1.499994 -0.000001 6.000000
v 0.499994 -0.000001 6.000001
v -0.500006 -0.000001 6.000001
v -1.500006 -0.000001 6.000001
v 1.499995 -0.000001 6.999999
v 0.499995 -0.000001 7.000000
v -0.500005 -0.000001 7.000000
v -1.500005 -0.000001 7.000001
v 1.499995 -0.000001 7.999999
v 0.499995 -0.000001 8.000000
v -0.500005 -0.000001 8.000000
v -1.500005 -0.000001 8.000001
v 1.499996 -0.000001 8.999999
v 0.499996 -0.000001 9.000000
v -0.500004 -0.000001 9.000000
v -1.500004 -0.000001 9.000001
v 1.499997 -0.000003 9.999999
v 0.499997 -0.000003 10.000000
v -0.500003 -0.000003 10.000000
v -1.500003 -0.000003 10.000001
v 1.499997 -0.000003 10.999999
v 0.499997 -0.000003 11.000000
v -0.500003 -0.000003 11.000000
v -1.500003 -0.000003 11.000001
v 1.499998 -0.000004 11.999999
v 0.499998 -0.000004 12.000000
v -0.500002 -0.000004 12.000000
v -1.500002 -0.000004 12.000001
v 1.499999 -0.000004 12.999999
v 0.499999 -0.000004 13.000000
v -0.500001 -0.000004 13.000000
v -1.500001 -0.000004 13.000001
v 1.499999 -0.000004 13.999999
v 0.499999 -0.000004 14.000000
v -0.500001 -0.000004 14.000000
v -1.500001 -0.000004 14.000001
v 1.500000 -0.000004 14.999999
v 0.500000 -0.000004 15.000000
v -0.500000 -0.000004 15.000000
v -1.500000 -0.000004 15.000001
v 1.500001 -0.000006 15.999999
v 0.500001 -0.000006 16.000000
v -0.499999 -0.000006 16.000000
v -1.499999 -0.000006 16.000000
v 1.500001 -0.000006 17.000000
v 0.500001 -0.000006 17.000000
v -0.499999 -0.000006 17.000000
v -1.499999 -0.000006 17.000000
v 1.500002 -0.000006 18.000000
v 0.500002 -0.000006 18.000000
v -0.499998 -0.000006 18.000000
v -1.499998 -0.000006 18.000000
v 1.500003 -0.000007 19.000000
v 0.500003 -0.000007 19.000000
v -0.499997 -0.000007 19.000000
v -1.499997 -0.000007 19.000000
v 1.500003 -0.000007 20.000000
v 0.500003 -0.000007 20.000000
v -0.499997 -0.000007 20.000000
v -1.499997 -0.000007 20.000000
v 1.500004 -0.000007 21.000000
v 0.500004 -0.000007 21.000000
v -0.499996 -0.000007 21.000000
v -1.499996 -0.000007 21.000000
v 1.500005 -0.000009 22.000000
v 0.500005 -0.000009 22.000000
v -0.499995 -0.000009 22.000000
v -1.499995 -0.000009 22.000000
v 1.500005 -0.000009 23.000000
v 0.500005 -0.000009 23.000000
v -0.499995 -0.000009 23.000000
v -1.499995 -0.000009 23.000000
v 1.500006 -0.000009 24.000000
v 0.500006 -0.000009 24.000000
v -0.499994 -0.000009 24.000000
v -1.499994 -0.000009 24.000000
v 1.500007 -0.000010 25.000000
v 0.500006 -0.000010 25.000000
v -0.499993 -0.000010 25.000000
v -1.499993 -0.000010 25.000000
v 1.500007 -0.000010 26.000000
v 0.500007 -0.000010 26.000000
v -0.499993 -0.000010 26.000000
v -1.499993 -0.000010 26.000000
v 1.500008 -0.000010 27.000000
v 0.500008 -0.000010 27.000000
v -0.499992 -0.000010 27.000000
v -1.499992 -0.000010 27.000000
v 1.500008 -0.000012 28.000000
v 0.500008 -0.000012 28.000000
v -0.499992 -0.000012 28.000000
v -1.499992 -0.000012 28.000000
v 1.500009 -0.000012 29.000000
v 0.500009 -0.000012 29.000000
v -0.499991 -0.000012 29.000000
v -1.499991 -0.000012 29.000000
v -0.499992 0.999990 27.000000
v 0.500008 0.999990 27.000000
v -0.499992 0.999988 28.000000
v 0.500008 0.999988 28.000000
v 2.499990 0.000003 -1.000002
v 2.499990 1.000003 -1.000002
v 1.499990 0.000003 -1.000002
v 1.499990 1.000003 -1.000000
v -1.500010 1.000003 -0.999999
v -0.500010 1.000003 -0.999999
v 0.499990 0.000003 -1.000000
v -2.500010 0.000003 -0.999998
v -2.500010 1.000003 -0.999998
v -0.500010 0.000003 -1.000000
v 0.499990 1.000003 -1.000000
v -1.500010 0.000003 -0.999999
v 2.499989 0.000003 -2.000002
v 2.499989 1.000003 -2.000002
v 1.499989 0.000003 -2.000002
v 1.499989 1.000003 -2.000000
v -1.500011 1.000003 -1.999998
v -0.500011 1.000003 -2.000000
v 0.499989 0.000003 -2.000000
v -2.500011 0.000003 -1.999998
v -2.500011 1.000003 -1.999998
v -0.500011 0.000003 -2.000000
v 0.499989 1.000003 -2.000000
v -1.500011 0.000003 -1.999998
v 2.499988 0.000003 -3.000002
v 2.499988 1.000003 -3.000002
v 1.499988 0.000003 -3.000002
v 1.499988 1.000003 -3.000000
v -1.500012 1.000003 -2.999998
v -0.500012 1.000003 -3.000000
v 0.499988 0.000003 -3.000000
v -2.500012 0.000003 -2.999998
v -2.500012 1.000003 -2.999998
v -0.500012 0.000003 -3.000000
v 0.499988 1.000003 -3.000000
v -1.500012 0.000003 -2.999998
v 2.499988 0.000005 -4.000002
v 2.499988 1.000005 -4.000002
v 1.499988 0.000005 -4.000002
v 1.499988 1.000005 -4.000000
v -1.500012 1.000005 -3.999998
v -0.500012 1.000005 -4.000000
v 0.499988 0.000005 -4.000000
v -2.500012 0.000005 -3.999998
v -2.500012 1.000005 -3.999998
v -0.500012 0.000005 -4.000000
v 0.499988 1.000005 -4.000000
v -1.500012 0.000005 -3.999998
v 2.499987 0.000005 -5.000002
v 2.499987 1.000005 -5.000002
v 1.499987 0.000005 -5.000002
v 1.499987 1.000005 -5.000000
v -1.500013 1.000005 -4.999998
v -0.500013 1.000005 -5.000000
v 0.499987 0.000005 -5.000000
v -2.500013 0.000005 -4.999998
v -2.500013 1.000005 -4.999998
v -0.500013 0.000005 -5.000000
v 0.499987 1.000005 -5.000000
v -1.500013 0.000005 -4.999998
v 2.499986 0.000005 -6.000002
v 2.499986 1.000005 -6.000002
v 1.499986 0.000005 -6.000002
v 1.499986 1.000005 -6.000000
v -1.500014 1.000005 -5.999998
v -0.500014 1.000005 -6.000000
v 0.499986 0.000005 -6.000000
v -2.500014 0.000005 -5.999998
v -2.500014 1.000005 -5.999998
v -0.500014 0.000005 -6.000000
v 0.499986 1.000005 -6.000000
v -1.500014 0.000005 -5.999998
v 2.499986 0.000006 -7.000002
v 2.499986 1.000006 -7.000002
v 1.499986 0.000006 -7.000002
v 1.499986 1.000006 -7.000000
v -1.500014 1.000006 -6.999998
v -0.500014 1.000006 -7.000000
v 0.499986 0.000006 -7.000000
v -2.500014 0.000006 -6.999998
v -2.500014 1.000006 -6.999998
v -0.500014 0.000006 -7.000000
v 0.499986 1.000006 -7.000000
v -1.500014 0.000006 -6.999998
v 2.499985 0.000006 -8.000002
v 2.499985 1.000006 -8.000002
v 1.499985 0.000006 -8.000002
v 1.499985 1.000006 -8.000000
v -1.500015 1.000006 -7.999998
v -0.500015 1.000006 -8.000000
v 0.499985 0.000006 -8.000000
v -2.500015 0.000006 -7.999998
v -2.500015 1.000006 -7.999998
v -0.500015 0.000006 -8.000000
v 0.499985 1.000006 -8.000000
v -1.500015 0.000006 -7.999998
v 2.499984 0.000006 -9.000002
v 2.499984 1.000006 -9.000002
v 1.499984 0.000006 -9.000002
v 1.499984 1.000006 -9.000000
v -1.500016 1.000006 -8.999998
v -0.500016 1.000006 -9.000000
v 0.499984 0.000006 -9.000000
v -2.500016 0.000006 -8.999998
v -2.500016 1.000006 -8.999998
v -0.500016 0.000006 -9.000000
v 0.499984 1.000006 -9.000000
v -1.500016 0.000006 -8.999998
v 2.499984 0.000008 -10.000002
v 2.499984 1.000008 -10.000002
v 1.499984 0.000008 -10.000002
v 1.499984 1.000008 -10.000000
v -1.500016 1.000008 -9.999998
v -0.500016 1.000008 -10.000000
v 0.499984 0.000008 -10.000000
v -2.500016 0.000008 -9.999998
v -2.500016 1.000008 -9.999998
v -0.500016 0.000008 -10.000000
v 0.499984 1.000008 -10.000000
v -1.500016 0.000008 -9.999998
v 2.499983 0.000008 -11.000002
v 2.499983 1.000008 -11.000002
v 1.499983 0.000008 -11.000002
v 1.499983 1.000008 -11.000000
v -1.500017 1.000008 -10.999998
v -0.500017 1.000008 -11.000000
v 0.499983 0.000008 -11.000000
v -2.500017 0.000008 -10.999998
v -2.500017 1.000008 -10.999998
v -0.500017 0.000008 -11.000000
v 0.499983 1.000008 -11.000000
v -1.500017 0.000008 -10.999998
v 2.499982 0.000008 -12.000002
v 2.499982 1.000008 -12.000002
v 1.499982 0.000008 -12.000002
v 1.499982 1.000008 -12.000000
v -1.500018 1.000008 -11.999998
v -0.500018 1.000008 -12.000000
v 0.499982 0.000008 -12.000000
v -2.500018 0.000008 -11.999998
v -2.500018 1.000008 -11.999998
v -0.500018 0.000008 -12.000000
v 0.499982 1.000008 -12.000000
v -1.500018 0.000008 -11.999998
v 2.499982 0.000009 -13.000002
v 2.499982 1.000009 -13.000002
v 1.499982 0.000009 -13.000002
v 1.499982 1.000009 -13.000000
v -1.500018 1.000009 -12.999998
v -0.500018 1.000009 -13.000000
v 0.499982 0.000009 -13.000000
v -2.500018 0.000009 -12.999998
v -2.500018 1.000009 -12.999998
v -0.500018 0.000009 -13.000000
v 0.499982 1.000009 -13.000000
v -1.500018 0.000009 -12.999998
v 2.499981 0.000009 -14.000002
v 2.499981 1.000009 -14.000002
v 1.499981 0.000009 -14.000002
v 1.499981 1.000009 -14.000000
v -1.500019 1.000009 -13.999998
v -0.500019 1.000009 -14.000000
v 0.499981 0.000009 -14.000000
v -2.500019 0.000009 -13.999998
v -2.500019 1.000009 -13.999998
v -0.500019 0.000009 -14.000000
v 0.499981 1.000009 -14.000000
v -1.500019 0.000009 -13.999998
v 2.499980 0.000009 -15.000002
v 2.499980 1.000010 -15.000002
v 1.499980 0.000009 -15.000002
v 1.499980 1.000010 -15.000000
v -1.500020 1.000010 -14.999998
v -0.500020 1.000010 -15.000000
v 0.499980 0.000009 -15.000000
v -2.500020 0.000009 -14.999998
v -2.500020 1.000010 -14.999998
v -0.500020 0.000009 -15.000000
v 0.499980 1.000010 -15.000000
v -1.500020 0.000009 -14.999998
v 2.499980 0.000011 -16.000002
v 2.499980 1.000011 -16.000002
v 1.499980 0.000011 -16.000002
v 1.499980 1.000011 -16.000000
v -1.500020 1.000011 -15.999998
v -0.500020 1.000011 -16.000000
v 0.499980 0.000011 -16.000000
v -2.500020 0.000011 -15.999998
v -2.500020 1.000011 -15.999998
v -0.500020 0.000011 -16.000000
v 0.499980 1.000011 -16.000000
v -1.500020 0.000011 -15.999998
v 2.499979 0.000011 -17.000000
v 2.499979 1.000011 -17.000000
v 1.499979 0.000011 -17.000000
v 1.499979 1.000011 -17.000000
v -1.500021 1.000011 -16.999998
v -0.500021 1.000011 -17.000000
v 0.499979 0.000011 -17.000000
v -2.500021 0.000011 -16.999998
v -2.500021 1.000011 -16.999998
v -0.500021 0.000011 -17.000000
v 0.499979 1.000011 -17.000000
v -1.500021 0.000011 -16.999998
v 2.499979 0.000011 -18.000000
v 2.499979 1.000011 -18.000000
v 1.499979 0.000011 -18.000000
v 1.499979 1.000011 -18.000000
v -1.500021 1.000011 -18.000000
v -0.500022 1.000011 -18.000000
v 0.499978 0.000011 -18.000000
v -2.500021 0.000011 -18.000000
v -2.500021 1.000011 -18.000000
v -0.500022 0.000011 -18.000000
v 0.499978 1.000011 -18.000000
v -1.500021 0.000011 -18.000000
v 2.499978 0.000012 -19.000000
v 2.499978 1.000011 -19.000000
v 1.499978 0.000012 -19.000000
v 1.499978 1.000011 -19.000000
v -1.500022 1.000011 -19.000000
v -0.500022 1.000011 -19.000000
v 0.499978 0.000012 -19.000000
v -2.500022 0.000012 -19.000000
v -2.500022 1.000011 -19.000000
v -0.500022 0.000012 -19.000000
v 0.499978 1.000011 -19.000000
v -1.500022 0.000012 -19.000000
v 2.499977 0.000012 -20.000000
v 2.499977 1.000012 -20.000000
v 1.499977 0.000012 -20.000000
v 1.499977 1.000012 -20.000000
v -1.500023 1.000012 -20.000000
v -0.500023 1.000012 -20.000000
v 0.499977 0.000012 -20.000000
v -2.500023 0.000012 -20.000000
v -2.500023 1.000012 -20.000000
v -0.500023 0.000012 -20.000000
v 0.499977 1.000012 -20.000000
v -1.500023 0.000012 -20.000000
v 2.499977 0.000012 -21.000000
v 2.499977 1.000012 -21.000000
v 1.499977 0.000012 -21.000000
v 1.499977 1.000012 -21.000000
v -1.500023 1.000012 -21.000000
v -0.500023 1.000012 -21.000000
v 0.499977 0.000012 -21.000000
v -2.500023 0.000012 -21.000000
v -2.500023 1.000012 -21.000000
v -0.500023 0.000012 -21.000000
v 0.499977 1.000012 -21.000000
v -1.500023 0.000012 -21.000000
v 2.499976 0.000014 -22.000000
v 2.499976 1.000014 -22.000000
v 1.499976 0.000014 -22.000000
v -1.500024 1.000014 -22.000000
v -0.500024 1.000014 -22.000000
v 0.499976 0.000014 -22.000000
v -2.500024 0.000014 -22.000000
v -2.500024 1.000014 -22.000000
v -0.500024 0.000014 -22.000000
v 0.499976 1.000014 -22.000000
v -1.500024 0.000014 -22.000000
v 2.499975 0.000014 -23.000000
v 2.499975 1.000014 -23.000000
v 1.499975 0.000014 -23.000000
v -1.500025 1.000014 -23.000000
v 0.499975 0.000014 -23.000000
v -2.500025 0.000014 -23.000000
v -2.500025 1.000014 -23.000000
v -0.500025 0.000014 -23.000000
v 0.499975 1.000014 -23.000000
v -1.500025 0.000014 -23.000000
v 2.499974 0.000014 -24.000000
v 2.499974 1.000014 -24.000000
v 1.499975 0.000014 -24.000000
v 1.499975 1.000014 -24.000000
v -1.500025 1.000014 -24.000000
v -0.500025 1.000014 -24.000000
v 0.499975 0.000014 -24.000000
v -2.500026 0.000014 -24.000000
v -2.500026 1.000014 -24.000000
v -0.500025 0.000014 -24.000000
v 0.499975 1.000014 -24.000000
v -1.500025 0.000014 -24.000000
v 2.499974 0.000015 -25.000000
v 1.499974 0.000015 -25.000000
v 1.499974 1.000015 -25.000000
v 0.499974 0.000015 -25.000000
v -2.500026 0.000015 -25.000000
v -0.500026 0.000015 -25.000000
v 0.499974 1.000015 -25.000000
v -1.500026 0.000015 -25.000000
v 2.499973 0.000015 -26.000000
v 1.499973 0.000015 -26.000000
v -0.500027 1.000015 -26.000000
v 0.499973 0.000015 -26.000000
v -2.500027 0.000015 -26.000000
v -0.500027 0.000015 -26.000000
v 0.499973 1.000015 -26.000000
v -1.500027 0.000015 -26.000000
v 2.499973 0.000015 -27.000000
v 2.499973 1.000015 -27.000000
v 1.499973 0.000015 -27.000000
v 1.499973 1.000015 -27.000000
v -1.500027 1.000015 -27.000000
v -0.500027 1.000015 -27.000000
v 0.499973 0.000015 -27.000000
v -2.500027 0.000015 -27.000000
v -2.500027 1.000015 -27.000000
v -0.500027 0.000015 -27.000000
v 0.499973 1.000015 -27.000000
v -1.500027 0.000015 -27.000000
v 2.499972 0.000017 -28.000000
v 2.499972 1.000017 -28.000000
v 1.499972 0.000017 -28.000000
v 1.499972 1.000017 -28.000000
v -1.500028 1.000017 -28.000000
v -0.500028 1.000017 -28.000000
v 0.499972 0.000017 -28.000000
v -2.500028 0.000017 -28.000000
v -2.500028 1.000017 -28.000000
v -0.500028 0.000017 -28.000000
v 0.499972 1.000017 -28.000000
v -1.500028 0.000017 -28.000000
v 2.499971 0.000017 -29.000000
v 2.499971 1.000017 -29.000000
v 1.499971 0.000017 -29.000000
v 0.499971 0.000017 -29.000000
v -2.500029 0.000017 -29.000000
v -2.500029 1.000017 -29.000000
v -0.500029 0.000017 -29.000000
v 0.499971 1.000017 -29.000000
v -1.500029 0.000017 -29.000000
v 2.499971 0.000017 -30.000000
v 2.499971 1.000017 -30.000000
v 1.499971 0.000017 -30.000000
v 1.499971 1.000017 -30.000000
v 0.499971 0.000017 -30.000000
v -2.500029 0.000017 -30.000000
v -2.500029 1.000017 -30.000000
v -0.500029 0.000017 -30.000000
v -1.500029 0.000017 -30.000000
v -2.500014 7.000005 -5.999996
v -1.500014 7.000005 -5.999996
v -1.500013 7.000005 -4.999996
v -2.500013 7.000005 -4.999996
v -0.500020 4.000010 -15.999996
v 0.499980 3.000011 -15.999998
v 0.499980 3.000009 -14.999998
v -0.500020 4.000010 -14.999996
v 2.499980 3.000011 -16.000002
v 2.499980 3.000009 -15.000000
v -2.500020 4.000010 -15.999996
v -2.500020 4.000010 -14.999996
v 2.499980 2.000009 -15.000002
v 1.499980 2.000009 -15.000000
v 2.499980 2.000011 -16.000002
v 1.499980 2.000011 -16.000000
v 0.499980 14.000010 -14.999994
v -0.500020 14.000010 -14.999994
v -0.500020 14.000010 -15.999994
v 0.499980 14.000010 -15.999994
v -2.500020 14.000010 -15.999992
v -2.500020 14.000010 -14.999992
v 2.499980 14.000010 -14.999996
v 2.499980 14.000010 -15.999996
v -0.500028 14.000016 -27.999992
v 0.499972 14.000016 -27.999992
v -2.500028 14.000016 -27.999992
v 2.499972 14.000016 -27.999996
v -2.500027 14.000016 -26.999992
v -2.500027 14.000013 -25.999992
v -2.500026 14.000013 -24.999992
v -2.500026 14.000013 -23.999992
v -2.500025 14.000013 -22.999992
v -2.500024 14.000013 -21.999992
v -2.500023 14.000013 -20.999992
v -2.500023 14.000011 -19.999992
v -2.500022 14.000011 -18.999992
v -2.500021 14.000011 -17.999992
v -2.500021 14.000010 -16.999992
v 2.499979 14.000010 -16.999996
v 2.499979 14.000011 -17.999996
v 2.499978 14.000011 -18.999996
v 2.499977 14.000011 -19.999996
v 2.499977 14.000013 -20.999996
v 2.499976 14.000013 -21.999996
v 2.499975 14.000013 -22.999996
v 2.499974 14.000013 -23.999996
v 2.499974 14.000013 -24.999996
v 2.499973 14.000013 -25.999996
v 2.499973 14.000016 -26.999996
v 0.499979 14.000010 -16.999994
v 0.499978 14.000011 -17.999992
v 0.499978 14.000011 -18.999992
v 0.499977 14.000011 -19.999992
v 0.499977 14.000013 -20.999992
v 0.499976 14.000013 -21.999992
v 0.499975 14.000013 -22.999992
v 0.499975 14.000013 -23.999992
v 0.499974 14.000013 -24.999992
v 0.499973 14.000013 -25.999992
v 0.499973 14.000016 -26.999992
v -0.500027 14.000016 -26.999992
v -0.500027 14.000013 -25.999992
v -0.500026 14.000013 -24.999992
v -0.500025 14.000013 -23.999992
v -0.500025 14.000013 -22.999992
v -0.500024 14.000013 -21.999992
v -0.500023 14.000013 -20.999992
v -0.500023 14.000011 -19.999992
v -0.500022 14.000011 -18.999992
v -0.500022 14.000011 -17.999992
v -0.500021 14.000010 -16.999994
v 1.499980 14.000010 -14.999994
v 1.499980 14.000010 -15.999994
v 1.499972 14.000016 -27.999996
v 1.499979 14.000010 -16.999994
v 1.499979 14.000011 -17.999996
v 1.499978 14.000011 -18.999996
v 1.499977 14.000011 -19.999996
v 1.499977 14.000013 -20.999996
v 1.499976 14.000013 -21.999996
v 1.499975 14.000013 -22.999996
v 1.499975 14.000013 -23.999996
v 1.499974 14.000013 -24.999996
v 1.499973 14.000013 -25.999996
v 1.499973 14.000016 -26.999996
v -1.500020 14.000010 -15.999992
v -1.500020 14.000010 -14.999992
v -1.500028 14.000016 -27.999992
v -1.500021 14.000010 -16.999992
v -1.500021 14.000011 -17.999992
v -1.500022 14.000011 -18.999992
v -1.500023 14.000011 -19.999992
v -1.500023 14.000013 -20.999992
v -1.500024 14.000013 -21.999992
v -1.500025 14.000013 -22.999992
v -1.500025 14.000013 -23.999992
v -1.500026 14.000013 -24.999992
v -1.500027 14.000013 -25.999992
v -1.500027 14.000016 -26.999992
v 1.499971 14.000017 -28.999996
v 0.499971 14.000017 -28.999992
v -0.500029 14.000017 -28.999992
v 2.499971 14.000017 -28.999996
v -1.500029 14.000017 -28.999992
v -2.500029 14.000017 -28.999992
v -0.500025 1.000014 -23.000000
v 1.499976 1.000014 -22.000000
v 1.499975 1.000014 -23.000000
v -0.500026 1.000015 -25.000000
v 2.499974 1.000015 -25.000000
v -2.500026 1.000015 -25.000000
v -1.500026 1.000015 -25.000000
v 1.499973 1.000015 -26.000000
v 2.499973 1.000015 -26.000000
v -2.500027 1.000015 -26.000000
v -1.500027 1.000015 -26.000000
v 1.499971 1.000017 -29.000000
v -0.500029 1.000017 -29.000000
v -1.500029 1.000017 -29.000000
v 0.499971 1.000017 -30.000000
v -0.500029 1.000017 -30.000000
v -1.500029 1.000017 -30.000000
v -0.500024 12.000013 -21.999992
v 0.499976 12.000013 -21.999996
v -0.500025 12.000013 -22.999992
v 0.499975 12.000013 -22.999996
v 1.499976 12.000013 -21.999996
v 1.499975 12.000013 -22.999996
v 2.499974 10.000013 -23.999996
v 0.499975 10.000013 -23.999996
v 0.499974 10.000013 -24.999996
v -0.500026 10.000013 -24.999992
v -0.500025 10.000013 -23.999992
v 1.499975 10.000013 -23.999996
v 1.499974 10.000013 -24.999996
v -1.500026 10.000013 -24.999992
v -1.500014 7.000005 -5.999996
v -2.500014 7.000005 -5.999996
v 0.499988 5.000003 -2.999998
v 0.499988 5.000003 -3.999998
v -2.500010 3.000003 -0.999997
v -1.500010 3.000003 -0.999997
v -2.500012 3.000005 -2.999998
v -1.500012 5.000003 -2.999996
v -1.500012 3.000005 -2.999998
v -1.500012 5.000003 -3.999996
v -1.500012 7.000003 -3.999996
v -2.500012 7.000003 -3.999996
v 1.499995 4.999999 7.000002
v 1.499992 5.000000 3.000003
v 0.499992 5.000000 3.000004
v 0.499995 4.999999 7.000002
v 2.499987 5.000005 -4.999998
v 1.499987 5.000005 -4.999998
v 2.499991 5.000002 1.000001
v 1.499991 5.000002 1.000002
v -1.500003 6.999996 11.000004
v -0.500003 6.999996 11.000004
v -1.500002 6.999996 12.000004
v -0.500002 6.999996 12.000004
v -1.500001 6.999996 13.000004
v -0.500001 6.999996 13.000004
vn -0.0000 1.0000 -0.0000
vn -0.0000 -1.0000 -0.0000
vn -0.0000 -0.0000 1.0000
vt 0.125000 0.750000
vt 0.875000 0.750000
vt 0.375000 0.250000
vt 0.125000 0.500000
vt 0.625000 0.250000
vt 0.375000 0.750000
vt 0.625000 0.750000
vt 0.375000 0.500000
vt 0.625000 0.500000
vt 0.125000 0.508333
vt 0.125000 0.516667
vt 0.125000 0.525000
vt 0.125000 0.533333
vt 0.125000 0.541667
vt 0.125000 0.550000
vt 0.125000 0.558333
vt 0.125000 0.566667
vt 0.125000 0.575000
vt 0.125000 0.583333
vt 0.125000 0.591667
vt 0.125000 0.600000
vt 0.125000 0.608333
vt 0.125000 0.616667
vt 0.125000 0.625000
vt 0.125000 0.633333
vt 0.125000 0.641667
vt 0.125000 0.650000
vt 0.125000 0.658333
vt 0.125000 0.666667
vt 0.125000 0.675000
vt 0.125000 0.683333
vt 0.125000 0.691667
vt 0.125000 0.700000
vt 0.125000 0.708333
vt 0.125000 0.716667
vt 0.125000 0.725000
vt 0.125000 0.733333
vt 0.125000 0.741667
vt 0.875000 0.741667
vt 0.875000 0.733333
vt 0.875000 0.725000
vt 0.875000 0.716667
vt 0.875000 0.708333
vt 0.875000 0.700000
vt 0.875000 0.691666
vt 0.875000 0.683333
vt 0.875000 0.675000
vt 0.875000 0.666667
vt 0.875000 0.658333
vt 0.875000 0.650000
vt 0.875000 0.641667
vt 0.875000 0.633333
vt 0.875000 0.625000
vt 0.875000 0.616667
vt 0.875000 0.608333
vt 0.875000 0.600000
vt 0.875000 0.591667
vt 0.875000 0.583333
vt 0.875000 0.575000
vt 0.875000 0.566667
vt 0.875000 0.558333
vt 0.875000 0.550000
vt 0.875000 0.541667
vt 0.875000 0.533333
vt 0.875000 0.525000
vt 0.875000 0.516667
vt 0.875000 0.508333
vt 0.375000 0.741667
vt 0.375000 0.733333
vt 0.375000 0.725000
vt 0.375000 0.716667
vt 0.375000 0.708333
vt 0.375000 0.700000
vt 0.375000 0.691666
vt 0.375000 0.683333
vt 0.375000 0.675000
vt 0.375000 0.666667
vt 0.375000 0.658333
vt 0.375000 0.650000
vt 0.375000 0.641667
vt 0.375000 0.633333
vt 0.375000 0.625000
vt 0.375000 0.616667
vt 0.375000 0.608333
vt 0.375000 0.600000
vt 0.375000 0.591667
vt 0.375000 0.583333
vt 0.375000 0.575000
vt 0.375000 0.566667
vt 0.375000 0.558333
vt 0.375000 0.550000
vt 0.375000 0.541667
vt 0.375000 0.533333
vt 0.375000 0.525000
vt 0.375000 0.516667
vt 0.375000 0.508333
vt 0.625000 0.508333
vt 0.625000 0.516667
vt 0.625000 0.525000
vt 0.625000 0.533333
vt 0.625000 0.541667
vt 0.625000 0.550000
vt 0.625000 0.558333
vt 0.625000 0.566667
vt 0.625000 0.575000
vt 0.625000 0.583333
vt 0.625000 0.591667
vt 0.625000 0.600000
vt 0.625000 0.608333
vt 0.625000 0.616667
vt 0.625000 0.625000
vt 0.625000 0.633333
vt 0.625000 0.641667
vt 0.625000 0.650000
vt 0.625000 0.658333
vt 0.625000 0.666667
vt 0.625000 0.675000
vt 0.625000 0.683333
vt 0.625000 0.691667
vt 0.625000 0.700000
vt 0.625000 0.708333
vt 0.625000 0.716667
vt 0.625000 0.725000
vt 0.625000 0.733333
vt 0.625000 0.741667
vt 0.325000 0.500000
vt 0.375000 0.450000
vt 0.275000 0.500000
vt 0.375000 0.400000
vt 0.225000 0.500000
vt 0.375000 0.350000
vt 0.375000 0.300000
vt 0.175000 0.500000
vt 0.825000 0.500000
vt 0.625000 0.300000
vt 0.775000 0.500000
vt 0.625000 0.350000
vt 0.725000 0.500000
vt 0.625000 0.400000
vt 0.675000 0.500000
vt 0.625000 0.450000
vt 0.175000 0.750000
vt 0.225000 0.750000
vt 0.275000 0.750000
vt 0.325000 0.750000
vt 0.675000 0.750000
vt 0.725000 0.750000
vt 0.775000 0.750000
vt 0.825000 0.750000
vt 0.825000 0.508333
vt 0.775000 0.508333
vt 0.725000 0.508333
vt 0.675000 0.508333
vt 0.825000 0.516667
vt 0.775000 0.516667
vt 0.725000 0.516667
vt 0.675000 0.516667
vt 0.825000 0.525000
vt 0.775000 0.525000
vt 0.725000 0.525000
vt 0.675000 0.525000
vt 0.825000 0.533333
vt 0.775000 0.533333
vt 0.725000 0.533333
vt 0.675000 0.533333
vt 0.825000 0.541667
vt 0.775000 0.541667
vt 0.725000 0.541667
vt 0.675000 0.541667
vt 0.825000 0.550000
vt 0.775000 0.550000
vt 0.725000 0.550000
vt 0.675000 0.550000
vt 0.825000 0.558333
vt 0.775000 0.558333
vt 0.725000 0.558333
vt 0.675000 0.558333
vt 0.825000 0.566667
vt 0.775000 0.566667
vt 0.725000 0.566667
vt 0.675000 0.566667
vt 0.825000 0.575000
vt 0.775000 0.575000
vt 0.725000 0.575000
vt 0.675000 0.575000
vt 0.825000 0.583333
vt 0.775000 0.583333
vt 0.725000 0.583333
vt 0.675000 0.583333
vt 0.825000 0.591667
vt 0.775000 0.591667
vt 0.725000 0.591667
vt 0.675000 0.591667
vt 0.825000 0.600000
vt 0.775000 0.600000
vt 0.725000 0.600000
vt 0.675000 0.600000
vt 0.825000 0.608333
vt 0.775000 0.608333
vt 0.725000 0.608333
vt 0.675000 0.608333
vt 0.825000 0.616667
vt 0.775000 0.616667
vt 0.725000 0.616667
vt 0.675000 0.616667
vt 0.825000 0.625000
vt 0.775000 0.625000
vt 0.725000 0.625000
vt 0.675000 0.625000
vt 0.825000 0.633333
vt 0.775000 0.633333
vt 0.725000 0.633333
vt 0.675000 0.633333
vt 0.825000 0.641667
vt 0.775000 0.641667
vt 0.725000 0.641667
vt 0.675000 0.641667
vt 0.825000 0.650000
vt 0.775000 0.650000
vt 0.725000 0.650000
vt 0.675000 0.650000
vt 0.825000 0.658333
vt 0.775000 0.658333
vt 0.725000 0.658333
vt 0.675000 0.658333
vt 0.825000 0.666667
vt 0.775000 0.666667
vt 0.725000 0.666667
vt 0.675000 0.666667
vt 0.825000 0.675000
vt 0.775000 0.675000
vt 0.725000 0.675000
vt 0.675000 0.675000
vt 0.825000 0.683333
vt 0.775000 0.683333
vt 0.725000 0.683333
vt 0.675000 0.683333
vt 0.825000 0.691667
vt 0.775000 0.691667
vt 0.725000 0.691667
vt 0.675000 0.691667
vt 0.825000 0.700000
vt 0.775000 0.700000
vt 0.725000 0.700000
vt 0.675000 0.700000
vt 0.825000 0.708333
vt 0.775000 0.708333
vt 0.725000 0.708333
vt 0.675000 0.708333
vt 0.825000 0.716667
vt 0.775000 0.716667
vt 0.725000 0.716667
vt 0.675000 0.716667
vt 0.825000 0.725000
vt 0.675000 0.725000
vt 0.825000 0.733333
vt 0.675000 0.733333
vt 0.825000 0.741667
vt 0.775000 0.741667
vt 0.725000 0.741667
vt 0.675000 0.741667
vt 0.325000 0.508333
vt 0.275000 0.508333
vt 0.225000 0.508333
vt 0.175000 0.508333
vt 0.325000 0.516667
vt 0.275000 0.516667
vt 0.225000 0.516667
vt 0.175000 0.516667
vt 0.325000 0.525000
vt 0.275000 0.525000
vt 0.225000 0.525000
vt 0.175000 0.525000
vt 0.325000 0.533333
vt 0.275000 0.533333
vt 0.225000 0.533333
vt 0.175000 0.533333
vt 0.325000 0.541667
vt 0.275000 0.541667
vt 0.225000 0.541667
vt 0.175000 0.541667
vt 0.325000 0.550000
vt 0.275000 0.550000
vt 0.225000 0.550000
vt 0.175000 0.550000
vt 0.325000 0.558333
vt 0.275000 0.558333
vt 0.225000 0.558333
vt 0.175000 0.558333
vt 0.325000 0.566667
vt 0.275000 0.566667
vt 0.225000 0.566667
vt 0.175000 0.566667
vt 0.325000 0.575000
vt 0.275000 0.575000
vt 0.225000 0.575000
vt 0.175000 0.575000
vt 0.325000 0.583333
vt 0.275000 0.583333
vt 0.225000 0.583333
vt 0.175000 0.583333
vt 0.325000 0.591667
vt 0.275000 0.591667
vt 0.225000 0.591667
vt 0.175000 0.591667
vt 0.325000 0.600000
vt 0.275000 0.600000
vt 0.225000 0.600000
vt 0.175000 0.600000
vt 0.325000 0.608333
vt 0.275000 0.608333
vt 0.225000 0.608333
vt 0.175000 0.608333
vt 0.325000 0.616667
vt 0.275000 0.616667
vt 0.225000 0.616667
vt 0.175000 0.616667
vt 0.325000 0.625000
vt 0.275000 0.625000
vt 0.225000 0.625000
vt 0.175000 0.625000
vt 0.325000 0.633333
vt 0.275000 0.633333
vt 0.225000 0.633333
vt 0.175000 0.633333
vt 0.325000 0.641667
vt 0.275000 0.641667
vt 0.225000 0.641667
vt 0.175000 0.641667
vt 0.325000 0.650000
vt 0.275000 0.650000
vt 0.225000 0.650000
vt 0.175000 0.650000
vt 0.325000 0.658333
vt 0.275000 0.658333
vt 0.225000 0.658333
vt 0.175000 0.658333
vt 0.325000 0.666667
vt 0.275000 0.666667
vt 0.225000 0.666667
vt 0.175000 0.666667
vt 0.325000 0.675000
vt 0.275000 0.675000
vt 0.225000 0.675000
vt 0.175000 0.675000
vt 0.325000 0.683333
vt 0.275000 0.683333
vt 0.225000 0.683333
vt 0.175000 0.683333
vt 0.325000 0.691667
vt 0.275000 0.691667
vt 0.225000 0.691667
vt 0.175000 0.691667
vt 0.325000 0.700000
vt 0.275000 0.700000
vt 0.225000 0.700000
vt 0.175000 0.700000
vt 0.325000 0.708333
vt 0.275000 0.708333
vt 0.225000 0.708333
vt 0.175000 0.708333
vt 0.325000 0.716667
vt 0.275000 0.716667
vt 0.225000 0.716667
vt 0.175000 0.716667
vt 0.325000 0.725000
vt 0.275000 0.725000
vt 0.225000 0.725000
vt 0.175000 0.725000
vt 0.325000 0.733333
vt 0.275000 0.733333
vt 0.225000 0.733333
vt 0.175000 0.733333
vt 0.325000 0.741667
vt 0.275000 0.741667
vt 0.225000 0.741667
vt 0.175000 0.741667
vt 0.775000 0.725000
vt 0.725000 0.725000
vt 0.775000 0.733333
vt 0.725000 0.733333
vt 0.375000 0.500000
vt 0.625000 0.500000
vt 0.375000 0.450000
vt 0.625000 0.450000
vt 0.625000 0.300000
vt 0.625000 0.350000
vt 0.375000 0.400000
vt 0.375000 0.250000
vt 0.625000 0.250000
vt 0.375000 0.350000
vt 0.625000 0.400000
vt 0.375000 0.300000
vt 0.375000 0.500000
vt 0.625000 0.500000
vt 0.375000 0.450000
vt 0.625000 0.450000
vt 0.625000 0.300000
vt 0.625000 0.350000
vt 0.375000 0.400000
vt 0.375000 0.250000
vt 0.625000 0.250000
vt 0.375000 0.350000
vt 0.625000 0.400000
vt 0.375000 0.300000
vt 0.375000 0.500000
vt 0.625000 0.500000
vt 0.375000 0.450000
vt 0.625000 0.450000
vt 0.625000 0.300000
vt 0.625000 0.350000
vt 0.375000 0.400000
vt 0.375000 0.250000
vt 0.625000 0.250000
vt 0.375000 0.350000
vt 0.625000 0.400000
vt 0.375000 0.300000
vt 0.375000 0.500000
vt 0.625000 0.500000
vt 0.375000 0.450000
vt 0.625000 0.450000
vt 0.625000 0.300000
vt 0.625000 0.350000
vt 0.375000 0.400000
vt 0.375000 0.250000
vt 0.625000 0.250000
vt 0.375000 0.350000
vt 0.625000 0.400000
vt 0.375000 0.300000
vt 0.375000 0.500000
vt 0.625000 0.500000
vt 0.375000 0.450000
vt 0.625000 0.450000
vt 0.625000 0.300000
vt 0.625000 0.350000
vt 0.375000 0.400000
vt 0.375000 0.250000
vt 0.625000 0.250000
vt 0.375000 0.350000
vt 0.625000 0.400000
vt 0.375000 0.300000
vt 0.375000 0.500000
vt 0.625000 0.500000
vt 0.375000 0.450000
vt 0.625000 0.450000
vt 0.625000 0.300000
vt 0.625000 0.350000
vt 0.375000 0.400000
vt 0.375000 0.250000
vt 0.625000 0.250000
vt 0.375000 0.350000
vt 0.625000 0.400000
vt 0.375000 0.300000
vt 0.375000 0.500000
vt 0.625000 0.500000
vt 0.375000 0.450000
vt 0.625000 0.450000
vt 0.625000 0.300000
vt 0.625000 0.350000
vt 0.375000 0.400000
vt 0.375000 0.250000
vt 0.625000 0.250000
vt 0.375000 0.350000
vt 0.625000 0.400000
vt 0.375000 0.300000
vt 0.375000 0.500000
vt 0.625000 0.500000
vt 0.375000 0.450000
vt 0.625000 0.450000
vt 0.625000 0.300000
vt 0.625000 0.350000
vt 0.375000 0.400000
vt 0.375000 0.250000
vt 0.625000 0.250000
vt 0.375000 0.350000
vt 0.625000 0.400000
vt 0.375000 0.300000
vt 0.375000 0.500000
vt 0.625000 0.500000
vt 0.375000 0.450000
vt 0.625000 0.450000
vt 0.625000 0.300000
vt 0.625000 0.350000
vt 0.375000 0.400000
vt 0.375000 0.250000
vt 0.625000 0.250000
vt 0.375000 0.350000
vt 0.625000 0.400000
vt 0.375000 0.300000
vt 0.375000 0.500000
vt 0.625000 0.500000
vt 0.375000 0.450000
vt 0.625000 0.450000
vt 0.625000 0.300000
vt 0.625000 0.350000
vt 0.375000 0.400000
vt 0.375000 0.250000
vt 0.625000 0.250000
vt 0.375000 0.350000
vt 0.625000 0.400000
vt 0.375000 0.300000
vt 0.375000 0.500000
vt 0.625000 0.500000
vt 0.375000 0.450000
vt 0.625000 0.450000
vt 0.625000 0.300000
vt 0.625000 0.350000
vt 0.375000 0.400000
vt 0.375000 0.250000
vt 0.625000 0.250000
vt 0.375000 0.350000
vt 0.625000 0.400000
vt 0.375000 0.300000
vt 0.375000 0.500000
vt 0.625000 0.500000
vt 0.375000 0.450000
vt 0.625000 0.450000
vt 0.625000 0.300000
vt 0.625000 0.350000
vt 0.375000 0.400000
vt 0.375000 0.250000
vt 0.625000 0.250000
vt 0.375000 0.350000
vt 0.625000 0.400000
vt 0.375000 0.300000
vt 0.375000 0.500000
vt 0.625000 0.500000
vt 0.375000 0.450000
vt 0.625000 0.450000
vt 0.625000 0.300000
vt 0.625000 0.350000
vt 0.375000 0.400000
vt 0.375000 0.250000
vt 0.625000 0.250000
vt 0.375000 0.350000
vt 0.625000 0.400000
vt 0.375000 0.300000
vt 0.375000 0.500000
vt 0.625000 0.500000
vt 0.375000 0.450000
vt 0.625000 0.450000
vt 0.625000 0.300000
vt 0.625000 0.350000
vt 0.375000 0.400000
vt 0.375000 0.250000
vt 0.625000 0.250000
vt 0.375000 0.350000
vt 0.625000 0.400000
vt 0.375000 0.300000
vt 0.375000 0.500000
vt 0.625000 0.500000
vt 0.375000 0.450000
vt 0.625000 0.450000
vt 0.625000 0.300000
vt 0.625000 0.350000
vt 0.375000 0.400000
vt 0.375000 0.250000
vt 0.625000 0.250000
vt 0.375000 0.350000
vt 0.625000 0.400000
vt 0.375000 0.300000
vt 0.375000 0.500000
vt 0.625000 0.500000
vt 0.375000 0.450000
vt 0.625000 0.450000
vt 0.625000 0.300000
vt 0.625000 0.350000
vt 0.375000 0.400000
vt 0.375000 0.250000
vt 0.625000 0.250000
vt 0.375000 0.350000
vt 0.625000 0.400000
vt 0.375000 0.300000
vt 0.375000 0.500000
vt 0.625000 0.500000
vt 0.375000 0.450000
vt 0.625000 0.450000
vt 0.625000 0.300000
vt 0.625000 0.350000
vt 0.375000 0.400000
vt 0.375000 0.250000
vt 0.625000 0.250000
vt 0.375000 0.350000
vt 0.625000 0.400000
vt 0.375000 0.300000
vt 0.375000 0.500000
vt 0.625000 0.500000
vt 0.375000 0.450000
vt 0.625000 0.450000
vt 0.625000 0.300000
vt 0.625000 0.350000
vt 0.375000 0.400000
vt 0.375000 0.250000
vt 0.625000 0.250000
vt 0.375000 0.350000
vt 0.625000 0.400000
vt 0.375000 0.300000
vt 0.375000 0.500000
vt 0.625000 0.500000
vt 0.375000 0.450000
vt 0.625000 0.450000
vt 0.625000 0.300000
vt 0.625000 0.350000
vt 0.375000 0.400000
vt 0.375000 0.250000
vt 0.625000 0.250000
vt 0.375000 0.350000
vt 0.625000 0.400000
vt 0.375000 0.300000
vt 0.375000 0.500000
vt 0.625000 0.500000
vt 0.375000 0.450000
vt 0.625000 0.450000
vt 0.625000 0.300000
vt 0.625000 0.350000
vt 0.375000 0.400000
vt 0.375000 0.250000
vt 0.625000 0.250000
vt 0.375000 0.350000
vt 0.625000 0.400000
vt 0.375000 0.300000
vt 0.375000 0.500000
vt 0.625000 0.500000
vt 0.375000 0.450000
vt 0.625000 0.450000
vt 0.625000 0.300000
vt 0.625000 0.350000
vt 0.375000 0.400000
vt 0.375000 0.250000
vt 0.625000 0.250000
vt 0.375000 0.350000
vt 0.625000 0.400000
vt 0.375000 0.300000
vt 0.375000 0.500000
vt 0.625000 0.500000
vt 0.375000 0.450000
vt 0.625000 0.300000
vt 0.625000 0.350000
vt 0.375000 0.400000
vt 0.375000 0.250000
vt 0.625000 0.250000
vt 0.375000 0.350000
vt 0.625000 0.400000
vt 0.375000 0.300000
vt 0.375000 0.500000
vt 0.625000 0.500000
vt 0.375000 0.450000
vt 0.625000 0.300000
vt 0.375000 0.400000
vt 0.375000 0.250000
vt 0.625000 0.250000
vt 0.375000 0.350000
vt 0.625000 0.400000
vt 0.375000 0.300000
vt 0.375000 0.500000
vt 0.625000 0.500000
vt 0.375000 0.450000
vt 0.625000 0.450000
vt 0.625000 0.300000
vt 0.625000 0.350000
vt 0.375000 0.400000
vt 0.375000 0.250000
vt 0.625000 0.250000
vt 0.375000 0.350000
vt 0.625000 0.400000
vt 0.375000 0.300000
vt 0.375000 0.500000
vt 0.375000 0.450000
vt 0.625000 0.450000
vt 0.375000 0.400000
vt 0.375000 0.250000
vt 0.375000 0.350000
vt 0.625000 0.400000
vt 0.375000 0.300000
vt 0.375000 0.500000
vt 0.375000 0.450000
vt 0.625000 0.350000
vt 0.375000 0.400000
vt 0.375000 0.250000
vt 0.375000 0.350000
vt 0.625000 0.400000
vt 0.375000 0.300000
vt 0.375000 0.500000
vt 0.625000 0.500000
vt 0.375000 0.450000
vt 0.625000 0.450000
vt 0.625000 0.300000
vt 0.625000 0.350000
vt 0.375000 0.400000
vt 0.375000 0.250000
vt 0.625000 0.250000
vt 0.375000 0.350000
vt 0.625000 0.400000
vt 0.375000 0.300000
vt 0.375000 0.500000
vt 0.625000 0.500000
vt 0.375000 0.450000
vt 0.625000 0.450000
vt 0.625000 0.300000
vt 0.625000 0.350000
vt 0.375000 0.400000
vt 0.375000 0.250000
vt 0.625000 0.250000
vt 0.375000 0.350000
vt 0.625000 0.400000
vt 0.375000 0.300000
vt 0.375000 0.500000
vt 0.625000 0.500000
vt 0.375000 0.450000
vt 0.375000 0.400000
vt 0.375000 0.250000
vt 0.625000 0.250000
vt 0.375000 0.350000
vt 0.625000 0.400000
vt 0.375000 0.300000
vt 0.375000 0.500000
vt 0.625000 0.500000
vt 0.375000 0.450000
vt 0.625000 0.450000
vt 0.375000 0.400000
vt 0.375000 0.250000
vt 0.625000 0.250000
vt 0.375000 0.350000
vt 0.375000 0.300000
vt 0.625000 0.250000
vt 0.625000 0.300000
vt 0.625000 0.300000
vt 0.625000 0.250000
vt 0.625000 0.350000
vt 0.625000 0.400000
vt 0.625000 0.400000
vt 0.625000 0.350000
vt 0.625000 0.400000
vt 0.625000 0.400000
vt 0.625000 0.350000
vt 0.625000 0.350000
vt 0.625000 0.500000
vt 0.625000 0.450000
vt 0.625000 0.500000
vt 0.625000 0.450000
vt 0.625000 0.400000
vt 0.625000 0.350000
vt 0.625000 0.350000
vt 0.625000 0.400000
vt 0.625000 0.350000
vt 0.625000 0.350000
vt 0.625000 0.400000
vt 0.625000 0.400000
vt 0.625000 0.350000
vt 0.625000 0.400000
vt 0.625000 0.350000
vt 0.625000 0.400000
vt 0.625000 0.350000
vt 0.625000 0.350000
vt 0.625000 0.350000
vt 0.625000 0.350000
vt 0.625000 0.350000
vt 0.625000 0.350000
vt 0.625000 0.350000
vt 0.625000 0.350000
vt 0.625000 0.350000
vt 0.625000 0.350000
vt 0.625000 0.350000
vt 0.625000 0.400000
vt 0.625000 0.400000
vt 0.625000 0.400000
vt 0.625000 0.400000
vt 0.625000 0.400000
vt 0.625000 0.400000
vt 0.625000 0.400000
vt 0.625000 0.400000
vt 0.625000 0.400000
vt 0.625000 0.400000
vt 0.625000 0.400000
vt 0.625000 0.400000
vt 0.625000 0.400000
vt 0.625000 0.400000
vt 0.625000 0.400000
vt 0.625000 0.400000
vt 0.625000 0.400000
vt 0.625000 0.400000
vt 0.625000 0.400000
vt 0.625000 0.400000
vt 0.625000 0.400000
vt 0.625000 0.400000
vt 0.625000 0.350000
vt 0.000000 0.000000
vt 0.625000 0.350000
vt 0.625000 0.350000
vt 0.625000 0.350000
vt 0.625000 0.350000
vt 0.625000 0.350000
vt 0.625000 0.350000
vt 0.625000 0.350000
vt 0.625000 0.350000
vt 0.625000 0.350000
vt 0.625000 0.350000
vt 0.625000 0.400000
vt 0.625000 0.400000
vt 0.000000 0.000000
vt 0.625000 0.400000
vt 0.625000 0.400000
vt 0.625000 0.400000
vt 0.625000 0.400000
vt 0.625000 0.400000
vt 0.625000 0.400000
vt 0.625000 0.400000
vt 0.625000 0.400000
vt 0.625000 0.400000
vt 0.625000 0.400000
vt 0.625000 0.400000
vt 0.625000 0.400000
vt 0.000000 0.000000
vt 0.625000 0.350000
vt 0.625000 0.350000
vt 0.625000 0.350000
vt 0.625000 0.350000
vt 0.625000 0.350000
vt 0.625000 0.350000
vt 0.625000 0.350000
vt 0.625000 0.350000
vt 0.625000 0.350000
vt 0.625000 0.350000
vt 0.625000 0.350000
vt 0.625000 0.350000
vt 0.625000 0.350000
vt 0.625000 0.350000
vt 0.625000 0.400000
vt 0.625000 0.400000
vt 0.625000 0.350000
vt 0.625000 0.400000
vt 0.625000 0.350000
vt 0.625000 0.350000
vt 0.625000 0.350000
vt 0.625000 0.450000
vt 0.625000 0.450000
vt 0.625000 0.350000
vt 0.625000 0.500000
vt 0.625000 0.250000
vt 0.000000 0.000000
vt 0.000000 0.000000
vt 0.625000 0.300000
vt 0.625000 0.450000
vt 0.625000 0.500000
vt 0.000000 0.000000
vt 0.625000 0.250000
vt 0.000000 0.000000
vt 0.625000 0.300000
vt 0.625000 0.450000
vt 0.625000 0.350000
vt 0.625000 0.300000
vt 0.625000 0.350000
vt 0.625000 0.400000
vt 0.625000 0.350000
vt 0.625000 0.300000
vt 0.625000 0.350000
vt 0.625000 0.350000
vt 0.625000 0.400000
vt 0.625000 0.350000
vt 0.625000 0.400000
vt 0.625000 0.400000
vt 0.625000 0.400000
vt 0.625000 0.400000
vt 0.625000 0.400000
vt 0.625000 0.400000
vt 0.625000 0.350000
vt 0.625000 0.350000
vt 0.625000 0.400000
vt 0.625000 0.400000
vt 0.625000 0.350000
vt 0.625000 0.300000
vt 0.625000 0.250000
vt 0.625000 0.300000
vt 0.625000 0.300000
vt 0.625000 0.250000
vt 0.625000 0.300000
vt 0.625000 0.250000
vt 0.625000 0.300000
vt 0.625000 0.300000
vt 0.625000 0.300000
vt 0.625000 0.300000
vt 0.625000 0.250000
vt 0.675000 0.558333
vt 0.675000 0.558333
vt 0.725000 0.558333
vt 0.725000 0.558333
vt 0.625000 0.500000
vt 0.625000 0.450000
vt 0.625000 0.500000
vt 0.625000 0.450000
vt 0.825000 0.591667
vt 0.775000 0.591667
vt 0.825000 0.591667
vt 0.775000 0.591667
vt 0.825000 0.591667
vt 0.775000 0.591667
s 0
g off
g SAFEGROUND_BASE.002_SAFEGROUND
usemtl SAFEGROUND
f 2242/2269/5 2419/2449/5 2232/2259/5
s 1
f 1757/1784/5 1760/1787/5 1761/1788/5
s 0
f 2421/2451/5 2244/2271/5 2242/2269/5
f 2422/2452/5 2245/2272/5 2423/2455/5
s 1
f 1933/1960/6 1928/1955/6 1932/1959/6
f 1854/1881/6 1849/1876/6 1853/1880/6
s 0
f 2162/2189/6 2154/2181/6 2166/2193/6
f 2401/2431/6 2382/2410/6 2400/2430/6
f 2142/2169/6 2126/2153/6 2130/2157/6
f 2092/2119/5 2084/2111/5 2080/2107/5
f 2041/2068/5 2055/2082/5 2043/2070/5
f 2199/2226/5 2194/2221/5 2187/2214/5
f 2391/2420/6 2356/2383/6 2355/2382/6
s 1
f 1963/1990/6 1596/1614/6 1632/1651/6
s 0
f 2254/2281/6 2261/2288/6 2253/2280/6
s 1
f 1758/1785/5 1753/1780/5 1757/1784/5
f 1963/1990/6 1958/1985/6 1962/1989/6
f 1723/1746/6 1850/1877/6 1851/1878/6
f 1948/1975/6 1664/1683/6 1952/1979/6
s 0
f 2425/2457/5 2255/2282/5 2421/2451/5
f 2275/2302/6 2283/2310/6 2271/2298/6
f 1916/1943/6 1672/1691/6 1920/1947/6
f 2282/2309/5 2272/2299/5 2270/2297/5
f 1704/1723/5 1787/1814/5 1791/1818/5
s 1
f 1919/1946/6 1622/1641/6 1621/1640/6
s 0
f 2186/2213/6 2196/2223/6 2184/2211/6
s 1
f 1883/1910/6 1613/1632/6 1612/1631/6
s 0
f 2065/2092/5 2079/2106/5 2067/2094/5
f 2118/2145/6 2102/2129/6 2106/2133/6
f 2228/2255/6 2235/2262/6 2225/2252/6
f 2229/2256/5 2213/2240/5 2218/2245/5
f 1936/1963/6 1667/1686/6 1940/1967/6
f 1616/1635/6 1895/1922/6 1899/1926/6
f 2256/2283/6 2262/2289/6 2254/2281/6
s 1
f 1752/1779/5 1658/1677/5 1657/1676/5
s 0
f 1864/1891/6 1685/1704/6 1868/1895/6
f 1922/1949/6 1917/1944/6 1921/1948/6
f 1970/1997/6 1980/2007/6 1968/1995/6
f 1701/1720/5 1775/1802/5 1779/1806/5
f 1917/1944/6 1912/1939/6 1916/1943/6
f 2174/2201/6 2184/2211/6 2172/2199/6
f 1696/1715/5 1755/1782/5 1759/1786/5
s 1
f 1853/1880/6 1858/1885/6 1854/1881/6
s 0
f 1899/1926/6 1902/1929/6 1903/1930/6
f 2252/2279/6 2236/2263/6 2248/2275/6
f 2233/2260/6 2241/2268/6 2231/2258/6
f 2255/2282/5 2251/2278/5 2244/2271/5
s 1
f 1728/1755/6 1962/1989/6 1729/1756/6
s 0
f 1908/1935/6 1676/1695/6 1675/1694/6
s 1
f 1695/1714/5 1751/1778/5 1755/1782/5
f 1740/1767/5 1745/1772/5 1741/1768/5
f 1863/1890/6 1858/1885/6 1862/1889/6
f 1745/1772/5 1748/1775/5 1749/1776/5
s 0
f 2280/2307/6 2290/2317/6 2278/2305/6
s 1
f 1849/1876/6 1720/1739/6 1848/1875/6
s 0
f 1706/1725/5 1795/1822/5 1799/1826/5
f 2328/2355/6 2397/2427/6 2329/2356/6
f 1985/2012/5 1978/2005/5 1990/2017/5
f 2190/2217/6 2198/2225/6 2186/2213/6
f 2090/2117/6 2100/2127/6 2088/2115/6
f 2344/2371/6 2406/2436/6 2405/2435/6
s 1
f 1898/1925/6 1893/1920/6 1897/1924/6
f 1709/1728/5 1807/1834/5 1811/1838/5
f 1924/1951/6 1670/1689/6 1928/1955/6
s 0
f 2249/2276/5 2234/2261/5 2245/2272/5
f 2009/2036/5 2020/2047/5 2008/2035/5
s 1
f 1862/1889/6 1857/1884/6 1861/1888/6
s 0
f 2285/2312/5 2277/2304/5 2273/2300/5
f 1942/1969/6 1937/1964/6 1941/1968/6
f 1983/2010/5 1978/2005/5 1971/1998/5
f 1939/1966/6 1627/1646/6 1626/1645/6
f 2056/2083/5 2048/2075/5 2044/2071/5
f 2027/2054/6 2013/2040/6 2015/2042/6
s 1
f 1735/1762/5 1633/1652/5 1597/1615/5
f 1846/1873/5 1732/1759/5 1847/1874/5
s 0
f 2306/2333/6 2299/2326/6 2309/2336/6
f 2113/2140/5 2127/2154/5 2115/2142/5
s 1
f 1758/1785/5 1761/1788/5 1762/1789/5
s 0
f 2164/2191/5 2156/2183/5 2152/2179/5
s 1
f 1818/1845/5 1821/1848/5 1822/1849/5
s 0
f 2404/2434/6 2346/2373/6 2345/2372/6
f 2081/2108/5 2092/2119/5 2080/2107/5
f 2278/2305/6 2287/2314/6 2275/2302/6
f 2061/2088/6 2070/2097/6 2058/2085/6
s 1
f 1840/1867/5 1636/1655/5 1635/1654/5
f 1716/1735/5 1835/1862/5 1839/1866/5
f 1719/1738/5 1843/1870/5 1847/1874/5
s 0
f 1788/1815/5 1793/1820/5 1789/1816/5
f 2263/2290/5 2423/2455/5 2420/2450/5
s 1
f 1839/1866/5 1834/1861/5 1838/1865/5
f 1875/1902/6 1611/1630/6 1610/1629/6
f 1867/1894/6 1862/1889/6 1866/1893/6
s 0
f 1919/1946/6 1914/1941/6 1918/1945/6
f 2276/2303/6 2292/2319/6 2280/2307/6
s 1
f 1853/1880/6 1856/1883/6 1857/1884/6
s 0
f 2234/2261/5 2227/2254/5 2223/2250/5
s 1
f 1824/1851/5 1640/1659/5 1639/1658/5
s 0
f 2222/2249/6 2231/2258/6 2220/2247/6
s 1
f 1821/1848/5 1826/1853/5 1822/1849/5
s 0
f 1771/1798/5 1774/1801/5 1775/1802/5
s 1
f 1950/1977/6 1945/1972/6 1949/1976/6
f 1850/1877/6 1721/1741/6 1849/1876/6
s 0
f 1869/1896/6 1864/1891/6 1868/1895/6
f 2129/2156/5 2140/2167/5 2128/2155/5
f 1647/1666/5 1796/1823/5 1792/1819/5
s 1
f 1878/1905/6 1883/1910/6 1879/1906/6
s 0
f 1792/1819/5 1797/1824/5 1793/1820/5
f 2267/2294/5 2420/2450/5 2259/2286/5
s 1
f 1860/1887/6 1688/1707/6 1687/1706/6
s 0
f 1781/1808/5 1784/1811/5 1785/1812/5
s 1
f 1885/1912/6 1880/1907/6 1884/1911/6
s 0
f 2214/2241/6 2222/2249/6 2210/2237/6
s 1
f 1759/1786/5 1754/1781/5 1758/1785/5
f 1725/1749/5 1738/1765/5 1726/1751/5
f 1727/1753/5 1738/1765/5 1739/1766/5
s 0
f 2111/2138/6 2097/2124/6 2099/2126/6
f 2182/2209/5 2163/2190/5 2175/2202/5
f 2323/2350/5 2326/2353/5 2324/2351/5
s 1
f 1748/1775/5 1753/1780/5 1749/1776/5
f 1848/1875/6 1689/1708/6 1852/1879/6
f 1701/1720/5 1783/1810/5 1702/1721/5
s 0
f 1628/1647/6 1943/1970/6 1947/1974/6
f 1909/1936/6 1912/1939/6 1913/1940/6
s 1
f 1653/1672/5 1772/1799/5 1768/1795/5
s 0
f 1929/1956/6 1924/1951/6 1928/1955/6
f 2119/2146/6 2135/2162/6 2123/2150/6
f 2362/2389/6 2386/2415/6 2361/2388/6
f 2461/2497/6 2463/2499/6 2462/2498/6
s 1
f 1838/1865/5 1841/1868/5 1839/1866/5
s 0
f 2219/2246/6 2228/2255/6 2217/2244/6
s 1
f 1855/1882/6 1606/1625/6 1605/1624/6
f 1794/1821/5 1797/1824/5 1798/1825/5
f 1843/1870/5 1965/1992/5 1967/1994/5
f 1699/1718/5 1775/1802/5 1700/1719/5
f 1852/1879/6 1688/1707/6 1856/1883/6
s 0
f 1804/1831/5 1809/1836/5 1805/1832/5
s 1
f 1952/1979/6 1663/1682/6 1956/1983/6
s 0
f 1803/1830/5 1798/1825/5 1802/1829/5
f 2394/2423/6 2359/2386/6 2358/2385/6
f 1981/2008/5 1995/2022/5 1983/2010/5
s 1
f 1962/1989/6 1957/1984/6 1961/1988/6
f 1866/1893/6 1861/1888/6 1865/1892/6
f 1773/1800/5 1768/1795/5 1772/1799/5
f 1910/1937/6 1905/1932/6 1909/1936/6
s 0
f 1940/1967/6 1666/1685/6 1944/1971/6
f 1783/1810/5 1703/1722/5 1702/1721/5
f 2269/2296/6 2262/2289/6 2271/2298/6
s 1
f 1659/1678/5 1748/1775/5 1744/1771/5
s 0
f 1613/1632/6 1891/1918/6 1614/1633/6
f 2150/2177/6 2160/2187/6 2148/2175/6
f 2208/2235/6 2198/2225/6 2210/2237/6
f 2271/2298/6 2281/2308/6 2269/2296/6
f 1975/2002/6 1723/1745/6 1598/1616/6
f 1603/1622/5 1971/1998/5 1727/1754/5
f 1726/1752/5 1973/2000/5 1725/1750/5
f 1882/1909/6 1877/1904/6 1881/1908/6
f 2419/2449/5 2229/2256/5 2418/2448/5
f 1985/2012/5 1996/2023/5 1984/2011/5
f 2292/2319/6 2299/2326/6 2290/2317/6
s 1
f 1631/1650/6 1955/1982/6 1959/1986/6
s 0
f 1825/1852/5 1828/1855/5 1829/1856/5
f 1984/2011/5 1976/2003/5 1972/1999/5
f 2154/2181/6 2138/2165/6 2142/2169/6
f 2375/2403/6 2406/2436/6 2407/2437/6
f 2404/2434/6 2377/2405/6 2378/2406/6
f 2055/2082/5 2050/2077/5 2043/2070/5
f 1894/1921/6 1889/1916/6 1893/1920/6
f 1788/1815/5 1649/1668/5 1648/1667/5
f 2023/2050/6 2039/2066/6 2027/2054/6
s 1
f 1814/1841/5 1817/1844/5 1818/1845/5
f 1692/1711/5 1739/1766/5 1743/1770/5
s 0
f 2294/2321/5 2284/2311/5 2282/2309/5
s 1
f 1601/1620/5 1847/1874/5 1732/1759/5
s 0
f 2347/2374/6 2403/2433/6 2402/2432/6
f 2182/2209/5 2165/2192/5 2170/2197/5
f 2290/2317/6 2296/2323/6 2287/2314/6
f 2429/2463/5 2285/2312/5 2286/2313/5
f 1920/1947/6 1671/1690/6 1924/1951/6
f 2135/2162/6 2121/2148/6 2123/2150/6
f 1998/2025/6 1982/2009/6 1986/2013/6
f 2140/2167/5 2132/2159/5 2128/2155/5
f 2402/2432/6 2379/2407/6 2380/2408/6
f 2059/2086/6 2075/2102/6 2063/2090/6
f 2058/2085/6 2042/2069/6 2046/2073/6
f 1806/1833/5 1809/1836/5 1810/1837/5
f 1827/1854/5 1830/1857/5 1831/1858/5
f 2013/2040/6 2022/2049/6 2010/2037/6
f 2195/2222/6 2205/2232/6 2193/2220/6
f 2106/2133/6 2090/2117/6 2094/2121/6
s 1
f 1625/1644/6 1939/1966/6 1626/1645/6
s 0
f 2084/2111/5 2068/2095/5 2080/2107/5
f 2316/2343/6 2320/2347/6 2317/2344/6
f 2025/2052/6 2034/2061/6 2022/2049/6
f 2019/2046/5 2014/2041/5 2007/2034/5
f 2139/2166/5 2134/2161/5 2127/2154/5
f 1987/2014/6 2003/2030/6 1991/2018/6
f 1618/1637/6 1903/1930/6 1907/1934/6
f 1904/1931/6 1677/1696/6 1676/1695/6
f 2457/2493/6 2450/2486/6 2455/2491/6
f 1995/2022/5 1990/2017/5 1983/2010/5
f 2141/2168/5 2152/2179/5 2140/2167/5
s 1
f 1782/1809/5 1785/1812/5 1786/1813/5
s 0
f 1819/1846/5 1822/1849/5 1823/1850/5
f 2147/2174/6 2133/2160/6 2135/2162/6
s 1
f 1764/1791/5 1655/1674/5 1654/1673/5
s 0
f 2223/2250/5 2216/2243/5 2212/2239/5
f 2221/2248/5 2211/2238/5 2209/2236/5
f 2341/2368/6 2409/2439/6 2408/2438/6
f 2331/2358/6 2400/2430/6 2397/2427/6
f 2133/2160/6 2142/2169/6 2130/2157/6
f 2157/2184/6 2166/2193/6 2154/2181/6
f 2232/2259/5 2418/2448/5 2221/2248/5
f 2054/2081/6 2064/2091/6 2052/2079/6
f 1621/1640/6 1915/1942/6 1919/1946/6
f 1792/1819/5 1648/1667/5 1647/1666/5
f 2226/2253/6 2240/2267/6 2230/2257/6
f 2185/2212/5 2175/2202/5 2173/2200/5
f 2165/2192/5 2176/2203/5 2164/2191/5
f 2091/2118/5 2086/2113/5 2079/2106/5
s 1
f 1843/1870/5 1846/1873/5 1847/1874/5
s 0
f 2387/2416/6 2352/2379/6 2351/2378/6
f 1885/1912/6 1888/1915/6 1889/1916/6
f 2348/2375/6 2402/2432/6 2401/2431/6
s 1
f 1886/1913/6 1881/1908/6 1885/1912/6
s 0
f 2243/2270/6 2253/2280/6 2241/2268/6
f 2172/2199/6 2162/2189/6 2174/2201/6
f 2179/2206/6 2195/2222/6 2183/2210/6
s 1
f 1816/1843/5 1642/1661/5 1641/1660/5
s 0
f 2094/2121/6 2078/2105/6 2082/2109/6
f 2127/2154/5 2122/2149/5 2115/2142/5
s 1
f 1966/1993/5 1844/1871/5 1845/1872/5
s 0
f 2206/2233/5 2189/2216/5 2194/2221/5
f 2146/2173/5 2129/2156/5 2134/2161/5
f 2077/2104/5 2091/2118/5 2079/2106/5
f 2126/2153/6 2136/2163/6 2124/2151/6
f 2424/2456/5 2259/2286/5 2255/2282/5
f 2170/2197/5 2153/2180/5 2158/2185/5
f 2210/2237/6 2202/2229/6 2214/2241/6
f 2259/2286/5 2246/2273/5 2251/2278/5
f 2026/2053/5 2009/2036/5 2014/2041/5
f 1807/1834/5 1810/1837/5 1811/1838/5
f 2011/2038/6 2027/2054/6 2015/2042/6
f 1943/1970/6 1938/1965/6 1942/1969/6
f 2114/2141/6 2124/2151/6 2112/2139/6
f 1610/1629/6 1871/1898/6 1875/1902/6
s 1
f 1961/1988/6 1956/1983/6 1960/1987/6
s 0
f 2134/2161/5 2117/2144/5 2122/2149/5
f 2230/2257/6 2238/2265/6 2228/2255/6
f 2258/2285/6 2264/2291/6 2256/2283/6
f 2003/2030/6 1989/2016/6 1991/2018/6
f 1896/1923/6 1679/1698/6 1678/1697/6
f 2329/2356/6 2361/2388/6 2330/2357/6
f 2188/2215/5 2180/2207/5 2176/2203/5
f 1800/1827/5 1646/1665/5 1645/1664/5
f 1698/1717/5 1771/1798/5 1699/1718/5
f 2010/2037/6 2001/2028/6 2013/2040/6
s 1
f 1729/1756/6 1961/1988/6 1730/1757/6
s 0
f 1969/1996/5 1983/2010/5 1971/1998/5
f 2382/2410/6 2362/2389/6 2361/2388/6
f 2118/2145/6 2109/2136/6 2121/2148/6
f 2283/2310/6 2293/2320/6 2281/2308/6
f 2191/2218/6 2207/2234/6 2195/2222/6
f 2385/2414/6 2414/2444/6 2338/2365/6
f 2210/2237/6 2220/2247/6 2208/2235/6
s 1
f 1887/1914/6 1890/1917/6 1891/1918/6
s 0
f 1724/1748/5 1976/2003/5 1599/1618/5
f 2225/2252/6 2233/2260/6 2222/2249/6
f 2291/2318/5 2274/2301/5 2279/2306/5
f 2083/2110/6 2099/2126/6 2087/2114/6
f 2049/2076/6 2058/2085/6 2046/2073/6
f 2410/2440/6 2340/2367/6 2339/2366/6
f 2432/2467/5 2300/2327/5 2431/2466/5
f 2280/2307/6 2265/2292/6 2276/2303/6
f 2022/2049/6 2006/2033/6 2010/2037/6
s 1
f 1884/1911/6 1682/1701/6 1681/1700/6
f 1718/1737/5 1841/1868/5 1843/1870/5
s 0
f 2117/2144/5 2128/2155/5 2116/2143/5
f 2286/2313/5 2273/2300/5 2274/2301/5
f 1921/1948/6 1916/1943/6 1920/1947/6
f 2078/2105/6 2088/2115/6 2076/2103/6
f 1897/1924/6 1900/1927/6 1901/1928/6
s 1
f 1838/1865/5 1964/1991/5 1965/1992/5
f 1725/1749/5 1736/1763/5 1737/1764/5
s 0
f 1789/1816/5 1784/1811/5 1788/1815/5
s 1
f 1711/1730/5 1815/1842/5 1819/1846/5
s 0
f 2029/2056/5 2043/2070/5 2031/2058/5
f 2387/2416/6 2350/2377/6 2386/2415/6
s 1
f 1730/1757/6 1960/1987/6 1731/1758/6
s 0
f 2201/2228/5 2188/2215/5 2189/2216/5
f 2471/2507/6 2472/2508/6 2470/2506/6
f 2399/2429/6 2413/2443/6 2335/2362/6
f 1922/1949/6 1927/1954/6 1923/1950/6
s 1
f 1947/1974/6 1942/1969/6 1946/1973/6
s 0
f 2153/2180/5 2164/2191/5 2152/2179/5
f 2098/2125/5 2081/2108/5 2086/2113/5
f 1820/1847/5 1641/1660/5 1640/1659/5
f 2337/2364/6 2415/2445/6 2399/2429/6
f 2422/2453/6 2427/2460/6 2423/2454/6
s 1
f 1930/1957/6 1925/1952/6 1929/1956/6
f 1932/1959/6 1668/1687/6 1936/1963/6
s 0
f 2363/2390/6 2387/2416/6 2362/2389/6
f 2371/2398/6 2395/2424/6 2370/2397/6
f 2042/2069/6 2052/2079/6 2040/2067/6
f 2380/2408/6 2364/2391/6 2363/2390/6
s 1
f 1931/1958/6 1926/1953/6 1930/1957/6
s 0
f 1923/1950/6 1918/1945/6 1922/1949/6
f 2224/2251/5 2212/2239/5 2213/2240/5
f 2428/2462/5 2291/2318/5 2284/2311/5
f 2183/2210/6 2169/2196/6 2171/2198/6
f 1867/1894/6 1609/1628/6 1608/1627/6
f 2169/2196/6 2178/2205/6 2166/2193/6
f 2408/2438/6 2373/2401/6 2374/2402/6
f 2401/2431/6 2349/2376/6 2348/2375/6
f 2063/2090/6 2049/2076/6 2051/2078/6
f 2095/2122/6 2111/2138/6 2099/2126/6
s 1
f 1737/1764/5 1740/1767/5 1741/1768/5
s 0
f 1778/1805/5 1781/1808/5 1782/1809/5
f 2006/2033/6 2016/2043/6 2004/2031/6
s 1
f 1763/1790/5 1698/1717/5 1697/1716/5
s 0
f 2412/2442/6 2385/2414/6 2336/2363/6
f 2368/2395/6 2392/2421/6 2367/2394/6
s 1
f 1835/1862/5 1830/1857/5 1834/1861/5
s 0
f 2070/2097/6 2054/2081/6 2058/2085/6
f 2163/2190/5 2158/2185/5 2151/2178/5
f 2345/2372/6 2405/2435/6 2404/2434/6
f 2417/2447/5 2223/2250/5 2224/2251/5
f 2365/2392/6 2379/2407/6 2378/2406/6
f 1784/1811/5 1650/1669/5 1649/1668/5
s 1
f 1954/1981/6 1949/1976/6 1953/1980/6
s 0
f 1984/2011/5 1973/2000/5 1985/2012/5
f 2039/2066/6 2025/2052/6 2027/2054/6
f 2420/2450/5 2245/2272/5 2246/2273/5
f 2247/2274/6 2254/2281/6 2243/2270/6
f 2131/2158/6 2147/2174/6 2135/2162/6
s 1
f 1770/1797/5 1773/1800/5 1774/1801/5
s 0
f 2252/2279/6 2258/2285/6 2250/2277/6
f 2101/2128/5 2115/2142/5 2103/2130/5
f 1977/2004/6 1986/2013/6 1974/2001/6
f 2085/2112/6 2094/2121/6 2082/2109/6
s 1
f 1630/1649/6 1951/1978/6 1955/1982/6
s 0
f 2430/2464/5 2289/2316/5 2285/2312/5
f 1916/1943/6 1674/1693/6 1673/1692/6
f 2370/2397/6 2394/2423/6 2369/2396/6
f 2239/2266/5 2224/2251/5 2229/2256/5
f 2062/2089/5 2045/2072/5 2050/2077/5
f 2193/2220/6 2202/2229/6 2190/2217/6
f 2097/2124/6 2106/2133/6 2094/2121/6
f 2287/2314/6 2295/2322/6 2283/2310/6
f 2047/2074/6 2063/2090/6 2051/2078/6
f 2438/2474/7 2435/2471/7 2434/2470/7
f 2436/2472/7 2437/2473/7 2439/2475/7
f 2445/2481/7 2441/2477/7 2444/2480/7
f 2440/2476/7 2445/2481/7 2444/2480/7
f 2447/2483/7 2443/2479/7 2442/2478/7
f 2447/2483/7 2442/2478/7 2446/2482/7
f 2372/2399/6 2409/2439/6 2410/2440/6
s 1
f 1953/1980/6 1958/1985/6 1954/1981/6
f 1952/1979/6 1957/1984/6 1953/1980/6
f 1954/1981/6 1959/1986/6 1955/1982/6
s 0
f 1890/1917/6 1895/1922/6 1891/1918/6
f 2086/2113/5 2067/2094/5 2079/2106/5
s 1
f 1602/1621/6 1848/1875/6 1720/1739/6
s 0
f 2378/2406/6 2403/2433/6 2404/2434/6
f 2302/2329/6 2295/2322/6 2304/2331/6
f 2363/2390/6 2381/2409/6 2380/2408/6
f 1997/2024/5 2008/2035/5 1996/2023/5
s 1
f 1840/1867/5 1966/1993/5 1964/1991/5
s 0
f 1624/1643/6 1935/1962/6 1625/1644/6
f 2260/2287/6 2266/2293/6 2258/2285/6
f 2081/2108/5 2074/2101/5 2086/2113/5
f 2020/2047/5 2012/2039/5 2008/2035/5
f 1887/1914/6 1882/1909/6 1886/1913/6
f 2275/2302/6 2266/2293/6 2278/2305/6
f 1776/1803/5 1652/1671/5 1651/1670/5
s 1
f 1693/1712/5 1743/1770/5 1747/1774/5
f 1870/1897/6 1865/1892/6 1869/1896/6
s 0
f 1910/1937/6 1915/1942/6 1911/1938/6
s 1
f 1751/1778/5 1746/1773/5 1750/1777/5
s 0
f 2392/2421/6 2357/2384/6 2356/2383/6
s 1
f 1607/1626/6 1859/1886/6 1863/1890/6
s 0
f 1875/1902/6 1870/1897/6 1874/1901/6
f 2431/2466/5 2428/2462/5 2305/2332/5
f 2246/2273/5 2239/2266/5 2251/2278/5
f 2214/2241/6 2205/2232/6 2217/2244/6
s 1
f 1932/1959/6 1937/1964/6 1933/1960/6
f 1868/1895/6 1873/1900/6 1869/1896/6
s 0
f 1880/1907/6 1683/1702/6 1682/1701/6
f 2112/2139/6 2102/2129/6 2114/2141/6
f 1918/1945/6 1913/1940/6 1917/1944/6
f 2051/2078/6 2037/2064/6 2039/2066/6
s 1
f 1861/1888/6 1864/1891/6 1865/1892/6
s 0
f 2215/2242/6 2230/2257/6 2219/2246/6
s 1
f 1623/1642/6 1931/1958/6 1624/1643/6
s 0
f 1622/1641/6 1927/1954/6 1623/1642/6
f 2069/2096/5 2080/2107/5 2068/2095/5
f 2015/2042/6 2001/2028/6 2003/2030/6
f 2469/2505/6 2470/2506/6 2468/2504/6
f 2123/2150/6 2109/2136/6 2111/2138/6
f 1801/1828/5 1796/1823/5 1800/1827/5
f 2288/2315/6 2301/2328/6 2292/2319/6
f 2335/2362/6 2412/2442/6 2336/2363/6
f 2217/2244/6 2225/2252/6 2214/2241/6
f 2034/2061/6 2018/2045/6 2022/2049/6
f 2300/2327/5 2286/2313/5 2291/2318/5
f 2400/2430/6 2329/2356/6 2397/2427/6
f 2180/2207/5 2164/2191/5 2176/2203/5
s 1
f 1717/1736/5 1839/1866/5 1841/1868/5
s 0
f 2005/2032/5 2019/2046/5 2007/2034/5
f 1902/1929/6 1907/1934/6 1903/1930/6
f 1989/2016/6 1998/2025/6 1986/2013/6
f 1892/1919/6 1897/1924/6 1893/1920/6
f 2366/2393/6 2390/2419/6 2365/2392/6
s 1
f 1945/1972/6 1940/1967/6 1944/1971/6
s 0
f 2216/2243/5 2200/2227/5 2212/2239/5
f 2158/2185/5 2139/2166/5 2151/2178/5
s 1
f 1953/1980/6 1948/1975/6 1952/1979/6
s 0
f 1899/1926/6 1617/1636/6 1616/1635/6
f 2002/2029/5 1985/2012/5 1990/2017/5
f 1753/1780/5 1756/1783/5 1757/1784/5
f 1911/1938/6 1906/1933/6 1910/1937/6
s 1
f 1845/1872/5 1735/1762/5 1734/1761/5
f 1815/1842/5 1818/1845/5 1819/1846/5
s 0
f 2219/2246/6 2203/2230/6 2215/2242/6
s 1
f 1934/1961/6 1939/1966/6 1935/1962/6
s 0
f 1705/1724/5 1791/1818/5 1795/1822/5
s 1
f 1875/1902/6 1878/1905/6 1879/1906/6
s 0
f 2312/2339/5 2314/2341/5 2313/2340/5
f 1993/2020/5 2007/2034/5 1995/2022/5
f 2247/2274/6 2238/2265/6 2250/2277/6
f 2033/2060/5 2044/2071/5 2032/2059/5
s 1
f 1933/1960/6 1938/1965/6 1934/1961/6
s 0
f 2190/2217/6 2181/2208/6 2193/2220/6
f 2245/2272/5 2417/2447/5 2246/2273/5
s 1
f 1765/1792/5 1760/1787/5 1764/1791/5
s 0
f 1791/1818/5 1786/1813/5 1790/1817/5
f 2200/2227/5 2192/2219/5 2188/2215/5
s 1
f 1853/1880/6 1848/1875/6 1852/1879/6
s 0
f 1678/1697/6 1900/1927/6 1896/1923/6
f 1974/2001/6 1722/1744/6 1977/2004/6
f 2174/2201/6 2166/2193/6 2178/2205/6
f 2388/2417/6 2353/2380/6 2352/2379/6
s 1
f 1608/1627/6 1863/1890/6 1867/1894/6
s 0
f 2076/2103/6 2066/2093/6 2078/2105/6
f 2155/2182/6 2171/2198/6 2159/2186/6
s 1
f 1967/1994/5 1845/1872/5 1846/1873/5
f 1860/1887/6 1686/1705/6 1864/1891/6
f 1956/1983/6 1662/1681/6 1960/1987/6
s 0
f 2273/2300/5 2263/2290/5 2274/2301/5
f 1974/2001/6 1720/1740/6 1721/1742/6
s 1
f 1837/1864/5 1840/1867/5 1964/1991/5
s 0
f 1986/2013/6 1970/1997/6 1974/2001/6
s 1
f 1822/1849/5 1827/1854/5 1823/1850/5
s 0
f 2130/2157/6 2114/2141/6 2118/2145/6
s 1
f 1874/1901/6 1869/1896/6 1873/1900/6
s 0
f 2260/2287/6 2248/2275/6 2257/2284/6
f 2257/2284/6 2268/2295/6 2260/2287/6
f 1970/1997/6 1602/1621/6 1720/1740/6
f 2459/2495/6 2448/2484/6 2458/2494/6
s 1
f 1629/1648/6 1947/1974/6 1951/1978/6
s 0
f 1656/1675/5 1760/1787/5 1756/1783/5
s 1
f 1615/1634/6 1891/1918/6 1895/1922/6
f 1854/1881/6 1859/1886/6 1855/1882/6
s 0
f 1651/1670/5 1780/1807/5 1776/1803/5
s 1
f 1604/1623/6 1723/1746/6 1851/1878/6
s 0
f 2163/2190/5 2149/2176/5 2161/2188/5
f 2354/2381/6 2389/2418/6 2390/2419/6
s 1
f 1855/1882/6 1850/1877/6 1854/1881/6
f 1960/1987/6 1600/1619/6 1731/1758/6
s 0
f 2082/2109/6 2066/2093/6 2070/2097/6
s 1
f 1836/1863/5 1637/1656/5 1636/1655/5
s 0
f 2217/2244/6 2207/2234/6 2219/2246/6
s 1
f 1817/1844/5 1820/1847/5 1821/1848/5
s 0
f 1763/1790/5 1758/1785/5 1762/1789/5
s 1
f 1604/1623/6 1855/1882/6 1605/1624/6
s 0
f 2009/2036/5 2002/2029/5 2014/2041/5
f 1619/1638/6 1907/1934/6 1911/1938/6
s 1
f 1866/1893/6 1871/1898/6 1867/1894/6
f 1873/1900/6 1876/1903/6 1877/1904/6
s 0
f 1892/1919/6 1680/1699/6 1679/1698/6
f 2213/2240/5 2206/2233/5 2218/2245/5
s 1
f 1955/1982/6 1950/1977/6 1954/1981/6
s 0
f 2075/2102/6 2061/2088/6 2063/2090/6
f 2418/2448/5 2218/2245/5 2211/2238/5
f 2390/2419/6 2355/2382/6 2354/2381/6
f 2171/2198/6 2157/2184/6 2159/2186/6
f 2010/2037/6 1994/2021/6 1998/2025/6
f 1766/1793/5 1769/1796/5 1770/1797/5
f 1715/1734/5 1831/1858/5 1835/1862/5
f 2087/2114/6 2073/2100/6 2075/2102/6
f 2105/2132/5 2116/2143/5 2104/2131/5
f 1714/1733/5 1827/1854/5 1831/1858/5
f 1911/1938/6 1620/1639/6 1619/1638/6
f 2099/2126/6 2085/2112/6 2087/2114/6
s 1
f 1684/1703/6 1876/1903/6 1872/1899/6
f 1846/1873/5 1734/1761/5 1733/1760/5
f 1691/1710/5 1727/1753/5 1739/1766/5
s 0
f 1946/1973/6 1941/1968/6 1945/1972/6
f 1982/2009/6 1992/2019/6 1980/2007/6
f 2308/2335/5 2430/2464/5 2433/2468/5
f 2401/2431/6 2380/2408/6 2381/2409/6
f 2335/2362/6 2410/2440/6 2399/2429/6
f 2148/2175/6 2138/2165/6 2150/2177/6
s 1
f 1934/1961/6 1929/1956/6 1933/1960/6
f 1944/1971/6 1949/1976/6 1945/1972/6
s 0
f 2197/2224/5 2187/2214/5 2185/2212/5
f 1904/1931/6 1909/1936/6 1905/1932/6
f 1727/1754/5 1978/2005/5 1726/1752/5
f 1828/1855/5 1639/1658/5 1638/1657/5
f 1826/1853/5 1829/1856/5 1830/1857/5
f 1941/1968/6 1936/1963/6 1940/1967/6
s 1
f 1920/1947/6 1925/1952/6 1921/1948/6
f 1694/1713/5 1747/1774/5 1751/1778/5
s 0
f 2284/2311/5 2279/2306/5 2272/2299/5
s 1
f 1746/1773/5 1741/1768/5 1745/1772/5
s 0
f 2211/2238/5 2197/2224/5 2209/2236/5
f 2360/2387/6 2395/2424/6 2396/2425/6
f 2330/2357/6 2386/2415/6 2384/2412/6
s 1
f 1771/1798/5 1766/1793/5 1770/1797/5
s 0
f 2250/2277/6 2256/2283/6 2247/2274/6
f 1928/1955/6 1669/1688/6 1932/1959/6
f 1935/1962/6 1930/1957/6 1934/1961/6
f 2279/2306/5 2424/2456/5 2272/2299/5
f 2467/2503/6 2464/2500/6 2466/2502/6
f 1707/1726/5 1799/1826/5 1803/1830/5
f 1884/1911/6 1680/1699/6 1888/1915/6
f 2396/2426/6 2336/2363/6 2385/2413/6
s 1
f 1790/1817/5 1793/1820/5 1794/1821/5
s 0
f 1776/1803/5 1781/1808/5 1777/1804/5
f 1921/1948/6 1926/1953/6 1922/1949/6
f 1790/1817/5 1795/1822/5 1791/1818/5
f 1885/1912/6 1890/1917/6 1886/1913/6
f 2051/2078/6 2035/2062/6 2047/2074/6
f 2122/2149/5 2103/2130/5 2115/2142/5
f 2218/2245/5 2199/2226/5 2211/2238/5
f 2212/2239/5 2201/2228/5 2213/2240/5
f 2123/2150/6 2107/2134/6 2119/2146/6
f 1675/1694/6 1912/1939/6 1908/1935/6
f 1905/1932/6 1900/1927/6 1904/1931/6
f 2018/2045/6 2028/2055/6 2016/2043/6
f 1778/1805/5 1783/1810/5 1779/1806/5
f 2014/2041/5 1995/2022/5 2007/2034/5
f 2082/2109/6 2073/2100/6 2085/2112/6
s 1
f 1832/1859/5 1837/1864/5 1833/1860/5
s 0
f 2050/2077/5 2031/2058/5 2043/2070/5
s 1
f 1946/1973/6 1951/1978/6 1947/1974/6
s 0
f 2365/2392/6 2389/2418/6 2364/2391/6
f 1909/1936/6 1914/1941/6 1910/1937/6
f 2331/2358/6 2398/2428/6 2332/2359/6
f 1972/1999/5 1725/1750/5 1973/2000/5
f 2117/2144/5 2110/2137/5 2122/2149/5
f 2304/2331/6 2296/2323/6 2306/2333/6
f 2189/2216/5 2176/2203/5 2177/2204/5
s 1
f 1742/1769/5 1737/1764/5 1741/1768/5
s 0
f 2243/2270/6 2235/2262/6 2247/2274/6
f 2378/2406/6 2366/2393/6 2365/2392/6
f 1764/1791/5 1769/1796/5 1765/1792/5
f 1876/1903/6 1881/1908/6 1877/1904/6
f 1893/1920/6 1888/1915/6 1892/1919/6
f 2383/2411/6 2330/2357/6 2384/2412/6
f 1979/2006/6 1722/1744/6 1723/1745/6
s 1
f 1944/1971/6 1665/1684/6 1948/1975/6
s 0
f 1897/1924/6 1902/1929/6 1898/1925/6
f 2187/2214/5 2182/2209/5 2175/2202/5
f 2125/2152/5 2139/2166/5 2127/2154/5
f 2251/2278/5 2419/2449/5 2244/2271/5
f 1759/1786/5 1697/1716/5 1696/1715/5
f 2368/2395/6 2376/2404/6 2375/2403/6
s 1
f 1743/1770/5 1738/1765/5 1742/1769/5
s 0
f 2371/2398/6 2373/2401/6 2372/2399/6
s 1
f 1856/1883/6 1861/1888/6 1857/1884/6
s 0
f 1991/2018/6 1977/2004/6 1979/2006/6
s 1
f 1740/1767/5 1661/1680/5 1660/1679/5
s 0
f 2128/2155/5 2120/2147/5 2116/2143/5
f 1879/1906/6 1612/1631/6 1611/1630/6
f 2154/2181/6 2145/2172/6 2157/2184/6
f 1899/1926/6 1894/1921/6 1898/1925/6
f 2189/2216/5 2182/2209/5 2194/2221/5
f 2046/2073/6 2030/2057/6 2034/2061/6
f 2015/2042/6 1999/2026/6 2011/2038/6
s 1
f 1632/1651/6 1959/1986/6 1963/1990/6
s 0
f 2120/2147/5 2104/2131/5 2116/2143/5
s 1
f 1820/1847/5 1825/1852/5 1821/1848/5
s 0
f 2310/2337/6 2297/2324/6 2307/2334/6
f 1685/1704/6 1872/1899/6 1868/1895/6
f 2272/2299/5 2425/2457/5 2270/2297/5
f 2277/2304/5 2427/2461/5 2273/2300/5
f 2364/2391/6 2388/2417/6 2363/2390/6
f 2384/2412/6 2333/2360/6 2383/2411/6
s 1
f 1834/1861/5 1837/1864/5 1838/1865/5
s 0
f 2305/2332/5 2294/2321/5 2303/2330/5
f 1808/1835/5 1644/1663/5 1643/1662/5
f 2159/2186/6 2145/2172/6 2147/2174/6
f 2456/2492/6 2452/2488/6 2454/2490/6
f 1813/1840/5 1816/1843/5 1817/1844/5
s 1
f 1906/1933/6 1901/1928/6 1905/1932/6
s 0
f 2183/2210/6 2167/2194/6 2179/2206/6
f 2183/2210/6 2193/2220/6 2181/2208/6
f 1996/2023/5 1988/2015/5 1984/2011/5
f 2178/2205/6 2186/2213/6 2174/2201/6
f 2121/2148/6 2130/2157/6 2118/2145/6
f 2175/2202/5 2161/2188/5 2173/2200/5
f 1785/1812/5 1790/1817/5 1786/1813/5
f 2274/2301/5 2267/2294/5 2279/2306/5
f 2159/2186/6 2143/2170/6 2155/2182/6
f 1797/1824/5 1802/1829/5 1798/1825/5
s 1
f 1745/1772/5 1750/1777/5 1746/1773/5
f 1761/1788/5 1766/1793/5 1762/1789/5
s 0
f 2048/2075/5 2032/2059/5 2044/2071/5
f 2374/2402/6 2370/2397/6 2369/2396/6
f 1756/1783/5 1657/1676/5 1656/1675/5
f 2045/2072/5 2038/2065/5 2050/2077/5
s 1
f 1842/1869/5 1635/1654/5 1634/1653/5
s 0
f 2271/2298/6 2264/2291/6 2275/2302/6
f 2278/2305/6 2268/2295/6 2280/2307/6
f 1773/1800/5 1778/1805/5 1774/1801/5
f 2321/2348/6 2318/2345/6 2322/2349/6
s 1
f 1744/1771/5 1660/1679/5 1659/1678/5
s 0
f 2250/2277/6 2240/2267/6 2252/2279/6
f 2046/2073/6 2037/2064/6 2049/2076/6
f 2004/2031/6 1994/2021/6 2006/2033/6
s 1
f 1713/1732/5 1823/1850/5 1827/1854/5
s 0
f 2432/2467/6 2430/2465/6 2433/2469/6
f 2040/2067/6 2030/2057/6 2042/2069/6
f 2045/2072/5 2056/2083/5 2044/2071/5
s 1
f 1873/1900/6 1878/1905/6 1874/1901/6
s 0
f 1975/2002/6 1991/2018/6 1979/2006/6
f 2087/2114/6 2071/2098/6 2083/2110/6
s 1
f 1779/1806/5 1774/1801/5 1778/1805/5
s 0
f 2407/2437/6 2343/2370/6 2342/2369/6
s 1
f 1754/1781/5 1749/1776/5 1753/1780/5
f 1844/1871/5 1634/1653/5 1633/1652/5
s 0
f 2309/2336/6 2301/2328/6 2310/2337/6
s 1
f 1755/1782/5 1750/1777/5 1754/1781/5
s 0
f 2242/2269/5 2244/2271/5 2419/2449/5
s 1
f 1757/1784/5 1756/1783/5 1760/1787/5
s 0
f 2421/2451/5 2255/2282/5 2244/2271/5
f 2422/2452/5 2249/2276/5 2245/2272/5
s 1
f 1933/1960/6 1929/1956/6 1928/1955/6
f 1854/1881/6 1850/1877/6 1849/1876/6
s 0
f 2162/2189/6 2150/2177/6 2154/2181/6
f 2401/2431/6 2381/2409/6 2382/2410/6
f 2142/2169/6 2138/2165/6 2126/2153/6
f 2092/2119/5 2096/2123/5 2084/2111/5
f 2041/2068/5 2053/2080/5 2055/2082/5
f 2199/2226/5 2206/2233/5 2194/2221/5
f 2391/2420/6 2392/2421/6 2356/2383/6
s 1
f 1963/1990/6 1728/1755/6 1596/1614/6
s 0
f 2254/2281/6 2262/2289/6 2261/2288/6
s 1
f 1758/1785/5 1754/1781/5 1753/1780/5
f 1963/1990/6 1959/1986/6 1958/1985/6
f 1723/1746/6 1722/1743/6 1850/1877/6
f 1948/1975/6 1665/1684/6 1664/1683/6
s 0
f 2425/2457/5 2424/2456/5 2255/2282/5
f 2275/2302/6 2287/2314/6 2283/2310/6
f 1916/1943/6 1673/1692/6 1672/1691/6
f 2282/2309/5 2284/2311/5 2272/2299/5
f 1704/1723/5 1703/1722/5 1787/1814/5
s 1
f 1919/1946/6 1923/1950/6 1622/1641/6
s 0
f 2186/2213/6 2198/2225/6 2196/2223/6
s 1
f 1883/1910/6 1887/1914/6 1613/1632/6
s 0
f 2065/2092/5 2077/2104/5 2079/2106/5
f 2118/2145/6 2114/2141/6 2102/2129/6
f 2228/2255/6 2238/2265/6 2235/2262/6
f 2229/2256/5 2224/2251/5 2213/2240/5
f 1936/1963/6 1668/1687/6 1667/1686/6
f 1616/1635/6 1615/1634/6 1895/1922/6
f 2256/2283/6 2264/2291/6 2262/2289/6
s 1
f 1752/1779/5 1748/1775/5 1658/1677/5
s 0
f 1864/1891/6 1686/1705/6 1685/1704/6
f 1922/1949/6 1918/1945/6 1917/1944/6
f 1970/1997/6 1982/2009/6 1980/2007/6
f 1701/1720/5 1700/1719/5 1775/1802/5
f 1917/1944/6 1913/1940/6 1912/1939/6
f 2174/2201/6 2186/2213/6 2184/2211/6
f 1696/1715/5 1695/1714/5 1755/1782/5
s 1
f 1853/1880/6 1857/1884/6 1858/1885/6
s 0
f 1899/1926/6 1898/1925/6 1902/1929/6
f 2252/2279/6 2240/2267/6 2236/2263/6
f 2233/2260/6 2243/2270/6 2241/2268/6
f 2255/2282/5 2259/2286/5 2251/2278/5
s 1
f 1728/1755/6 1963/1990/6 1962/1989/6
s 0
f 1908/1935/6 1904/1931/6 1676/1695/6
s 1
f 1695/1714/5 1694/1713/5 1751/1778/5
f 1740/1767/5 1744/1771/5 1745/1772/5
f 1863/1890/6 1859/1886/6 1858/1885/6
f 1745/1772/5 1744/1771/5 1748/1775/5
s 0
f 2280/2307/6 2292/2319/6 2290/2317/6
s 1
f 1849/1876/6 1721/1741/6 1720/1739/6
s 0
f 1706/1725/5 1705/1724/5 1795/1822/5
f 2328/2355/6 2398/2428/6 2397/2427/6
f 1985/2012/5 1973/2000/5 1978/2005/5
f 2190/2217/6 2202/2229/6 2198/2225/6
f 2090/2117/6 2102/2129/6 2100/2127/6
f 2344/2371/6 2343/2370/6 2406/2436/6
s 1
f 1898/1925/6 1894/1921/6 1893/1920/6
f 1709/1728/5 1708/1727/5 1807/1834/5
f 1924/1951/6 1671/1690/6 1670/1689/6
s 0
f 2249/2276/5 2237/2264/5 2234/2261/5
f 2009/2036/5 2021/2048/5 2020/2047/5
s 1
f 1862/1889/6 1858/1885/6 1857/1884/6
s 0
f 2285/2312/5 2289/2316/5 2277/2304/5
f 1942/1969/6 1938/1965/6 1937/1964/6
f 1983/2010/5 1990/2017/5 1978/2005/5
f 1939/1966/6 1943/1970/6 1627/1646/6
f 2056/2083/5 2060/2087/5 2048/2075/5
f 2027/2054/6 2025/2052/6 2013/2040/6
s 1
f 1735/1762/5 1844/1871/5 1633/1652/5
f 1846/1873/5 1733/1760/5 1732/1759/5
s 0
f 2306/2333/6 2296/2323/6 2299/2326/6
f 2113/2140/5 2125/2152/5 2127/2154/5
s 1
f 1758/1785/5 1757/1784/5 1761/1788/5
s 0
f 2164/2191/5 2168/2195/5 2156/2183/5
s 1
f 1818/1845/5 1817/1844/5 1821/1848/5
s 0
f 2404/2434/6 2403/2433/6 2346/2373/6
f 2081/2108/5 2093/2120/5 2092/2119/5
f 2278/2305/6 2290/2317/6 2287/2314/6
f 2061/2088/6 2073/2100/6 2070/2097/6
s 1
f 1840/1867/5 1836/1863/5 1636/1655/5
f 1716/1735/5 1715/1734/5 1835/1862/5
f 1719/1738/5 1718/1737/5 1843/1870/5
s 0
f 1788/1815/5 1792/1819/5 1793/1820/5
f 2263/2290/5 2427/2461/5 2423/2455/5
s 1
f 1839/1866/5 1835/1862/5 1834/1861/5
f 1875/1902/6 1879/1906/6 1611/1630/6
f 1867/1894/6 1863/1890/6 1862/1889/6
s 0
f 1919/1946/6 1915/1942/6 1914/1941/6
f 2276/2303/6 2288/2315/6 2292/2319/6
s 1
f 1853/1880/6 1852/1879/6 1856/1883/6
s 0
f 2234/2261/5 2237/2264/5 2227/2254/5
s 1
f 1824/1851/5 1820/1847/5 1640/1659/5
s 0
f 2222/2249/6 2233/2260/6 2231/2258/6
s 1
f 1821/1848/5 1825/1852/5 1826/1853/5
s 0
f 1771/1798/5 1770/1797/5 1774/1801/5
s 1
f 1950/1977/6 1946/1973/6 1945/1972/6
f 1850/1877/6 1722/1743/6 1721/1741/6
s 0
f 1869/1896/6 1865/1892/6 1864/1891/6
f 2129/2156/5 2141/2168/5 2140/2167/5
f 1647/1666/5 1646/1665/5 1796/1823/5
s 1
f 1878/1905/6 1882/1909/6 1883/1910/6
s 0
f 1792/1819/5 1796/1823/5 1797/1824/5
f 2267/2294/5 2263/2290/5 2420/2450/5
s 1
f 1860/1887/6 1856/1883/6 1688/1707/6
s 0
f 1781/1808/5 1780/1807/5 1784/1811/5
s 1
f 1885/1912/6 1881/1908/6 1880/1907/6
s 0
f 2214/2241/6 2225/2252/6 2222/2249/6
s 1
f 1759/1786/5 1755/1782/5 1754/1781/5
f 1725/1749/5 1737/1764/5 1738/1765/5
f 1727/1753/5 1726/1751/5 1738/1765/5
s 0
f 2111/2138/6 2109/2136/6 2097/2124/6
f 2182/2209/5 2170/2197/5 2163/2190/5
f 2323/2350/5 2325/2352/5 2326/2353/5
s 1
f 1748/1775/5 1752/1779/5 1753/1780/5
f 1848/1875/6 1690/1709/6 1689/1708/6
f 1701/1720/5 1779/1806/5 1783/1810/5
s 0
f 1628/1647/6 1627/1646/6 1943/1970/6
f 1909/1936/6 1908/1935/6 1912/1939/6
s 1
f 1653/1672/5 1652/1671/5 1772/1799/5
s 0
f 1929/1956/6 1925/1952/6 1924/1951/6
f 2119/2146/6 2131/2158/6 2135/2162/6
f 2362/2389/6 2387/2416/6 2386/2415/6
f 2461/2497/6 2460/2496/6 2463/2499/6
s 1
f 1838/1865/5 1965/1992/5 1841/1868/5
s 0
f 2219/2246/6 2230/2257/6 2228/2255/6
s 1
f 1855/1882/6 1859/1886/6 1606/1625/6
f 1794/1821/5 1793/1820/5 1797/1824/5
f 1843/1870/5 1841/1868/5 1965/1992/5
f 1699/1718/5 1771/1798/5 1775/1802/5
f 1852/1879/6 1689/1708/6 1688/1707/6
s 0
f 1804/1831/5 1808/1835/5 1809/1836/5
s 1
f 1952/1979/6 1664/1683/6 1663/1682/6
s 0
f 1803/1830/5 1799/1826/5 1798/1825/5
f 2394/2423/6 2395/2424/6 2359/2386/6
f 1981/2008/5 1993/2020/5 1995/2022/5
s 1
f 1962/1989/6 1958/1985/6 1957/1984/6
f 1866/1893/6 1862/1889/6 1861/1888/6
f 1773/1800/5 1769/1796/5 1768/1795/5
f 1910/1937/6 1906/1933/6 1905/1932/6
s 0
f 1940/1967/6 1667/1686/6 1666/1685/6
f 1783/1810/5 1787/1814/5 1703/1722/5
f 2269/2296/6 2261/2288/6 2262/2289/6
s 1
f 1659/1678/5 1658/1677/5 1748/1775/5
s 0
f 1613/1632/6 1887/1914/6 1891/1918/6
f 2150/2177/6 2162/2189/6 2160/2187/6
f 2208/2235/6 2196/2223/6 2198/2225/6
f 2271/2298/6 2283/2310/6 2281/2308/6
f 1975/2002/6 1979/2006/6 1723/1745/6
f 1603/1622/5 1969/1996/5 1971/1998/5
f 1726/1752/5 1978/2005/5 1973/2000/5
f 1882/1909/6 1878/1905/6 1877/1904/6
f 2419/2449/5 2239/2266/5 2229/2256/5
f 1985/2012/5 1997/2024/5 1996/2023/5
f 2292/2319/6 2301/2328/6 2299/2326/6
s 1
f 1631/1650/6 1630/1649/6 1955/1982/6
s 0
f 1825/1852/5 1824/1851/5 1828/1855/5
f 1984/2011/5 1988/2015/5 1976/2003/5
f 2154/2181/6 2150/2177/6 2138/2165/6
f 2375/2403/6 2376/2404/6 2406/2436/6
f 2404/2434/6 2405/2435/6 2377/2405/6
f 2055/2082/5 2062/2089/5 2050/2077/5
f 1894/1921/6 1890/1917/6 1889/1916/6
f 1788/1815/5 1784/1811/5 1649/1668/5
f 2023/2050/6 2035/2062/6 2039/2066/6
s 1
f 1814/1841/5 1813/1840/5 1817/1844/5
f 1692/1711/5 1691/1710/5 1739/1766/5
s 0
f 2294/2321/5 2428/2462/5 2284/2311/5
s 1
f 1601/1620/5 1719/1738/5 1847/1874/5
s 0
f 2347/2374/6 2346/2373/6 2403/2433/6
f 2182/2209/5 2177/2204/5 2165/2192/5
f 2290/2317/6 2299/2326/6 2296/2323/6
f 2429/2463/5 2430/2464/5 2285/2312/5
f 1920/1947/6 1672/1691/6 1671/1690/6
f 2135/2162/6 2133/2160/6 2121/2148/6
f 1998/2025/6 1994/2021/6 1982/2009/6
f 2140/2167/5 2144/2171/5 2132/2159/5
f 2402/2432/6 2403/2433/6 2379/2407/6
f 2059/2086/6 2071/2098/6 2075/2102/6
f 2058/2085/6 2054/2081/6 2042/2069/6
f 1806/1833/5 1805/1832/5 1809/1836/5
f 1827/1854/5 1826/1853/5 1830/1857/5
f 2013/2040/6 2025/2052/6 2022/2049/6
f 2195/2222/6 2207/2234/6 2205/2232/6
f 2106/2133/6 2102/2129/6 2090/2117/6
s 1
f 1625/1644/6 1935/1962/6 1939/1966/6
s 0
f 2084/2111/5 2072/2099/5 2068/2095/5
f 2316/2343/6 2319/2346/6 2320/2347/6
f 2025/2052/6 2037/2064/6 2034/2061/6
f 2019/2046/5 2026/2053/5 2014/2041/5
f 2139/2166/5 2146/2173/5 2134/2161/5
f 1987/2014/6 1999/2026/6 2003/2030/6
f 1618/1637/6 1617/1636/6 1903/1930/6
f 1904/1931/6 1900/1927/6 1677/1696/6
f 2457/2493/6 2451/2487/6 2450/2486/6
f 1995/2022/5 2002/2029/5 1990/2017/5
f 2141/2168/5 2153/2180/5 2152/2179/5
s 1
f 1782/1809/5 1781/1808/5 1785/1812/5
s 0
f 1819/1846/5 1818/1845/5 1822/1849/5
f 2147/2174/6 2145/2172/6 2133/2160/6
s 1
f 1764/1791/5 1760/1787/5 1655/1674/5
s 0
f 2223/2250/5 2227/2254/5 2216/2243/5
f 2221/2248/5 2418/2448/5 2211/2238/5
f 2341/2368/6 2340/2367/6 2409/2439/6
f 2331/2358/6 2349/2376/6 2400/2430/6
f 2133/2160/6 2145/2172/6 2142/2169/6
f 2157/2184/6 2169/2196/6 2166/2193/6
f 2232/2259/5 2419/2449/5 2418/2448/5
f 2054/2081/6 2066/2093/6 2064/2091/6
f 1621/1640/6 1620/1639/6 1915/1942/6
f 1792/1819/5 1788/1815/5 1648/1667/5
f 2226/2253/6 2236/2263/6 2240/2267/6
f 2185/2212/5 2187/2214/5 2175/2202/5
f 2165/2192/5 2177/2204/5 2176/2203/5
f 2091/2118/5 2098/2125/5 2086/2113/5
s 1
f 1843/1870/5 1967/1994/5 1846/1873/5
s 0
f 2387/2416/6 2388/2417/6 2352/2379/6
f 1885/1912/6 1884/1911/6 1888/1915/6
f 2348/2375/6 2347/2374/6 2402/2432/6
s 1
f 1886/1913/6 1882/1909/6 1881/1908/6
s 0
f 2243/2270/6 2254/2281/6 2253/2280/6
f 2172/2199/6 2160/2187/6 2162/2189/6
f 2179/2206/6 2191/2218/6 2195/2222/6
s 1
f 1816/1843/5 1812/1839/5 1642/1661/5
s 0
f 2094/2121/6 2090/2117/6 2078/2105/6
f 2127/2154/5 2134/2161/5 2122/2149/5
s 1
f 1966/1993/5 1842/1869/5 1844/1871/5
s 0
f 2206/2233/5 2201/2228/5 2189/2216/5
f 2146/2173/5 2141/2168/5 2129/2156/5
f 2077/2104/5 2089/2116/5 2091/2118/5
f 2126/2153/6 2138/2165/6 2136/2163/6
f 2424/2456/5 2267/2294/5 2259/2286/5
f 2170/2197/5 2165/2192/5 2153/2180/5
f 2210/2237/6 2198/2225/6 2202/2229/6
f 2259/2286/5 2420/2450/5 2246/2273/5
f 2026/2053/5 2021/2048/5 2009/2036/5
f 1807/1834/5 1806/1833/5 1810/1837/5
f 2011/2038/6 2023/2050/6 2027/2054/6
f 1943/1970/6 1939/1966/6 1938/1965/6
f 2114/2141/6 2126/2153/6 2124/2151/6
f 1610/1629/6 1609/1628/6 1871/1898/6
s 1
f 1961/1988/6 1957/1984/6 1956/1983/6
s 0
f 2134/2161/5 2129/2156/5 2117/2144/5
f 2230/2257/6 2240/2267/6 2238/2265/6
f 2258/2285/6 2266/2293/6 2264/2291/6
f 2003/2030/6 2001/2028/6 1989/2016/6
f 1896/1923/6 1892/1919/6 1679/1698/6
f 2329/2356/6 2382/2410/6 2361/2388/6
f 2188/2215/5 2192/2219/5 2180/2207/5
f 1800/1827/5 1796/1823/5 1646/1665/5
f 1698/1717/5 1767/1794/5 1771/1798/5
f 2010/2037/6 1998/2025/6 2001/2028/6
s 1
f 1729/1756/6 1962/1989/6 1961/1988/6
s 0
f 1969/1996/5 1981/2008/5 1983/2010/5
f 2382/2410/6 2381/2409/6 2362/2389/6
f 2118/2145/6 2106/2133/6 2109/2136/6
f 2283/2310/6 2295/2322/6 2293/2320/6
f 2191/2218/6 2203/2230/6 2207/2234/6
f 2385/2414/6 2411/2441/6 2414/2444/6
f 2210/2237/6 2222/2249/6 2220/2247/6
s 1
f 1887/1914/6 1886/1913/6 1890/1917/6
s 0
f 1724/1748/5 1972/1999/5 1976/2003/5
f 2225/2252/6 2235/2262/6 2233/2260/6
f 2291/2318/5 2286/2313/5 2274/2301/5
f 2083/2110/6 2095/2122/6 2099/2126/6
f 2049/2076/6 2061/2088/6 2058/2085/6
f 2410/2440/6 2409/2439/6 2340/2367/6
f 2432/2467/5 2429/2463/5 2300/2327/5
f 2280/2307/6 2268/2295/6 2265/2292/6
f 2022/2049/6 2018/2045/6 2006/2033/6
s 1
f 1884/1911/6 1880/1907/6 1682/1701/6
f 1718/1737/5 1717/1736/5 1841/1868/5
s 0
f 2117/2144/5 2129/2156/5 2128/2155/5
f 2286/2313/5 2285/2312/5 2273/2300/5
f 1921/1948/6 1917/1944/6 1916/1943/6
f 2078/2105/6 2090/2117/6 2088/2115/6
f 1897/1924/6 1896/1923/6 1900/1927/6
s 1
f 1838/1865/5 1837/1864/5 1964/1991/5
f 1725/1749/5 1724/1747/5 1736/1763/5
s 0
f 1789/1816/5 1785/1812/5 1784/1811/5
s 1
f 1711/1730/5 1710/1729/5 1815/1842/5
s 0
f 2029/2056/5 2041/2068/5 2043/2070/5
f 2387/2416/6 2351/2378/6 2350/2377/6
s 1
f 1730/1757/6 1961/1988/6 1960/1987/6
s 0
f 2201/2228/5 2200/2227/5 2188/2215/5
f 2471/2507/6 2473/2509/6 2472/2508/6
f 2399/2429/6 2415/2445/6 2413/2443/6
f 1922/1949/6 1926/1953/6 1927/1954/6
s 1
f 1947/1974/6 1943/1970/6 1942/1969/6
s 0
f 2153/2180/5 2165/2192/5 2164/2191/5
f 2098/2125/5 2093/2120/5 2081/2108/5
f 1820/1847/5 1816/1843/5 1641/1660/5
f 2337/2364/6 2416/2446/6 2415/2445/6
f 2422/2453/6 2426/2458/6 2427/2460/6
s 1
f 1930/1957/6 1926/1953/6 1925/1952/6
f 1932/1959/6 1669/1688/6 1668/1687/6
s 0
f 2363/2390/6 2388/2417/6 2387/2416/6
f 2371/2398/6 2396/2425/6 2395/2424/6
f 2042/2069/6 2054/2081/6 2052/2079/6
f 2380/2408/6 2379/2407/6 2364/2391/6
s 1
f 1931/1958/6 1927/1954/6 1926/1953/6
s 0
f 1923/1950/6 1919/1946/6 1918/1945/6
f 2224/2251/5 2223/2250/5 2212/2239/5
f 2428/2462/5 2300/2327/5 2291/2318/5
f 2183/2210/6 2181/2208/6 2169/2196/6
f 1867/1894/6 1871/1898/6 1609/1628/6
f 2169/2196/6 2181/2208/6 2178/2205/6
f 2408/2438/6 2409/2439/6 2373/2401/6
f 2401/2431/6 2400/2430/6 2349/2376/6
f 2063/2090/6 2061/2088/6 2049/2076/6
f 2095/2122/6 2107/2134/6 2111/2138/6
s 1
f 1737/1764/5 1736/1763/5 1740/1767/5
s 0
f 1778/1805/5 1777/1804/5 1781/1808/5
f 2006/2033/6 2018/2045/6 2016/2043/6
s 1
f 1763/1790/5 1767/1794/5 1698/1717/5
s 0
f 2412/2442/6 2411/2441/6 2385/2414/6
f 2368/2395/6 2393/2422/6 2392/2421/6
s 1
f 1835/1862/5 1831/1858/5 1830/1857/5
s 0
f 2070/2097/6 2066/2093/6 2054/2081/6
f 2163/2190/5 2170/2197/5 2158/2185/5
f 2345/2372/6 2344/2371/6 2405/2435/6
f 2417/2447/5 2234/2261/5 2223/2250/5
f 2365/2392/6 2364/2391/6 2379/2407/6
f 1784/1811/5 1780/1807/5 1650/1669/5
s 1
f 1954/1981/6 1950/1977/6 1949/1976/6
s 0
f 1984/2011/5 1972/1999/5 1973/2000/5
f 2039/2066/6 2037/2064/6 2025/2052/6
f 2420/2450/5 2423/2455/5 2245/2272/5
f 2247/2274/6 2256/2283/6 2254/2281/6
f 2131/2158/6 2143/2170/6 2147/2174/6
s 1
f 1770/1797/5 1769/1796/5 1773/1800/5
s 0
f 2252/2279/6 2260/2287/6 2258/2285/6
f 2101/2128/5 2113/2140/5 2115/2142/5
f 1977/2004/6 1989/2016/6 1986/2013/6
f 2085/2112/6 2097/2124/6 2094/2121/6
s 1
f 1630/1649/6 1629/1648/6 1951/1978/6
s 0
f 2430/2464/5 2298/2325/5 2289/2316/5
f 1916/1943/6 1912/1939/6 1674/1693/6
f 2370/2397/6 2395/2424/6 2394/2423/6
f 2239/2266/5 2417/2447/5 2224/2251/5
f 2062/2089/5 2057/2084/5 2045/2072/5
f 2193/2220/6 2205/2232/6 2202/2229/6
f 2097/2124/6 2109/2136/6 2106/2133/6
f 2287/2314/6 2296/2323/6 2295/2322/6
f 2047/2074/6 2059/2086/6 2063/2090/6
f 2372/2399/6 2373/2401/6 2409/2439/6
s 1
f 1953/1980/6 1957/1984/6 1958/1985/6
f 1952/1979/6 1956/1983/6 1957/1984/6
f 1954/1981/6 1958/1985/6 1959/1986/6
s 0
f 1890/1917/6 1894/1921/6 1895/1922/6
f 2086/2113/5 2074/2101/5 2067/2094/5
s 1
f 1602/1621/6 1690/1709/6 1848/1875/6
s 0
f 2378/2406/6 2379/2407/6 2403/2433/6
f 2302/2329/6 2293/2320/6 2295/2322/6
f 2363/2390/6 2362/2389/6 2381/2409/6
f 1997/2024/5 2009/2036/5 2008/2035/5
s 1
f 1840/1867/5 1842/1869/5 1966/1993/5
s 0
f 1624/1643/6 1931/1958/6 1935/1962/6
f 2260/2287/6 2268/2295/6 2266/2293/6
f 2081/2108/5 2069/2096/5 2074/2101/5
f 2020/2047/5 2024/2051/5 2012/2039/5
f 1887/1914/6 1883/1910/6 1882/1909/6
f 2275/2302/6 2264/2291/6 2266/2293/6
f 1776/1803/5 1772/1799/5 1652/1671/5
s 1
f 1693/1712/5 1692/1711/5 1743/1770/5
f 1870/1897/6 1866/1893/6 1865/1892/6
s 0
f 1910/1937/6 1914/1941/6 1915/1942/6
s 1
f 1751/1778/5 1747/1774/5 1746/1773/5
s 0
f 2392/2421/6 2393/2422/6 2357/2384/6
s 1
f 1607/1626/6 1606/1625/6 1859/1886/6
s 0
f 1875/1902/6 1871/1898/6 1870/1897/6
f 2431/2466/5 2300/2327/5 2428/2462/5
f 2246/2273/5 2417/2447/5 2239/2266/5
f 2214/2241/6 2202/2229/6 2205/2232/6
s 1
f 1932/1959/6 1936/1963/6 1937/1964/6
f 1868/1895/6 1872/1899/6 1873/1900/6
s 0
f 1880/1907/6 1876/1903/6 1683/1702/6
f 2112/2139/6 2100/2127/6 2102/2129/6
f 1918/1945/6 1914/1941/6 1913/1940/6
f 2051/2078/6 2049/2076/6 2037/2064/6
s 1
f 1861/1888/6 1860/1887/6 1864/1891/6
s 0
f 2215/2242/6 2226/2253/6 2230/2257/6
s 1
f 1623/1642/6 1927/1954/6 1931/1958/6
s 0
f 1622/1641/6 1923/1950/6 1927/1954/6
f 2069/2096/5 2081/2108/5 2080/2107/5
f 2015/2042/6 2013/2040/6 2001/2028/6
f 2469/2505/6 2471/2507/6 2470/2506/6
f 2123/2150/6 2121/2148/6 2109/2136/6
f 1801/1828/5 1797/1824/5 1796/1823/5
f 2288/2315/6 2297/2324/6 2301/2328/6
f 2335/2362/6 2413/2443/6 2412/2442/6
f 2217/2244/6 2228/2255/6 2225/2252/6
f 2034/2061/6 2030/2057/6 2018/2045/6
f 2300/2327/5 2429/2463/5 2286/2313/5
f 2400/2430/6 2382/2410/6 2329/2356/6
f 2180/2207/5 2168/2195/5 2164/2191/5
s 1
f 1717/1736/5 1716/1735/5 1839/1866/5
s 0
f 2005/2032/5 2017/2044/5 2019/2046/5
f 1902/1929/6 1906/1933/6 1907/1934/6
f 1989/2016/6 2001/2028/6 1998/2025/6
f 1892/1919/6 1896/1923/6 1897/1924/6
f 2366/2393/6 2391/2420/6 2390/2419/6
s 1
f 1945/1972/6 1941/1968/6 1940/1967/6
s 0
f 2216/2243/5 2204/2231/5 2200/2227/5
f 2158/2185/5 2146/2173/5 2139/2166/5
s 1
f 1953/1980/6 1949/1976/6 1948/1975/6
s 0
f 1899/1926/6 1903/1930/6 1617/1636/6
f 2002/2029/5 1997/2024/5 1985/2012/5
f 1753/1780/5 1752/1779/5 1756/1783/5
f 1911/1938/6 1907/1934/6 1906/1933/6
s 1
f 1845/1872/5 1844/1871/5 1735/1762/5
f 1815/1842/5 1814/1841/5 1818/1845/5
s 0
f 2219/2246/6 2207/2234/6 2203/2230/6
s 1
f 1934/1961/6 1938/1965/6 1939/1966/6
s 0
f 1705/1724/5 1704/1723/5 1791/1818/5
s 1
f 1875/1902/6 1874/1901/6 1878/1905/6
s 0
f 2312/2339/5 2311/2338/5 2314/2341/5
f 1993/2020/5 2005/2032/5 2007/2034/5
f 2247/2274/6 2235/2262/6 2238/2265/6
f 2033/2060/5 2045/2072/5 2044/2071/5
s 1
f 1933/1960/6 1937/1964/6 1938/1965/6
s 0
f 2190/2217/6 2178/2205/6 2181/2208/6
f 2245/2272/5 2234/2261/5 2417/2447/5
s 1
f 1765/1792/5 1761/1788/5 1760/1787/5
s 0
f 1791/1818/5 1787/1814/5 1786/1813/5
f 2200/2227/5 2204/2231/5 2192/2219/5
s 1
f 1853/1880/6 1849/1876/6 1848/1875/6
s 0
f 1678/1697/6 1677/1696/6 1900/1927/6
f 1974/2001/6 1721/1742/6 1722/1744/6
f 2174/2201/6 2162/2189/6 2166/2193/6
f 2388/2417/6 2389/2418/6 2353/2380/6
s 1
f 1608/1627/6 1607/1626/6 1863/1890/6
s 0
f 2076/2103/6 2064/2091/6 2066/2093/6
f 2155/2182/6 2167/2194/6 2171/2198/6
s 1
f 1967/1994/5 1966/1993/5 1845/1872/5
f 1860/1887/6 1687/1706/6 1686/1705/6
f 1956/1983/6 1663/1682/6 1662/1681/6
s 0
f 2273/2300/5 2427/2461/5 2263/2290/5
f 1974/2001/6 1970/1997/6 1720/1740/6
s 1
f 1837/1864/5 1836/1863/5 1840/1867/5
s 0
f 1986/2013/6 1982/2009/6 1970/1997/6
s 1
f 1822/1849/5 1826/1853/5 1827/1854/5
s 0
f 2130/2157/6 2126/2153/6 2114/2141/6
s 1
f 1874/1901/6 1870/1897/6 1869/1896/6
s 0
f 2260/2287/6 2252/2279/6 2248/2275/6
f 2257/2284/6 2265/2292/6 2268/2295/6
f 1970/1997/6 1968/1995/6 1602/1621/6
f 2459/2495/6 2449/2485/6 2448/2484/6
s 1
f 1629/1648/6 1628/1647/6 1947/1974/6
s 0
f 1656/1675/5 1655/1674/5 1760/1787/5
s 1
f 1615/1634/6 1614/1633/6 1891/1918/6
f 1854/1881/6 1858/1885/6 1859/1886/6
s 0
f 1651/1670/5 1650/1669/5 1780/1807/5
s 1
f 1604/1623/6 1598/1617/6 1723/1746/6
s 0
f 2163/2190/5 2151/2178/5 2149/2176/5
f 2354/2381/6 2353/2380/6 2389/2418/6
s 1
f 1855/1882/6 1851/1878/6 1850/1877/6
f 1960/1987/6 1662/1681/6 1600/1619/6
s 0
f 2082/2109/6 2078/2105/6 2066/2093/6
s 1
f 1836/1863/5 1832/1859/5 1637/1656/5
s 0
f 2217/2244/6 2205/2232/6 2207/2234/6
s 1
f 1817/1844/5 1816/1843/5 1820/1847/5
s 0
f 1763/1790/5 1759/1786/5 1758/1785/5
s 1
f 1604/1623/6 1851/1878/6 1855/1882/6
s 0
f 2009/2036/5 1997/2024/5 2002/2029/5
f 1619/1638/6 1618/1637/6 1907/1934/6
s 1
f 1866/1893/6 1870/1897/6 1871/1898/6
f 1873/1900/6 1872/1899/6 1876/1903/6
s 0
f 1892/1919/6 1888/1915/6 1680/1699/6
f 2213/2240/5 2201/2228/5 2206/2233/5
s 1
f 1955/1982/6 1951/1978/6 1950/1977/6
s 0
f 2075/2102/6 2073/2100/6 2061/2088/6
f 2418/2448/5 2229/2256/5 2218/2245/5
f 2390/2419/6 2391/2420/6 2355/2382/6
f 2171/2198/6 2169/2196/6 2157/2184/6
f 2010/2037/6 2006/2033/6 1994/2021/6
f 1766/1793/5 1765/1792/5 1769/1796/5
f 1715/1734/5 1714/1733/5 1831/1858/5
f 2087/2114/6 2085/2112/6 2073/2100/6
f 2105/2132/5 2117/2144/5 2116/2143/5
f 1714/1733/5 1713/1732/5 1827/1854/5
f 1911/1938/6 1915/1942/6 1620/1639/6
f 2099/2126/6 2097/2124/6 2085/2112/6
s 1
f 1684/1703/6 1683/1702/6 1876/1903/6
f 1846/1873/5 1845/1872/5 1734/1761/5
f 1691/1710/5 1603/1622/5 1727/1753/5
s 0
f 1946/1973/6 1942/1969/6 1941/1968/6
f 1982/2009/6 1994/2021/6 1992/2019/6
f 2308/2335/5 2298/2325/5 2430/2464/5
f 2401/2431/6 2402/2432/6 2380/2408/6
f 2335/2362/6 2372/2400/6 2410/2440/6
f 2148/2175/6 2136/2163/6 2138/2165/6
s 1
f 1934/1961/6 1930/1957/6 1929/1956/6
f 1944/1971/6 1948/1975/6 1949/1976/6
s 0
f 2197/2224/5 2199/2226/5 2187/2214/5
f 1904/1931/6 1908/1935/6 1909/1936/6
f 1727/1754/5 1971/1998/5 1978/2005/5
f 1828/1855/5 1824/1851/5 1639/1658/5
f 1826/1853/5 1825/1852/5 1829/1856/5
f 1941/1968/6 1937/1964/6 1936/1963/6
s 1
f 1920/1947/6 1924/1951/6 1925/1952/6
f 1694/1713/5 1693/1712/5 1747/1774/5
s 0
f 2284/2311/5 2291/2318/5 2279/2306/5
s 1
f 1746/1773/5 1742/1769/5 1741/1768/5
s 0
f 2211/2238/5 2199/2226/5 2197/2224/5
f 2360/2387/6 2359/2386/6 2395/2424/6
f 2330/2357/6 2361/2388/6 2386/2415/6
s 1
f 1771/1798/5 1767/1794/5 1766/1793/5
s 0
f 2250/2277/6 2258/2285/6 2256/2283/6
f 1928/1955/6 1670/1689/6 1669/1688/6
f 1935/1962/6 1931/1958/6 1930/1957/6
f 2279/2306/5 2267/2294/5 2424/2456/5
f 2467/2503/6 2465/2501/6 2464/2500/6
f 1707/1726/5 1706/1725/5 1799/1826/5
f 1884/1911/6 1681/1700/6 1680/1699/6
f 2396/2426/6 2371/2398/6 2336/2363/6
s 1
f 1790/1817/5 1789/1816/5 1793/1820/5
s 0
f 1776/1803/5 1780/1807/5 1781/1808/5
f 1921/1948/6 1925/1952/6 1926/1953/6
f 1790/1817/5 1794/1821/5 1795/1822/5
f 1885/1912/6 1889/1916/6 1890/1917/6
f 2051/2078/6 2039/2066/6 2035/2062/6
f 2122/2149/5 2110/2137/5 2103/2130/5
f 2218/2245/5 2206/2233/5 2199/2226/5
f 2212/2239/5 2200/2227/5 2201/2228/5
f 2123/2150/6 2111/2138/6 2107/2134/6
f 1675/1694/6 1674/1693/6 1912/1939/6
f 1905/1932/6 1901/1928/6 1900/1927/6
f 2018/2045/6 2030/2057/6 2028/2055/6
f 1778/1805/5 1782/1809/5 1783/1810/5
f 2014/2041/5 2002/2029/5 1995/2022/5
f 2082/2109/6 2070/2097/6 2073/2100/6
s 1
f 1832/1859/5 1836/1863/5 1837/1864/5
s 0
f 2050/2077/5 2038/2065/5 2031/2058/5
s 1
f 1946/1973/6 1950/1977/6 1951/1978/6
s 0
f 2365/2392/6 2390/2419/6 2389/2418/6
f 1909/1936/6 1913/1940/6 1914/1941/6
f 2331/2358/6 2397/2427/6 2398/2428/6
f 1972/1999/5 1724/1748/5 1725/1750/5
f 2117/2144/5 2105/2132/5 2110/2137/5
f 2304/2331/6 2295/2322/6 2296/2323/6
f 2189/2216/5 2188/2215/5 2176/2203/5
s 1
f 1742/1769/5 1738/1765/5 1737/1764/5
s 0
f 2243/2270/6 2233/2260/6 2235/2262/6
f 2378/2406/6 2377/2405/6 2366/2393/6
f 1764/1791/5 1768/1795/5 1769/1796/5
f 1876/1903/6 1880/1907/6 1881/1908/6
f 1893/1920/6 1889/1916/6 1888/1915/6
f 2383/2411/6 2327/2354/6 2330/2357/6
f 1979/2006/6 1977/2004/6 1722/1744/6
s 1
f 1944/1971/6 1666/1685/6 1665/1684/6
s 0
f 1897/1924/6 1901/1928/6 1902/1929/6
f 2187/2214/5 2194/2221/5 2182/2209/5
f 2125/2152/5 2137/2164/5 2139/2166/5
f 2251/2278/5 2239/2266/5 2419/2449/5
f 1759/1786/5 1763/1790/5 1697/1716/5
f 2368/2395/6 2367/2394/6 2376/2404/6
s 1
f 1743/1770/5 1739/1766/5 1738/1765/5
s 0
f 2371/2398/6 2370/2397/6 2373/2401/6
s 1
f 1856/1883/6 1860/1887/6 1861/1888/6
s 0
f 1991/2018/6 1989/2016/6 1977/2004/6
s 1
f 1740/1767/5 1736/1763/5 1661/1680/5
s 0
f 2128/2155/5 2132/2159/5 2120/2147/5
f 1879/1906/6 1883/1910/6 1612/1631/6
f 2154/2181/6 2142/2169/6 2145/2172/6
f 1899/1926/6 1895/1922/6 1894/1921/6
f 2189/2216/5 2177/2204/5 2182/2209/5
f 2046/2073/6 2042/2069/6 2030/2057/6
f 2015/2042/6 2003/2030/6 1999/2026/6
s 1
f 1632/1651/6 1631/1650/6 1959/1986/6
s 0
f 2120/2147/5 2108/2135/5 2104/2131/5
s 1
f 1820/1847/5 1824/1851/5 1825/1852/5
s 0
f 2310/2337/6 2301/2328/6 2297/2324/6
f 1685/1704/6 1684/1703/6 1872/1899/6
f 2272/2299/5 2424/2456/5 2425/2457/5
f 2277/2304/5 2426/2459/5 2427/2461/5
f 2364/2391/6 2389/2418/6 2388/2417/6
f 2384/2412/6 2334/2361/6 2333/2360/6
s 1
f 1834/1861/5 1833/1860/5 1837/1864/5
s 0
f 2305/2332/5 2428/2462/5 2294/2321/5
f 1808/1835/5 1804/1831/5 1644/1663/5
f 2159/2186/6 2157/2184/6 2145/2172/6
f 2456/2492/6 2453/2489/6 2452/2488/6
f 1813/1840/5 1812/1839/5 1816/1843/5
s 1
f 1906/1933/6 1902/1929/6 1901/1928/6
s 0
f 2183/2210/6 2171/2198/6 2167/2194/6
f 2183/2210/6 2195/2222/6 2193/2220/6
f 1996/2023/5 2000/2027/5 1988/2015/5
f 2178/2205/6 2190/2217/6 2186/2213/6
f 2121/2148/6 2133/2160/6 2130/2157/6
f 2175/2202/5 2163/2190/5 2161/2188/5
f 1785/1812/5 1789/1816/5 1790/1817/5
f 2274/2301/5 2263/2290/5 2267/2294/5
f 2159/2186/6 2147/2174/6 2143/2170/6
f 1797/1824/5 1801/1828/5 1802/1829/5
s 1
f 1745/1772/5 1749/1776/5 1750/1777/5
f 1761/1788/5 1765/1792/5 1766/1793/5
s 0
f 2048/2075/5 2036/2063/5 2032/2059/5
f 2374/2402/6 2373/2401/6 2370/2397/6
f 1756/1783/5 1752/1779/5 1657/1676/5
f 2045/2072/5 2033/2060/5 2038/2065/5
s 1
f 1842/1869/5 1840/1867/5 1635/1654/5
s 0
f 2271/2298/6 2262/2289/6 2264/2291/6
f 2278/2305/6 2266/2293/6 2268/2295/6
f 1773/1800/5 1777/1804/5 1778/1805/5
f 2321/2348/6 2315/2342/6 2318/2345/6
s 1
f 1744/1771/5 1740/1767/5 1660/1679/5
s 0
f 2250/2277/6 2238/2265/6 2240/2267/6
f 2046/2073/6 2034/2061/6 2037/2064/6
f 2004/2031/6 1992/2019/6 1994/2021/6
s 1
f 1713/1732/5 1712/1731/5 1823/1850/5
s 0
f 2432/2467/6 2429/2463/6 2430/2465/6
f 2040/2067/6 2028/2055/6 2030/2057/6
f 2045/2072/5 2057/2084/5 2056/2083/5
s 1
f 1873/1900/6 1877/1904/6 1878/1905/6
s 0
f 1975/2002/6 1987/2014/6 1991/2018/6
f 2087/2114/6 2075/2102/6 2071/2098/6
s 1
f 1779/1806/5 1775/1802/5 1774/1801/5
s 0
f 2407/2437/6 2406/2436/6 2343/2370/6
s 1
f 1754/1781/5 1750/1777/5 1749/1776/5
f 1844/1871/5 1842/1869/5 1634/1653/5
s 0
f 2309/2336/6 2299/2326/6 2301/2328/6
s 1
f 1755/1782/5 1751/1778/5 1750/1777/5
g SAFEGROUND_TOP.002_Mesh
v 2.499987 6.000005 -4.999998
v 1.499987 6.000005 -4.999998
v 2.499991 6.000002 1.000001
v 1.499991 6.000002 1.000002
v -0.499992 2.999990 27.000000
v 0.500008 2.999990 27.000000
v -0.499992 2.999990 28.000000
v 0.500008 2.999990 28.000000
v -2.499994 3.999990 25.000002
v -2.499994 3.999991 24.000002
v -1.499994 3.999991 24.000002
v -0.499994 3.999991 24.000000
v 0.500006 3.999991 24.000000
v -1.499993 3.999990 25.000002
v -0.499993 3.999990 25.000000
v 0.500006 3.999990 25.000000
v 2.500003 6.999994 19.000004
v 2.500003 6.999993 20.000004
v 1.500003 6.999994 19.000004
v 1.500003 6.999993 20.000004
v -1.499997 6.999994 19.000006
v -0.499997 6.999994 19.000006
v 0.500003 6.999994 19.000004
v -1.499997 6.999993 20.000006
v -0.499997 6.999993 20.000006
v 0.500003 6.999993 20.000004
v 2.500004 5.999993 21.000004
v 2.500005 5.999991 22.000004
v 1.500004 5.999993 21.000004
v 1.500005 5.999991 22.000004
v -2.499997 3.999993 20.000002
v -2.499997 3.999993 19.000002
v -1.499997 3.999993 19.000002
v -1.499997 3.999993 20.000002
v 0.500000 7.999996 15.000003
v 1.500000 7.999996 15.000002
v 0.500001 7.999996 16.000004
v 1.500001 7.999996 16.000004
v -2.499998 6.999994 18.000008
v -2.499999 6.999994 17.000008
v 2.500001 6.999994 17.000002
v 2.500002 6.999994 18.000002
v 1.500001 6.999994 17.000004
v 1.500002 6.999994 18.000004
v -1.499999 6.999994 17.000006
v -0.499999 6.999994 17.000006
v 0.500001 6.999994 17.000004
v -1.499998 6.999994 18.000006
v -0.499998 6.999994 18.000006
v 0.500002 6.999994 18.000004
v 0.499998 8.999997 12.000005
v 1.499998 8.999997 12.000004
v 0.499999 8.999996 13.000005
v 1.499999 8.999996 13.000004
v 0.499995 8.999999 7.000003
v 1.499995 8.999999 7.000002
v 0.499995 8.999999 8.000005
v 1.499995 8.999999 8.000004
v -2.500004 8.999997 9.000007
v -2.500005 8.999999 8.000007
v -1.500005 8.999999 8.000006
v -1.500004 8.999997 9.000006
v 0.499995 5.999999 7.000002
v 1.499995 5.999999 7.000002
v 0.499992 6.000000 3.000004
v 1.499992 6.000000 3.000003
v 0.499992 8.000002 2.000004
v 1.499992 8.000002 2.000002
v 0.499992 8.000000 3.000004
v 1.499992 8.000000 3.000003
v -2.500009 3.000002 1.000003
v -2.500010 3.000002 0.000002
v -1.500010 3.000002 0.000002
v -1.500009 3.000002 1.000003
v -1.500003 7.999999 10.000004
v -0.500003 7.999999 10.000004
v -1.500003 7.999997 11.000004
v -0.500003 7.999997 11.000004
v 0.499994 5.999999 6.000003
v 0.499993 6.000000 4.000003
v 1.499994 5.999999 6.000002
v 1.499993 6.000000 4.000002
v 0.499994 8.000000 6.000003
v 0.499993 8.000000 5.000003
v 0.499993 8.000000 4.000003
v 1.499994 8.000000 6.000002
v 1.499993 8.000000 5.000002
v 1.499993 8.000000 4.000002
v -1.500012 8.000005 -2.999996
v -1.500012 8.000005 -3.999996
v -2.500012 8.000005 -2.999994
v -2.500012 8.000005 -3.999994
v -1.500012 6.000003 -3.999996
v -1.500012 6.000003 -2.999996
v 0.499988 6.000003 -3.999998
v 0.499988 6.000003 -2.999998
v -2.500014 8.000006 -5.999994
v -1.500014 8.000006 -5.999996
v -1.500014 7.000005 -5.999996
v 2.499987 7.000005 -4.999998
v 1.499987 7.000005 -4.999998
v -1.500013 7.000005 -4.999996
v -0.500013 7.000005 -4.999996
v 0.499986 7.000005 -5.999998
v 0.499987 7.000005 -4.999998
v 1.499986 7.000005 -5.999998
v 2.499986 7.000005 -5.999998
v -0.500014 7.000005 -5.999996
v 2.499985 6.000006 -7.999998
v 1.499985 6.000006 -7.999998
v -1.500015 6.000006 -7.999996
v -0.500015 10.000006 -7.999996
v -2.500015 6.000006 -7.999996
v 0.499985 10.000006 -7.999996
v 2.499984 6.000006 -8.999998
v 1.499984 6.000006 -8.999998
v -1.500016 6.000006 -8.999996
v -0.500016 10.000008 -8.999994
v -2.500016 6.000006 -8.999996
v 0.499984 10.000008 -8.999994
v 1.499983 7.000008 -10.999998
v -1.500017 7.000008 -10.999996
v -0.500017 4.786534 -10.999996
v -0.500018 4.786534 -11.999996
v 0.499983 4.786534 -10.999998
v 0.499982 4.786534 -11.999998
v 1.499982 7.000008 -11.999998
v -1.500018 7.000008 -11.999996
v 2.499983 9.000008 -10.999996
v 1.499983 9.000008 -10.999996
v 2.499982 9.000009 -11.999996
v 1.499982 9.000009 -11.999996
v -2.500017 12.000008 -10.999992
v -1.500017 12.000008 -10.999992
v -2.500018 12.000009 -11.999992
v -1.500018 12.000009 -11.999992
v -0.500020 5.000010 -15.999996
v 0.499980 4.000010 -15.999998
v 0.499980 4.000010 -14.999998
v -0.500020 5.000010 -14.999996
v 2.499980 4.000010 -16.000002
v 2.499980 4.000010 -15.000000
v -2.500020 5.000010 -15.999996
v -2.500020 5.000010 -14.999996
v -2.500020 3.000009 -14.999996
v -1.500020 3.000009 -14.999996
v -1.500020 3.000011 -15.999996
v -2.500020 3.000011 -15.999996
v -0.500020 15.000010 -14.999992
v -0.500020 15.000010 -15.999992
v 0.499980 15.000010 -14.999992
v 0.499980 15.000010 -15.999992
v 0.499980 12.000010 -14.999994
v 0.499980 13.000010 -14.999994
v -0.500020 13.000010 -14.999994
v -0.500020 12.000010 -14.999994
v -2.500020 15.000010 -14.999990
v -2.500020 15.000010 -15.999990
v 2.499980 15.000010 -14.999994
v 2.499980 15.000010 -15.999994
v 2.499980 14.000010 -15.999996
v -0.500028 15.000016 -27.999992
v 0.499972 15.000016 -27.999992
v -2.500028 15.000016 -27.999992
v 2.499972 15.000016 -27.999996
v -0.500027 15.000016 -26.999992
v -0.500027 15.000013 -25.999992
v -0.500026 15.000013 -24.999992
v -0.500025 15.000013 -23.999992
v -0.500025 15.000013 -22.999992
v -0.500024 15.000013 -21.999992
v -0.500023 15.000013 -20.999992
v -0.500023 15.000011 -19.999992
v -0.500022 15.000011 -18.999992
v -0.500022 15.000011 -17.999992
v -0.500021 15.000010 -16.999994
v 0.499979 15.000010 -16.999994
v 0.499978 15.000011 -17.999992
v 0.499978 15.000011 -18.999992
v 0.499977 15.000011 -19.999992
v 0.499977 15.000013 -20.999992
v 0.499976 15.000013 -21.999992
v 0.499975 15.000013 -22.999992
v 0.499975 15.000013 -23.999992
v 0.499974 15.000013 -24.999992
v 0.499973 15.000013 -25.999992
v 0.499973 15.000016 -26.999992
v -2.500027 15.000016 -26.999992
v -2.500027 15.000013 -25.999992
v -2.500026 15.000013 -24.999992
v -2.500026 15.000013 -23.999992
v -2.500025 15.000013 -22.999992
v -2.500024 15.000013 -21.999992
v -2.500023 15.000013 -20.999992
v -2.500023 15.000011 -19.999992
v -2.500022 15.000011 -18.999992
v -2.500021 15.000011 -17.999992
v -2.500021 15.000010 -16.999992
v 2.499979 15.000010 -16.999996
v 2.499979 15.000011 -17.999996
v 2.499978 15.000011 -18.999996
v 2.499977 15.000011 -19.999996
v 2.499977 15.000013 -20.999996
v 2.499976 15.000013 -21.999996
v 2.499975 15.000013 -22.999996
v 2.499974 15.000013 -23.999996
v 2.499974 15.000013 -24.999996
v 2.499973 15.000013 -25.999996
v 2.499973 15.000016 -26.999996
v 2.499979 14.000010 -16.999996
v 1.499980 15.000010 -14.999992
v 1.499980 15.000010 -15.999992
v 1.499980 14.000010 -15.999994
v 1.499972 15.000016 -27.999996
v 1.499979 14.000010 -16.999994
v 1.499979 15.000010 -16.999994
v 1.499979 15.000011 -17.999996
v 1.499978 15.000011 -18.999996
v 1.499977 15.000011 -19.999996
v 1.499977 15.000013 -20.999996
v 1.499976 15.000013 -21.999996
v 1.499975 15.000013 -22.999996
v 1.499975 15.000013 -23.999996
v 1.499974 15.000013 -24.999996
v 1.499973 15.000013 -25.999996
v 1.499973 15.000016 -26.999996
v -1.500020 15.000010 -15.999990
v -1.500020 15.000010 -14.999990
v -1.500028 15.000016 -27.999992
v -1.500021 15.000010 -16.999992
v -1.500021 15.000011 -17.999992
v -1.500022 15.000011 -18.999992
v -1.500023 15.000011 -19.999992
v -1.500023 15.000013 -20.999992
v -1.500024 15.000013 -21.999992
v -1.500025 15.000013 -22.999992
v -1.500025 15.000013 -23.999992
v -1.500026 15.000013 -24.999992
v -1.500027 15.000013 -25.999992
v -1.500027 15.000016 -26.999992
v -0.500029 15.000017 -29.999992
v 0.499971 15.000017 -29.999992
v -2.500029 15.000017 -29.999992
v -1.500029 15.000017 -29.999992
v 2.499971 15.000017 -29.999996
v 1.499971 15.000017 -29.999996
v 0.499971 15.000017 -28.999992
v -0.500029 15.000017 -28.999992
v 2.499971 15.000017 -28.999996
v -2.500029 15.000017 -28.999992
v 1.499971 15.000017 -28.999996
v -1.500029 15.000017 -28.999992
v 0.499982 12.000009 -12.999994
v 0.499982 13.000009 -12.999994
v -0.500018 13.000009 -12.999994
v -0.500018 12.000009 -12.999994
v -1.500002 7.999997 12.000004
v -0.500002 7.999997 12.000004
v -1.500001 7.999996 13.000004
v -0.500001 7.999996 13.000004
v -0.500024 12.000013 -21.999992
v -0.500025 12.000013 -22.999992
v -1.500024 12.000013 -21.999992
v -1.500025 12.000013 -22.999992
v 1.499976 12.000013 -21.999996
v 1.499975 12.000013 -22.999996
v -2.500026 10.000013 -24.999992
v -2.500026 10.000013 -23.999992
v 2.499974 10.000013 -23.999996
v 2.499974 10.000013 -24.999996
v -0.500025 10.000013 -23.999992
v 1.499974 10.000013 -24.999996
v -1.500025 10.000013 -23.999992
v -1.500026 10.000013 -24.999992
v 2.499972 8.000016 -27.999996
v 2.499973 8.000016 -26.999996
v 1.499972 8.000016 -27.999996
v 1.499973 8.000016 -26.999996
v -0.500028 8.000016 -27.999996
v 0.499972 8.000016 -27.999996
v 0.499973 8.000016 -26.999996
v -0.500027 8.000016 -26.999996
v -2.500028 8.000016 -27.999992
v -2.500027 8.000016 -26.999992
v -1.500028 8.000016 -27.999992
v -1.500027 8.000016 -26.999992
v -0.500029 6.000017 -28.999996
v -0.500029 6.000017 -29.999996
v 0.499971 6.000017 -29.999996
v -1.500029 6.000017 -29.999992
v -2.500029 6.000017 -29.999992
v 1.499971 6.000017 -29.999996
v 2.499971 6.000017 -29.999996
v 2.499971 6.000017 -28.999996
v -1.500029 6.000017 -28.999992
v 1.499971 6.000017 -28.999996
v 0.499971 6.000017 -28.999996
v -2.500029 6.000017 -28.999992
v -1.500012 4.000003 -2.999996
v -2.500010 4.000002 -0.999996
v -1.500010 4.000002 -0.999996
v -2.500012 4.000003 -2.999996
vn -0.0000 1.0000 -0.0000
vn 0.9113 0.4117 -0.0000
vn -0.0000 -1.0000 -0.0000
vn 0.9701 0.2425 -0.0000
vn -0.9113 0.4117 -0.0000
vn -0.9701 0.2425 -0.0000
vt 0.625000 0.500000
vt 0.625000 0.450000
vt 0.625000 0.500000
vt 0.625000 0.450000
vt 0.775000 0.725000
vt 0.725000 0.725000
vt 0.775000 0.733333
vt 0.725000 0.733333
vt 0.875000 0.708333
vt 0.875000 0.700000
vt 0.825000 0.700000
vt 0.775000 0.700000
vt 0.725000 0.700000
vt 0.825000 0.708333
vt 0.775000 0.708333
vt 0.725000 0.708333
vt 0.625000 0.658333
vt 0.625000 0.666667
vt 0.675000 0.658333
vt 0.675000 0.666667
vt 0.825000 0.658333
vt 0.775000 0.658333
vt 0.725000 0.658333
vt 0.825000 0.666667
vt 0.775000 0.666667
vt 0.725000 0.666667
vt 0.625000 0.675000
vt 0.625000 0.683333
vt 0.675000 0.675000
vt 0.675000 0.683333
vt 0.875000 0.666667
vt 0.875000 0.658333
vt 0.825000 0.658333
vt 0.825000 0.666667
vt 0.725000 0.625000
vt 0.675000 0.625000
vt 0.725000 0.633333
vt 0.675000 0.633333
vt 0.875000 0.650000
vt 0.875000 0.641667
vt 0.625000 0.641667
vt 0.625000 0.650000
vt 0.675000 0.641667
vt 0.675000 0.650000
vt 0.825000 0.641667
vt 0.775000 0.641667
vt 0.725000 0.641667
vt 0.825000 0.650000
vt 0.775000 0.650000
vt 0.725000 0.650000
vt 0.725000 0.600000
vt 0.675000 0.600000
vt 0.725000 0.608333
vt 0.675000 0.608333
vt 0.725000 0.558333
vt 0.675000 0.558333
vt 0.725000 0.566667
vt 0.675000 0.566667
vt 0.875000 0.575000
vt 0.875000 0.566667
vt 0.825000 0.566667
vt 0.825000 0.575000
vt 0.725000 0.558333
vt 0.675000 0.558333
vt 0.725000 0.558333
vt 0.675000 0.558333
vt 0.725000 0.516667
vt 0.675000 0.516667
vt 0.725000 0.525000
vt 0.675000 0.525000
vt 0.875000 0.508333
vt 0.875000 0.500000
vt 0.825000 0.500000
vt 0.825000 0.508333
vt 0.825000 0.583333
vt 0.775000 0.583333
vt 0.000000 0.000000
vt 0.825000 0.591667
vt 0.000000 0.000000
vt 0.775000 0.591667
vt 0.725000 0.558333
vt 0.725000 0.558333
vt 0.675000 0.558333
vt 0.675000 0.558333
vt 0.725000 0.558333
vt 0.725000 0.558333
vt 0.725000 0.558333
vt 0.675000 0.558333
vt 0.675000 0.558333
vt 0.675000 0.558333
vt 0.625000 0.300000
vt 0.625000 0.300000
vt 0.625000 0.250000
vt 0.625000 0.250000
vt 0.625000 0.300000
vt 0.625000 0.300000
vt 0.625000 0.300000
vt 0.625000 0.300000
vt 0.625000 0.250000
vt 0.625000 0.300000
vt 0.625000 0.300000
vt 0.625000 0.500000
vt 0.625000 0.450000
vt 0.625000 0.300000
vt 0.625000 0.350000
vt 0.625000 0.400000
vt 0.625000 0.400000
vt 0.625000 0.450000
vt 0.625000 0.500000
vt 0.625000 0.350000
vt 0.625000 0.500000
vt 0.625000 0.450000
vt 0.625000 0.300000
vt 0.625000 0.350000
vt 0.625000 0.250000
vt 0.625000 0.400000
vt 0.625000 0.500000
vt 0.625000 0.450000
vt 0.625000 0.300000
vt 0.625000 0.350000
vt 0.625000 0.250000
vt 0.625000 0.400000
vt 0.625000 0.450000
vt 0.625000 0.300000
vt 0.625000 0.350000
vt 0.625000 0.350000
vt 0.625000 0.400000
vt 0.625000 0.400000
vt 0.625000 0.450000
vt 0.625000 0.300000
vt 0.625000 0.500000
vt 0.625000 0.450000
vt 0.625000 0.500000
vt 0.625000 0.450000
vt 0.625000 0.250000
vt 0.625000 0.300000
vt 0.625000 0.250000
vt 0.625000 0.300000
vt 0.625000 0.350000
vt 0.625000 0.400000
vt 0.625000 0.400000
vt 0.625000 0.350000
vt 0.625000 0.400000
vt 0.625000 0.400000
vt 0.625000 0.350000
vt 0.625000 0.350000
vt 0.625000 0.250000
vt 0.625000 0.300000
vt 0.625000 0.300000
vt 0.625000 0.250000
vt 0.625000 0.350000
vt 0.625000 0.350000
vt 0.625000 0.400000
vt 0.625000 0.400000
vt 0.625000 0.400000
vt 0.625000 0.400000
vt 0.625000 0.350000
vt 0.625000 0.350000
vt 0.625000 0.350000
vt 0.625000 0.350000
vt 0.625000 0.400000
vt 0.625000 0.400000
vt 0.625000 0.400000
vt 0.625000 0.350000
vt 0.625000 0.400000
vt 0.625000 0.350000
vt 0.625000 0.400000
vt 0.625000 0.350000
vt 0.625000 0.350000
vt 0.625000 0.350000
vt 0.625000 0.350000
vt 0.625000 0.350000
vt 0.625000 0.350000
vt 0.625000 0.350000
vt 0.625000 0.350000
vt 0.625000 0.350000
vt 0.625000 0.350000
vt 0.625000 0.350000
vt 0.625000 0.400000
vt 0.625000 0.400000
vt 0.625000 0.400000
vt 0.625000 0.400000
vt 0.625000 0.400000
vt 0.625000 0.400000
vt 0.625000 0.400000
vt 0.625000 0.400000
vt 0.625000 0.400000
vt 0.625000 0.400000
vt 0.625000 0.400000
vt 0.625000 0.350000
vt 0.625000 0.350000
vt 0.625000 0.350000
vt 0.625000 0.350000
vt 0.625000 0.350000
vt 0.625000 0.350000
vt 0.625000 0.350000
vt 0.625000 0.350000
vt 0.625000 0.350000
vt 0.625000 0.350000
vt 0.625000 0.350000
vt 0.625000 0.400000
vt 0.625000 0.400000
vt 0.625000 0.400000
vt 0.625000 0.400000
vt 0.625000 0.400000
vt 0.625000 0.400000
vt 0.625000 0.400000
vt 0.625000 0.400000
vt 0.625000 0.400000
vt 0.625000 0.400000
vt 0.625000 0.400000
vt 0.625000 0.400000
vt 0.625000 0.400000
vt 0.625000 0.400000
vt 0.625000 0.400000
vt 0.625000 0.400000
vt 0.625000 0.400000
vt 0.625000 0.400000
vt 0.625000 0.400000
vt 0.625000 0.400000
vt 0.625000 0.400000
vt 0.625000 0.400000
vt 0.625000 0.400000
vt 0.625000 0.400000
vt 0.625000 0.400000
vt 0.625000 0.400000
vt 0.625000 0.400000
vt 0.625000 0.400000
vt 0.625000 0.350000
vt 0.625000 0.350000
vt 0.625000 0.350000
vt 0.625000 0.350000
vt 0.625000 0.350000
vt 0.625000 0.350000
vt 0.625000 0.350000
vt 0.625000 0.350000
vt 0.625000 0.350000
vt 0.625000 0.350000
vt 0.625000 0.350000
vt 0.625000 0.350000
vt 0.625000 0.350000
vt 0.625000 0.350000
vt 0.625000 0.350000
vt 0.625000 0.400000
vt 0.625000 0.350000
vt 0.625000 0.350000
vt 0.625000 0.400000
vt 0.625000 0.400000
vt 0.625000 0.400000
vt 0.625000 0.350000
vt 0.625000 0.400000
vt 0.625000 0.350000
vt 0.625000 0.400000
vt 0.625000 0.350000
vt 0.625000 0.400000
vt 0.625000 0.400000
vt 0.625000 0.350000
vt 0.625000 0.350000
vt 0.000000 0.000000
vt 0.000000 0.000000
vt 0.000000 0.000000
vt 0.000000 0.000000
vt 0.625000 0.350000
vt 0.625000 0.350000
vt 0.625000 0.350000
vt 0.625000 0.350000
vt 0.625000 0.400000
vt 0.625000 0.400000
vt 0.625000 0.350000
vt 0.625000 0.350000
vt 0.625000 0.400000
vt 0.625000 0.400000
vt 0.625000 0.350000
vt 0.625000 0.400000
vt 0.625000 0.350000
vt 0.625000 0.350000
vt 0.625000 0.400000
vt 0.625000 0.400000
vt 0.625000 0.400000
vt 0.625000 0.400000
vt 0.625000 0.350000
vt 0.625000 0.400000
vt 0.625000 0.400000
vt 0.625000 0.350000
vt 0.625000 0.350000
vt 0.625000 0.350000
vt 0.625000 0.350000
vt 0.625000 0.350000
vt 0.625000 0.350000
vt 0.625000 0.350000
vt 0.625000 0.400000
vt 0.625000 0.350000
vt 0.625000 0.350000
vt 0.625000 0.400000
vt 0.625000 0.400000
vt 0.625000 0.400000
vt 0.625000 0.350000
vt 0.625000 0.400000
vt 0.625000 0.400000
vt 0.625000 0.350000
vt 0.625000 0.300000
vt 0.625000 0.250000
vt 0.625000 0.300000
vt 0.625000 0.250000
s 0
g off
g SAFEGROUND_TOP.002_LighterTopColorSAFEGROUND
usemtl LighterTopColorSAFEGROUND
f 2728/2766/8 2627/2665/8 2628/2666/8
f 2659/2697/8 2641/2679/8 2658/2696/8
s 1
f 2494/2530/8 2498/2534/8 2495/2531/8
s 0
f 2559/2597/8 2557/2595/8 2556/2594/8
s 1
f 2531/2567/8 2528/2564/8 2530/2566/8
s 0
f 2597/2635/9 2595/2633/9 2596/2634/9
f 2523/2559/8 2519/2555/8 2522/2558/8
f 2705/2743/8 2670/2708/8 2704/2742/8
s 1
f 2478/2514/8 2481/2517/8 2479/2515/8
s 0
f 2772/2810/8 2773/2811/8 2774/2812/8
f 2516/2552/8 2523/2559/8 2517/2553/8
f 2524/2560/8 2527/2563/8 2525/2561/8
f 2738/2776/10 2735/2773/10 2739/2777/10
f 2536/2572/8 2554/2592/8 2552/2590/8
f 2581/2619/8 2575/2613/8 2576/2614/8
f 2647/2685/8 2704/2742/8 2648/2686/8
f 2598/2636/8 2597/2635/8 2596/2634/8
f 2562/2600/8 2565/2603/8 2564/2602/8
f 2563/2601/8 2570/2608/8 2565/2603/8
f 2509/2545/8 2510/2546/8 2511/2547/8
f 2555/2593/8 2538/2574/8 2553/2591/8
f 2714/2752/8 2720/2758/8 2715/2753/8
f 2649/2687/8 2704/2742/8 2703/2741/8
f 2721/2759/8 2702/2740/8 2635/2673/8
f 2623/2661/8 2703/2741/8 2700/2738/8
f 2658/2696/8 2642/2680/8 2657/2695/8
f 2519/2555/8 2521/2557/8 2522/2558/8
f 2730/2768/8 2551/2588/8 2550/2586/8
f 2590/2628/8 2586/2624/8 2584/2622/8
f 2500/2536/8 2503/2539/8 2501/2537/8
f 2593/2631/8 2585/2623/8 2587/2625/8
f 2703/2741/8 2631/2669/8 2700/2738/8
f 2635/2673/8 2713/2751/8 2639/2677/8
f 2700/2738/8 2622/2660/8 2623/2661/8
f 2725/2763/8 2637/2675/8 2702/2740/8
f 2702/2740/8 2661/2699/8 2713/2751/8
f 2672/2710/8 2690/2728/8 2689/2727/8
s 1
f 2488/2524/8 2484/2520/8 2487/2523/8
s 0
f 2650/2688/8 2623/2661/8 2625/2663/8
f 2708/2746/8 2667/2705/8 2707/2745/8
f 2656/2694/8 2644/2682/8 2655/2693/8
f 2720/2758/8 2635/2673/8 2636/2674/8
f 2558/2596/8 2560/2598/8 2561/2599/8
f 2688/2726/10 2634/2672/10 2686/2724/10
f 2709/2747/8 2666/2704/8 2708/2746/8
f 2755/2793/10 2753/2791/10 2754/2792/10
f 2580/2618/8 2574/2612/8 2573/2611/8
f 2751/2789/10 2748/2786/10 2749/2787/10
f 2689/2727/8 2625/2663/8 2685/2723/8
f 2636/2674/8 2639/2677/8 2660/2698/8
f 2678/2716/8 2694/2732/8 2677/2715/8
f 2643/2681/8 2708/2746/8 2644/2682/8
f 2579/2617/8 2578/2616/8 2574/2612/8
f 2706/2744/8 2669/2707/8 2705/2743/8
f 2477/2513/8 2474/2510/8 2475/2511/8
f 2609/2647/8 2606/2644/8 2607/2645/8
f 2670/2708/8 2703/2741/8 2704/2742/8
f 2757/2795/10 2758/2796/10 2759/2797/10
f 2698/2736/8 2660/2698/8 2659/2697/8
f 2693/2731/8 2655/2693/8 2654/2692/8
f 2646/2684/8 2705/2743/8 2647/2685/8
f 2696/2734/8 2658/2696/8 2657/2695/8
f 2690/2728/8 2652/2690/8 2651/2689/8
f 2724/2762/8 2715/2753/8 2720/2758/8
f 2697/2735/8 2659/2697/8 2658/2696/8
f 2712/2750/8 2663/2701/8 2711/2749/8
f 2735/2773/10 2736/2774/10 2737/2775/10
f 2588/2626/8 2583/2621/8 2582/2620/8
f 2719/2757/8 2722/2760/8 2718/2756/8
f 2722/2760/8 2687/2725/8 2638/2676/8
f 2677/2715/8 2693/2731/8 2676/2714/8
f 2687/2725/8 2720/2758/8 2636/2674/8
f 2626/2664/10 2729/2767/10 2629/2667/10
f 2521/2557/8 2513/2549/8 2512/2548/8
f 2744/2782/10 2747/2785/10 2745/2783/10
f 2674/2712/8 2690/2728/8 2673/2711/8
f 2746/2784/10 2741/2779/10 2740/2778/10
f 2744/2782/10 2746/2784/10 2740/2778/10
f 2744/2782/10 2740/2778/10 2747/2785/10
f 2743/2781/10 2742/2780/10 2744/2782/10
f 2745/2783/10 2743/2781/10 2744/2782/10
f 2642/2680/8 2656/2694/8 2657/2695/8
f 2692/2730/8 2654/2692/8 2653/2691/8
f 2667/2705/8 2706/2744/8 2707/2745/8
f 2623/2661/8 2624/2662/8 2625/2663/8
f 2505/2541/8 2507/2543/8 2506/2542/8
f 2699/2737/8 2636/2674/8 2660/2698/8
f 2716/2754/8 2725/2763/8 2717/2755/8
f 2655/2693/8 2645/2683/8 2654/2692/8
f 2589/2627/11 2587/2625/11 2583/2621/11
f 2484/2520/8 2482/2518/8 2487/2523/8
s 1
f 2543/2579/8 2540/2576/8 2542/2578/8
s 0
f 2689/2727/8 2651/2689/8 2650/2688/8
f 2653/2691/8 2647/2685/8 2652/2690/8
f 2499/2535/8 2495/2531/8 2498/2534/8
f 2638/2676/8 2699/2737/8 2682/2720/8
f 2604/2642/8 2603/2641/8 2602/2640/8
f 2632/2670/8 2685/2723/8 2684/2722/8
f 2633/2671/8 2689/2727/8 2685/2723/8
f 2651/2689/8 2649/2687/8 2650/2688/8
f 2710/2748/8 2643/2681/8 2642/2680/8
f 2578/2616/8 2581/2619/8 2576/2614/8
f 2496/2532/8 2493/2529/8 2492/2528/8
f 2681/2719/8 2697/2735/8 2680/2718/8
f 2675/2713/8 2691/2729/8 2674/2712/8
f 2640/2678/8 2711/2749/8 2641/2679/8
f 2679/2717/8 2695/2733/8 2678/2716/8
s 1
f 2546/2582/8 2544/2580/8 2547/2583/8
s 0
f 2641/2679/8 2710/2748/8 2642/2680/8
f 2647/2685/8 2651/2689/8 2652/2690/8
f 2569/2607/8 2566/2604/8 2567/2605/8
f 2680/2718/8 2696/2734/8 2679/2717/8
f 2695/2733/8 2657/2695/8 2656/2694/8
f 2691/2729/8 2653/2691/8 2652/2690/8
f 2644/2682/8 2707/2745/8 2645/2683/8
f 2515/2551/8 2516/2552/8 2517/2553/8
f 2763/2801/10 2760/2798/10 2768/2806/10
f 2707/2745/8 2646/2684/8 2645/2683/8
f 2713/2751/8 2640/2678/8 2639/2677/8
f 2694/2732/8 2656/2694/8 2655/2693/8
f 2645/2683/8 2653/2691/8 2654/2692/8
f 2685/2723/8 2624/2662/8 2684/2722/8
f 2621/2659/8 2619/2657/8 2620/2658/8
f 2486/2522/8 2488/2524/8 2489/2525/8
f 2548/2584/8 2551/2589/8 2549/2585/8
f 2492/2528/8 2491/2527/8 2490/2526/8
f 2600/2638/12 2598/2636/12 2594/2632/12
f 2533/2569/8 2535/2571/8 2534/2570/8
f 2630/2668/8 2700/2738/8 2631/2669/8
f 2590/2628/13 2585/2623/13 2591/2629/13
f 2663/2701/8 2710/2748/8 2711/2749/8
f 2763/2801/10 2771/2809/10 2764/2802/10
f 2762/2800/10 2760/2798/10 2761/2799/10
f 2717/2755/8 2721/2759/8 2714/2752/8
f 2693/2731/8 2675/2713/8 2676/2714/8
f 2661/2699/8 2712/2750/8 2713/2751/8
f 2664/2702/8 2709/2747/8 2710/2748/8
f 2732/2770/8 2731/2769/8 2730/2768/8
f 2699/2737/8 2681/2719/8 2682/2720/8
f 2615/2653/8 2611/2649/8 2612/2650/8
f 2639/2677/8 2659/2697/8 2660/2698/8
f 2766/2804/10 2769/2807/10 2765/2803/10
f 2765/2803/10 2770/2808/10 2762/2800/10
f 2617/2655/8 2610/2648/8 2616/2654/8
f 2728/2766/8 2727/2765/8 2627/2665/8
f 2659/2697/8 2640/2678/8 2641/2679/8
s 1
f 2494/2530/8 2497/2533/8 2498/2534/8
s 0
f 2559/2597/8 2560/2598/8 2557/2595/8
s 1
f 2531/2567/8 2529/2565/8 2528/2564/8
s 0
f 2597/2635/9 2601/2639/9 2595/2633/9
f 2523/2559/8 2520/2556/8 2519/2555/8
f 2705/2743/8 2669/2707/8 2670/2708/8
s 1
f 2478/2514/8 2480/2516/8 2481/2517/8
s 0
f 2772/2810/8 2775/2813/8 2773/2811/8
f 2516/2552/8 2520/2556/8 2523/2559/8
f 2524/2560/8 2526/2562/8 2527/2563/8
f 2738/2776/10 2734/2772/10 2735/2773/10
f 2536/2572/8 2537/2573/8 2554/2592/8
f 2581/2619/8 2572/2610/8 2575/2613/8
f 2647/2685/8 2705/2743/8 2704/2742/8
f 2598/2636/8 2599/2637/8 2597/2635/8
f 2562/2600/8 2563/2601/8 2565/2603/8
f 2563/2601/8 2571/2609/8 2570/2608/8
f 2509/2545/8 2508/2544/8 2510/2546/8
f 2555/2593/8 2539/2575/8 2538/2574/8
f 2714/2752/8 2721/2759/8 2720/2758/8
f 2649/2687/8 2648/2686/8 2704/2742/8
f 2721/2759/8 2725/2763/8 2702/2740/8
f 2623/2661/8 2649/2687/8 2703/2741/8
f 2658/2696/8 2641/2679/8 2642/2680/8
f 2519/2555/8 2518/2554/8 2521/2557/8
f 2730/2768/8 2731/2769/8 2551/2588/8
f 2590/2628/8 2592/2630/8 2586/2624/8
f 2500/2536/8 2502/2538/8 2503/2539/8
f 2593/2631/8 2591/2629/8 2585/2623/8
f 2703/2741/8 2671/2709/8 2631/2669/8
f 2635/2673/8 2702/2740/8 2713/2751/8
f 2700/2738/8 2701/2739/8 2622/2660/8
f 2725/2763/8 2723/2761/8 2637/2675/8
f 2702/2740/8 2637/2675/8 2661/2699/8
f 2672/2710/8 2673/2711/8 2690/2728/8
s 1
f 2488/2524/8 2485/2521/8 2484/2520/8
s 0
f 2650/2688/8 2649/2687/8 2623/2661/8
f 2708/2746/8 2666/2704/8 2667/2705/8
f 2656/2694/8 2643/2681/8 2644/2682/8
f 2720/2758/8 2721/2759/8 2635/2673/8
f 2558/2596/8 2557/2595/8 2560/2598/8
f 2688/2726/10 2683/2721/10 2634/2672/10
f 2709/2747/8 2665/2703/8 2666/2704/8
f 2755/2793/10 2752/2790/10 2753/2791/10
f 2580/2618/8 2579/2617/8 2574/2612/8
f 2751/2789/10 2750/2788/10 2748/2786/10
f 2689/2727/8 2650/2688/8 2625/2663/8
f 2636/2674/8 2635/2673/8 2639/2677/8
f 2678/2716/8 2695/2733/8 2694/2732/8
f 2643/2681/8 2709/2747/8 2708/2746/8
f 2579/2617/8 2577/2615/8 2578/2616/8
f 2706/2744/8 2668/2706/8 2669/2707/8
f 2477/2513/8 2476/2512/8 2474/2510/8
f 2609/2647/8 2608/2646/8 2606/2644/8
f 2670/2708/8 2671/2709/8 2703/2741/8
f 2757/2795/10 2756/2794/10 2758/2796/10
f 2698/2736/8 2699/2737/8 2660/2698/8
f 2693/2731/8 2694/2732/8 2655/2693/8
f 2646/2684/8 2706/2744/8 2705/2743/8
f 2696/2734/8 2697/2735/8 2658/2696/8
f 2690/2728/8 2691/2729/8 2652/2690/8
f 2724/2762/8 2719/2757/8 2715/2753/8
f 2697/2735/8 2698/2736/8 2659/2697/8
f 2712/2750/8 2662/2700/8 2663/2701/8
f 2735/2773/10 2734/2772/10 2736/2774/10
f 2588/2626/8 2589/2627/8 2583/2621/8
f 2719/2757/8 2724/2762/8 2722/2760/8
f 2722/2760/8 2724/2762/8 2687/2725/8
f 2677/2715/8 2694/2732/8 2693/2731/8
f 2687/2725/8 2724/2762/8 2720/2758/8
f 2626/2664/10 2726/2764/10 2729/2767/10
f 2521/2557/8 2518/2554/8 2513/2549/8
f 2674/2712/8 2691/2729/8 2690/2728/8
f 2642/2680/8 2643/2681/8 2656/2694/8
f 2692/2730/8 2693/2731/8 2654/2692/8
f 2667/2705/8 2668/2706/8 2706/2744/8
f 2623/2661/8 2622/2660/8 2624/2662/8
f 2505/2541/8 2504/2540/8 2507/2543/8
f 2699/2737/8 2687/2725/8 2636/2674/8
f 2716/2754/8 2723/2761/8 2725/2763/8
f 2655/2693/8 2644/2682/8 2645/2683/8
f 2589/2627/11 2593/2631/11 2587/2625/11
f 2484/2520/8 2483/2519/8 2482/2518/8
s 1
f 2543/2579/8 2541/2577/8 2540/2576/8
s 0
f 2689/2727/8 2690/2728/8 2651/2689/8
f 2653/2691/8 2646/2684/8 2647/2685/8
f 2499/2535/8 2496/2532/8 2495/2531/8
f 2638/2676/8 2687/2725/8 2699/2737/8
f 2604/2642/8 2605/2643/8 2603/2641/8
f 2632/2670/8 2633/2671/8 2685/2723/8
f 2633/2671/8 2672/2710/8 2689/2727/8
f 2651/2689/8 2648/2686/8 2649/2687/8
f 2710/2748/8 2709/2747/8 2643/2681/8
f 2578/2616/8 2577/2615/8 2581/2619/8
f 2496/2532/8 2499/2535/8 2493/2529/8
f 2681/2719/8 2698/2736/8 2697/2735/8
f 2675/2713/8 2692/2730/8 2691/2729/8
f 2640/2678/8 2712/2750/8 2711/2749/8
f 2679/2717/8 2696/2734/8 2695/2733/8
s 1
f 2546/2582/8 2545/2581/8 2544/2580/8
s 0
f 2641/2679/8 2711/2749/8 2710/2748/8
f 2647/2685/8 2648/2686/8 2651/2689/8
f 2569/2607/8 2568/2606/8 2566/2604/8
f 2680/2718/8 2697/2735/8 2696/2734/8
f 2695/2733/8 2696/2734/8 2657/2695/8
f 2691/2729/8 2692/2730/8 2653/2691/8
f 2644/2682/8 2708/2746/8 2707/2745/8
f 2515/2551/8 2514/2550/8 2516/2552/8
f 2763/2801/10 2761/2799/10 2760/2798/10
f 2707/2745/8 2706/2744/8 2646/2684/8
f 2713/2751/8 2712/2750/8 2640/2678/8
f 2694/2732/8 2695/2733/8 2656/2694/8
f 2645/2683/8 2646/2684/8 2653/2691/8
f 2685/2723/8 2625/2663/8 2624/2662/8
f 2621/2659/8 2618/2656/8 2619/2657/8
f 2486/2522/8 2485/2521/8 2488/2524/8
f 2548/2584/8 2550/2587/8 2551/2589/8
f 2492/2528/8 2493/2529/8 2491/2527/8
f 2600/2638/12 2599/2637/12 2598/2636/12
f 2533/2569/8 2532/2568/8 2535/2571/8
f 2630/2668/8 2701/2739/8 2700/2738/8
f 2590/2628/13 2584/2622/13 2585/2623/13
f 2663/2701/8 2664/2702/8 2710/2748/8
f 2763/2801/10 2768/2806/10 2771/2809/10
f 2762/2800/10 2770/2808/10 2760/2798/10
f 2717/2755/8 2725/2763/8 2721/2759/8
f 2693/2731/8 2692/2730/8 2675/2713/8
f 2661/2699/8 2662/2700/8 2712/2750/8
f 2664/2702/8 2665/2703/8 2709/2747/8
f 2732/2770/8 2733/2771/8 2731/2769/8
f 2699/2737/8 2698/2736/8 2681/2719/8
f 2615/2653/8 2614/2652/8 2611/2649/8
f 2639/2677/8 2640/2678/8 2659/2697/8
f 2766/2804/10 2767/2805/10 2769/2807/10
f 2765/2803/10 2769/2807/10 2770/2808/10
f 2617/2655/8 2613/2651/8 2610/2648/8
